Id,Prediction
0,5077.4
1,6569.4
2,38568.0
3,4620.2
4,10576.0
5,75982.6
6,50271.0
7,3014.0
8,6951.6
9,72298.4
10,4859.0
11,6542.0
12,3316.0
13,64105.2
14,39321.0
15,9342.8
16,8329.0
17,42457.0
18,55520.6
19,52537.0
20,8628.8
21,50271.0
22,4186.0
23,9201.0
24,1554.4
25,4822.0
26,10960.6
27,45766.8
28,14689.6
29,51853.0
30,6568.0
31,4510.4
32,70009.0
33,60049.0
34,6994.4
35,50274.0
36,3275.8
37,4471.0
38,13795.8
39,4687.0
40,41064.0
41,2056.0
42,44280.0
43,4390.2
44,3602.0
45,7290.2
46,4891.6
47,5258.4
48,54955.0
49,8408.4
50,12692.6
51,58039.6
52,7139.8
53,5206.0
54,3960.6
55,43865.0
56,8426.8
57,9840.0
58,5658.6
59,11860.2
60,38099.0
61,11091.8
62,5827.4
63,6323.2
64,6390.2
65,17794.0
66,62994.0
67,3880.4
68,9529.0
69,46584.4
70,5668.2
71,11597.0
72,8075.2
73,10741.8
74,3943.0
75,5236.2
76,65136.2
77,47471.2
78,3530.0
79,5721.4
80,7141.0
81,1776.0
82,14985.0
83,4727.4
84,62763.8
85,3878.6
86,5805.4
87,6416.8
88,4001.0
89,59825.0
90,24234.0
91,9644.4
92,54684.0
93,8358.0
94,6132.4
95,49553.0
96,6186.0
97,6792.4
98,4753.8
99,4048.0
100,4827.0
101,57703.6
102,3258.2
103,4669.8
104,58689.4
105,11925.8
106,32859.0
107,64185.0
108,12475.8
109,5322.0
110,60081.0
111,11488.0
112,50657.6
113,45883.0
114,3621.0
115,39321.0
116,54541.0
117,5801.2
118,80922.4
119,1830.0
120,6450.0
121,13726.2
122,22152.0
123,4319.4
124,37929.0
125,4386.0
126,6669.0
127,64419.4
128,57005.0
129,9271.6
130,49913.0
131,56058.0
132,11446.6
133,60529.6
134,49553.0
135,7549.6
136,3160.0
137,4253.0
138,8396.6
139,4417.0
140,10808.8
141,3000.0
142,8580.6
143,6062.4
144,6200.0
145,41269.0
146,44743.6
147,44144.0
148,10940.6
149,8065.2
150,5525.8
151,4827.0
152,4654.8
153,69493.8
154,4628.0
155,57677.0
156,7361.6
157,4111.0
158,5441.0
159,6977.2
160,4658.0
161,5656.0
162,34460.0
163,2336.0
164,5041.0
165,6703.0
166,7856.0
167,54697.6
168,3942.6
169,6315.4
170,4672.0
171,2723.0
172,2703.0
173,58120.2
174,9393.4
175,7292.6
176,2022.0
177,3586.4
178,8227.6
179,57519.6
180,75052.6
181,6502.0
182,66816.8
183,47657.0
184,1105.0
185,59191.0
186,2553.0
187,13041.2
188,3621.0
189,15494.8
190,10950.2
191,8122.0
192,4706.2
193,5024.8
194,10743.0
195,7611.0
196,58125.0
197,45693.0
198,5545.2
199,67676.0
200,6422.4
201,60508.0
202,54608.0
203,60847.4
204,6037.6
205,59561.6
206,7671.6
207,54204.4
208,4262.0
209,9172.0
210,3371.0
211,5018.6
212,7450.0
213,2056.0
214,48004.6
215,4288.6
216,4903.0
217,4496.0
218,46277.0
219,7066.8
220,6450.0
221,56523.0
222,3568.4
223,41257.8
224,11223.0
225,49613.0
226,4720.0
227,14116.0
228,17671.4
229,6480.0
230,62472.0
231,7454.4
232,9589.0
233,4672.0
234,73932.8
235,2201.0
236,57501.6
237,2201.0
238,11245.8
239,6067.0
240,14122.2
241,8226.6
242,48361.4
243,4797.0
244,3196.8
245,3827.6
246,10533.0
247,8647.8
248,43376.0
249,6860.0
250,16068.0
251,12915.8
252,65161.4
253,12138.0
254,58315.2
255,11677.6
256,15011.2
257,1830.0
258,6214.0
259,48959.0
260,7270.2
261,46769.0
262,5899.8
263,5772.0
264,7560.2
265,5407.0
266,11872.4
267,31622.0
268,12904.6
269,6488.0
270,12206.6
271,57145.4
272,7454.4
273,2476.0
274,60978.0
275,61135.0
276,59372.6
277,11621.8
278,44144.0
279,3193.4
280,4983.2
281,8668.2
282,51707.0
283,62748.0
284,6067.0
285,4812.6
286,8786.0
287,5636.8
288,6699.2
289,9336.4
290,12444.0
291,1443.0
292,49553.0
293,36712.0
294,2887.6
295,21403.2
296,4048.4
297,1551.0
298,2836.0
299,5674.4
300,1830.0
301,50733.0
302,6309.8
303,7866.4
304,4207.6
305,3921.4
306,11488.8
307,5708.0
308,4589.0
309,52307.2
310,5957.2
311,17794.0
312,9568.8
313,10431.4
314,3015.0
315,7462.2
316,6186.0
317,51853.0
318,4502.0
319,3939.6
320,5772.0
321,39499.0
322,3379.0
323,4266.8
324,13524.0
325,6171.6
326,52065.2
327,5604.2
328,7344.6
329,6898.6
330,57920.0
331,50271.0
332,4511.2
333,1690.6
334,40782.8
335,6200.0
336,60081.0
337,3861.0
338,5109.2
339,8379.0
340,5954.0
341,4637.0
342,60125.8
343,5219.2
344,4794.4
345,5145.6
346,2700.0
347,5321.0
348,3003.0
349,7489.0
350,4506.0
351,49725.0
352,54896.0
353,6149.2
354,5321.6
355,4109.8
356,8244.6
357,12024.2
358,6141.2
359,68070.4
360,3861.0
361,6977.4
362,5197.0
363,4124.0
364,4701.8
365,5102.0
366,6002.0
367,6863.6
368,2453.0
369,5790.0
370,49725.0
371,2621.0
372,50353.0
373,6587.0
374,8041.4
375,48359.4
376,5097.0
377,53949.6
378,5659.0
379,10512.0
380,6359.6
381,4972.4
382,4786.4
383,78546.6
384,33270.4
385,2336.0
386,12654.0
387,13381.8
388,9392.6
389,9201.0
390,8730.2
391,2410.0
392,3725.2
393,16935.0
394,6435.8
395,6435.0
396,7981.0
397,5055.2
398,18614.6
399,3245.4
400,9222.8
401,6007.2
402,6428.8
403,5564.4
404,66928.0
405,6306.0
406,14782.2
407,2836.0
408,43563.6
409,5046.2
410,60978.0
411,16267.8
412,4737.4
413,54306.4
414,4755.0
415,61405.8
416,29980.0
417,34420.4
418,7856.2
419,6489.0
420,9399.8
421,9208.4
422,4252.0
423,63737.0
424,6582.6
425,7488.2
426,4973.6
427,13243.0
428,50590.4
429,1998.0
430,76474.6
431,5346.6
432,56588.0
433,54608.0
434,6502.0
435,4612.0
436,6516.2
437,4594.0
438,2318.4
439,2124.0
440,52452.0
441,5374.8
442,6434.6
443,4417.0
444,65579.4
445,5748.8
446,6950.4
447,12000.0
448,9840.0
449,47946.0
450,27864.0
451,3897.6
452,9247.8
453,65771.8
454,7289.8
455,53184.2
456,5256.6
457,66645.4
458,4363.0
459,53263.8
460,6342.0
461,13181.6
462,56967.0
463,13872.2
464,49146.8
465,7305.6
466,56476.0
467,4656.0
468,5177.0
469,46769.0
470,76751.4
471,66726.6
472,59033.0
473,6578.0
474,49703.4
475,31902.0
476,41281.0
477,52063.0
478,7099.2
479,7835.8
480,9119.2
481,6482.0
482,41064.0
483,4658.0
484,44144.0
485,5452.2
486,5521.8
487,18621.2
488,5024.8
489,55967.0
490,61305.8
491,7009.8
492,7700.0
493,1890.0
494,2518.0
495,3019.6
496,12695.0
497,5546.2
498,3325.0
499,8768.2
500,51648.0
501,12764.2
502,4106.0
503,53813.6
504,6293.2
505,12095.8
506,6985.0
507,3843.6
508,51974.6
509,13163.8
510,4819.6
511,57036.8
512,56476.0
513,4782.6
514,7141.0
515,51931.4
516,3440.4
517,10722.0
518,11200.2
519,7328.6
520,18396.0
521,5821.8
522,6734.6
523,51439.4
524,60786.0
525,6140.0
526,12958.0
527,6669.0
528,3096.0
529,11405.8
530,60396.0
531,13755.0
532,3582.4
533,63545.8
534,63644.0
535,6748.2
536,54269.4
537,1830.0
538,44173.2
539,2339.0
540,58664.0
541,11956.4
542,8111.0
543,6669.0
544,65763.4
545,4396.2
546,68042.4
547,4287.0
548,9456.4
549,6578.0
550,11900.6
551,52175.0
552,55983.0
553,5274.0
554,14661.6
555,3925.2
556,3651.0
557,4582.0
558,4121.0
559,48659.6
560,4789.6
561,4852.0
562,60978.0
563,3020.0
564,7496.0
565,5140.4
566,4565.0
567,6568.0
568,6396.6
569,11970.8
570,6886.0
571,5823.0
572,8736.6
573,64737.2
574,44583.0
575,53813.6
576,4921.6
577,51174.4
578,4496.0
579,60508.0
580,6428.0
581,54329.0
582,37985.0
583,1105.0
584,62995.0
585,4071.0
586,49725.0
587,5687.4
588,34460.0
589,5949.0
590,8079.2
591,5927.6
592,53209.0
593,3225.6
594,50787.4
595,5660.0
596,4588.2
597,15285.2
598,5843.8
599,67710.0
600,6398.0
601,6542.2
602,6250.8
603,5849.8
604,3009.6
605,55983.0
606,44468.4
607,64271.0
608,3834.6
609,4051.4
610,51765.2
611,11380.8
612,7142.2
613,17145.0
614,5032.2
615,7596.6
616,4036.0
617,57393.0
618,6037.6
619,5079.8
620,9840.0
621,49613.0
622,13149.6
623,60396.0
624,6319.0
625,39332.2
626,4998.0
627,57544.0
628,4591.6
629,3000.0
630,5925.4
631,6394.6
632,58943.8
633,55293.4
634,5752.8
635,8851.2
636,17284.4
637,59469.0
638,7484.0
639,6539.4
640,2100.0
641,36050.4
642,54329.0
643,55018.6
644,5802.6
645,44305.0
646,58212.2
647,7309.0
648,60377.0
649,6417.0
650,7225.0
651,66928.0
652,12410.2
653,7426.0
654,60423.0
655,6489.0
656,6035.2
657,63737.0
658,5177.0
659,4464.6
660,5105.0
661,16337.0
662,6012.0
663,5252.0
664,6906.4
665,6724.0
666,3980.0
667,6242.0
668,7000.4
669,5912.0
670,39127.4
671,6565.8
672,8222.6
673,5462.8
674,6018.4
675,5964.0
676,41705.6
677,4500.0
678,11038.0
679,4204.2
680,12597.2
681,9772.0
682,3961.8
683,4838.4
684,5465.6
685,7067.4
686,16667.2
687,16655.0
688,17001.0
689,49553.0
690,41063.6
691,3367.4
692,5213.0
693,58203.0
694,4827.0
695,9927.6
696,13536.0
697,54249.8
698,6286.0
699,1443.0
700,27976.0
701,70731.4
702,6488.0
703,52789.4
704,35602.4
705,11760.0
706,10722.0
707,74257.2
708,2627.8
709,16186.6
710,61675.0
711,3787.2
712,52772.0
713,60978.0
714,14377.0
715,38845.6
716,50364.2
717,4501.0
718,60131.6
719,40662.0
720,12086.8
721,5202.6
722,8872.2
723,2836.0
724,4496.0
725,4099.0
726,5735.0
727,13168.0
728,3015.0
729,63568.2
730,14836.0
731,59383.6
732,11928.0
733,5991.0
734,5433.6
735,6732.2
736,2410.0
737,10346.8
738,68154.4
739,4215.2
740,3918.8
741,2758.0
742,1776.0
743,3062.0
744,6172.0
745,5179.0
746,48683.2
747,4420.0
748,56702.0
749,6465.0
750,3397.2
751,4925.8
752,5838.6
753,13769.8
754,7584.0
755,6861.0
756,62000.0
757,51417.0
758,4275.0
759,4501.0
760,53251.6
761,5954.0
762,3556.6
763,54608.0
764,47953.0
765,12555.6
766,8676.0
767,4150.0
768,17500.2
769,10806.0
770,2673.8
771,6648.0
772,6666.0
773,52867.4
774,4131.0
775,7341.6
776,3393.0
777,12936.0
778,2074.0
779,40995.2
780,50542.2
781,43057.6
782,6578.0
783,6062.0
784,5846.4
785,37832.0
786,68172.2
787,13394.2
788,5494.6
789,54631.4
790,13782.0
791,48361.0
792,6067.0
793,5378.8
794,71599.4
795,6258.0
796,5339.0
797,3916.0
798,5247.2
799,9102.6
800,53455.4
801,6480.0
802,53387.0
803,57235.4
804,62237.4
805,4338.0
806,8153.0
807,4455.8
808,2577.2
809,2747.0
810,60081.0
811,4422.0
812,10998.8
813,12020.2
814,2201.0
815,51817.0
816,13496.0
817,5574.0
818,64655.4
819,6021.8
820,45665.0
821,1776.0
822,13971.8
823,53995.0
824,54684.0
825,5266.2
826,49613.0
827,45185.0
828,60280.4
829,4357.0
830,49613.0
831,4481.2
832,4149.0
833,3293.0
834,27864.0
835,2350.0
836,6438.0
837,3905.8
838,46947.0
839,5103.0
840,54608.0
841,4417.0
842,3908.4
843,5140.8
844,4500.0
845,59212.2
846,6509.2
847,5178.0
848,77366.2
849,11833.2
850,67465.8
851,55018.6
852,6029.8
853,38099.0
854,45257.0
855,4635.4
856,5177.0
857,60977.0
858,56588.0
859,51921.0
860,6569.0
861,6006.6
862,3862.0
863,13818.0
864,55760.4
865,5794.0
866,6847.4
867,2755.0
868,5291.6
869,9911.4
870,57081.0
871,6075.6
872,3154.8
873,10897.2
874,6420.4
875,53197.0
876,6468.6
877,4149.0
878,54191.0
879,2480.0
880,3870.0
881,12138.6
882,10018.0
883,11804.6
884,4836.2
885,2409.0
886,4283.6
887,5160.8
888,8643.6
889,11507.0
890,50311.8
891,62770.4
892,44173.2
893,6247.6
894,64965.4
895,68339.4
896,12786.8
897,38793.6
898,4819.4
899,59153.0
900,7090.6
901,13938.0
902,2265.2
903,2628.0
904,8620.0
905,6937.2
906,9076.8
907,4111.4
908,14251.0
909,5187.2
910,43376.0
911,5654.0
912,67824.0
913,3837.2
914,2966.0
915,48537.4
916,5156.2
917,5379.4
918,6057.6
919,4041.8
920,58186.4
921,55281.6
922,70310.4
923,28188.0
924,45693.0
925,66010.4
926,58212.2
927,71234.2
928,73114.8
929,3624.4
930,3847.6
931,3293.0
932,40070.6
933,6240.8
934,88515.8
935,44405.0
936,6561.2
937,50565.8
938,8229.0
939,14280.2
940,50087.4
941,53938.4
942,52367.8
943,6332.0
944,4576.0
945,5561.4
946,6154.2
947,4413.6
948,54608.0
949,5657.8
950,10869.0
951,3275.4
952,6113.2
953,10696.6
954,3578.6
955,62725.4
956,7228.4
957,13398.0
958,4768.8
959,48639.2
960,14091.0
961,5507.0
962,67698.4
963,5993.8
964,3408.8
965,2679.8
966,5322.2
967,4427.0
968,5465.0
969,46733.4
970,4177.0
971,4111.0
972,50528.0
973,5885.2
974,6827.4
975,12960.0
976,50751.0
977,83736.6
978,3014.0
979,4156.6
980,41488.6
981,4247.2
982,5570.0
983,51732.8
984,42360.8
985,5581.6
986,18966.2
987,5540.8
988,52725.2
989,6578.0
990,14049.0
991,3803.2
992,47586.0
993,43711.0
994,6267.8
995,4942.8
996,4506.4
997,3282.0
998,10447.6
999,6320.0
1000,37985.0
1001,51853.0
1002,54684.0
1003,12465.0
1004,11595.0
1005,20684.0
1006,6682.8
1007,5668.2
1008,4555.4
1009,52287.0
1010,7859.2
1011,20684.0
1012,9398.8
1013,4524.8
1014,55055.8
1015,2948.6
1016,55983.0
1017,5020.0
1018,3834.6
1019,55813.2
1020,2727.0
1021,6365.2
1022,45426.2
1023,2078.8
1024,14010.2
1025,10341.6
1026,4573.4
1027,5102.0
1028,53813.6
1029,6039.0
1030,5783.6
1031,55535.4
1032,11628.8
1033,45257.0
1034,54468.8
1035,58573.0
1036,58533.2
1037,6282.4
1038,62762.4
1039,54608.0
1040,53571.8
1041,14276.8
1042,56590.0
1043,60208.8
1044,52063.0
1045,5270.8
1046,5510.4
1047,6164.8
1048,9500.2
1049,54608.0
1050,3369.8
1051,8153.2
1052,5796.0
1053,3813.6
1054,62163.4
1055,4436.6
1056,5482.2
1057,38340.8
1058,59077.8
1059,9278.0
1060,56476.0
1061,11015.8
1062,4634.2
1063,4499.0
1064,15351.8
1065,66110.4
1066,7182.6
1067,3729.8
1068,4827.0
1069,4088.2
1070,57544.0
1071,5449.4
1072,4978.4
1073,9412.0
1074,4417.0
1075,2918.4
1076,35490.0
1077,59469.0
1078,3518.2
1079,5291.0
1080,41922.2
1081,48725.0
1082,4794.6
1083,6353.0
1084,2339.0
1085,9840.0
1086,5252.0
1087,59377.0
1088,4378.4
1089,6635.8
1090,22140.0
1091,7470.0
1092,4757.4
1093,65999.4
1094,5142.8
1095,14098.8
1096,55001.0
1097,4750.4
1098,6511.0
1099,6204.4
1100,49171.2
1101,68004.8
1102,51417.0
1103,11044.8
1104,47272.8
1105,11777.0
1106,5504.8
1107,61556.2
1108,3193.4
1109,7673.4
1110,5955.0
1111,8140.2
1112,5057.2
1113,7483.2
1114,3457.0
1115,4539.8
1116,17503.4
1117,3862.0
1118,54204.4
1119,7541.8
1120,54582.4
1121,9386.2
1122,6266.8
1123,32008.0
1124,6703.6
1125,3754.2
1126,2709.0
1127,46246.2
1128,63692.2
1129,5074.0
1130,59510.4
1131,47503.2
1132,70812.0
1133,4827.0
1134,45540.2
1135,5177.0
1136,2339.0
1137,62178.2
1138,56588.0
1139,3862.0
1140,5523.0
1141,66760.0
1142,8224.4
1143,2496.0
1144,6461.0
1145,73401.8
1146,2339.0
1147,51417.0
1148,6266.0
1149,55293.4
1150,11499.0
1151,64285.0
1152,4747.4
1153,47586.0
1154,5176.0
1155,6620.0
1156,6078.0
1157,4257.0
1158,6340.2
1159,48269.0
1160,7425.0
1161,7365.4
1162,2820.6
1163,37840.8
1164,59582.4
1165,17022.6
1166,10958.8
1167,2250.0
1168,4971.0
1169,7774.0
1170,4755.0
1171,66914.2
1172,4550.0
1173,57249.2
1174,3185.8
1175,1776.0
1176,5369.6
1177,5070.6
1178,64136.8
1179,5949.0
1180,3393.0
1181,5766.0
1182,4699.0
1183,4904.6
1184,42521.0
1185,52985.0
1186,68101.4
1187,4084.8
1188,9006.0
1189,60808.2
1190,5732.8
1191,6177.0
1192,8916.0
1193,5195.2
1194,4984.0
1195,5937.0
1196,55377.0
1197,8251.4
1198,3726.2
1199,2742.0
1200,10951.8
1201,5246.8
1202,15373.4
1203,10853.4
1204,4624.6
1205,1714.0
1206,8664.6
1207,64061.0
1208,4288.0
1209,58913.2
1210,10576.8
1211,8494.2
1212,7445.2
1213,4672.0
1214,2837.0
1215,42324.2
1216,48994.6
1217,4357.0
1218,5102.8
1219,7159.0
1220,6871.4
1221,16758.0
1222,7735.2
1223,6518.6
1224,55983.0
1225,2860.0
1226,4292.0
1227,10483.2
1228,7182.0
1229,58013.0
1230,7426.0
1231,5829.2
1232,9462.4
1233,58535.4
1234,47503.2
1235,56465.0
1236,4926.2
1237,3999.0
1238,6060.0
1239,14566.0
1240,4864.6
1241,60631.0
1242,65845.8
1243,4277.4
1244,8160.0
1245,8041.4
1246,11474.6
1247,2641.6
1248,10018.0
1249,65212.0
1250,4619.6
1251,8327.2
1252,64271.0
1253,58405.8
1254,3306.8
1255,8308.8
1256,11886.0
1257,5761.0
1258,38959.6
1259,7750.0
1260,4357.0
1261,67465.8
1262,3046.6
1263,3697.4
1264,6800.2
1265,65660.0
1266,54213.8
1267,11308.8
1268,61485.0
1269,6863.6
1270,65261.6
1271,6702.0
1272,6513.0
1273,14077.6
1274,56702.0
1275,46382.8
1276,5484.2
1277,62248.0
1278,7412.0
1279,4637.0
1280,7136.8
1281,3363.6
1282,55150.0
1283,9344.4
1284,5718.0
1285,5550.0
1286,11211.8
1287,14103.0
1288,5102.0
1289,56730.4
1290,4165.0
1291,41314.0
1292,4108.6
1293,4288.6
1294,47657.0
1295,3099.0
1296,52063.0
1297,3916.0
1298,6350.0
1299,2797.2
1300,5003.6
1301,6117.0
1302,9602.6
1303,45883.0
1304,47657.0
1305,56476.0
1306,6568.0
1307,8149.0
1308,53813.6
1309,50355.4
1310,10094.0
1311,2438.0
1312,39321.0
1313,57626.2
1314,70009.0
1315,3831.0
1316,57024.0
1317,4500.0
1318,76914.0
1319,50509.0
1320,9348.0
1321,14007.0
1322,50154.6
1323,11271.8
1324,5912.0
1325,2140.4
1326,7817.6
1327,10753.4
1328,4339.0
1329,12774.8
1330,54765.0
1331,4097.2
1332,51707.0
1333,70408.8
1334,12729.2
1335,5039.2
1336,8089.2
1337,51417.0
1338,7028.2
1339,7446.2
1340,66108.0
1341,52839.4
1342,5516.4
1343,2078.8
1344,13109.6
1345,2410.0
1346,29656.0
1347,8736.0
1348,4436.2
1349,7470.4
1350,3988.0
1351,1105.0
1352,2359.0
1353,56992.8
1354,3418.0
1355,37517.8
1356,8746.2
1357,3466.0
1358,7975.6
1359,24234.0
1360,6303.8
1361,38340.8
1362,69107.4
1363,3393.0
1364,5039.6
1365,52491.0
1366,6230.8
1367,4272.0
1368,47337.2
1369,2410.0
1370,75966.2
1371,45693.0
1372,49613.0
1373,3028.0
1374,4700.6
1375,2836.0
1376,7635.0
1377,3985.2
1378,1105.0
1379,44144.0
1380,39622.0
1381,61121.8
1382,2321.4
1383,9854.2
1384,10787.8
1385,8043.0
1386,60948.0
1387,66760.0
1388,2528.2
1389,15487.0
1390,67353.8
1391,4431.6
1392,6580.0
1393,73428.2
1394,61404.2
1395,54541.0
1396,50542.2
1397,4452.0
1398,6568.0
1399,2464.0
1400,4496.0
1401,2100.0
1402,2559.0
1403,4333.6
1404,4496.0
1405,4699.8
1406,60396.0
1407,5120.0
1408,59715.4
1409,11231.6
1410,45257.0
1411,4522.0
1412,62985.8
1413,10071.0
1414,57405.0
1415,4749.6
1416,6461.0
1417,60196.8
1418,51817.0
1419,7488.2
1420,5932.4
1421,6970.4
1422,47225.0
1423,4502.0
1424,46625.2
1425,3671.0
1426,55460.0
1427,10960.6
1428,7345.8
1429,8794.8
1430,32923.0
1431,8855.8
1432,3000.0
1433,55377.0
1434,1776.0
1435,55648.0
1436,8566.0
1437,61597.0
1438,16476.4
1439,3481.0
1440,31982.0
1441,2550.6
1442,60723.4
1443,50394.2
1444,6450.0
1445,50271.0
1446,51439.4
1447,51457.0
1448,7044.2
1449,4279.4
1450,5544.0
1451,54938.4
1452,5718.6
1453,4705.4
1454,54608.0
1455,12454.0
1456,65098.4
1457,55983.0
1458,5654.0
1459,62752.8
1460,45540.2
1461,7480.0
1462,58075.4
1463,6123.0
1464,6111.6
1465,54684.0
1466,1443.0
1467,80715.4
1468,16380.2
1469,4504.8
1470,15212.2
1471,5603.0
1472,4111.0
1473,59666.0
1474,3228.6
1475,4257.2
1476,3437.2
1477,3461.4
1478,10086.8
1479,34410.4
1480,19330.8
1481,51595.0
1482,6132.0
1483,5465.6
1484,6502.0
1485,9793.6
1486,1714.0
1487,2640.4
1488,13441.2
1489,63389.0
1490,11868.4
1491,4310.2
1492,3382.8
1493,54191.0
1494,4371.0
1495,10695.8
1496,44025.0
1497,32859.0
1498,50898.2
1499,70694.2
1500,5130.2
1501,6437.0
1502,64540.0
1503,5177.0
1504,58075.8
1505,1890.0
1506,4348.0
1507,4020.0
1508,45693.0
1509,2476.0
1510,5758.6
1511,5942.0
1512,49725.0
1513,3209.8
1514,55983.0
1515,5976.0
1516,7412.0
1517,6218.6
1518,4170.8
1519,56272.2
1520,55694.4
1521,5287.2
1522,4165.0
1523,5206.0
1524,3948.2
1525,6934.0
1526,4500.0
1527,5322.0
1528,64419.4
1529,11541.4
1530,4042.4
1531,64831.0
1532,50419.4
1533,73501.2
1534,53555.6
1535,38099.0
1536,52313.0
1537,6325.0
1538,50271.0
1539,59727.4
1540,13840.0
1541,59383.6
1542,49510.8
1543,19032.8
1544,6324.0
1545,2409.0
1546,2080.0
1547,6756.6
1548,52287.0
1549,14318.8
1550,5119.8
1551,7258.6
1552,41532.6
1553,19270.0
1554,72768.8
1555,4501.0
1556,61010.2
1557,4822.6
1558,41532.6
1559,3574.0
1560,48864.8
1561,53545.0
1562,6863.8
1563,70736.8
1564,70364.0
1565,55851.0
1566,5177.0
1567,6490.4
1568,7397.2
1569,57031.6
1570,59021.0
1571,46947.0
1572,3220.0
1573,77315.8
1574,3808.8
1575,4627.0
1576,10712.2
1577,13020.0
1578,5600.2
1579,45990.2
1580,10604.6
1581,4358.4
1582,11638.4
1583,62169.0
1584,5203.4
1585,56192.6
1586,4934.4
1587,1694.0
1588,4452.0
1589,2915.2
1590,5589.4
1591,7982.0
1592,2208.8
1593,2182.0
1594,49849.0
1595,5464.0
1596,6802.2
1597,59469.6
1598,6338.0
1599,20684.0
1600,6488.0
1601,9190.2
1602,5354.6
1603,42457.0
1604,4667.4
1605,47585.0
1606,13469.6
1607,7645.0
1608,5476.2
1609,3719.6
1610,9994.0
1611,6171.8
1612,50775.4
1613,5823.0
1614,4292.6
1615,5322.0
1616,45693.0
1617,5825.8
1618,2528.0
1619,1818.0
1620,55598.2
1621,8112.0
1622,64907.4
1623,20000.0
1624,5580.6
1625,5892.0
1626,4262.0
1627,10576.0
1628,4529.6
1629,2339.0
1630,3685.6
1631,1543.0
1632,4660.0
1633,5760.0
1634,5765.4
1635,4771.2
1636,51707.0
1637,3393.0
1638,6394.6
1639,18569.0
1640,6513.0
1641,5616.0
1642,2410.0
1643,5441.0
1644,50271.0
1645,5342.2
1646,55197.8
1647,6059.6
1648,4536.4
1649,4572.6
1650,56476.0
1651,5073.2
1652,5972.8
1653,63568.0
1654,10127.4
1655,56128.0
1656,3169.4
1657,2990.8
1658,44144.0
1659,52063.0
1660,6818.6
1661,5129.2
1662,69243.8
1663,42521.0
1664,4567.6
1665,12386.4
1666,5670.6
1667,47586.0
1668,52175.0
1669,11508.4
1670,37505.8
1671,2360.0
1672,11068.8
1673,51372.0
1674,56476.0
1675,5843.6
1676,38636.4
1677,5058.4
1678,1714.0
1679,56534.2
1680,45471.2
1681,6395.0
1682,5572.8
1683,62349.4
1684,48337.0
1685,7426.0
1686,47385.0
1687,55377.0
1688,7575.8
1689,4312.2
1690,4210.2
1691,4192.8
1692,5302.2
1693,10882.6
1694,3015.0
1695,12536.4
1696,10133.4
1697,2623.0
1698,57253.2
1699,53490.0
1700,49048.4
1701,4502.0
1702,6696.8
1703,17231.2
1704,5783.6
1705,7835.2
1706,3407.0
1707,1714.0
1708,3781.4
1709,1890.0
1710,4998.0
1711,9860.6
1712,3595.4
1713,62513.0
1714,3129.0
1715,65816.6
1716,61212.0
1717,60508.0
1718,5322.0
1719,3988.0
1720,6242.0
1721,5588.0
1722,2336.0
1723,12076.0
1724,32923.0
1725,55983.4
1726,11380.8
1727,4173.0
1728,4500.0
1729,4945.2
1730,45517.2
1731,13134.2
1732,49853.8
1733,4341.0
1734,14217.0
1735,55001.0
1736,32008.0
1737,6067.0
1738,7484.0
1739,3361.0
1740,3365.2
1741,4672.0
1742,6667.2
1743,4482.8
1744,2898.4
1745,11231.4
1746,60113.8
1747,4704.8
1748,9252.0
1749,12214.8
1750,6032.0
1751,5529.4
1752,4248.0
1753,5892.0
1754,4907.6
1755,5353.0
1756,5322.0
1757,2627.0
1758,9342.4
1759,5062.4
1760,4077.0
1761,60508.0
1762,9828.0
1763,5398.6
1764,38099.0
1765,53813.6
1766,10519.4
1767,6016.8
1768,6464.4
1769,2022.4
1770,7950.0
1771,16529.8
1772,44144.0
1773,11692.2
1774,48569.0
1775,4345.6
1776,2901.0
1777,2951.8
1778,12633.8
1779,12396.4
1780,9103.6
1781,10151.6
1782,11448.0
1783,49053.6
1784,45257.0
1785,4203.8
1786,4239.0
1787,5048.6
1788,4589.0
1789,54684.0
1790,4612.0
1791,54684.0
1792,6039.0
1793,5837.8
1794,7323.4
1795,5266.8
1796,4265.4
1797,11164.2
1798,3535.6
1799,5242.0
1800,7823.6
1801,12727.4
1802,54608.0
1803,7947.0
1804,51313.2
1805,8371.0
1806,12628.6
1807,7773.0
1808,45310.2
1809,5106.4
1810,7470.4
1811,52313.0
1812,5601.2
1813,49187.0
1814,1711.2
1815,2078.4
1816,45234.4
1817,61357.8
1818,7583.0
1819,4863.6
1820,49233.0
1821,5969.4
1822,2960.0
1823,55983.0
1824,6568.0
1825,5417.6
1826,11529.0
1827,54530.6
1828,4745.4
1829,6116.0
1830,5233.4
1831,3373.6
1832,5981.6
1833,5952.6
1834,5293.4
1835,8111.0
1836,6954.4
1837,3466.0
1838,5307.4
1839,2091.4
1840,1924.6
1841,66287.0
1842,9141.0
1843,5953.0
1844,4000.8
1845,3707.0
1846,40659.4
1847,47953.0
1848,23838.0
1849,4913.0
1850,3923.2
1851,9440.8
1852,3862.0
1853,1755.0
1854,5692.4
1855,3922.0
1856,5551.4
1857,4896.0
1858,3393.0
1859,59517.6
1860,57072.0
1861,7375.6
1862,5446.0
1863,5345.4
1864,72108.8
1865,10715.0
1866,6657.0
1867,6203.2
1868,55374.0
1869,13300.4
1870,41705.6
1871,3258.6
1872,5304.2
1873,2706.4
1874,7425.4
1875,5351.4
1876,3999.0
1877,5709.2
1878,63751.6
1879,7270.8
1880,12748.6
1881,56523.0
1882,50150.6
1883,5302.2
1884,9249.2
1885,50397.0
1886,64247.4
1887,2973.8
1888,2476.0
1889,5530.8
1890,52491.0
1891,6788.6
1892,57367.6
1893,4499.0
1894,62381.0
1895,52270.2
1896,43392.6
1897,59469.0
1898,75179.8
1899,2410.0
1900,4099.0
1901,7310.0
1902,62045.0
1903,2266.8
1904,4455.0
1905,3805.6
1906,61955.4
1907,55763.4
1908,69168.8
1909,54025.2
1910,5932.4
1911,3971.0
1912,3916.0
1913,27864.0
1914,4924.8
1915,54275.2
1916,55299.2
1917,4258.6
1918,45257.0
1919,8371.6
1920,8298.6
1921,2723.0
1922,3330.0
1923,55983.0
1924,4896.2
1925,5832.6
1926,52189.0
1927,5322.0
1928,56131.4
1929,3868.2
1930,6587.0
1931,4792.0
1932,58989.0
1933,5322.0
1934,50036.4
1935,52273.0
1936,8327.2
1937,6350.0
1938,67452.0
1939,73395.0
1940,64316.0
1941,10772.0
1942,6165.4
1943,4820.8
1944,5021.2
1945,4501.0
1946,9105.2
1947,7425.0
1948,5813.2
1949,63680.2
1950,60185.8
1951,50271.0
1952,49613.0
1953,1830.0
1954,7206.0
1955,4427.4
1956,2344.6
1957,55902.6
1958,2201.0
1959,5236.2
1960,61717.4
1961,5845.0
1962,3140.0
1963,52985.0
1964,3956.8
1965,3005.4
1966,4025.8
1967,45471.2
1968,8620.0
1969,3742.8
1970,46710.4
1971,3433.6
1972,4763.6
1973,49536.4
1974,5383.0
1975,2339.0
1976,45693.0
1977,17491.8
1978,5330.6
1979,4048.0
1980,7416.8
1981,4711.0
1982,5716.8
1983,64061.0
1984,51783.2
1985,4879.0
1986,11682.2
1987,66480.0
1988,6260.6
1989,7344.6
1990,4556.0
1991,4567.6
1992,13054.0
1993,8906.0
1994,46304.8
1995,51249.0
1996,2489.0
1997,4656.0
1998,51189.2
1999,8087.0
2000,48851.0
2001,49057.2
2002,2201.0
2003,58563.6
2004,1839.8
2005,52287.0
2006,7246.2
2007,6931.0
2008,55965.4
2009,3511.0
2010,3393.0
2011,5206.0
2012,70565.4
2013,7856.4
2014,7352.0
2015,5250.8
2016,46304.8
2017,5225.0
2018,21787.0
2019,5436.8
2020,7092.4
2021,3148.2
2022,49146.8
2023,4790.8
2024,10769.6
2025,4529.2
2026,4755.0
2027,63281.2
2028,32859.0
2029,60163.4
2030,4111.0
2031,3955.6
2032,7889.4
2033,2124.0
2034,9463.0
2035,23898.0
2036,6002.6
2037,3584.0
2038,8996.6
2039,9277.0
2040,54896.0
2041,6033.0
2042,68261.8
2043,7234.2
2044,5619.0
2045,5419.4
2046,5247.2
2047,7552.8
2048,8495.4
2049,5018.8
2050,7245.0
2051,7743.8
2052,54337.8
2053,3977.0
2054,5859.8
2055,51124.6
2056,51772.4
2057,27864.0
2058,5494.2
2059,32923.0
2060,7665.6
2061,5549.0
2062,6584.6
2063,11538.8
2064,49595.8
2065,5177.0
2066,12317.4
2067,4711.2
2068,7877.0
2069,5673.8
2070,3375.4
2071,51201.2
2072,4845.0
2073,6052.0
2074,2340.4
2075,44167.6
2076,8187.8
2077,47367.2
2078,3128.4
2079,11321.2
2080,4144.4
2081,58461.6
2082,5925.4
2083,5016.6
2084,4656.0
2085,51961.2
2086,4796.0
2087,13562.4
2088,3906.8
2089,49913.0
2090,13257.4
2091,66399.4
2092,70584.4
2093,4384.2
2094,6012.0
2095,59231.0
2096,3379.0
2097,49802.4
2098,7790.8
2099,3194.0
2100,4656.0
2101,5044.2
2102,4924.0
2103,4453.0
2104,4288.6
2105,3754.0
2106,7884.4
2107,5603.0
2108,10408.0
2109,11520.0
2110,7098.0
2111,2467.8
2112,8393.2
2113,39199.4
2114,45257.0
2115,4499.0
2116,8656.6
2117,5729.0
2118,2446.0
2119,57501.6
2120,68470.0
2121,4151.0
2122,12353.4
2123,52287.0
2124,6489.0
2125,8756.2
2126,5888.0
2127,5749.0
2128,3862.0
2129,53470.0
2130,3153.0
2131,68303.0
2132,7424.0
2133,55232.0
2134,12785.2
2135,31982.0
2136,4425.0
2137,10416.6
2138,4827.0
2139,3372.8
2140,5749.8
2141,5942.0
2142,59536.0
2143,7863.0
2144,4105.4
2145,6754.0
2146,5177.8
2147,58595.4
2148,6349.2
2149,6214.0
2150,47586.0
2151,53571.8
2152,10700.2
2153,3706.0
2154,7446.0
2155,60261.8
2156,14099.0
2157,54191.0
2158,5441.0
2159,7958.0
2160,4485.0
2161,3645.8
2162,6296.0
2163,63441.0
2164,4397.0
2165,11298.0
2166,64285.0
2167,10873.0
2168,57677.0
2169,4537.0
2170,4129.0
2171,47001.0
2172,4341.0
2173,5495.8
2174,5177.0
2175,7004.0
2176,6437.0
2177,49849.0
2178,3563.2
2179,53429.4
2180,56465.0
2181,4523.6
2182,13514.0
2183,7073.8
2184,54582.2
2185,49725.0
2186,50271.0
2187,6965.8
2188,4575.8
2189,5040.0
2190,3896.8
2191,7404.2
2192,5125.6
2193,5922.8
2194,51853.0
2195,6217.0
2196,3422.6
2197,9173.4
2198,7133.6
2199,48043.0
2200,11793.0
2201,2339.0
2202,11550.0
2203,6069.6
2204,4658.8
2205,10423.8
2206,50590.4
2207,6085.8
2208,4500.0
2209,49959.8
2210,5235.2
2211,13848.6
2212,3662.4
2213,5705.0
2214,64271.0
2215,2369.8
2216,6966.0
2217,10601.2
2218,35708.8
2219,4417.0
2220,3250.4
2221,4930.2
2222,4444.6
2223,68272.0
2224,8746.4
2225,53209.0
2226,4280.0
2227,4509.0
2228,12322.8
2229,46947.0
2230,3948.8
2231,51583.8
2232,5601.4
2233,4687.0
2234,33598.4
2235,15143.2
2236,4371.4
2237,6902.0
2238,51595.0
2239,6195.8
2240,5984.4
2241,4250.0
2242,2410.0
2243,9200.4
2244,6450.0
2245,5165.6
2246,63255.2
2247,3578.6
2248,5116.0
2249,55087.0
2250,5560.8
2251,2100.0
2252,2361.0
2253,14287.0
2254,53813.6
2255,49613.0
2256,3150.0
2257,6178.4
2258,4173.0
2259,7223.4
2260,46947.0
2261,7352.0
2262,70556.8
2263,59921.0
2264,9142.0
2265,51473.0
2266,7143.4
2267,14203.8
2268,5178.0
2269,4442.0
2270,12353.2
2271,13082.2
2272,8930.2
2273,49146.8
2274,11960.2
2275,7092.4
2276,12652.0
2277,5696.0
2278,3598.4
2279,49171.2
2280,5807.2
2281,58929.0
2282,4260.8
2283,52080.0
2284,41922.2
2285,50083.0
2286,2410.0
2287,6297.0
2288,57472.0
2289,6367.6
2290,6739.2
2291,2730.0
2292,2484.6
2293,43193.0
2294,11490.6
2295,7437.0
2296,51772.4
2297,4599.0
2298,2464.0
2299,6107.2
2300,5227.4
2301,4269.4
2302,50127.8
2303,4856.4
2304,53850.4
2305,4048.0
2306,52057.0
2307,3786.2
2308,45257.0
2309,6023.0
2310,56610.6
2311,4936.6
2312,5805.0
2313,4947.0
2314,15671.0
2315,9201.0
2316,56888.4
2317,47742.6
2318,5280.6
2319,2432.6
2320,15415.2
2321,20684.0
2322,6461.0
2323,5904.0
2324,45257.0
2325,6574.0
2326,6248.8
2327,25370.8
2328,49260.8
2329,38290.4
2330,11617.0
2331,3588.8
2332,13420.4
2333,84048.0
2334,6275.4
2335,20848.0
2336,63063.8
2337,6157.8
2338,4398.8
2339,11638.4
2340,7496.0
2341,16864.0
2342,45693.0
2343,51481.0
2344,16946.6
2345,35790.4
2346,10148.2
2347,9154.6
2348,7635.6
2349,6185.2
2350,5855.6
2351,41814.4
2352,6067.0
2353,4984.4
2354,5964.8
2355,6300.0
2356,43729.0
2357,65098.6
2358,55377.0
2359,4427.2
2360,72357.4
2361,2074.0
2362,60396.0
2363,6324.0
2364,5749.2
2365,4475.6
2366,40130.8
2367,2727.0
2368,9508.2
2369,4905.0
2370,51333.4
2371,6450.0
2372,51345.0
2373,19443.6
2374,5322.0
2375,46773.2
2376,12075.0
2377,7679.6
2378,8497.6
2379,61750.4
2380,45257.0
2381,10396.0
2382,6136.4
2383,14816.0
2384,65679.8
2385,3392.2
2386,5463.4
2387,53197.0
2388,7698.0
2389,54728.6
2390,3014.2
2391,4818.4
2392,3572.8
2393,6488.0
2394,49725.0
2395,6324.6
2396,10155.0
2397,4426.0
2398,7112.4
2399,4541.0
2400,5840.6
2401,68518.4
2402,56767.0
2403,5352.0
2404,4411.2
2405,10069.0
2406,5888.0
2407,5954.0
2408,6252.4
2409,78957.6
2410,6165.8
2411,5954.0
2412,8111.0
2413,5751.2
2414,8075.6
2415,3516.0
2416,3126.6
2417,47225.0
2418,64061.0
2419,4173.0
2420,8043.0
2421,4589.0
2422,4348.2
2423,60724.8
2424,2484.6
2425,16460.8
2426,6969.4
2427,5571.4
2428,57290.4
2429,50858.0
2430,3461.6
2431,7021.0
2432,22140.0
2433,4438.0
2434,59885.2
2435,4786.8
2436,6517.2
2437,52313.0
2438,7979.2
2439,49553.0
2440,4108.0
2441,3149.6
2442,55377.0
2443,4499.0
2444,6853.6
2445,2531.0
2446,10573.4
2447,5888.0
2448,7487.0
2449,58109.4
2450,9682.4
2451,2361.0
2452,68303.0
2453,53824.2
2454,6061.6
2455,5964.0
2456,38063.6
2457,20684.0
2458,9100.2
2459,5991.0
2460,5636.2
2461,41314.0
2462,20684.0
2463,52096.0
2464,36050.4
2465,12004.0
2466,1544.0
2467,42578.6
2468,4631.0
2469,4417.0
2470,51345.0
2471,6928.8
2472,32008.0
2473,2767.0
2474,4499.0
2475,5364.6
2476,52323.4
2477,5004.0
2478,8987.8
2479,56207.0
2480,73837.2
2481,8719.0
2482,6450.0
2483,3294.8
2484,13650.0
2485,4382.4
2486,4245.8
2487,3928.0
2488,8873.6
2489,7180.0
2490,56333.0
2491,11520.0
2492,12444.8
2493,59469.0
2494,5277.8
2495,55293.4
2496,3999.0
2497,59218.0
2498,2336.0
2499,6397.4
2500,4005.6
2501,4100.4
2502,11550.0
2503,6082.2
2504,14868.0
2505,18925.0
2506,6461.0
2507,9277.0
2508,4867.0
2509,6413.2
2510,5749.8
2511,9779.0
2512,9375.2
2513,12252.6
2514,50898.2
2515,6067.2
2516,6006.4
2517,48515.0
2518,4983.2
2519,53708.8
2520,3401.4
2521,5004.0
2522,12372.0
2523,4378.0
2524,48213.0
2525,9263.0
2526,12335.4
2527,8591.0
2528,46855.2
2529,4451.6
2530,5245.8
2531,6990.2
2532,6149.8
2533,5549.0
2534,4165.0
2535,3751.0
2536,4765.0
2537,5231.2
2538,52452.0
2539,46786.2
2540,5123.6
2541,56476.0
2542,5826.6
2543,7818.2
2544,51853.0
2545,31672.0
2546,47657.0
2547,49207.0
2548,2574.6
2549,56132.2
2550,65081.0
2551,2877.2
2552,14318.8
2553,58159.4
2554,6556.0
2555,6284.0
2556,2886.0
2557,4827.0
2558,6597.8
2559,15729.0
2560,54181.2
2561,4252.0
2562,6646.6
2563,4489.8
2564,5066.2
2565,4529.6
2566,4924.0
2567,5778.8
2568,4620.2
2569,4876.8
2570,11488.0
2571,65607.4
2572,2502.6
2573,12013.4
2574,5459.6
2575,51972.2
2576,5849.0
2577,55983.0
2578,13611.0
2579,7892.6
2580,6591.0
2581,12206.6
2582,65019.4
2583,4693.8
2584,21902.4
2585,8897.8
2586,4981.4
2587,4845.4
2588,11347.8
2589,7691.2
2590,20760.0
2591,4722.4
2592,3325.0
2593,14229.4
2594,5517.2
2595,3397.0
2596,5906.8
2597,4345.6
2598,6126.0
2599,9417.6
2600,62045.0
2601,12494.0
2602,5754.8
2603,17787.0
2604,59469.0
2605,7785.8
2606,2719.8
2607,20760.0
2608,7524.2
2609,11677.4
2610,2607.4
2611,3689.2
2612,41819.6
2613,5431.6
2614,47385.0
2615,4379.4
2616,20709.0
2617,6082.8
2618,4948.2
2619,3985.2
2620,4612.0
2621,28193.6
2622,2439.4
2623,67304.6
2624,6315.4
2625,55157.6
2626,49254.2
2627,44144.0
2628,4133.0
2629,6639.2
2630,2550.8
2631,50186.0
2632,5430.6
2633,4397.8
2634,6388.0
2635,5868.4
2636,5707.4
2637,10881.2
2638,37832.0
2639,6067.0
2640,7676.8
2641,4440.0
2642,6221.2
2643,5464.2
2644,6598.4
2645,54684.0
2646,14483.2
2647,1965.6
2648,11425.0
2649,7855.8
2650,54608.0
2651,27792.0
2652,6489.0
2653,3062.4
2654,2339.0
2655,3678.0
2656,63568.0
2657,7624.4
2658,3371.6
2659,32923.0
2660,3181.8
2661,9372.4
2662,44280.0
2663,3372.8
2664,4921.4
2665,2250.0
2666,55673.0
2667,10765.0
2668,4618.4
2669,5921.6
2670,7638.8
2671,5374.6
2672,55763.4
2673,41269.0
2674,6029.8
2675,1543.0
2676,6195.0
2677,5102.0
2678,5531.6
2679,3971.0
2680,44144.0
2681,47047.0
2682,13390.2
2683,68563.4
2684,4622.0
2685,64285.0
2686,6000.2
2687,42021.4
2688,2499.2
2689,55169.6
2690,3860.0
2691,5886.0
2692,6621.0
2693,2764.6
2694,12896.0
2695,6023.8
2696,10102.0
2697,4919.6
2698,4224.6
2699,52581.8
2700,3512.8
2701,4502.0
2702,6450.0
2703,47429.0
2704,55983.0
2705,7614.2
2706,4551.6
2707,4365.4
2708,7741.0
2709,3862.0
2710,49613.0
2711,48474.4
2712,52063.0
2713,9875.0
2714,6947.6
2715,49613.0
2716,44209.8
2717,3563.2
2718,6296.6
2719,5352.0
2720,7057.8
2721,7997.2
2722,6051.0
2723,3847.4
2724,7489.0
2725,41212.4
2726,8194.2
2727,14577.4
2728,42521.0
2729,7659.6
2730,4428.2
2731,3945.6
2732,60978.0
2733,54684.0
2734,14658.0
2735,42521.0
2736,9942.0
2737,7116.0
2738,7425.0
2739,6212.8
2740,13481.6
2741,3551.0
2742,10143.4
2743,8719.0
2744,3862.0
2745,44280.0
2746,59470.8
2747,4696.0
2748,51931.4
2749,15587.2
2750,13402.8
2751,4821.8
2752,49521.6
2753,45461.8
2754,52772.0
2755,6171.4
2756,55598.2
2757,4111.0
2758,19573.8
2759,1788.0
2760,55377.0
2761,3999.0
2762,4339.0
2763,2491.0
2764,5853.2
2765,3914.8
2766,3709.6
2767,51687.2
2768,4491.0
2769,7584.2
2770,50051.0
2771,68966.4
2772,4829.8
2773,11833.2
2774,5953.0
2775,15447.0
2776,1550.0
2777,4814.6
2778,3716.2
2779,5681.0
2780,56476.0
2781,56128.0
2782,4128.2
2783,10397.6
2784,40360.8
2785,56476.0
2786,4496.0
2787,5778.2
2788,6656.8
2789,58513.0
2790,7496.0
2791,3014.0
2792,8124.6
2793,6218.6
2794,5161.4
2795,71226.6
2796,7393.0
2797,3331.2
2798,5899.4
2799,2966.0
2800,4572.6
2801,16789.0
2802,2313.0
2803,53571.8
2804,15957.6
2805,4984.0
2806,3193.4
2807,4763.8
2808,4172.8
2809,3916.0
2810,7503.0
2811,60081.0
2812,41269.0
2813,59239.8
2814,7141.0
2815,7285.2
2816,47449.0
2817,61067.8
2818,6189.0
2819,6953.8
2820,7933.8
2821,4210.6
2822,7375.6
2823,4501.4
2824,4686.4
2825,49260.8
2826,11503.6
2827,17794.0
2828,47657.0
2829,5411.0
2830,62472.0
2831,6488.0
2832,50787.4
2833,5158.0
2834,2762.2
2835,5367.0
2836,45693.0
2837,4019.8
2838,5210.2
2839,58573.0
2840,64159.0
2841,10612.4
2842,54608.0
2843,7650.4
2844,63644.0
2845,60705.4
2846,50271.0
2847,51595.0
2848,11519.8
2849,9003.0
2850,4969.8
2851,59469.0
2852,4578.6
2853,5053.6
2854,52992.0
2855,4893.6
2856,4912.2
2857,6363.0
2858,5960.0
2859,14059.2
2860,31100.0
2861,5766.0
2862,48677.0
2863,69118.6
2864,6192.0
2865,7964.2
2866,3897.0
2867,6713.0
2868,4500.0
2869,13015.6
2870,5484.8
2871,5504.0
2872,54684.0
2873,71240.2
2874,11666.0
2875,5102.0
2876,79287.0
2877,57910.8
2878,20684.0
2879,3450.0
2880,58223.0
2881,7197.2
2882,39467.2
2883,5242.0
2884,7285.2
2885,3237.8
2886,12297.0
2887,4416.0
2888,6892.4
2889,10597.8
2890,3527.4
2891,74853.0
2892,5555.6
2893,2201.0
2894,8148.0
2895,6961.4
2896,53808.2
2897,9543.6
2898,10649.4
2899,59133.0
2900,3499.6
2901,3559.0
2902,11596.2
2903,4756.0
2904,46578.6
2905,49613.0
2906,53813.6
2907,7098.8
2908,5948.4
2909,23944.0
2910,23898.0
2911,48437.8
2912,2339.0
2913,8587.8
2914,7368.8
2915,7344.6
2916,39880.8
2917,2022.0
2918,6985.0
2919,11392.4
2920,3790.8
2921,3193.4
2922,63568.0
2923,17062.8
2924,6502.0
2925,4565.0
2926,4341.0
2927,6211.4
2928,62039.0
2929,54684.0
2930,6134.2
2931,6528.6
2932,55661.0
2933,56177.0
2934,6465.8
2935,4857.6
2936,7425.0
2937,2343.0
2938,4185.0
2939,5720.0
2940,5932.0
2941,5949.0
2942,5397.2
2943,4500.0
2944,4502.0
2945,6811.0
2946,4452.0
2947,50353.0
2948,2098.0
2949,2409.0
2950,5586.4
2951,1890.0
2952,7817.2
2953,2700.0
2954,16721.2
2955,5611.8
2956,44144.0
2957,2410.0
2958,5786.0
2959,43796.8
2960,10653.2
2961,3408.8
2962,2518.0
2963,6093.8
2964,4105.0
2965,2098.0
2966,2056.0
2967,57920.0
2968,5984.6
2969,6914.6
2970,4463.4
2971,6742.0
2972,3862.0
2973,8287.0
2974,60819.4
2975,56945.0
2976,49353.2
2977,6509.8
2978,4502.6
2979,6132.0
2980,5217.6
2981,5984.4
2982,8192.0
2983,5646.4
2984,44280.0
2985,52313.0
2986,5633.6
2987,54296.4
2988,2599.6
2989,2321.4
2990,7978.0
2991,4178.0
2992,7622.0
2993,10576.0
2994,4918.6
2995,38253.0
2996,8444.6
2997,6502.0
2998,41127.6
2999,17548.0
3000,5817.0
3001,10744.0
3002,5652.0
3003,22140.0
3004,59562.8
3005,44280.0
3006,2619.0
3007,44173.2
3008,8149.2
3009,55983.0
3010,59088.0
3011,3904.2
3012,6826.6
3013,3393.0
3014,2339.0
3015,11861.2
3016,62510.6
3017,10077.8
3018,5178.0
3019,53743.0
3020,42116.2
3021,3369.8
3022,3353.2
3023,13557.0
3024,47665.0
3025,43796.8
3026,7868.2
3027,62045.0
3028,4792.0
3029,5942.0
3030,55661.0
3031,7170.0
3032,43140.6
3033,5969.6
3034,57031.6
3035,5617.0
3036,56155.2
3037,5910.2
3038,6807.2
3039,54608.0
3040,8790.4
3041,56058.0
3042,6293.0
3043,6847.0
3044,7950.0
3045,2150.0
3046,68779.4
3047,83047.2
3048,66671.4
3049,46786.2
3050,5895.6
3051,4014.4
3052,5164.4
3053,5658.6
3054,58636.8
3055,52981.4
3056,38340.8
3057,4453.0
3058,4601.0
3059,4840.0
3060,1822.0
3061,3979.0
3062,51859.2
3063,3351.6
3064,56422.6
3065,3828.0
3066,7933.0
3067,4644.0
3068,12064.6
3069,51707.0
3070,14879.0
3071,22140.0
3072,8216.0
3073,7524.2
3074,7649.4
3075,6839.2
3076,4827.0
3077,7582.4
3078,7092.4
3079,61941.4
3080,4755.0
3081,2201.0
3082,7322.8
3083,29656.0
3084,59021.0
3085,48137.8
3086,54003.2
3087,6326.0
3088,42908.8
3089,1891.4
3090,3055.8
3091,45540.2
3092,5176.0
3093,73239.2
3094,6063.2
3095,3928.0
3096,4640.2
3097,55026.0
3098,3781.0
3099,2250.0
3100,1714.0
3101,57440.4
3102,70117.8
3103,56049.0
3104,6703.6
3105,2836.0
3106,61100.8
3107,6149.8
3108,69459.4
3109,57932.0
3110,7118.8
3111,42521.0
3112,5388.6
3113,6300.0
3114,9538.0
3115,54684.0
3116,14181.8
3117,74970.6
3118,4724.4
3119,5461.4
3120,9772.2
3121,80426.2
3122,59020.6
3123,10512.0
3124,5829.2
3125,64811.0
3126,4748.2
3127,53813.6
3128,4656.0
3129,56953.8
3130,40938.4
3131,4896.0
3132,65232.2
3133,15837.2
3134,55266.2
3135,4211.6
3136,6093.8
3137,10897.4
3138,6770.0
3139,67465.8
3140,3089.4
3141,49039.4
3142,6590.0
3143,67196.6
3144,46641.0
3145,46667.4
3146,4213.2
3147,24937.6
3148,53164.0
3149,10680.0
3150,5977.4
3151,3393.0
3152,4821.2
3153,4712.4
3154,60396.0
3155,8947.0
3156,4482.0
3157,11574.0
3158,3371.0
3159,59021.0
3160,5194.4
3161,7642.4
3162,55598.2
3163,6007.4
3164,13444.0
3165,3124.8
3166,7352.0
3167,2266.8
3168,5952.4
3169,6599.8
3170,7683.2
3171,55073.8
3172,56264.4
3173,5039.6
3174,57081.0
3175,5300.8
3176,2901.0
3177,11366.6
3178,50726.4
3179,8328.6
3180,5303.0
3181,64285.0
3182,4428.2
3183,6990.4
3184,5360.8
3185,7475.2
3186,55983.0
3187,6624.6
3188,56588.0
3189,4315.6
3190,5900.2
3191,13237.2
3192,3105.0
3193,20684.0
3194,5769.8
3195,55752.0
3196,51776.4
3197,37247.2
3198,65081.0
3199,6281.0
3200,14022.4
3201,2124.0
3202,6826.6
3203,57501.6
3204,3655.0
3205,8597.4
3206,4659.4
3207,4639.8
3208,7891.4
3209,6021.8
3210,11742.0
3211,12044.0
3212,4582.0
3213,6174.0
3214,16529.2
3215,51859.2
3216,51819.0
3217,5941.4
3218,10998.0
3219,6578.0
3220,7615.8
3221,50271.0
3222,5949.0
3223,55983.0
3224,67004.0
3225,47471.2
3226,28734.0
3227,43875.4
3228,3477.4
3229,6122.0
3230,4272.0
3231,7478.4
3232,4202.0
3233,9971.2
3234,7092.0
3235,56702.0
3236,48410.8
3237,7212.0
3238,4639.2
3239,75872.8
3240,2339.0
3241,5206.0
3242,10030.8
3243,10889.4
3244,73406.2
3245,44144.0
3246,66110.4
3247,54551.4
3248,6191.0
3249,55752.0
3250,60978.0
3251,4499.0
3252,48659.6
3253,63590.4
3254,6002.4
3255,52772.0
3256,4186.4
3257,2091.0
3258,6954.4
3259,6144.0
3260,5594.8
3261,4457.8
3262,2410.0
3263,5661.8
3264,6076.4
3265,6611.0
3266,4668.8
3267,6797.0
3268,3999.0
3269,69163.4
3270,67470.0
3271,6082.6
3272,6012.0
3273,13380.4
3274,4642.8
3275,6001.0
3276,5468.6
3277,2480.0
3278,6817.8
3279,2476.0
3280,9904.0
3281,30526.0
3282,5236.0
3283,3563.0
3284,5943.0
3285,27864.0
3286,54608.0
3287,3595.0
3288,14937.6
3289,12251.2
3290,3393.0
3291,5967.6
3292,62353.8
3293,6507.0
3294,3578.8
3295,10436.4
3296,6621.0
3297,2022.4
3298,5064.6
3299,5742.0
3300,4210.4
3301,5900.0
3302,38426.2
3303,5613.4
3304,60508.0
3305,22832.0
3306,11579.6
3307,57031.4
3308,10354.6
3309,3970.6
3310,8645.4
3311,20684.0
3312,2422.0
3313,8111.0
3314,49553.0
3315,9032.2
3316,6002.0
3317,2150.0
3318,62718.4
3319,6061.2
3320,2318.4
3321,7368.0
3322,5949.0
3323,11883.8
3324,39787.0
3325,1839.8
3326,9437.8
3327,5943.0
3328,9919.4
3329,5841.2
3330,4867.6
3331,4067.8
3332,7021.0
3333,5849.0
3334,3096.0
3335,53619.4
3336,2836.0
3337,56588.0
3338,1551.0
3339,2208.0
3340,7344.6
3341,42555.8
3342,69414.4
3343,3978.6
3344,5560.6
3345,4896.0
3346,9262.6
3347,4020.0
3348,19454.8
3349,4178.0
3350,9916.6
3351,3984.6
3352,58510.0
3353,13692.0
3354,9189.0
3355,39499.0
3356,45257.0
3357,5967.4
3358,6216.6
3359,5028.2
3360,2353.0
3361,60396.0
3362,8742.8
3363,11323.0
3364,7635.0
3365,55832.0
3366,5757.6
3367,9840.0
3368,49905.0
3369,13886.0
3370,2285.0
3371,5742.2
3372,12715.8
3373,4996.8
3374,4499.0
3375,4755.0
3376,10713.0
3377,19060.2
3378,55661.0
3379,4001.0
3380,3393.0
3381,6593.0
3382,49725.0
3383,14934.6
3384,10018.0
3385,5179.6
3386,5886.0
3387,2410.0
3388,5362.0
3389,53209.0
3390,53251.6
3391,2796.2
3392,6189.0
3393,63441.0
3394,49613.0
3395,56476.0
3396,62381.0
3397,61854.2
3398,8621.6
3399,7302.8
3400,5348.2
3401,45143.8
3402,22140.0
3403,13441.2
3404,6235.8
3405,5071.8
3406,8497.6
3407,6257.8
3408,4951.2
3409,8622.0
3410,9400.0
3411,4509.0
3412,7487.0
3413,6212.8
3414,4672.0
3415,5964.4
3416,13029.0
3417,5677.8
3418,4086.8
3419,63475.2
3420,9345.0
3421,8095.4
3422,49853.8
3423,55919.4
3424,2564.4
3425,3549.8
3426,66417.8
3427,6747.4
3428,60978.0
3429,6132.0
3430,55280.8
3431,4245.8
3432,15145.4
3433,48979.8
3434,61955.4
3435,2912.6
3436,4478.4
3437,8283.0
3438,4765.6
3439,59099.2
3440,5177.0
3441,5959.0
3442,5017.0
3443,4501.0
3444,84275.6
3445,52063.0
3446,8199.6
3447,45422.4
3448,5789.0
3449,66605.4
3450,6100.4
3451,32923.0
3452,3942.2
3453,45487.2
3454,11129.0
3455,47959.6
3456,37985.0
3457,5844.8
3458,5168.0
3459,57036.8
3460,11276.6
3461,59267.4
3462,9017.0
3463,56793.0
3464,6277.6
3465,55790.6
3466,8043.0
3467,42526.6
3468,4508.6
3469,51495.4
3470,5761.0
3471,2539.0
3472,2124.0
3473,51595.0
3474,52513.4
3475,7252.4
3476,53064.0
3477,53391.4
3478,73239.2
3479,51595.0
3480,7785.6
3481,4085.6
3482,2410.0
3483,6052.0
3484,7160.2
3485,8695.8
3486,2836.0
3487,5380.0
3488,55737.0
3489,42650.2
3490,56987.0
3491,53555.2
3492,51943.4
3493,10512.0
3494,11865.0
3495,64061.0
3496,4341.0
3497,2760.2
3498,5414.4
3499,3991.2
3500,62524.0
3501,56333.0
3502,2410.0
3503,5674.0
3504,47549.8
3505,5191.8
3506,20516.2
3507,3379.0
3508,3379.0
3509,41255.8
3510,57216.8
3511,8237.0
3512,7767.0
3513,3483.4
3514,10664.8
3515,57432.6
3516,53022.0
3517,5388.6
3518,44209.8
3519,44167.6
3520,55293.4
3521,4399.6
3522,41063.6
3523,3895.2
3524,7031.8
3525,53813.6
3526,12903.6
3527,9285.4
3528,5135.0
3529,3588.8
3530,3351.6
3531,14466.6
3532,10999.0
3533,65327.4
3534,58234.6
3535,7651.4
3536,5599.4
3537,5972.8
3538,2516.0
3539,5417.4
3540,6552.0
3541,5205.6
3542,75452.2
3543,18685.4
3544,6707.0
3545,2457.4
3546,55983.4
3547,9990.2
3548,3557.0
3549,2794.4
3550,2409.0
3551,44144.0
3552,6587.6
3553,4979.0
3554,4348.2
3555,13933.4
3556,5714.4
3557,3929.0
3558,10537.8
3559,11968.4
3560,5015.2
3561,1842.6
3562,80397.0
3563,5954.0
3564,57117.2
3565,5984.2
3566,11836.2
3567,10203.8
3568,10793.6
3569,3860.0
3570,3590.8
3571,53465.4
3572,10262.0
3573,4501.0
3574,14749.6
3575,3621.4
3576,62882.4
3577,37929.0
3578,60501.6
3579,6292.0
3580,5955.0
3581,7151.0
3582,5144.8
3583,5869.0
3584,6869.0
3585,44133.0
3586,6049.6
3587,3428.0
3588,8482.8
3589,6607.2
3590,66928.0
3591,8328.0
3592,3647.4
3593,3775.0
3594,6458.2
3595,6503.4
3596,7413.0
3597,53813.6
3598,7424.0
3599,11744.2
3600,4916.8
3601,66744.2
3602,10868.2
3603,5674.4
3604,6112.0
3605,6052.0
3606,3738.6
3607,6270.6
3608,4111.0
3609,4247.0
3610,42457.0
3611,6133.0
3612,57117.2
3613,6324.6
3614,8791.8
3615,4163.0
3616,8079.2
3617,10596.0
3618,5069.2
3619,6432.4
3620,19558.6
3621,2410.0
3622,7226.4
3623,37048.0
3624,4310.4
3625,14071.0
3626,12472.2
3627,66602.0
3628,2124.0
3629,3646.0
3630,11595.0
3631,6218.6
3632,62013.6
3633,7655.6
3634,55598.2
3635,56476.0
3636,11730.0
3637,54608.0
3638,5641.8
3639,69624.8
3640,12319.8
3641,6023.8
3642,12259.0
3643,15120.0
3644,62582.6
3645,55763.4
3646,2940.0
3647,4495.4
3648,54765.0
3649,4002.0
3650,4672.6
3651,3903.8
3652,56476.0
3653,4209.4
3654,67297.4
3655,7046.8
3656,3980.0
3657,11205.0
3658,4502.6
3659,6397.8
3660,5769.8
3661,4583.4
3662,5949.0
3663,12307.0
3664,6522.6
3665,9213.8
3666,6533.4
3667,2967.0
3668,7857.0
3669,5145.0
3670,64693.4
3671,57295.8
3672,6916.0
3673,59674.8
3674,4979.0
3675,6092.4
3676,6530.4
3677,66173.0
3678,65529.0
3679,27792.0
3680,44944.8
3681,10678.6
3682,8689.4
3683,7897.0
3684,1775.2
3685,64464.0
3686,9158.8
3687,3636.8
3688,6838.2
3689,5063.4
3690,5925.4
3691,32923.0
3692,5819.0
3693,44280.0
3694,7216.4
3695,7962.2
3696,2339.0
3697,11129.0
3698,68504.6
3699,5386.4
3700,5051.6
3701,3293.0
3702,59021.0
3703,5323.0
3704,55018.6
3705,52992.0
3706,4637.6
3707,15141.0
3708,4797.6
3709,6802.4
3710,5291.0
3711,4970.2
3712,39499.0
3713,8366.4
3714,11646.0
3715,3282.0
3716,8148.0
3717,2098.0
3718,5504.6
3719,3862.0
3720,3861.0
3721,5761.0
3722,6585.2
3723,3393.0
3724,59253.4
3725,71787.4
3726,4225.2
3727,6072.2
3728,63644.0
3729,6640.8
3730,3701.8
3731,42555.8
3732,69911.2
3733,2343.0
3734,4227.6
3735,46246.2
3736,4161.0
3737,6260.4
3738,7212.0
3739,3694.0
3740,49207.0
3741,4611.4
3742,6775.2
3743,3862.0
3744,11882.4
3745,5192.2
3746,2343.0
3747,2006.8
3748,9201.0
3749,7479.0
3750,4131.0
3751,2212.0
3752,21361.8
3753,55377.0
3754,9333.4
3755,12097.0
3756,46575.4
3757,63310.2
3758,3008.6
3759,54977.4
3760,17103.4
3761,64912.0
3762,5123.0
3763,2901.0
3764,6020.2
3765,2124.0
3766,45221.2
3767,14965.0
3768,57968.2
3769,5978.8
3770,4536.2
3771,64831.0
3772,56252.2
3773,6785.6
3774,7958.0
3775,58017.0
3776,62191.4
3777,23524.0
3778,5146.4
3779,7620.6
3780,5544.2
3781,54684.0
3782,10348.6
3783,27976.0
3784,4556.0
3785,12013.6
3786,5143.8
3787,41002.4
3788,60396.0
3789,4351.8
3790,4173.0
3791,6729.4
3792,65351.0
3793,4535.0
3794,12675.0
3795,51249.0
3796,60786.2
3797,20760.0
3798,5928.2
3799,3614.2
3800,2105.0
3801,2244.2
3802,5818.8
3803,56476.0
3804,43289.6
3805,7665.6
3806,66529.2
3807,8801.4
3808,3448.4
3809,7339.2
3810,4288.8
3811,5053.2
3812,7935.2
3813,4604.2
3814,4230.0
3815,54239.6
3816,4422.0
3817,48826.0
3818,54684.0
3819,6524.6
3820,13662.0
3821,4547.8
3822,49725.0
3823,14889.0
3824,2050.0
3825,56590.0
3826,14418.8
3827,49725.0
3828,57666.4
3829,2230.0
3830,5735.6
3831,6985.0
3832,1540.0
3833,9218.4
3834,47292.2
3835,62941.0
3836,4275.6
3837,54896.0
3838,8625.0
3839,14681.2
3840,5355.0
3841,5322.0
3842,6147.8
3843,4656.6
3844,41387.4
3845,3349.0
3846,2339.0
3847,4744.0
3848,3258.6
3849,4477.0
3850,56825.8
3851,8006.2
3852,1890.0
3853,3880.0
3854,4498.0
3855,5102.0
3856,35520.0
3857,11329.6
3858,45540.2
3859,14869.0
3860,4111.0
3861,4778.6
3862,5292.0
3863,5467.6
3864,55952.8
3865,53164.0
3866,3803.2
3867,66950.6
3868,5654.6
3869,4386.6
3870,5495.4
3871,51345.0
3872,6106.0
3873,4075.2
3874,7688.0
3875,6561.2
3876,4899.6
3877,51772.4
3878,61003.0
3879,6187.2
3880,5785.2
3881,1975.0
3882,51648.0
3883,4575.4
3884,4979.0
3885,47503.2
3886,5470.4
3887,44622.0
3888,13458.6
3889,6371.6
3890,2476.0
3891,10212.8
3892,44682.0
3893,50787.4
3894,6218.6
3895,54025.2
3896,4994.4
3897,4452.0
3898,45426.2
3899,5183.0
3900,2056.0
3901,5949.0
3902,54560.0
3903,5033.6
3904,51457.0
3905,3126.6
3906,3020.6
3907,64540.0
3908,6067.0
3909,3393.0
3910,8455.6
3911,11509.2
3912,32859.0
3913,1550.0
3914,12528.0
3915,13284.0
3916,51707.0
3917,7507.6
3918,28510.0
3919,51442.0
3920,3393.0
3921,54337.0
3922,1714.0
3923,60253.0
3924,6673.4
3925,4917.8
3926,7727.8
3927,50600.0
3928,50629.8
3929,9303.0
3930,11608.2
3931,54896.0
3932,4695.6
3933,61473.4
3934,6467.4
3935,4744.0
3936,4248.4
3937,4607.4
3938,57501.6
3939,40677.4
3940,13266.6
3941,3457.0
3942,38290.4
3943,2410.0
3944,6671.0
3945,6461.0
3946,49613.0
3947,80242.2
3948,54882.8
3949,5474.0
3950,5069.8
3951,5903.4
3952,49725.0
3953,19541.2
3954,62524.0
3955,4040.4
3956,8631.0
3957,3343.6
3958,3699.0
3959,3024.0
3960,44148.8
3961,4787.2
3962,6651.0
3963,2336.0
3964,62795.0
3965,8214.6
3966,4452.0
3967,7484.0
3968,13314.0
3969,32859.0
3970,6166.0
3971,10102.0
3972,5499.2
3973,13230.0
3974,4483.8
3975,6568.0
3976,4690.2
3977,6067.0
3978,7270.2
3979,7723.4
3980,5953.4
3981,9166.2
3982,59883.0
3983,5068.0
3984,55377.0
3985,6186.0
3986,39332.2
3987,6277.4
3988,1890.0
3989,46947.0
3990,12539.8
3991,8369.8
3992,61128.0
3993,4373.0
3994,1890.0
3995,6067.0
3996,6262.0
3997,5102.8
3998,43000.4
3999,3999.0
4000,8456.4
4001,57125.8
4002,4266.8
4003,8497.2
4004,4610.8
4005,12114.0
4006,3188.6
4007,60260.0
4008,53967.4
4009,4844.6
4010,5115.8
4011,23868.0
4012,3998.0
4013,54787.4
4014,55511.6
4015,4974.0
4016,5240.4
4017,49260.8
4018,6157.8
4019,6915.0
4020,6306.0
4021,4408.2
4022,13259.4
4023,3787.4
4024,56590.0
4025,3938.2
4026,52992.0
4027,5983.6
4028,47605.0
4029,63711.4
4030,5861.8
4031,3780.2
4032,4029.0
4033,13440.2
4034,4317.0
4035,7804.0
4036,5173.0
4037,2652.4
4038,45540.2
4039,19443.6
4040,3242.6
4041,6711.0
4042,14630.6
4043,7701.8
4044,2201.0
4045,59517.6
4046,6851.8
4047,3336.0
4048,7174.0
4049,4645.4
4050,54608.0
4051,3331.4
4052,11520.0
4053,6391.8
4054,55951.8
4055,1839.8
4056,4675.6
4057,14793.0
4058,31436.0
4059,4691.0
4060,6724.0
4061,18704.6
4062,5470.0
4063,4275.0
4064,2091.0
4065,2276.0
4066,61883.4
4067,45968.6
4068,5213.0
4069,6679.4
4070,2167.4
4071,2738.0
4072,4556.0
4073,6382.4
4074,53835.0
4075,7580.6
4076,4587.2
4077,49613.0
4078,3522.6
4079,57157.4
4080,62932.0
4081,50987.8
4082,61367.2
4083,3379.0
4084,6122.0
4085,5922.8
4086,44144.0
4087,54608.0
4088,4995.2
4089,6053.0
4090,4797.2
4091,45883.0
4092,7973.8
4093,4062.8
4094,5526.4
4095,55627.0
4096,2167.4
4097,52772.0
4098,3467.4
4099,4858.6
4100,47586.0
4101,49146.8
4102,5070.6
4103,7664.4
4104,51921.0
4105,4658.8
4106,7370.4
4107,51595.0
4108,4625.8
4109,51345.0
4110,32923.0
4111,8924.2
4112,11281.8
4113,7415.6
4114,15383.4
4115,44483.0
4116,51409.0
4117,58850.6
4118,3113.6
4119,6752.6
4120,11007.2
4121,65550.2
4122,54975.4
4123,6565.8
4124,11205.0
4125,3553.8
4126,14301.0
4127,58486.4
4128,17100.2
4129,2882.6
4130,9687.2
4131,15271.0
4132,5669.2
4133,17794.0
4134,6374.0
4135,3865.6
4136,2410.0
4137,4637.0
4138,45380.2
4139,12909.0
4140,62251.6
4141,4713.2
4142,4633.6
4143,5840.6
4144,5104.0
4145,11514.4
4146,5185.0
4147,9091.0
4148,7514.6
4149,8372.4
4150,4969.8
4151,13756.4
4152,54608.0
4153,57501.6
4154,52038.0
4155,75336.0
4156,6915.6
4157,3847.4
4158,75232.8
4159,69034.4
4160,55140.8
4161,51707.0
4162,3862.0
4163,52297.2
4164,40949.6
4165,66108.0
4166,11793.0
4167,6568.0
4168,6334.4
4169,40130.8
4170,2718.0
4171,89222.4
4172,5802.4
4173,52772.0
4174,4790.8
4175,60156.8
4176,66480.0
4177,3096.0
4178,4491.0
4179,57200.6
4180,81295.0
4181,51201.2
4182,56926.4
4183,6197.6
4184,59410.2
4185,3826.6
4186,3578.8
4187,2410.0
4188,63915.0
4189,6665.8
4190,6828.4
4191,11633.4
4192,7198.8
4193,2223.2
4194,2556.0
4195,11460.6
4196,5252.0
4197,49613.0
4198,14227.6
4199,6630.8
4200,5943.0
4201,4500.0
4202,4801.4
4203,4496.0
4204,56435.0
4205,8605.4
4206,38099.0
4207,5678.4
4208,7294.8
4209,4891.6
4210,3241.2
4211,11923.6
4212,22152.0
4213,10077.8
4214,12957.0
4215,50600.0
4216,4565.0
4217,10974.0
4218,2181.2
4219,11049.6
4220,4995.8
4221,3677.0
4222,63185.0
4223,3365.8
4224,49146.8
4225,59308.8
4226,68331.2
4227,3511.0
4228,2124.0
4229,17315.2
4230,4190.4
4231,3754.2
4232,8445.6
4233,4394.6
4234,4554.0
4235,7042.8
4236,5446.0
4237,5200.2
4238,49272.6
4239,14868.0
4240,3734.0
4241,1788.0
4242,5931.6
4243,6067.0
4244,5646.4
4245,4097.6
4246,2074.0
4247,5892.0
4248,2056.0
4249,5949.0
4250,51457.0
4251,3371.6
4252,5509.0
4253,4264.2
4254,6450.0
4255,9840.0
4256,1548.2
4257,6132.0
4258,6796.0
4259,32923.0
4260,55760.4
4261,64285.0
4262,8355.4
4263,4392.4
4264,41281.0
4265,32859.0
4266,44468.6
4267,54684.0
4268,4563.6
4269,59517.6
4270,9936.6
4271,45693.0
4272,53949.6
4273,10432.2
4274,6675.2
4275,58853.8
4276,5681.0
4277,3862.0
4278,51977.2
4279,52175.0
4280,11250.8
4281,64352.2
4282,3153.0
4283,7412.0
4284,5646.4
4285,7489.0
4286,7774.0
4287,5753.8
4288,61524.4
4289,5625.8
4290,5116.0
4291,74063.4
4292,3833.8
4293,59784.0
4294,11744.2
4295,8546.0
4296,40843.0
4297,57796.2
4298,6153.0
4299,5124.2
4300,38845.6
4301,5195.8
4302,4452.0
4303,6075.0
4304,11271.8
4305,55629.4
4306,5991.4
4307,6237.8
4308,7947.0
4309,8935.8
4310,4792.0
4311,5705.2
4312,57501.6
4313,5417.8
4314,7526.4
4315,2871.8
4316,5949.0
4317,52916.4
4318,9201.0
4319,10518.4
4320,1890.0
4321,44470.0
4322,3986.0
4323,49884.0
4324,13683.6
4325,5882.2
4326,69042.4
4327,6275.6
4328,4728.6
4329,7233.0
4330,5900.4
4331,4219.4
4332,4048.0
4333,5052.8
4334,2124.0
4335,4660.6
4336,41638.4
4337,12435.8
4338,52992.0
4339,4727.2
4340,17646.2
4341,6090.0
4342,5543.2
4343,9406.6
4344,63545.8
4345,12054.0
4346,5595.6
4347,45257.0
4348,9221.6
4349,4257.2
4350,4048.0
4351,6133.0
4352,56523.0
4353,4502.0
4354,39499.0
4355,50585.0
4356,59510.4
4357,60508.0
4358,6082.0
4359,64271.0
4360,4657.0
4361,7532.0
4362,45693.0
4363,6861.0
4364,54608.0
4365,4759.0
4366,43289.6
4367,10638.0
4368,60799.0
4369,4412.2
4370,6186.0
4371,9201.0
4372,47385.0
4373,54608.0
4374,59612.0
4375,5331.6
4376,3913.8
4377,8211.0
4378,50057.2
4379,11169.0
4380,31399.6
4381,6422.0
4382,42457.0
4383,7362.6
4384,47465.6
4385,5965.0
4386,14932.0
4387,3360.4
4388,6801.2
4389,6311.0
4390,5487.2
4391,70840.0
4392,6157.8
4393,2944.8
4394,35554.0
4395,3834.6
4396,36763.0
4397,6169.2
4398,5131.2
4399,6461.0
4400,12633.0
4401,6407.2
4402,61135.0
4403,55799.8
4404,5016.4
4405,65053.0
4406,69535.4
4407,10006.0
4408,7617.8
4409,4380.4
4410,5111.0
4411,62045.0
4412,2124.0
4413,56244.8
4414,2201.0
4415,10722.0
4416,4886.8
4417,4551.6
4418,57909.8
4419,4986.2
4420,5988.0
4421,1277.2
4422,44280.0
4423,63426.8
4424,11129.0
4425,51972.2
4426,6863.8
4427,4363.4
4428,59134.4
4429,5479.6
4430,15640.4
4431,8674.0
4432,2418.0
4433,5856.6
4434,49639.8
4435,3092.4
4436,2343.8
4437,3516.0
4438,42521.0
4439,12862.6
4440,2339.0
4441,8205.0
4442,12298.2
4443,9241.0
4444,10983.6
4445,15883.6
4446,7412.0
4447,12453.0
4448,12528.2
4449,22152.0
4450,7823.6
4451,5964.8
4452,3860.0
4453,38066.4
4454,4348.0
4455,6228.6
4456,5331.6
4457,5857.8
4458,38446.6
4459,4209.4
4460,6731.6
4461,4656.0
4462,5918.4
4463,28510.0
4464,30319.2
4465,4132.2
4466,6184.0
4467,60508.0
4468,44893.8
4469,11364.8
4470,35833.8
4471,6462.4
4472,52540.4
4473,6756.0
4474,6796.0
4475,48826.0
4476,5239.2
4477,5624.2
4478,53585.4
4479,8644.0
4480,3195.0
4481,10062.6
4482,70364.0
4483,3049.6
4484,48269.0
4485,2835.6
4486,9473.6
4487,56590.0
4488,49613.0
4489,7211.0
4490,28431.6
4491,6145.2
4492,3014.0
4493,53647.6
4494,54882.8
4495,55502.0
4496,10665.2
4497,3450.0
4498,9009.0
4499,7487.0
4500,4172.4
4501,6004.0
4502,5000.0
4503,4753.4
4504,5950.0
4505,4978.8
4506,3530.0
4507,11120.0
4508,6946.0
4509,51503.4
4510,12311.0
4511,39321.0
4512,4576.0
4513,3014.0
4514,4607.0
4515,7958.0
4516,5483.8
4517,12784.0
4518,7947.0
4519,10722.0
4520,7975.6
4521,4755.0
4522,4185.4
4523,5073.8
4524,4729.2
4525,70142.2
4526,10170.6
4527,4202.0
4528,9283.8
4529,6395.0
4530,43875.4
4531,12726.0
4532,5252.0
4533,4883.8
4534,32923.0
4535,12423.2
4536,57501.6
4537,60978.0
4538,57249.2
4539,5417.0
4540,42665.2
4541,5266.6
4542,5954.0
4543,76778.4
4544,60977.0
4545,5329.6
4546,54275.2
4547,3594.6
4548,8751.8
4549,6195.0
4550,4698.0
4551,5406.4
4552,3090.0
4553,9770.4
4554,6550.6
4555,56236.6
4556,58308.4
4557,55807.4
4558,83311.0
4559,11205.0
4560,3014.0
4561,9430.4
4562,11819.4
4563,5159.0
4564,6908.2
4565,68518.4
4566,6637.4
4567,55032.4
4568,59794.6
4569,3858.6
4570,12649.6
4571,4788.0
4572,4658.6
4573,2754.4
4574,3106.0
4575,4594.8
4576,2627.4
4577,3111.8
4578,6597.8
4579,45471.2
4580,8790.4
4581,2111.0
4582,66301.0
4583,60302.0
4584,47299.8
4585,6149.0
4586,4140.0
4587,9041.4
4588,7351.4
4589,6133.8
4590,60036.2
4591,59365.8
4592,53995.0
4593,7979.2
4594,53943.4
4595,4755.0
4596,4968.6
4597,9336.8
4598,6417.0
4599,6513.0
4600,4597.0
4601,8203.2
4602,52377.0
4603,3787.2
4604,56465.0
4605,7749.2
4606,2574.6
4607,50285.0
4608,5888.0
4609,4877.0
4610,54608.0
4611,5050.0
4612,4687.0
4613,9502.8
4614,4481.6
4615,4659.0
4616,20684.0
4617,25470.0
4618,5949.0
4619,4496.0
4620,49725.0
4621,1890.0
4622,14382.0
4623,1550.0
4624,49913.0
4625,47237.8
4626,38458.6
4627,16465.0
4628,12670.4
4629,2764.0
4630,50083.0
4631,44884.2
4632,49725.0
4633,48785.0
4634,2329.0
4635,4103.2
4636,11612.4
4637,9962.6
4638,12621.4
4639,48229.2
4640,1836.8
4641,7338.0
4642,3702.0
4643,6502.0
4644,56407.6
4645,57971.2
4646,4500.0
4647,65861.4
4648,47367.2
4649,6127.4
4650,13548.2
4651,5671.4
4652,6898.6
4653,4821.4
4654,53248.0
4655,5519.6
4656,4277.2
4657,3147.2
4658,6255.4
4659,2733.0
4660,5648.0
4661,2228.0
4662,41434.0
4663,8610.0
4664,68056.8
4665,24056.0
4666,9301.6
4667,56588.0
4668,4504.2
4669,5841.2
4670,4501.0
4671,52063.0
4672,6287.0
4673,5984.2
4674,9901.4
4675,8958.4
4676,24056.0
4677,5344.2
4678,60978.0
4679,2636.6
4680,3970.2
4681,8216.0
4682,6723.8
4683,5018.0
4684,5536.0
4685,12773.6
4686,4321.2
4687,11687.0
4688,13608.0
4689,4291.2
4690,8518.0
4691,54136.2
4692,5100.8
4693,7360.6
4694,5689.8
4695,7336.4
4696,85931.8
4697,36095.6
4698,75872.8
4699,6657.6
4700,4571.6
4701,42555.8
4702,5345.4
4703,6338.0
4704,52175.0
4705,15437.4
4706,64061.0
4707,57920.0
4708,55377.0
4709,11851.0
4710,47385.0
4711,10533.0
4712,6586.6
4713,5592.2
4714,66600.6
4715,4896.0
4716,29992.0
4717,62465.4
4718,8298.4
4719,9032.8
4720,16842.0
4721,3815.4
4722,16540.0
4723,4836.2
4724,60396.0
4725,69244.0
4726,3511.0
4727,9117.0
4728,2339.0
4729,7050.0
4730,5910.4
4731,3095.8
4732,4726.4
4733,2900.0
4734,55763.4
4735,10515.6
4736,2445.6
4737,4627.0
4738,18661.6
4739,2074.0
4740,6518.0
4741,14581.4
4742,5788.0
4743,1105.0
4744,4162.4
4745,2969.8
4746,6052.0
4747,59510.4
4748,8988.0
4749,15883.6
4750,14251.8
4751,7231.6
4752,6954.8
4753,20760.0
4754,4075.0
4755,5207.4
4756,4440.0
4757,49725.0
4758,6450.0
4759,41144.4
4760,4017.0
4761,51595.0
4762,3281.2
4763,1975.6
4764,56590.0
4765,5959.4
4766,4674.4
4767,23898.0
4768,2124.0
4769,8741.2
4770,9437.4
4771,45883.0
4772,7950.0
4773,9407.4
4774,7582.8
4775,11021.6
4776,11515.2
4777,4500.0
4778,67141.6
4779,5326.6
4780,4999.6
4781,5331.0
4782,62045.0
4783,23838.0
4784,61919.0
4785,48359.4
4786,6037.6
4787,2959.0
4788,8724.6
4789,4979.0
4790,3978.2
4791,56588.0
4792,20760.0
4793,48686.4
4794,3964.2
4795,5120.6
4796,41922.2
4797,6560.0
4798,31982.0
4799,10982.2
4800,32008.0
4801,2336.0
4802,55377.0
4803,2145.2
4804,6657.8
4805,48975.4
4806,6438.0
4807,4231.2
4808,62231.4
4809,54203.4
4810,10667.8
4811,12664.0
4812,6471.6
4813,6097.8
4814,6493.8
4815,42612.8
4816,2896.8
4817,20606.0
4818,8741.8
4819,4911.0
4820,4007.6
4821,7727.8
4822,55446.8
4823,5250.4
4824,5928.0
4825,15267.6
4826,61059.4
4827,4871.2
4828,56196.2
4829,14099.8
4830,4896.2
4831,7655.6
4832,37825.6
4833,51457.0
4834,5487.6
4835,45693.0
4836,7518.8
4837,8313.6
4838,15471.8
4839,4921.0
4840,12016.4
4841,4925.8
4842,5381.6
4843,4304.4
4844,5382.0
4845,49457.0
4846,67119.4
4847,12959.0
4848,57031.6
4849,5544.6
4850,24122.0
4851,27792.0
4852,5147.8
4853,5279.8
4854,6533.6
4855,5054.6
4856,5934.8
4857,3014.0
4858,4660.6
4859,3015.0
4860,8610.4
4861,14347.2
4862,2336.0
4863,54684.0
4864,37985.0
4865,5976.0
4866,5774.8
4867,7515.0
4868,6408.6
4869,5771.2
4870,47438.2
4871,3338.6
4872,61533.6
4873,5942.0
4874,2722.6
4875,3716.2
4876,4225.0
4877,39321.0
4878,2836.0
4879,12608.0
4880,5675.4
4881,3250.4
4882,10164.4
4883,5714.6
4884,54684.0
4885,52323.0
4886,11875.8
4887,82619.0
4888,2124.0
4889,57419.0
4890,64583.4
4891,3996.0
4892,3749.6
4893,5396.2
4894,5481.4
4895,4576.0
4896,9490.2
4897,8766.6
4898,6511.0
4899,9985.2
4900,65897.8
4901,4452.0
4902,2449.0
4903,23838.0
4904,24122.0
4905,11168.8
4906,55856.6
4907,5435.6
4908,56590.0
4909,11664.6
4910,11639.0
4911,2581.8
4912,6016.0
4913,11982.0
4914,60081.0
4915,43731.8
4916,4313.0
4917,3165.4
4918,17208.0
4919,7617.8
4920,5996.4
4921,5277.2
4922,23740.0
4923,7586.4
4924,12236.8
4925,44144.0
4926,2629.0
4927,40461.6
4928,6276.8
4929,42078.0
4930,9966.2
4931,8298.4
4932,12144.4
4933,6032.0
4934,7479.4
4935,7199.4
4936,5142.6
4937,6407.2
4938,56377.8
4939,5362.2
4940,6334.4
4941,6195.8
4942,49260.8
4943,6632.8
4944,1714.0
4945,6494.0
4946,8026.0
4947,77590.6
4948,23484.0
4949,6489.0
4950,3939.0
4951,6350.0
4952,4499.0
4953,50590.4
4954,44280.0
4955,7951.4
4956,60351.0
4957,5101.0
4958,55661.0
4959,45257.0
4960,2407.0
4961,69295.6
4962,13312.6
4963,3999.0
4964,7188.2
4965,3860.0
4966,5772.0
4967,3393.0
4968,6905.2
4969,6502.0
4970,7792.4
4971,6171.0
4972,5945.0
4973,5279.2
4974,5749.8
4975,58671.0
4976,6131.0
4977,46954.2
4978,4751.6
4979,4993.2
4980,49146.8
4981,6489.0
4982,3014.0
4983,2901.0
4984,10018.0
4985,12096.0
4986,10273.8
4987,7625.4
4988,55456.0
4989,4134.2
4990,6668.0
4991,51084.4
4992,5347.4
4993,5935.6
4994,63830.2
4995,45693.0
4996,81315.4
4997,4038.0
4998,65651.4
4999,35490.0
5000,8041.4
5001,45850.8
5002,3186.0
5003,6595.0
5004,2948.6
5005,62464.4
5006,6510.0
5007,5441.0
5008,5852.0
5009,3796.6
5010,53209.0
5011,31436.0
5012,4413.6
5013,3020.6
5014,54296.4
5015,4236.0
5016,5881.0
5017,6015.0
5018,44863.0
5019,15053.4
5020,15168.2
5021,4296.6
5022,45693.0
5023,3862.4
5024,57081.0
5025,10744.0
5026,14469.0
5027,10368.2
5028,3814.0
5029,12979.0
5030,51372.0
5031,41839.0
5032,54765.0
5033,3877.0
5034,10798.0
5035,52825.0
5036,53433.0
5037,6340.2
5038,71812.2
5039,6965.6
5040,58513.0
5041,6568.0
5042,4612.8
5043,74160.8
5044,51707.0
5045,6717.2
5046,3193.4
5047,6130.4
5048,7112.6
5049,7057.0
5050,46418.2
5051,47093.0
5052,3610.0
5053,2962.4
5054,6375.0
5055,69882.6
5056,3401.4
5057,6168.6
5058,59439.8
5059,4496.0
5060,2201.0
5061,23484.0
5062,5474.6
5063,6430.6
5064,15069.0
5065,2700.0
5066,3646.0
5067,48537.4
5068,6597.4
5069,3690.8
5070,14199.4
5071,1890.0
5072,11727.8
5073,4706.2
5074,11587.4
5075,5326.2
5076,8103.6
5077,7651.8
5078,4591.6
5079,64144.8
5080,3218.2
5081,4373.6
5082,4499.0
5083,1592.0
5084,3106.6
5085,2723.0
5086,5441.0
5087,40130.8
5088,32859.0
5089,44164.2
5090,38099.0
5091,53064.0
5092,4511.8
5093,9767.2
5094,1998.0
5095,7425.0
5096,6172.0
5097,9006.0
5098,47459.4
5099,4298.2
5100,4495.4
5101,50787.4
5102,1714.0
5103,52985.0
5104,4272.0
5105,7385.2
5106,4099.0
5107,14806.0
5108,8196.4
5109,13126.6
5110,59687.0
5111,1464.2
5112,12737.2
5113,40185.2
5114,5366.0
5115,4253.6
5116,75560.6
5117,4943.8
5118,2208.0
5119,5083.6
5120,5569.6
5121,13565.6
5122,5326.8
5123,52063.0
5124,48337.0
5125,3999.0
5126,5414.2
5127,4107.4
5128,12639.0
5129,45693.0
5130,5922.8
5131,4214.6
5132,15597.6
5133,14103.6
5134,8597.4
5135,12639.6
5136,3971.0
5137,4357.0
5138,48864.8
5139,14039.6
5140,39963.2
5141,4601.0
5142,6488.0
5143,64271.0
5144,6233.2
5145,67967.4
5146,7560.0
5147,6165.8
5148,47657.0
5149,5441.0
5150,57920.0
5151,6868.0
5152,1776.0
5153,6156.0
5154,5386.0
5155,50477.4
5156,12353.4
5157,7632.0
5158,56590.0
5159,7823.6
5160,17167.6
5161,4499.0
5162,51817.0
5163,4149.0
5164,4538.6
5165,7219.2
5166,3846.6
5167,50987.8
5168,2343.0
5169,10703.8
5170,4400.2
5171,3689.0
5172,4042.0
5173,5322.0
5174,57501.6
5175,52491.0
5176,5963.4
5177,5183.8
5178,60508.0
5179,4768.6
5180,3985.2
5181,6488.0
5182,52725.0
5183,3245.4
5184,63635.4
5185,80984.0
5186,4644.2
5187,3110.4
5188,5920.2
5189,45883.0
5190,52287.0
5191,6345.0
5192,6578.0
5193,22179.0
5194,51707.0
5195,23730.4
5196,1694.0
5197,6428.0
5198,9312.4
5199,3496.8
5200,14365.6
5201,5236.2
5202,46214.4
5203,9962.2
5204,3014.0
5205,6027.8
5206,4617.0
5207,4629.2
5208,4084.0
5209,54684.0
5210,4111.0
5211,7959.0
5212,4173.0
5213,23044.8
5214,10178.0
5215,4190.0
5216,55694.4
5217,5849.0
5218,3649.6
5219,4164.2
5220,6415.4
5221,7636.6
5222,11396.8
5223,63644.0
5224,11321.2
5225,3702.0
5226,11277.2
5227,5009.4
5228,5766.0
5229,4544.0
5230,4153.2
5231,2738.0
5232,6858.8
5233,4250.8
5234,59536.4
5235,3979.0
5236,31947.4
5237,46525.0
5238,56131.4
5239,11068.8
5240,45693.0
5241,7488.0
5242,15547.0
5243,2723.0
5244,4499.0
5245,5341.8
5246,60166.4
5247,12180.0
5248,5867.6
5249,61617.0
5250,6325.0
5251,77098.4
5252,48697.6
5253,55468.2
5254,4755.0
5255,6608.0
5256,7806.6
5257,41724.4
5258,10890.4
5259,1694.0
5260,53209.0
5261,39321.0
5262,11675.8
5263,3030.0
5264,50898.2
5265,59469.0
5266,3090.0
5267,71124.2
5268,4920.0
5269,4815.6
5270,24453.2
5271,41705.6
5272,44685.0
5273,1694.0
5274,9070.6
5275,9605.6
5276,3851.6
5277,4187.2
5278,48496.0
5279,3889.8
5280,5364.6
5281,2700.0
5282,19101.0
5283,5710.6
5284,4521.4
5285,7899.2
5286,10513.8
5287,2074.0
5288,10890.0
5289,6331.2
5290,53093.8
5291,2982.0
5292,13506.2
5293,14124.0
5294,83830.0
5295,39399.4
5296,3211.2
5297,12507.0
5298,4331.0
5299,5859.0
5300,6937.6
5301,3775.4
5302,4076.4
5303,50394.2
5304,49613.0
5305,7424.0
5306,9748.2
5307,2439.4
5308,2078.4
5309,4740.0
5310,7845.0
5311,14541.4
5312,6067.0
5313,45143.8
5314,12744.8
5315,53429.4
5316,5001.6
5317,56702.0
5318,5178.0
5319,64087.6
5320,6884.2
5321,62000.0
5322,56702.0
5323,51330.4
5324,5900.0
5325,3754.0
5326,5657.0
5327,4040.6
5328,57367.6
5329,4496.0
5330,5778.6
5331,6864.8
5332,1755.0
5333,11841.2
5334,7958.0
5335,6133.0
5336,8769.0
5337,3379.0
5338,48398.8
5339,4784.0
5340,3544.2
5341,52827.0
5342,6067.0
5343,2646.4
5344,6583.4
5345,53813.6
5346,3317.8
5347,5387.0
5348,9384.2
5349,9315.4
5350,52738.6
5351,4827.0
5352,4796.0
5353,5736.4
5354,59517.6
5355,6067.0
5356,5260.2
5357,6953.4
5358,6082.0
5359,6410.4
5360,61492.6
5361,7446.0
5362,4753.8
5363,4784.0
5364,62289.0
5365,6682.8
5366,56588.0
5367,11526.2
5368,9916.8
5369,4831.2
5370,5997.0
5371,6258.8
5372,2527.2
5373,3245.4
5374,6105.6
5375,5202.6
5376,52569.4
5377,10744.0
5378,59813.8
5379,2339.0
5380,47657.0
5381,2764.0
5382,60508.0
5383,54654.4
5384,50590.4
5385,12790.6
5386,12886.4
5387,4394.6
5388,3393.0
5389,5933.6
5390,4172.2
5391,2153.2
5392,3379.0
5393,4910.8
5394,54684.0
5395,50868.0
5396,61933.0
5397,49725.0
5398,2228.0
5399,27864.0
5400,6351.0
5401,10111.2
5402,4872.6
5403,58125.0
5404,53407.4
5405,15746.0
5406,5041.0
5407,9667.4
5408,56155.2
5409,6699.4
5410,55499.6
5411,63334.8
5412,11299.8
5413,6342.8
5414,70834.4
5415,7039.4
5416,11718.0
5417,18020.6
5418,58546.8
5419,6568.0
5420,8266.6
5421,60508.0
5422,3863.4
5423,4500.0
5424,75071.6
5425,4202.0
5426,31346.4
5427,6222.0
5428,6647.2
5429,5177.0
5430,5398.6
5431,4873.4
5432,2822.0
5433,35386.8
5434,7933.8
5435,49553.0
5436,67378.4
5437,4717.8
5438,42537.8
5439,7764.8
5440,4589.0
5441,62224.0
5442,60987.0
5443,5954.6
5444,5700.8
5445,4048.0
5446,4363.0
5447,42457.0
5448,2836.0
5449,4897.6
5450,4496.0
5451,54608.0
5452,51707.0
5453,4672.0
5454,3153.0
5455,5423.8
5456,6657.2
5457,4927.4
5458,4268.2
5459,3862.0
5460,13863.2
5461,4896.0
5462,11547.4
5463,6672.6
5464,23898.0
5465,5171.0
5466,3400.6
5467,5841.0
5468,2140.4
5469,81469.8
5470,5823.0
5471,4628.0
5472,6176.0
5473,6067.0
5474,2343.0
5475,4254.0
5476,61404.0
5477,7485.2
5478,60396.0
5479,7496.0
5480,4387.2
5481,41064.0
5482,2402.6
5483,59504.4
5484,58764.2
5485,11240.4
5486,6062.4
5487,3999.0
5488,1902.0
5489,8195.0
5490,7478.4
5491,4759.6
5492,62000.0
5493,4348.2
5494,32923.0
5495,7787.4
5496,49156.8
5497,6513.0
5498,69782.0
5499,4135.6
5500,4884.8
5501,3153.0
5502,2464.0
5503,51208.6
5504,61979.2
5505,4840.0
5506,9114.6
5507,43731.4
5508,9849.0
5509,4715.4
5510,7620.6
5511,5101.4
5512,5446.6
5513,10017.0
5514,13685.2
5515,2476.0
5516,5949.0
5517,5948.6
5518,12745.2
5519,44209.8
5520,4510.0
5521,5271.2
5522,13947.6
5523,4417.0
5524,4347.6
5525,3582.2
5526,4576.6
5527,2901.2
5528,5461.4
5529,7428.2
5530,48289.0
5531,5177.0
5532,56590.0
5533,5322.4
5534,11893.6
5535,11739.0
5536,58138.4
5537,6518.0
5538,5465.2
5539,14764.6
5540,54684.0
5541,8152.6
5542,6189.2
5543,13054.0
5544,45185.0
5545,8187.8
5546,4329.8
5547,7584.0
5548,5765.4
5549,4111.0
5550,15162.0
5551,16095.4
5552,68272.2
5553,10603.2
5554,45693.0
5555,2464.0
5556,4015.8
5557,47044.2
5558,10018.0
5559,6000.8
5560,6993.8
5561,61771.4
5562,52063.0
5563,4896.0
5564,65771.2
5565,6515.8
5566,16128.0
5567,45257.0
5568,65754.0
5569,3408.8
5570,2502.6
5571,60396.0
5572,4850.8
5573,4071.0
5574,2339.0
5575,3150.0
5576,10469.6
5577,51998.2
5578,51671.8
5579,11038.0
5580,2418.8
5581,44297.0
5582,55280.8
5583,2250.0
5584,20684.0
5585,4724.4
5586,12103.4
5587,8446.0
5588,62000.0
5589,9558.6
5590,15825.0
5591,65215.4
5592,1714.0
5593,1924.6
5594,1965.6
5595,9873.4
5596,4576.0
5597,31436.0
5598,6777.6
5599,7258.6
5600,45693.0
5601,5978.8
5602,1776.0
5603,6268.8
5604,5464.0
5605,60978.0
5606,45693.0
5607,5821.6
5608,6878.4
5609,67376.0
5610,4043.0
5611,37526.0
5612,4042.0
5613,4198.2
5614,1443.0
5615,6695.8
5616,7958.0
5617,54482.6
5618,10033.0
5619,7583.8
5620,49198.2
5621,71439.4
5622,70655.6
5623,4502.0
5624,2339.0
5625,9689.2
5626,4885.8
5627,7706.8
5628,53209.0
5629,10883.0
5630,6146.6
5631,7485.6
5632,4500.0
5633,6414.6
5634,4427.4
5635,12338.4
5636,24234.0
5637,60396.0
5638,72096.8
5639,6839.6
5640,5932.4
5641,2896.8
5642,11504.8
5643,5970.8
5644,53579.4
5645,40746.6
5646,53813.6
5647,7021.4
5648,4102.8
5649,45463.2
5650,7932.8
5651,67668.8
5652,6324.6
5653,5823.0
5654,11960.6
5655,69660.8
5656,5645.8
5657,7316.4
5658,4361.0
5659,12561.0
5660,3657.0
5661,66195.4
5662,3999.0
5663,2637.0
5664,10018.0
5665,4452.0
5666,70031.2
5667,32923.0
5668,81154.0
5669,6147.8
5670,3627.6
5671,3865.0
5672,13197.6
5673,6512.2
5674,5181.0
5675,50590.4
5676,4847.0
5677,6206.4
5678,5507.0
5679,55652.0
5680,11592.0
5681,6165.8
5682,13629.0
5683,3275.2
5684,3915.6
5685,6578.0
5686,52593.0
5687,5870.2
5688,5251.2
5689,54765.0
5690,3681.2
5691,4296.0
5692,60160.0
5693,67676.0
5694,3725.8
5695,64113.0
5696,4827.0
5697,4969.6
5698,2327.8
5699,2971.8
5700,2836.0
5701,62801.8
5702,7146.2
5703,49553.0
5704,7617.8
5705,6348.8
5706,62348.2
5707,62941.0
5708,3423.0
5709,3530.0
5710,48293.6
5711,3862.0
5712,4551.0
5713,6573.0
5714,6023.6
5715,55377.0
5716,6079.6
5717,44144.0
5718,27976.0
5719,6490.4
5720,12969.2
5721,60172.2
5722,61843.4
5723,16058.8
5724,65556.6
5725,6580.2
5726,8206.6
5727,8296.6
5728,50590.4
5729,4589.0
5730,5800.2
5731,2480.0
5732,6037.6
5733,64173.0
5734,14314.4
5735,4907.4
5736,68883.4
5737,7397.2
5738,49212.4
5739,61697.6
5740,5720.8
5741,52175.0
5742,6702.2
5743,5689.8
5744,57685.8
5745,70511.0
5746,6607.8
5747,4036.0
5748,47605.0
5749,2339.0
5750,6276.0
5751,11864.4
5752,42371.4
5753,5041.0
5754,3393.0
5755,14186.6
5756,5759.8
5757,38099.0
5758,54765.0
5759,2150.0
5760,3652.4
5761,50631.8
5762,3704.8
5763,3751.0
5764,2623.2
5765,5449.0
5766,53813.6
5767,2614.0
5768,2124.0
5769,5221.6
5770,52287.0
5771,13501.2
5772,67293.0
5773,6129.2
5774,5567.2
5775,71599.4
5776,12633.0
5777,6595.0
5778,4131.0
5779,11896.4
5780,7169.6
5781,54575.4
5782,1714.0
5783,6178.2
5784,2839.8
5785,6555.0
5786,61135.0
5787,17533.4
5788,11756.4
5789,7117.6
5790,8126.0
5791,6377.6
5792,3675.2
5793,3635.8
5794,8691.6
5795,4421.6
5796,10248.2
5797,45883.0
5798,55983.0
5799,2339.0
5800,29756.0
5801,41269.0
5802,7786.0
5803,7037.6
5804,4445.0
5805,49260.8
5806,59021.0
5807,4222.8
5808,4142.6
5809,12000.0
5810,3379.0
5811,59791.0
5812,7412.0
5813,5236.2
5814,2308.4
5815,12444.4
5816,45883.0
5817,5732.6
5818,5497.2
5819,3330.0
5820,10393.6
5821,10378.0
5822,3450.0
5823,5531.2
5824,5127.2
5825,4755.2
5826,3000.0
5827,2464.0
5828,63207.6
5829,10512.0
5830,4517.0
5831,3642.2
5832,12780.0
5833,2738.0
5834,5603.0
5835,5177.0
5836,4139.0
5837,5717.4
5838,11233.0
5839,50394.2
5840,2343.0
5841,10413.6
5842,49450.8
5843,2167.4
5844,6496.0
5845,7726.2
5846,2625.0
5847,6067.0
5848,33160.8
5849,56523.0
5850,5805.4
5851,22140.0
5852,8005.8
5853,7552.0
5854,3999.0
5855,2214.8
5856,38874.0
5857,3344.0
5858,6547.6
5859,7814.8
5860,54684.0
5861,6549.2
5862,11353.4
5863,59033.0
5864,2361.0
5865,7604.0
5866,49595.8
5867,6410.0
5868,51257.0
5869,57645.4
5870,1714.0
5871,48826.0
5872,6133.0
5873,9352.2
5874,73377.8
5875,70408.6
5876,62806.6
5877,11545.0
5878,14285.4
5879,12894.0
5880,5308.6
5881,32859.0
5882,12164.6
5883,5779.2
5884,3690.8
5885,6103.8
5886,6631.6
5887,4606.2
5888,14784.0
5889,7664.4
5890,28577.8
5891,4642.2
5892,62591.2
5893,67706.2
5894,8065.6
5895,7702.4
5896,6428.6
5897,3139.6
5898,6292.2
5899,3000.0
5900,6594.8
5901,32923.0
5902,5888.0
5903,5864.6
5904,10055.8
5905,4660.0
5906,5028.8
5907,12371.6
5908,4979.0
5909,3090.0
5910,2222.6
5911,35520.0
5912,5475.2
5913,2050.0
5914,3736.4
5915,7425.0
5916,11401.4
5917,40413.0
5918,66671.4
5919,28510.0
5920,1776.0
5921,61305.8
5922,5876.8
5923,4061.8
5924,5995.6
5925,3561.6
5926,12007.4
5927,7072.0
5928,56229.8
5929,57617.0
5930,47549.6
5931,9801.0
5932,11979.2
5933,4258.0
5934,9201.0
5935,6564.2
5936,3016.0
5937,56590.0
5938,6567.8
5939,6395.0
5940,1714.0
5941,20760.0
5942,7734.0
5943,3124.8
5944,22140.0
5945,6369.4
5946,1714.0
5947,4021.0
5948,15834.0
5949,4637.0
5950,6121.4
5951,4937.4
5952,6488.0
5953,57920.0
5954,5114.8
5955,5949.0
5956,61001.0
5957,10542.6
5958,3414.2
5959,10223.0
5960,68415.4
5961,6182.8
5962,9407.4
5963,6436.0
5964,59440.0
5965,5817.0
5966,44944.8
5967,6488.0
5968,4273.6
5969,5942.0
5970,5727.0
5971,6939.8
5972,10171.4
5973,11389.6
5974,11561.4
5975,2772.2
5976,33729.2
5977,9358.6
5978,3952.0
5979,4501.4
5980,55983.0
5981,49959.8
5982,42322.4
5983,6172.0
5984,7053.0
5985,12246.0
5986,4612.0
5987,6997.4
5988,55983.0
5989,4674.0
5990,11202.0
5991,4416.0
5992,6257.0
5993,12664.0
5994,4755.0
5995,11545.2
5996,2339.0
5997,51817.0
5998,13692.0
5999,56810.6
6000,2339.0
6001,3952.6
6002,3150.0
6003,9522.6
6004,11469.0
6005,6468.0
6006,53764.2
6007,6295.6
6008,68832.2
6009,2190.8
6010,65679.8
6011,3840.0
6012,51439.4
6013,7815.6
6014,3998.0
6015,6296.0
6016,30211.2
6017,4145.0
6018,9543.6
6019,7658.6
6020,5893.6
6021,51943.4
6022,6940.6
6023,50020.2
6024,4371.4
6025,4500.0
6026,6578.0
6027,51457.0
6028,5645.8
6029,5949.0
6030,10086.8
6031,55377.0
6032,4600.2
6033,15040.4
6034,28510.0
6035,5883.0
6036,5020.2
6037,60508.0
6038,63635.4
6039,71685.4
6040,6783.0
6041,11866.8
6042,5618.4
6043,3479.0
6044,4523.0
6045,7641.8
6046,6105.6
6047,5594.6
6048,10018.0
6049,4774.0
6050,9170.2
6051,3393.0
6052,7706.6
6053,3991.0
6054,5109.6
6055,47001.0
6056,4667.0
6057,7991.6
6058,23898.0
6059,47294.2
6060,10219.6
6061,7343.2
6062,3674.8
6063,47927.0
6064,50271.0
6065,51853.0
6066,2228.0
6067,67824.0
6068,6086.0
6069,11845.6
6070,5271.2
6071,4028.0
6072,2410.0
6073,5579.6
6074,1195.0
6075,50150.6
6076,5160.6
6077,4498.0
6078,6790.4
6079,59021.0
6080,49613.0
6081,4928.4
6082,5149.4
6083,4331.2
6084,2621.0
6085,60396.0
6086,39854.6
6087,6324.6
6088,6211.4
6089,52066.6
6090,13400.4
6091,6840.0
6092,45429.0
6093,6087.6
6094,5433.2
6095,6133.0
6096,22152.0
6097,6140.0
6098,12327.0
6099,58075.4
6100,60163.4
6101,5235.2
6102,4556.4
6103,4001.0
6104,8478.0
6105,5652.6
6106,6961.4
6107,3923.2
6108,18798.8
6109,4486.8
6110,4348.0
6111,7439.4
6112,5322.0
6113,73710.8
6114,11666.4
6115,3481.2
6116,4755.0
6117,12685.0
6118,6494.0
6119,51417.0
6120,2462.0
6121,6202.0
6122,5490.8
6123,5735.2
6124,6994.4
6125,5954.0
6126,1694.0
6127,49874.4
6128,7086.4
6129,8054.8
6130,4371.2
6131,6568.0
6132,5344.2
6133,10070.2
6134,4150.0
6135,5381.6
6136,3866.4
6137,3231.0
6138,2861.4
6139,11010.4
6140,2911.8
6141,4488.4
6142,2110.6
6143,48319.0
6144,4485.4
6145,5418.0
6146,56058.0
6147,52618.4
6148,8674.0
6149,14828.0
6150,2727.0
6151,55184.6
6152,4979.0
6153,5930.8
6154,5656.0
6155,7700.2
6156,4499.0
6157,11929.6
6158,6884.0
6159,7937.4
6160,4896.0
6161,52586.0
6162,6132.0
6163,49613.0
6164,20425.6
6165,5441.0
6166,5960.0
6167,4139.2
6168,1456.4
6169,3216.8
6170,4629.0
6171,54684.0
6172,11676.0
6173,6826.8
6174,62725.4
6175,54303.0
6176,4564.4
6177,12184.4
6178,5949.0
6179,57903.0
6180,7274.6
6181,4966.4
6182,57081.0
6183,6283.0
6184,5883.6
6185,70960.2
6186,55627.0
6187,2078.4
6188,3847.6
6189,2410.0
6190,2623.0
6191,3745.6
6192,8684.4
6193,54608.0
6194,5770.0
6195,65213.2
6196,5099.8
6197,6181.0
6198,7796.6
6199,5438.8
6200,55790.6
6201,4382.2
6202,5802.2
6203,41705.6
6204,37985.0
6205,4866.2
6206,4373.6
6207,4131.0
6208,4397.0
6209,4897.4
6210,11324.2
6211,8719.0
6212,5280.6
6213,7015.2
6214,7425.0
6215,45850.8
6216,60631.0
6217,52063.0
6218,3227.8
6219,57084.2
6220,3833.2
6221,53743.0
6222,21826.4
6223,4231.2
6224,11004.0
6225,4499.0
6226,4499.0
6227,2201.0
6228,58519.0
6229,4871.4
6230,2471.4
6231,7507.4
6232,6676.0
6233,5219.4
6234,6109.0
6235,49260.8
6236,4788.0
6237,7749.0
6238,6626.6
6239,3612.0
6240,6039.0
6241,58513.0
6242,61374.4
6243,2124.0
6244,9806.2
6245,41956.0
6246,4977.6
6247,6650.4
6248,66928.0
6249,6564.4
6250,6012.0
6251,61962.0
6252,6115.2
6253,8350.6
6254,11744.6
6255,48337.0
6256,4130.6
6257,51865.0
6258,11343.0
6259,5762.4
6260,11258.2
6261,3833.8
6262,6195.0
6263,56476.0
6264,4308.0
6265,10567.8
6266,37563.2
6267,48101.2
6268,8121.8
6269,7363.0
6270,51707.0
6271,4357.2
6272,1998.0
6273,23838.0
6274,63592.0
6275,2477.0
6276,2336.0
6277,63644.0
6278,43627.8
6279,8686.0
6280,53064.0
6281,2311.2
6282,41113.0
6283,10669.6
6284,69414.4
6285,5438.8
6286,6979.2
6287,3988.0
6288,55983.0
6289,6357.6
6290,52063.0
6291,57703.6
6292,52850.6
6293,60014.4
6294,1714.0
6295,3330.0
6296,41269.0
6297,12423.0
6298,4500.0
6299,2339.0
6300,49905.0
6301,50271.0
6302,69773.0
6303,2124.0
6304,14091.0
6305,5102.0
6306,5714.0
6307,68034.6
6308,9401.8
6309,47385.0
6310,45461.8
6311,8475.6
6312,1807.4
6313,45693.0
6314,2649.4
6315,4198.2
6316,3914.6
6317,49613.0
6318,6488.0
6319,3716.2
6320,4038.8
6321,4222.8
6322,5322.0
6323,4250.8
6324,55018.6
6325,5134.2
6326,15721.0
6327,3919.0
6328,6551.8
6329,5932.0
6330,68518.4
6331,10033.4
6332,2336.0
6333,4331.8
6334,48101.2
6335,59582.4
6336,6960.4
6337,13106.4
6338,4967.0
6339,51373.6
6340,55460.0
6341,4864.4
6342,5925.2
6343,50726.4
6344,7114.0
6345,2193.2
6346,21833.8
6347,52153.0
6348,22832.0
6349,4029.6
6350,1654.0
6351,8453.4
6352,12138.6
6353,3572.0
6354,5813.0
6355,6565.8
6356,67676.0
6357,55121.0
6358,5949.0
6359,4651.2
6360,51595.0
6361,3370.2
6362,6644.0
6363,5066.4
6364,62169.0
6365,60508.0
6366,1700.4
6367,58513.0
6368,8244.4
6369,4111.0
6370,4630.2
6371,2476.0
6372,12222.0
6373,15606.0
6374,54926.4
6375,63874.8
6376,6654.4
6377,60861.8
6378,4531.4
6379,9731.8
6380,8410.0
6381,32859.0
6382,5991.2
6383,14157.0
6384,5140.4
6385,2382.0
6386,15249.2
6387,8034.0
6388,3862.0
6389,6383.4
6390,46906.4
6391,52118.4
6392,3601.8
6393,4576.6
6394,53813.6
6395,5312.8
6396,4357.0
6397,5954.0
6398,53387.0
6399,23944.0
6400,10794.4
6401,6513.0
6402,5942.0
6403,1443.0
6404,50419.4
6405,13791.0
6406,6879.6
6407,5798.6
6408,10209.8
6409,9058.2
6410,5464.0
6411,5051.6
6412,10871.4
6413,5429.4
6414,56075.0
6415,3843.6
6416,54481.0
6417,12738.4
6418,4361.6
6419,3392.2
6420,4753.8
6421,5441.0
6422,40497.8
6423,4192.8
6424,20684.0
6425,8095.8
6426,9113.0
6427,47549.8
6428,7425.0
6429,2956.4
6430,56183.4
6431,53813.6
6432,58987.0
6433,46564.8
6434,2193.2
6435,5954.0
6436,11625.0
6437,2339.0
6438,3000.0
6439,2420.8
6440,53813.6
6441,4030.8
6442,4218.4
6443,49800.6
6444,6997.4
6445,60396.0
6446,2751.0
6447,6907.2
6448,13434.2
6449,45883.0
6450,6568.0
6451,55520.6
6452,54915.0
6453,4344.0
6454,10596.0
6455,4833.0
6456,51732.8
6457,2339.0
6458,9350.2
6459,14308.6
6460,45257.0
6461,76026.6
6462,42521.0
6463,51450.6
6464,8015.0
6465,5684.2
6466,6394.6
6467,55456.0
6468,11163.4
6469,54872.8
6470,4543.4
6471,1776.0
6472,5806.4
6473,3746.6
6474,66108.0
6475,51595.0
6476,6720.0
6477,17892.0
6478,55790.6
6479,49553.0
6480,4570.6
6481,4637.0
6482,56399.8
6483,7738.4
6484,4876.0
6485,5366.0
6486,54325.8
6487,5760.8
6488,5817.0
6489,68347.8
6490,3815.4
6491,5969.0
6492,45693.0
6493,56590.0
6494,48959.0
6495,10273.4
6496,57744.0
6497,3861.6
6498,4499.0
6499,10239.2
6500,56588.0
6501,4309.2
6502,62524.0
6503,68518.4
6504,5757.6
6505,5544.2
6506,3893.0
6507,5888.0
6508,58664.0
6509,61374.4
6510,15025.0
6511,6262.0
6512,4217.4
6513,8172.0
6514,3806.8
6515,5360.8
6516,12814.4
6517,61135.0
6518,57902.8
6519,6328.8
6520,43349.4
6521,44280.0
6522,8298.6
6523,3039.6
6524,43000.4
6525,4861.0
6526,6611.2
6527,62524.0
6528,6660.0
6529,10258.0
6530,5298.0
6531,5955.0
6532,5252.0
6533,44622.0
6534,4933.0
6535,3090.0
6536,14320.8
6537,32430.0
6538,4792.0
6539,4179.6
6540,12087.0
6541,59239.8
6542,5015.2
6543,49637.4
6544,4500.0
6545,4693.0
6546,5658.4
6547,4502.0
6548,7109.0
6549,4690.8
6550,2738.0
6551,4263.0
6552,5597.4
6553,6109.0
6554,24056.0
6555,45883.0
6556,5596.0
6557,14796.0
6558,68247.4
6559,4331.6
6560,17101.6
6561,5833.6
6562,55598.2
6563,81669.2
6564,25944.2
6565,5061.6
6566,2444.0
6567,5549.0
6568,6733.8
6569,6891.6
6570,14658.0
6571,5422.2
6572,5868.4
6573,5783.6
6574,5071.8
6575,56882.6
6576,9134.2
6577,4792.0
6578,41426.6
6579,55807.4
6580,5412.0
6581,7532.8
6582,44280.0
6583,4165.0
6584,4971.4
6585,5877.8
6586,64540.0
6587,49187.0
6588,7649.4
6589,3217.4
6590,5823.0
6591,9041.6
6592,69130.6
6593,5366.0
6594,7367.8
6595,7846.0
6596,5765.0
6597,4911.0
6598,2022.0
6599,8064.0
6600,40528.0
6601,13945.2
6602,7882.4
6603,4377.8
6604,62729.0
6605,8076.0
6606,6021.2
6607,49849.0
6608,3915.6
6609,12007.0
6610,1830.0
6611,5888.0
6612,5254.8
6613,2576.6
6614,7227.8
6615,59715.4
6616,4357.0
6617,7349.8
6618,39399.4
6619,5384.8
6620,6660.8
6621,2845.0
6622,1776.0
6623,4345.2
6624,12497.6
6625,39499.0
6626,10428.4
6627,15685.8
6628,20028.8
6629,14215.8
6630,11102.6
6631,53813.6
6632,5704.6
6633,56049.0
6634,59612.0
6635,56177.0
6636,8895.2
6637,5809.0
6638,7620.6
6639,47205.0
6640,4506.0
6641,13966.0
6642,5768.6
6643,55694.4
6644,3444.0
6645,4863.0
6646,52262.4
6647,2418.8
6648,4990.4
6649,8869.4
6650,5925.4
6651,4500.0
6652,4001.0
6653,54608.0
6654,7954.0
6655,4050.4
6656,56271.0
6657,46947.0
6658,4891.6
6659,41269.0
6660,6643.4
6661,58039.6
6662,9407.4
6663,45540.2
6664,5865.0
6665,68115.4
6666,2201.0
6667,2901.0
6668,8281.0
6669,5951.6
6670,63658.6
6671,3219.0
6672,5467.0
6673,5839.0
6674,5625.0
6675,63451.6
6676,12284.8
6677,50394.2
6678,11129.0
6679,5953.0
6680,60978.0
6681,10408.0
6682,50954.8
6683,4786.6
6684,5114.8
6685,5099.8
6686,8281.4
6687,7425.0
6688,4633.0
6689,16989.0
6690,5485.8
6691,57945.8
6692,46246.2
6693,10206.0
6694,57441.4
6695,4707.6
6696,3150.0
6697,8941.8
6698,71787.4
6699,7362.8
6700,53309.8
6701,5967.2
6702,1755.0
6703,5693.2
6704,3393.0
6705,8605.0
6706,13791.8
6707,11330.6
6708,6341.2
6709,7339.2
6710,9767.4
6711,12209.6
6712,7393.2
6713,3471.0
6714,5264.4
6715,7330.6
6716,3858.6
6717,58357.4
6718,53769.0
6719,4637.0
6720,12137.2
6721,3798.6
6722,5217.6
6723,8115.6
6724,64577.6
6725,6469.0
6726,2406.0
6727,4576.0
6728,48359.4
6729,5019.6
6730,52377.0
6731,62725.4
6732,39697.2
6733,3020.6
6734,55983.0
6735,1604.0
6736,4248.0
6737,13390.0
6738,42555.8
6739,5986.2
6740,10651.2
6741,7327.4
6742,5845.4
6743,62472.0
6744,4810.8
6745,59239.8
6746,8979.6
6747,6691.2
6748,11665.6
6749,47953.0
6750,4639.8
6751,2700.0
6752,20760.0
6753,13371.6
6754,74577.6
6755,11009.4
6756,2233.0
6757,6296.0
6758,2619.0
6759,64665.8
6760,2124.0
6761,58160.8
6762,9117.0
6763,3781.0
6764,5024.0
6765,52063.0
6766,51417.0
6767,45693.0
6768,65814.8
6769,50954.2
6770,5943.0
6771,4460.6
6772,14001.6
6773,6006.0
6774,11583.0
6775,9805.0
6776,5060.4
6777,2467.8
6778,5964.2
6779,41064.0
6780,54883.0
6781,39127.4
6782,6067.0
6783,6639.0
6784,44280.0
6785,3702.0
6786,5761.0
6787,6052.6
6788,32646.0
6789,6806.8
6790,6018.0
6791,6053.0
6792,3999.0
6793,4582.0
6794,12400.4
6795,5869.0
6796,61650.0
6797,6489.0
6798,51439.4
6799,6851.8
6800,4500.0
6801,8823.4
6802,54329.0
6803,2764.6
6804,5427.2
6805,7524.2
6806,4000.0
6807,42457.0
6808,68966.4
6809,3928.6
6810,5437.2
6811,3851.0
6812,53117.2
6813,13442.4
6814,49564.8
6815,6788.4
6816,4099.0
6817,6371.0
6818,52513.4
6819,5066.2
6820,7320.0
6821,62465.4
6822,65226.4
6823,12128.8
6824,57117.2
6825,6024.2
6826,3563.0
6827,6503.8
6828,1714.0
6829,27068.0
6830,60396.0
6831,2336.0
6832,5102.0
6833,7435.0
6834,6382.4
6835,4715.6
6836,2556.0
6837,5427.8
6838,6286.8
6839,49146.8
6840,4236.6
6841,23944.0
6842,10096.4
6843,10069.0
6844,69995.6
6845,37985.0
6846,41340.8
6847,59267.4
6848,4179.6
6849,52084.0
6850,11060.4
6851,10569.0
6852,48354.2
6853,45657.0
6854,51817.0
6855,9592.6
6856,4648.0
6857,7494.0
6858,44280.0
6859,5438.8
6860,58137.0
6861,6650.0
6862,8100.0
6863,12013.6
6864,49725.0
6865,57229.0
6866,45693.0
6867,7442.6
6868,6256.4
6869,46304.8
6870,50590.4
6871,5800.0
6872,15120.4
6873,5032.0
6874,6629.0
6875,5674.0
6876,59727.4
6877,6208.4
6878,7789.0
6879,5155.0
6880,7280.6
6881,3418.0
6882,37985.0
6883,60555.0
6884,6027.0
6885,4001.0
6886,13860.0
6887,54025.2
6888,3891.4
6889,5273.6
6890,60185.8
6891,11276.2
6892,9154.0
6893,6247.6
6894,6902.4
6895,10967.0
6896,12371.6
6897,63717.8
6898,57031.6
6899,50868.0
6900,6898.6
6901,2275.4
6902,46947.0
6903,4484.8
6904,6459.2
6905,7978.0
6906,55611.4
6907,5355.4
6908,76387.8
6909,8675.2
6910,58769.8
6911,45286.4
6912,69694.2
6913,2929.2
6914,5177.0
6915,3365.8
6916,7584.0
6917,5147.2
6918,7465.6
6919,50355.4
6920,6395.0
6921,7493.6
6922,4496.0
6923,7856.4
6924,55280.8
6925,3393.0
6926,1998.0
6927,52676.6
6928,4151.4
6929,43392.6
6930,7142.6
6931,49330.0
6932,49198.2
6933,5303.2
6934,60260.0
6935,4685.0
6936,2409.0
6937,54684.0
6938,5034.4
6939,3461.0
6940,5937.0
6941,4738.6
6942,3571.0
6943,4994.2
6944,5955.0
6945,8539.6
6946,49905.0
6947,54608.0
6948,39321.0
6949,6062.4
6950,9997.8
6951,6043.0
6952,66489.0
6953,8762.8
6954,5286.6
6955,3971.0
6956,26620.0
6957,65405.0
6958,17435.6
6959,11240.4
6960,6305.8
6961,3999.0
6962,7616.6
6963,63703.2
6964,9177.2
6965,5441.0
6966,3624.2
6967,58469.4
6968,65212.0
6969,54608.0
6970,4724.0
6971,3847.6
6972,50775.4
6973,18509.8
6974,6349.6
6975,77823.4
6976,4495.4
6977,5134.6
6978,49725.0
6979,3365.8
6980,44483.0
6981,5270.4
6982,51853.0
6983,68176.8
6984,10710.6
6985,3090.0
6986,6302.0
6987,41314.0
6988,9086.0
6989,5647.2
6990,6335.2
6991,60821.4
6992,5322.0
6993,28200.0
6994,62966.0
6995,5656.0
6996,45143.8
6997,5718.4
6998,5293.6
6999,5114.8
7000,2764.0
7001,2466.0
7002,4501.0
7003,5474.6
7004,13191.0
7005,6940.6
7006,5761.0
7007,4989.8
7008,58769.8
7009,12894.0
7010,71901.8
7011,5928.2
7012,54684.0
7013,8079.2
7014,58075.4
7015,13495.0
7016,59377.0
7017,14586.4
7018,7743.8
7019,12644.4
7020,5666.8
7021,5674.2
7022,4980.6
7023,58481.0
7024,5840.6
7025,14710.0
7026,9849.0
7027,3934.0
7028,4020.0
7029,7428.2
7030,5415.8
7031,10743.2
7032,9986.4
7033,8112.0
7034,58216.0
7035,6369.4
7036,6295.6
7037,11466.6
7038,62829.0
7039,60141.0
7040,10578.2
7041,6082.0
7042,44471.2
7043,8455.6
7044,2150.0
7045,49849.0
7046,3906.0
7047,13539.4
7048,48645.6
7049,4733.8
7050,11164.6
7051,3892.0
7052,3443.0
7053,5989.2
7054,64419.4
7055,6607.8
7056,5343.2
7057,56952.0
7058,9209.4
7059,7248.0
7060,5063.4
7061,7375.6
7062,9249.8
7063,3448.6
7064,6690.0
7065,2642.2
7066,6827.6
7067,64454.0
7068,38874.0
7069,7489.0
7070,4178.8
7071,7576.4
7072,10974.4
7073,60799.0
7074,3111.8
7075,6714.2
7076,4681.6
7077,54530.6
7078,68966.4
7079,66353.0
7080,8166.4
7081,50271.0
7082,4176.8
7083,40746.6
7084,10618.0
7085,5476.0
7086,4859.2
7087,9802.4
7088,3715.2
7089,52063.0
7090,63014.4
7091,4827.0
7092,4373.0
7093,15621.6
7094,3858.4
7095,67365.8
7096,12886.4
7097,13599.0
7098,3334.0
7099,23944.0
7100,14086.2
7101,3334.0
7102,6719.6
7103,4755.0
7104,8605.4
7105,8581.6
7106,7625.4
7107,4715.4
7108,6159.6
7109,51169.2
7110,18605.0
7111,3398.8
7112,5225.0
7113,7082.6
7114,48410.8
7115,4499.0
7116,5949.0
7117,60978.0
7118,4042.0
7119,9277.0
7120,4633.4
7121,11186.2
7122,6439.2
7123,8742.8
7124,6587.0
7125,45093.4
7126,4627.8
7127,11488.0
7128,7159.4
7129,51671.8
7130,12740.8
7131,5969.4
7132,14301.0
7133,63644.0
7134,52867.4
7135,6417.0
7136,4500.0
7137,17493.0
7138,4938.0
7139,73074.4
7140,11164.6
7141,5026.2
7142,6578.0
7143,7361.2
7144,73653.8
7145,7593.2
7146,17544.4
7147,17604.0
7148,4755.0
7149,2266.8
7150,21411.2
7151,52323.4
7152,11279.6
7153,11928.0
7154,6325.6
7155,5959.0
7156,14733.6
7157,5219.0
7158,59777.8
7159,4307.2
7160,5824.0
7161,2339.0
7162,60053.2
7163,58519.0
7164,6985.4
7165,63769.8
7166,6573.0
7167,6012.0
7168,20684.0
7169,11008.2
7170,53591.4
7171,3289.0
7172,6270.0
7173,46403.2
7174,6449.2
7175,5783.6
7176,6174.4
7177,5380.0
7178,10680.0
7179,54574.2
7180,5593.4
7181,60978.0
7182,5884.0
7183,5981.2
7184,67371.4
7185,56906.0
7186,5089.2
7187,81381.8
7188,2726.4
7189,14404.6
7190,5943.6
7191,9664.0
7192,3999.0
7193,3961.0
7194,12937.6
7195,4363.0
7196,7016.0
7197,4165.0
7198,5208.2
7199,54896.0
7200,4269.6
7201,3320.8
7202,20684.0
7203,54608.0
7204,28670.4
7205,49581.2
7206,7488.2
7207,3334.0
7208,34385.0
7209,2680.6
7210,4230.0
7211,49725.0
7212,5507.0
7213,13420.0
7214,46145.0
7215,8307.0
7216,12390.0
7217,3491.0
7218,2619.0
7219,4282.0
7220,4393.6
7221,7083.2
7222,45185.0
7223,43134.6
7224,5790.0
7225,51658.4
7226,11760.0
7227,10914.8
7228,4058.6
7229,3090.0
7230,49553.0
7231,56967.0
7232,57452.8
7233,53164.0
7234,44818.2
7235,5669.6
7236,3456.8
7237,4536.0
7238,6734.6
7239,59332.0
7240,4000.0
7241,6259.8
7242,5697.6
7243,2339.0
7244,23424.0
7245,54391.4
7246,4589.0
7247,5951.8
7248,3961.0
7249,5845.4
7250,9993.4
7251,5176.2
7252,5567.2
7253,49541.2
7254,4022.4
7255,4536.4
7256,7584.0
7257,6970.4
7258,51868.8
7259,58685.0
7260,4176.8
7261,3976.2
7262,43142.6
7263,61810.6
7264,3715.2
7265,5943.0
7266,3365.8
7267,67376.0
7268,65031.4
7269,9676.0
7270,6132.0
7271,3511.0
7272,5659.8
7273,6067.0
7274,6551.8
7275,68331.2
7276,23898.0
7277,5868.0
7278,55982.0
7279,39127.4
7280,5292.0
7281,14859.0
7282,32625.8
7283,5449.0
7284,4001.0
7285,4071.0
7286,4001.0
7287,5978.8
7288,7877.0
7289,4085.6
7290,7117.6
7291,54571.8
7292,49536.4
7293,2124.0
7294,10807.2
7295,12633.0
7296,7607.8
7297,2364.0
7298,54684.0
7299,3379.0
7300,4612.0
7301,4992.8
7302,5763.6
7303,53406.4
7304,6306.0
7305,8874.4
7306,12508.2
7307,41922.2
7308,3860.0
7309,6287.0
7310,6703.6
7311,6450.0
7312,4357.0
7313,4744.0
7314,19521.0
7315,57501.6
7316,11711.6
7317,2709.8
7318,47474.6
7319,6325.0
7320,4341.0
7321,6333.0
7322,4381.0
7323,10438.8
7324,54608.0
7325,5838.8
7326,14449.6
7327,6082.0
7328,11352.0
7329,50297.0
7330,23484.0
7331,6735.8
7332,11514.4
7333,5953.4
7334,3885.0
7335,61471.0
7336,17442.0
7337,59390.4
7338,12908.6
7339,5589.4
7340,4332.6
7341,39847.0
7342,6632.0
7343,6401.0
7344,6047.2
7345,14004.6
7346,2336.0
7347,4519.2
7348,4287.0
7349,2339.0
7350,7561.4
7351,46746.6
7352,2350.0
7353,10576.0
7354,50271.0
7355,12978.6
7356,5149.2
7357,52287.0
7358,37985.0
7359,1830.0
7360,9358.6
7361,7367.4
7362,52287.0
7363,5317.4
7364,2982.0
7365,62725.4
7366,8208.4
7367,59100.2
7368,9201.0
7369,57806.6
7370,16363.2
7371,45883.0
7372,52355.6
7373,72218.8
7374,8675.2
7375,3848.2
7376,69974.6
7377,4056.4
7378,45693.0
7379,3030.0
7380,39734.2
7381,2849.4
7382,5075.6
7383,5339.0
7384,2175.0
7385,63487.4
7386,2228.0
7387,29992.0
7388,54684.0
7389,3715.2
7390,4500.0
7391,1971.8
7392,5381.8
7393,62748.0
7394,7426.0
7395,54575.4
7396,4502.0
7397,4500.0
7398,55760.4
7399,11129.0
7400,14090.4
7401,9086.6
7402,6356.4
7403,4145.0
7404,3390.6
7405,23944.0
7406,2105.0
7407,51707.0
7408,14864.4
7409,39734.2
7410,55184.6
7411,64207.4
7412,2723.0
7413,3849.0
7414,4496.0
7415,3662.4
7416,6389.0
7417,3948.2
7418,4490.4
7419,73121.6
7420,58135.8
7421,5767.6
7422,3016.0
7423,2640.4
7424,45185.0
7425,61033.6
7426,2796.4
7427,57297.0
7428,5440.4
7429,4831.4
7430,6158.0
7431,56702.0
7432,60508.0
7433,12469.4
7434,48269.0
7435,57994.8
7436,4502.0
7437,52287.0
7438,45447.4
7439,2741.6
7440,4149.0
7441,5083.4
7442,39880.8
7443,5173.2
7444,6583.0
7445,54608.0
7446,30211.2
7447,10193.2
7448,71733.8
7449,7979.0
7450,50590.4
7451,6296.0
7452,6329.2
7453,7397.2
7454,5922.8
7455,10277.2
7456,5221.6
7457,6013.8
7458,10997.4
7459,2457.4
7460,3063.6
7461,39321.0
7462,9580.6
7463,70056.0
7464,3573.6
7465,6510.0
7466,7538.8
7467,38099.0
7468,17230.0
7469,7921.6
7470,6568.0
7471,7411.0
7472,6270.6
7473,6696.8
7474,9741.8
7475,13734.4
7476,6324.0
7477,4091.0
7478,3717.2
7479,4452.0
7480,4268.8
7481,5018.0
7482,4569.0
7483,11714.6
7484,5523.4
7485,5152.0
7486,4173.0
7487,12203.0
7488,5407.2
7489,5656.6
7490,58494.4
7491,58589.4
7492,3361.6
7493,37361.6
7494,3351.2
7495,5646.4
7496,4570.0
7497,6568.0
7498,55197.8
7499,14023.6
7500,6871.2
7501,3646.0
7502,5307.6
7503,48515.0
7504,24056.0
7505,7550.8
7506,4558.4
7507,60396.0
7508,5037.8
7509,51875.0
7510,15603.0
7511,2336.0
7512,61586.6
7513,16565.2
7514,57501.6
7515,49849.0
7516,5661.8
7517,4414.6
7518,55111.8
7519,85176.8
7520,5206.0
7521,8783.4
7522,6954.6
7523,4248.0
7524,40432.2
7525,2410.0
7526,66201.0
7527,38939.2
7528,44985.0
7529,5954.0
7530,3571.0
7531,11508.0
7532,4587.0
7533,6396.4
7534,6473.0
7535,52149.6
7536,4009.0
7537,55377.0
7538,63644.0
7539,2730.6
7540,9030.0
7541,5320.8
7542,55983.0
7543,57036.8
7544,3205.2
7545,12637.2
7546,1788.0
7547,12248.4
7548,63332.6
7549,13840.0
7550,11520.0
7551,6255.0
7552,4706.2
7553,4886.8
7554,9241.0
7555,8090.8
7556,4313.6
7557,2032.6
7558,9723.8
7559,5899.6
7560,7982.0
7561,50760.6
7562,62829.0
7563,2098.0
7564,6138.2
7565,4219.0
7566,53433.0
7567,8387.4
7568,9933.4
7569,3647.4
7570,20684.0
7571,5441.8
7572,11966.2
7573,16653.0
7574,5382.6
7575,5955.0
7576,3229.0
7577,4417.0
7578,50355.4
7579,2724.2
7580,5521.8
7581,6675.2
7582,3457.6
7583,69244.0
7584,45257.0
7585,5949.0
7586,6057.6
7587,5221.8
7588,2228.0
7589,12179.2
7590,4219.2
7591,55377.0
7592,51595.0
7593,5618.0
7594,6961.4
7595,3807.4
7596,4297.8
7597,6780.8
7598,5817.0
7599,64185.0
7600,4422.2
7601,2223.2
7602,7369.8
7603,3522.0
7604,3578.4
7605,7012.4
7606,14346.0
7607,32859.0
7608,7971.6
7609,5089.8
7610,41064.0
7611,41064.0
7612,6645.2
7613,16424.2
7614,6292.0
7615,15426.0
7616,11347.8
7617,39499.0
7618,5340.6
7619,12144.4
7620,6757.0
7621,7195.6
7622,2361.0
7623,54560.0
7624,4470.2
7625,3372.8
7626,5817.6
7627,4452.0
7628,4387.0
7629,67119.4
7630,45411.8
7631,50271.0
7632,6807.6
7633,68911.4
7634,5577.6
7635,3575.4
7636,5372.4
7637,4305.0
7638,66760.0
7639,4556.0
7640,13945.2
7641,5022.8
7642,45693.0
7643,3926.0
7644,8193.4
7645,2343.0
7646,4710.0
7647,39344.0
7648,5949.0
7649,7004.0
7650,71234.2
7651,4462.8
7652,38340.8
7653,6336.6
7654,55611.4
7655,47299.8
7656,10869.0
7657,4454.2
7658,6564.4
7659,55611.4
7660,5679.4
7661,13221.6
7662,45257.0
7663,39399.4
7664,3739.4
7665,28510.0
7666,54632.0
7667,58237.8
7668,7099.0
7669,55983.4
7670,10236.4
7671,3690.8
7672,6133.0
7673,8111.0
7674,44305.0
7675,57671.0
7676,5412.6
7677,5320.2
7678,11868.4
7679,5189.4
7680,7603.2
7681,5817.0
7682,4747.4
7683,13848.8
7684,9011.0
7685,54684.0
7686,4714.0
7687,42457.0
7688,1975.0
7689,31982.0
7690,3412.6
7691,56407.6
7692,3461.8
7693,5730.4
7694,5350.0
7695,59239.8
7696,57249.2
7697,1890.0
7698,4268.2
7699,5886.8
7700,6741.0
7701,10022.2
7702,6132.0
7703,4496.0
7704,2420.8
7705,16080.2
7706,7437.4
7707,5949.0
7708,3874.4
7709,62823.8
7710,51457.0
7711,6691.4
7712,7727.8
7713,5897.4
7714,4544.0
7715,5943.0
7716,63389.0
7717,49553.0
7718,4111.0
7719,7001.8
7720,8580.8
7721,25112.0
7722,5972.0
7723,5949.0
7724,62076.0
7725,13093.4
7726,8762.8
7727,55886.8
7728,5886.0
7729,4183.8
7730,6413.6
7731,43388.2
7732,7137.2
7733,5528.6
7734,5734.2
7735,56588.0
7736,6034.4
7737,20232.8
7738,6579.0
7739,4152.6
7740,12507.0
7741,6114.8
7742,5458.8
7743,3780.2
7744,52084.0
7745,41839.0
7746,15142.0
7747,51707.0
7748,54191.0
7749,55983.0
7750,5455.2
7751,5996.4
7752,2414.8
7753,66564.0
7754,5441.0
7755,28501.6
7756,7434.2
7757,56590.0
7758,5127.8
7759,6450.0
7760,4134.4
7761,12023.8
7762,6654.4
7763,6132.0
7764,7592.0
7765,13578.2
7766,13552.2
7767,2460.6
7768,9757.8
7769,50271.0
7770,7831.4
7771,2361.0
7772,3726.2
7773,5874.2
7774,5447.2
7775,54787.4
7776,6067.0
7777,3799.2
7778,11380.8
7779,4612.0
7780,4571.6
7781,5097.0
7782,2339.0
7783,3361.0
7784,5648.8
7785,4294.8
7786,2301.0
7787,12235.4
7788,45060.2
7789,2955.0
7790,21997.0
7791,7397.2
7792,16627.2
7793,8443.2
7794,1891.4
7795,55983.0
7796,4755.0
7797,53433.0
7798,4071.0
7799,72221.8
7800,3588.8
7801,22152.0
7802,6820.2
7803,4915.4
7804,7412.0
7805,45257.0
7806,9438.8
7807,6922.0
7808,60396.0
7809,4612.0
7810,12438.4
7811,63178.4
7812,2050.0
7813,66425.0
7814,8337.0
7815,50542.2
7816,63490.6
7817,53022.0
7818,24122.0
7819,62645.0
7820,65053.8
7821,57031.6
7822,5322.0
7823,17610.0
7824,5903.4
7825,6668.4
7826,6003.2
7827,56992.8
7828,71273.8
7829,6001.0
7830,60978.0
7831,14979.2
7832,48493.8
7833,5812.0
7834,5293.4
7835,6078.8
7836,9275.2
7837,64378.8
7838,10164.8
7839,7352.0
7840,13602.6
7841,5930.6
7842,5364.8
7843,2410.0
7844,11782.0
7845,6325.0
7846,4547.0
7847,1965.6
7848,6296.0
7849,53647.6
7850,11270.4
7851,4688.2
7852,9651.0
7853,60978.0
7854,4464.0
7855,4427.0
7856,43562.2
7857,43909.6
7858,4172.8
7859,53197.0
7860,2700.0
7861,2409.0
7862,4695.8
7863,53465.4
7864,5735.2
7865,10135.4
7866,2614.0
7867,4674.0
7868,56588.0
7869,2559.8
7870,5077.0
7871,55143.6
7872,4909.8
7873,52992.0
7874,15409.4
7875,8800.0
7876,2606.4
7877,5219.4
7878,45426.2
7879,6075.0
7880,53223.4
7881,10601.0
7882,2228.0
7883,79037.2
7884,6726.4
7885,11247.2
7886,7376.2
7887,5945.0
7888,3423.0
7889,2940.0
7890,57148.0
7891,5705.8
7892,9621.8
7893,5124.0
7894,60396.0
7895,7222.2
7896,68070.4
7897,47549.8
7898,60396.0
7899,55511.6
7900,2339.0
7901,5671.2
7902,53577.4
7903,49613.0
7904,42521.0
7905,4500.0
7906,2339.0
7907,14783.4
7908,54115.0
7909,8074.6
7910,12864.0
7911,8475.2
7912,4491.0
7913,69011.4
7914,4610.8
7915,6067.0
7916,4592.4
7917,2228.0
7918,61653.8
7919,11205.0
7920,55763.4
7921,12889.4
7922,3913.2
7923,5107.4
7924,4557.2
7925,4094.0
7926,6983.4
7927,6450.0
7928,1977.0
7929,6300.8
7930,52287.0
7931,8697.2
7932,8883.0
7933,5976.8
7934,6342.0
7935,6052.0
7936,51595.0
7937,24755.2
7938,35532.0
7939,70496.0
7940,61598.4
7941,2880.0
7942,11481.6
7943,13034.2
7944,4245.8
7945,9788.0
7946,1776.0
7947,4656.2
7948,2145.8
7949,6488.0
7950,5204.2
7951,63298.0
7952,10782.0
7953,4257.2
7954,11129.0
7955,6961.4
7956,10236.4
7957,6309.6
7958,7800.4
7959,10595.4
7960,6000.2
7961,7014.0
7962,38845.6
7963,4980.0
7964,6730.0
7965,6032.0
7966,61374.4
7967,2339.0
7968,8329.6
7969,3124.8
7970,54081.4
7971,14331.8
7972,59021.0
7973,3417.4
7974,53465.4
7975,27976.0
7976,7425.0
7977,5805.4
7978,4020.0
7979,28188.0
7980,14129.4
7981,4290.0
7982,7042.6
7983,54214.4
7984,3096.6
7985,3897.2
7986,6888.6
7987,25944.2
7988,3448.4
7989,6049.8
7990,7186.8
7991,4674.6
7992,13329.0
7993,54896.0
7994,4260.2
7995,1965.6
7996,3211.2
7997,6608.0
7998,4633.4
7999,14304.0
8000,10739.4
8001,9508.2
8002,6450.0
8003,5501.8
8004,5406.2
8005,5100.4
8006,11587.4
8007,45883.0
8008,55246.6
8009,35532.0
8010,4499.0
8011,52063.0
8012,7774.0
8013,59612.0
8014,8913.0
8015,2339.0
8016,55983.0
8017,66694.8
8018,4453.0
8019,7743.0
8020,5656.0
8021,6502.0
8022,15133.0
8023,6325.0
8024,1788.0
8025,6531.8
8026,57501.6
8027,4386.0
8028,69068.2
8029,6418.0
8030,27792.0
8031,4963.2
8032,50476.2
8033,6860.0
8034,11624.0
8035,4816.8
8036,6933.4
8037,5870.2
8038,7996.0
8039,75143.2
8040,5901.8
8041,6502.0
8042,59469.0
8043,16494.0
8044,44747.2
8045,2937.8
8046,54684.0
8047,4075.2
8048,10650.0
8049,14565.0
8050,60141.0
8051,52586.0
8052,43376.0
8053,5697.8
8054,3126.6
8055,54608.0
8056,41398.6
8057,5702.0
8058,5464.2
8059,5523.4
8060,9314.4
8061,5404.2
8062,57775.0
8063,18402.6
8064,7460.0
8065,45257.0
8066,81549.6
8067,68146.6
8068,56901.4
8069,54337.0
8070,4681.0
8071,5510.0
8072,8756.2
8073,43654.0
8074,72558.8
8075,46918.0
8076,4496.0
8077,15128.8
8078,10004.8
8079,47217.0
8080,14297.6
8081,14861.0
8082,5771.0
8083,1548.0
8084,57710.4
8085,10500.0
8086,6627.2
8087,69011.4
8088,6568.0
8089,70834.4
8090,4284.8
8091,4923.8
8092,54240.4
8093,6210.0
8094,40834.0
8095,6881.8
8096,41281.0
8097,4196.2
8098,9302.8
8099,9991.2
8100,8342.6
8101,58292.2
8102,8782.6
8103,52440.0
8104,5929.2
8105,9015.0
8106,49444.6
8107,3998.0
8108,10186.0
8109,8937.0
8110,9277.0
8111,2860.0
8112,4579.0
8113,12868.2
8114,7854.6
8115,5742.4
8116,38952.0
8117,48643.8
8118,4502.0
8119,5472.8
8120,2105.0
8121,64714.8
8122,12654.2
8123,51707.0
8124,4357.0
8125,4144.4
8126,4564.0
8127,5978.8
8128,11402.4
8129,5805.4
8130,57804.6
8131,60978.0
8132,23898.0
8133,4584.0
8134,12097.0
8135,59440.0
8136,3126.6
8137,8851.8
8138,13693.8
8139,3772.0
8140,49613.0
8141,4028.0
8142,4589.0
8143,53604.2
8144,60260.0
8145,4287.8
8146,55105.0
8147,10134.4
8148,6622.0
8149,54608.0
8150,33160.8
8151,32008.0
8152,4859.6
8153,55763.4
8154,18086.0
8155,10848.0
8156,37985.0
8157,10925.8
8158,4352.8
8159,4326.2
8160,64912.0
8161,41689.2
8162,6963.8
8163,4632.2
8164,2361.0
8165,60601.0
8166,4439.0
8167,12514.8
8168,3093.0
8169,11323.0
8170,4166.2
8171,4390.0
8172,5942.0
8173,45693.0
8174,68518.4
8175,5966.0
8176,11239.8
8177,64307.4
8178,4672.0
8179,9128.8
8180,27864.0
8181,5767.0
8182,5714.0
8183,10301.4
8184,5267.6
8185,6038.2
8186,5620.6
8187,45422.4
8188,63711.0
8189,4670.0
8190,60508.0
8191,2471.4
8192,65335.4
8193,2901.0
8194,5436.8
8195,65136.0
8196,3241.2
8197,6939.8
8198,5722.8
8199,5179.0
8200,12008.0
8201,6037.6
8202,11194.2
8203,4555.0
8204,6931.8
8205,2228.0
8206,9449.4
8207,5664.0
8208,3784.6
8209,8859.0
8210,3812.0
8211,22799.2
8212,11080.6
8213,58138.4
8214,6324.6
8215,31122.4
8216,4028.0
8217,54575.4
8218,10994.6
8219,4179.4
8220,5122.0
8221,4827.0
8222,43729.0
8223,50271.0
8224,8112.0
8225,52676.6
8226,3945.8
8227,6096.2
8228,17794.0
8229,5553.2
8230,7496.0
8231,5774.2
8232,6131.0
8233,2528.2
8234,54684.0
8235,3815.4
8236,6919.8
8237,9030.0
8238,7551.6
8239,58216.0
8240,5283.8
8241,11688.0
8242,68518.4
8243,6105.2
8244,16834.6
8245,3821.0
8246,15558.2
8247,48639.2
8248,7650.8
8249,9201.0
8250,10236.2
8251,18768.0
8252,10778.8
8253,6495.4
8254,4625.8
8255,6163.6
8256,50787.4
8257,4758.0
8258,7132.8
8259,53813.6
8260,4000.0
8261,6765.0
8262,5193.6
8263,12675.0
8264,68137.8
8265,49542.0
8266,11125.0
8267,7583.6
8268,13856.0
8269,41269.0
8270,46715.8
8271,27976.0
8272,7688.0
8273,48508.6
8274,5254.8
8275,7454.0
8276,9764.4
8277,9652.2
8278,6027.0
8279,49177.0
8280,5647.4
8281,56075.0
8282,49725.0
8283,3767.0
8284,6908.2
8285,4547.0
8286,5441.0
8287,4792.6
8288,3928.6
8289,5026.8
8290,45693.0
8291,4100.6
8292,44144.0
8293,7958.0
8294,10551.2
8295,50733.0
8296,7022.0
8297,11205.0
8298,11500.2
8299,45461.8
8300,2336.0
8301,50433.6
8302,5626.2
8303,5127.8
8304,50304.0
8305,3928.0
8306,52842.4
8307,6154.4
8308,58816.0
8309,5408.8
8310,63285.4
8311,4193.2
8312,8206.6
8313,6705.8
8314,16019.2
8315,53813.6
8316,36050.4
8317,6067.0
8318,45693.0
8319,40938.4
8320,20684.0
8321,4946.2
8322,11129.0
8323,60396.0
8324,3979.0
8325,9783.8
8326,45185.0
8327,39321.0
8328,12684.0
8329,41064.0
8330,4001.0
8331,5729.4
8332,3450.0
8333,5960.0
8334,12126.6
8335,4501.0
8336,2962.6
8337,5212.0
8338,3000.0
8339,2150.0
8340,6458.2
8341,2074.0
8342,5888.0
8343,50629.8
8344,67250.4
8345,56244.8
8346,37985.0
8347,6502.0
8348,7950.0
8349,5566.0
8350,2339.0
8351,66671.4
8352,43562.2
8353,57472.0
8354,6439.2
8355,9818.6
8356,7729.6
8357,11295.4
8358,3804.8
8359,4899.6
8360,39499.0
8361,76276.2
8362,4217.8
8363,5322.0
8364,3014.0
8365,5266.0
8366,9890.0
8367,53064.0
8368,59021.0
8369,8783.6
8370,3160.2
8371,53835.0
8372,68767.0
8373,2126.0
8374,6178.2
8375,3982.0
8376,8024.6
8377,12788.8
8378,5494.6
8379,52258.4
8380,55449.0
8381,53813.6
8382,5743.2
8383,2228.0
8384,49613.0
8385,3779.2
8386,3647.4
8387,28510.0
8388,64419.4
8389,4397.0
8390,55983.0
8391,10102.0
8392,4551.6
8393,12957.0
8394,1998.0
8395,44280.0
8396,3100.0
8397,11205.0
8398,8028.2
8399,56590.0
8400,5102.0
8401,11367.4
8402,5197.0
8403,13947.0
8404,10158.8
8405,6067.0
8406,11892.6
8407,81720.6
8408,49725.0
8409,4120.8
8410,5436.8
8411,52287.0
8412,4660.6
8413,55847.2
8414,12549.0
8415,5339.0
8416,10983.6
8417,48959.0
8418,3721.6
8419,5370.0
8420,5772.0
8421,27864.0
8422,3450.0
8423,45426.2
8424,5206.0
8425,5772.0
8426,59760.8
8427,6999.8
8428,6936.8
8429,4007.0
8430,65897.8
8431,2124.0
8432,5000.2
8433,3242.8
8434,6418.0
8435,6875.0
8436,28200.0
8437,52063.0
8438,3090.0
8439,3000.0
8440,4182.8
8441,6691.4
8442,52410.2
8443,44280.0
8444,10261.0
8445,8544.2
8446,4099.0
8447,4628.0
8448,2853.6
8449,49564.8
8450,3960.2
8451,6513.4
8452,6502.0
8453,45185.0
8454,11520.0
8455,5888.0
8456,8491.4
8457,3245.4
8458,46769.0
8459,5883.0
8460,6994.4
8461,4784.0
8462,41063.6
8463,7039.4
8464,5949.0
8465,7212.0
8466,65783.8
8467,28510.0
8468,5749.8
8469,11423.8
8470,53949.6
8471,5410.4
8472,4743.4
8473,20486.2
8474,15667.6
8475,74320.2
8476,31682.0
8477,5780.6
8478,16582.6
8479,55983.0
8480,4601.0
8481,5823.0
8482,64831.0
8483,4572.6
8484,33576.0
8485,7032.0
8486,8691.6
8487,49905.0
8488,7579.0
8489,8174.4
8490,49613.0
8491,50590.4
8492,8719.0
8493,4651.2
8494,3092.4
8495,51707.0
8496,9431.6
8497,1543.0
8498,55377.0
8499,44682.0
8500,5925.8
8501,2619.0
8502,11087.4
8503,5494.0
8504,4449.0
8505,6461.0
8506,3880.8
8507,3860.8
8508,59582.4
8509,4001.0
8510,2410.0
8511,7108.8
8512,68966.4
8513,56590.0
8514,51345.0
8515,2578.4
8516,53943.4
8517,59981.6
8518,37985.0
8519,59198.4
8520,5324.0
8521,4310.4
8522,5177.0
8523,9678.6
8524,32008.0
8525,4659.0
8526,5912.8
8527,53845.4
8528,5767.0
8529,2098.0
8530,16329.8
8531,2764.6
8532,5731.6
8533,2382.0
8534,5154.6
8535,6568.0
8536,5782.4
8537,5933.8
8538,6954.4
8539,27976.0
8540,12685.0
8541,5874.4
8542,4825.6
8543,55965.4
8544,3393.0
8545,5616.6
8546,7978.8
8547,47299.8
8548,4432.0
8549,4269.6
8550,64420.2
8551,4892.6
8552,6041.4
8553,5181.0
8554,4622.0
8555,47549.8
8556,4543.0
8557,8776.8
8558,5954.0
8559,9716.4
8560,8728.0
8561,49875.8
8562,2327.0
8563,64698.8
8564,58989.0
8565,60732.0
8566,8816.2
8567,5241.0
8568,2839.8
8569,9476.4
8570,38874.0
8571,3583.6
8572,5106.8
8573,5911.8
8574,45310.2
8575,5932.2
8576,36712.0
8577,4501.0
8578,4499.0
8579,4475.4
8580,7585.0
8581,10207.2
8582,5849.0
8583,4786.8
8584,5949.0
8585,45883.0
8586,55824.2
8587,6667.2
8588,69960.6
8589,47044.2
8590,54608.0
8591,1650.6
8592,8460.6
8593,6358.0
8594,17857.8
8595,55449.0
8596,7073.4
8597,41269.0
8598,7449.8
8599,4588.0
8600,9883.8
8601,55983.0
8602,11271.6
8603,4358.4
8604,5133.4
8605,3727.6
8606,35532.0
8607,55965.4
8608,20760.0
8609,7264.4
8610,6131.8
8611,12216.4
8612,5576.4
8613,75124.2
8614,6989.6
8615,53429.4
8616,3947.8
8617,31100.0
8618,58416.2
8619,47904.6
8620,3694.4
8621,5355.2
8622,6018.4
8623,3496.0
8624,10608.8
8625,1544.0
8626,71080.6
8627,6000.2
8628,39127.4
8629,2563.4
8630,54608.0
8631,9519.2
8632,2940.0
8633,28510.0
8634,7290.2
8635,5572.0
8636,6133.0
8637,5147.8
8638,4776.0
8639,4468.8
8640,62045.0
8641,7083.2
8642,51417.0
8643,5647.0
8644,5322.0
8645,3578.8
8646,4633.4
8647,55157.6
8648,54684.0
8649,5248.0
8650,12247.0
8651,2339.0
8652,2339.0
8653,6492.0
8654,5949.0
8655,50417.2
8656,55289.0
8657,14502.6
8658,3860.0
8659,13601.8
8660,4502.0
8661,6825.6
8662,56196.2
8663,6667.8
8664,63635.4
8665,42594.6
8666,54253.0
8667,79765.2
8668,5247.8
8669,50593.2
8670,45883.0
8671,4075.6
8672,10098.8
8673,5492.4
8674,6916.0
8675,8682.6
8676,56476.0
8677,57440.4
8678,58137.0
8679,10667.6
8680,54296.4
8681,2901.0
8682,4499.0
8683,46304.8
8684,4936.6
8685,4500.0
8686,50271.0
8687,4129.0
8688,8147.8
8689,6142.0
8690,6799.8
8691,14149.4
8692,3160.2
8693,7046.2
8694,68413.0
8695,7425.0
8696,13654.4
8697,5695.2
8698,9277.0
8699,56945.0
8700,6317.0
8701,69168.0
8702,5206.0
8703,54765.0
8704,11310.0
8705,4337.0
8706,7291.8
8707,61424.2
8708,47164.6
8709,4173.0
8710,13644.2
8711,7075.0
8712,4543.0
8713,3052.4
8714,51673.4
8715,6165.0
8716,4028.0
8717,13575.4
8718,4500.0
8719,2421.0
8720,51853.0
8721,7722.4
8722,1977.0
8723,5093.0
8724,63799.0
8725,2132.0
8726,56071.4
8727,2958.8
8728,42457.0
8729,9945.0
8730,7374.0
8731,8568.6
8732,5145.2
8733,14039.8
8734,12390.0
8735,2339.0
8736,12566.4
8737,36437.4
8738,11539.6
8739,52452.0
8740,6730.0
8741,5697.2
8742,10770.8
8743,54608.0
8744,50271.0
8745,49260.8
8746,44259.0
8747,7317.8
8748,12106.6
8749,4050.4
8750,5645.0
8751,7436.2
8752,45693.0
8753,7410.0
8754,49661.6
8755,21534.8
8756,10773.2
8757,71621.6
8758,57089.8
8759,5329.2
8760,16785.2
8761,62617.0
8762,14803.0
8763,6776.8
8764,45471.2
8765,3356.2
8766,3512.0
8767,55088.4
8768,8442.2
8769,51729.2
8770,1443.0
8771,3393.0
8772,56058.0
8773,67540.2
8774,11249.0
8775,1603.0
8776,9201.0
8777,6436.0
8778,5184.4
8779,69611.4
8780,3223.6
8781,3832.0
8782,4708.8
8783,45257.0
8784,45257.0
8785,12308.8
8786,4502.0
8787,3361.0
8788,5535.8
8789,54115.0
8790,27864.0
8791,62765.0
8792,56121.0
8793,6287.2
8794,4594.0
8795,6161.0
8796,6572.0
8797,1550.0
8798,12525.0
8799,5815.8
8800,18569.0
8801,63711.4
8802,5419.4
8803,5339.6
8804,5769.8
8805,4761.0
8806,13720.4
8807,73984.8
8808,4920.0
8809,2250.0
8810,5611.6
8811,5939.6
8812,3239.6
8813,52063.0
8814,2574.6
8815,33223.2
8816,4894.6
8817,10829.0
8818,3511.0
8819,4266.8
8820,13062.2
8821,6392.8
8822,60631.0
8823,1603.0
8824,1776.0
8825,58705.0
8826,74063.4
8827,6081.0
8828,14238.0
8829,10921.8
8830,22152.0
8831,8464.0
8832,6437.0
8833,1640.8
8834,4936.6
8835,49260.8
8836,2203.0
8837,22140.0
8838,4322.2
8839,5954.0
8840,53209.0
8841,15183.0
8842,55694.4
8843,70699.8
8844,56476.0
8845,6122.6
8846,7037.0
8847,15624.0
8848,4694.6
8849,2637.0
8850,8085.0
8851,27864.0
8852,49725.0
8853,1891.4
8854,4501.0
8855,57536.6
8856,15350.4
8857,4802.4
8858,57117.2
8859,5877.4
8860,6602.0
8861,4427.0
8862,3009.6
8863,44406.4
8864,5893.6
8865,5067.2
8866,8793.8
8867,5557.6
8868,9172.0
8869,7024.4
8870,4502.0
8871,3710.6
8872,6137.2
8873,5584.0
8874,56588.0
8875,68769.0
8876,73002.6
8877,1714.0
8878,57584.2
8879,11782.0
8880,6136.6
8881,11892.4
8882,37985.0
8883,13461.2
8884,5862.4
8885,49725.0
8886,5982.4
8887,1714.0
8888,5065.8
8889,5053.4
8890,5705.0
8891,38099.0
8892,4708.8
8893,3986.0
8894,49260.8
8895,5441.6
8896,3145.2
8897,6815.6
8898,6145.4
8899,58181.8
8900,52513.4
8901,53041.0
8902,50271.0
8903,4790.8
8904,4428.2
8905,55694.4
8906,17548.0
8907,51707.0
8908,11727.8
8909,49039.4
8910,5674.8
8911,3988.0
8912,3014.0
8913,50528.0
8914,4689.0
8915,57117.2
8916,5211.0
8917,3929.4
8918,55790.6
8919,6185.0
8920,37832.0
8921,9378.2
8922,6253.0
8923,9586.4
8924,4397.8
8925,52063.0
8926,49581.2
8927,5114.6
8928,6157.0
8929,6202.2
8930,84393.2
8931,3979.0
8932,16834.0
8933,13275.8
8934,64696.8
8935,6052.0
8936,5339.6
8937,2339.0
8938,75678.2
8939,2361.0
8940,5636.8
8941,21120.0
8942,74963.0
8943,49786.2
8944,49725.0
8945,39127.4
8946,5989.2
8947,36578.2
8948,9312.8
8949,7958.0
8950,4542.0
8951,4111.0
8952,5102.0
8953,5386.2
8954,5147.2
8955,17738.0
8956,6347.0
8957,2009.2
8958,3662.4
8959,4832.2
8960,4715.4
8961,10425.0
8962,7102.4
8963,59021.0
8964,13936.6
8965,5038.2
8966,10038.0
8967,3450.0
8968,4318.0
8969,3426.0
8970,71672.2
8971,6797.0
8972,7931.4
8973,4000.0
8974,4746.4
8975,41819.6
8976,4976.0
8977,7021.0
8978,52313.0
8979,4777.0
8980,14385.0
8981,50271.0
8982,5680.8
8983,4979.0
8984,4757.8
8985,4582.0
8986,6963.8
8987,57639.4
8988,6488.0
8989,50036.2
8990,55232.0
8991,5129.2
8992,6767.0
8993,6008.4
8994,2550.8
8995,42555.8
8996,53881.0
8997,6619.0
8998,54896.0
8999,75090.6
9000,3096.0
9001,2201.0
9002,7278.2
9003,52586.0
9004,11326.0
9005,5283.8
9006,10870.0
9007,59372.6
9008,13185.2
9009,9492.2
9010,52981.4
9011,2773.0
9012,2712.4
9013,11508.2
9014,62000.0
9015,77617.4
9016,9427.0
9017,5910.2
9018,11399.6
9019,10678.6
9020,23898.0
9021,6650.4
9022,85555.8
9023,3900.4
9024,32859.0
9025,7308.0
9026,66627.6
9027,2640.4
9028,45657.0
9029,4699.6
9030,23944.0
9031,4139.8
9032,2974.0
9033,4565.0
9034,20356.0
9035,4672.0
9036,6319.0
9037,63828.0
9038,5329.4
9039,6743.2
9040,4177.4
9041,48298.0
9042,7090.4
9043,50414.2
9044,55423.4
9045,57755.0
9046,14096.6
9047,45471.2
9048,57081.0
9049,6334.8
9050,5331.6
9051,5354.2
9052,11995.8
9053,4853.2
9054,14628.8
9055,32859.0
9056,4619.0
9057,2339.0
9058,45426.2
9059,4338.0
9060,84897.2
9061,5972.0
9062,4625.0
9063,17600.0
9064,3981.8
9065,5928.0
9066,5883.6
9067,3996.4
9068,66914.2
9069,8284.6
9070,54684.0
9071,59585.0
9072,5574.0
9073,49613.0
9074,49260.8
9075,5260.2
9076,5808.6
9077,63375.0
9078,3000.0
9079,2582.0
9080,4452.0
9081,5029.0
9082,57999.0
9083,5377.4
9084,54524.8
9085,3334.0
9086,9277.0
9087,4167.6
9088,42975.6
9089,28155.2
9090,5670.6
9091,52491.0
9092,5124.2
9093,52096.0
9094,54896.0
9095,54684.0
9096,6002.0
9097,58769.8
9098,4173.0
9099,54736.0
9100,11666.0
9101,47225.0
9102,53647.6
9103,7267.0
9104,4172.2
9105,54481.0
9106,33609.2
9107,4135.4
9108,2568.0
9109,2653.8
9110,5271.8
9111,10533.2
9112,50726.4
9113,4599.0
9114,13096.0
9115,9961.8
9116,7540.0
9117,2476.0
9118,59715.4
9119,4971.0
9120,7302.6
9121,11604.2
9122,9523.0
9123,48234.0
9124,6165.0
9125,44351.2
9126,6437.0
9127,6405.8
9128,2050.0
9129,59383.6
9130,5630.4
9131,8015.0
9132,2967.0
9133,3913.2
9134,5904.2
9135,34460.0
9136,5464.0
9137,6412.8
9138,54955.0
9139,4182.0
9140,2105.0
9141,15007.0
9142,2124.0
9143,18925.0
9144,2189.6
9145,5961.2
9146,33147.0
9147,4797.0
9148,74685.8
9149,5184.0
9150,6051.0
9151,6067.0
9152,2359.0
9153,6086.0
9154,4284.6
9155,11172.0
9156,2700.0
9157,10429.0
9158,5345.4
9159,12486.0
9160,5823.0
9161,4841.6
9162,2572.6
9163,64831.0
9164,4766.4
9165,47225.0
9166,5883.6
9167,2867.0
9168,55673.0
9169,5574.2
9170,1543.0
9171,58671.0
9172,18576.2
9173,3749.6
9174,6126.0
9175,1550.0
9176,65167.0
9177,3668.8
9178,2523.6
9179,67883.2
9180,5823.0
9181,69244.0
9182,2614.0
9183,5523.0
9184,3406.0
9185,42521.0
9186,3475.0
9187,4707.8
9188,7539.0
9189,5812.4
9190,4641.4
9191,3916.0
9192,11334.8
9193,3898.2
9194,32923.0
9195,54391.4
9196,3929.0
9197,13347.0
9198,8245.6
9199,52992.0
9200,4615.0
9201,4496.0
9202,11361.2
9203,6597.4
9204,2476.0
9205,4048.0
9206,4896.0
9207,4194.0
9208,50214.6
9209,56377.8
9210,3000.0
9211,17116.8
9212,41314.0
9213,5402.6
9214,5102.0
9215,62493.0
9216,60025.6
9217,3690.0
9218,10805.6
9219,6396.4
9220,4092.0
9221,82447.6
9222,6195.0
9223,2212.0
9224,3462.0
9225,5954.0
9226,5197.0
9227,4173.0
9228,3761.4
9229,12557.4
9230,5869.2
9231,76841.0
9232,8381.8
9233,67196.6
9234,8872.8
9235,5325.0
9236,3393.0
9237,60108.2
9238,50394.2
9239,55502.0
9240,10819.8
9241,6059.4
9242,4408.6
9243,68911.4
9244,5348.4
9245,55983.0
9246,50271.0
9247,6728.0
9248,7329.6
9249,6060.0
9250,4413.2
9251,22283.8
9252,55157.6
9253,39127.4
9254,6510.0
9255,53813.6
9256,58563.6
9257,57405.0
9258,5571.6
9259,4500.0
9260,51853.0
9261,47585.0
9262,5536.8
9263,4827.0
9264,44144.0
9265,5656.0
9266,51084.4
9267,10920.4
9268,6035.8
9269,55502.0
9270,4348.0
9271,41314.0
9272,49800.6
9273,53049.0
9274,5955.0
9275,39399.4
9276,39422.4
9277,15015.0
9278,4606.6
9279,6437.0
9280,5091.6
9281,27976.0
9282,8685.4
9283,6133.0
9284,4896.0
9285,8897.4
9286,4070.6
9287,7676.8
9288,5775.4
9289,7075.2
9290,49725.0
9291,6450.0
9292,54249.2
9293,62910.4
9294,5966.0
9295,53813.6
9296,5661.8
9297,7982.0
9298,2481.8
9299,4008.6
9300,6825.6
9301,4878.0
9302,38447.4
9303,3643.4
9304,71976.8
9305,6711.0
9306,42537.8
9307,4421.0
9308,6467.2
9309,3917.2
9310,12784.2
9311,4109.0
9312,7213.8
9313,49553.0
9314,5185.2
9315,12684.2
9316,27792.0
9317,7574.0
9318,5470.4
9319,3443.0
9320,17227.8
9321,57971.2
9322,4708.2
9323,4452.0
9324,2167.4
9325,54608.0
9326,3014.0
9327,52287.0
9328,4827.0
9329,54608.0
9330,5703.8
9331,6223.0
9332,55661.0
9333,2471.4
9334,68944.2
9335,8023.2
9336,53046.4
9337,6105.2
9338,50271.0
9339,9252.0
9340,3372.8
9341,8749.8
9342,2074.0
9343,1694.0
9344,7562.0
9345,54337.8
9346,3153.0
9347,2742.0
9348,48101.2
9349,5036.8
9350,2886.0
9351,6816.0
9352,46578.6
9353,4836.2
9354,8442.0
9355,40332.6
9356,55983.0
9357,41922.2
9358,5177.0
9359,3365.8
9360,5831.8
9361,11814.0
9362,53209.0
9363,10887.2
9364,4724.4
9365,56734.8
9366,27116.8
9367,55661.0
9368,6021.8
9369,10786.2
9370,6032.0
9371,4620.6
9372,13241.8
9373,53421.0
9374,69432.2
9375,2473.2
9376,13336.0
9377,2476.0
9378,14715.6
9379,51457.0
9380,5730.8
9381,3646.0
9382,16312.6
9383,11845.6
9384,10154.2
9385,10207.6
9386,48497.0
9387,3828.4
9388,2323.0
9389,5783.2
9390,39735.4
9391,49725.0
9392,24056.0
9393,5645.8
9394,55856.6
9395,2871.4
9396,4149.0
9397,3807.2
9398,3176.4
9399,6200.0
9400,9141.0
9401,5953.0
9402,4500.8
9403,4452.0
9404,5943.0
9405,6067.0
9406,14168.0
9407,51707.0
9408,55158.6
9409,5718.8
9410,6472.8
9411,4313.4
9412,52323.4
9413,4209.2
9414,6369.4
9415,2836.0
9416,62279.6
9417,6197.6
9418,2339.0
9419,2821.0
9420,13152.4
9421,6155.0
9422,70931.0
9423,5764.2
9424,5059.0
9425,3799.6
9426,49509.8
9427,5475.8
9428,13188.0
9429,6789.6
9430,61597.0
9431,4699.0
9432,3050.0
9433,54660.2
9434,3915.0
9435,41314.0
9436,5520.2
9437,5103.2
9438,43149.2
9439,7275.0
9440,2637.0
9441,52880.6
9442,4481.2
9443,49612.6
9444,65651.4
9445,3999.0
9446,6287.0
9447,23898.0
9448,75444.2
9449,2208.0
9450,5611.2
9451,56793.0
9452,15618.8
9453,4397.0
9454,57573.8
9455,3282.4
9456,32859.0
9457,67004.0
9458,8081.6
9459,4371.4
9460,3998.0
9461,32923.0
9462,12054.0
9463,14995.2
9464,15270.8
9465,55502.0
9466,2222.6
9467,4755.0
9468,7907.0
9469,6171.6
9470,42457.0
9471,64577.6
9472,43278.6
9473,6379.2
9474,8730.2
9475,5955.0
9476,4496.0
9477,6172.0
9478,4867.6
9479,4642.6
9480,4223.4
9481,5515.4
9482,6529.2
9483,49853.8
9484,1830.0
9485,13089.8
9486,43000.4
9487,4256.4
9488,6624.0
9489,80646.8
9490,2339.0
9491,57089.8
9492,64406.6
9493,5155.2
9494,3241.2
9495,4431.2
9496,12305.4
9497,6587.6
9498,8457.8
9499,66292.8
9500,5849.0
9501,66256.0
9502,5102.0
9503,4588.2
9504,56523.0
9505,14544.0
9506,5292.0
9507,6197.8
9508,57031.6
9509,28188.0
9510,5292.0
9511,10287.2
9512,6408.0
9513,8784.0
9514,3104.6
9515,3828.0
9516,71954.4
9517,63799.0
9518,13179.4
9519,6950.8
9520,4371.8
9521,48342.6
9522,10510.8
9523,6395.0
9524,45257.0
9525,4940.6
9526,3475.0
9527,6613.2
9528,3193.4
9529,5657.0
9530,5848.2
9531,4939.6
9532,4719.2
9533,6474.0
9534,58137.0
9535,3000.0
9536,6132.0
9537,5236.2
9538,6502.0
9539,6548.8
9540,3051.4
9541,3304.8
9542,54391.4
9543,5065.8
9544,5981.0
9545,5761.8
9546,12889.8
9547,55055.8
9548,9443.0
9549,4500.0
9550,56992.8
9551,5505.4
9552,45257.0
9553,8505.2
9554,3398.4
9555,4367.0
9556,2457.4
9557,6195.8
9558,5741.2
9559,7491.6
9560,6174.0
9561,67676.0
9562,8621.8
9563,2932.0
9564,5613.8
9565,10967.0
9566,11108.0
9567,3999.0
9568,10696.8
9569,5431.6
9570,6341.8
9571,35901.0
9572,63644.0
9573,4417.0
9574,3971.0
9575,55517.4
9576,4687.0
9577,2586.0
9578,49553.0
9579,7423.0
9580,1654.0
9581,5246.8
9582,4848.0
9583,3894.0
9584,4501.0
9585,7357.4
9586,78579.6
9587,62795.0
9588,5953.0
9589,6782.8
9590,7929.0
9591,6224.0
9592,6319.0
9593,65753.0
9594,5761.0
9595,57920.0
9596,8153.0
9597,56588.0
9598,5715.8
9599,6580.2
9600,6578.2
9601,5330.0
9602,7877.0
9603,9840.0
9604,6741.2
9605,5488.2
9606,31884.0
9607,4499.0
9608,9277.0
9609,52440.0
9610,5870.6
9611,41064.0
9612,10305.4
9613,6397.2
9614,54549.4
9615,57957.8
9616,2690.6
9617,4348.2
9618,3943.8
9619,22152.0
9620,3964.4
9621,41269.0
9622,60857.8
9623,3910.2
9624,37985.0
9625,51124.6
9626,10710.2
9627,5624.0
9628,8688.8
9629,9840.0
9630,9840.0
9631,7981.2
9632,4814.0
9633,4971.0
9634,13734.0
9635,3809.2
9636,47299.8
9637,56588.0
9638,50600.0
9639,2145.2
9640,4499.0
9641,49065.0
9642,7834.8
9643,27976.0
9644,10479.0
9645,5148.2
9646,6461.0
9647,60978.0
9648,4493.6
9649,4329.6
9650,2105.0
9651,23260.0
9652,37760.0
9653,4589.0
9654,7412.0
9655,65081.0
9656,5998.8
9657,6568.0
9658,6154.4
9659,8625.4
9660,6499.8
9661,4257.0
9662,48343.6
9663,5215.8
9664,6564.0
9665,45257.0
9666,52175.0
9667,37207.2
9668,4752.6
9669,5954.0
9670,5658.6
9671,64540.0
9672,12040.4
9673,3500.2
9674,56385.0
9675,49581.2
9676,5906.8
9677,47357.4
9678,10974.4
9679,51595.0
9680,5852.0
9681,44280.0
9682,6398.2
9683,11568.8
9684,9522.6
9685,7657.0
9686,12542.4
9687,5841.2
9688,2397.2
9689,4966.0
9690,5544.2
9691,6594.0
9692,7469.8
9693,5753.4
9694,60678.4
9695,57501.6
9696,5845.0
9697,4402.2
9698,49146.8
9699,7221.4
9700,6091.0
9701,55827.0
9702,3384.0
9703,4765.4
9704,6081.8
9705,56200.0
9706,12015.2
9707,5178.0
9708,11131.4
9709,10428.0
9710,10102.0
9711,43796.8
9712,17006.2
9713,5639.0
9714,7617.8
9715,7344.4
9716,7424.0
9717,8266.6
9718,6133.0
9719,1714.0
9720,57229.0
9721,41512.0
9722,5877.2
9723,4179.2
9724,58519.0
9725,3999.0
9726,11488.0
9727,2738.0
9728,2766.0
9729,2987.8
9730,1924.0
9731,51503.4
9732,3140.0
9733,5804.4
9734,1924.6
9735,51853.0
9736,55790.6
9737,6450.0
9738,6734.6
9739,4427.0
9740,5978.8
9741,6871.4
9742,58007.0
9743,6116.8
9744,4200.6
9745,58075.4
9746,6639.2
9747,54684.0
9748,5915.0
9749,52063.0
9750,2944.8
9751,40938.4
9752,13919.0
9753,3749.6
9754,54608.0
9755,6463.4
9756,5960.0
9757,11730.2
9758,6902.8
9759,4483.2
9760,2201.0
9761,46073.4
9762,12809.8
9763,3068.4
9764,49004.6
9765,9894.4
9766,2339.0
9767,4957.0
9768,48413.0
9769,10478.2
9770,45426.2
9771,11079.2
9772,6128.4
9773,14112.0
9774,56523.0
9775,20760.0
9776,49848.8
9777,2214.8
9778,55520.6
9779,41922.2
9780,47299.8
9781,11389.4
9782,6195.8
9783,51865.0
9784,48413.0
9785,4416.4
9786,70758.4
9787,11069.0
9788,62806.6
9789,6719.8
9790,4496.0
9791,4978.2
9792,4589.0
9793,49553.0
9794,5046.0
9795,5557.8
9796,10355.0
9797,5319.6
9798,45665.0
9799,5685.8
9800,30507.2
9801,51817.0
9802,2250.0
9803,67883.2
9804,67321.0
9805,59409.0
9806,62770.4
9807,3999.0
9808,6293.2
9809,57775.0
9810,7102.4
9811,13753.0
9812,5760.0
9813,28510.0
9814,48826.0
9815,54660.2
9816,4672.0
9817,6473.6
9818,60611.4
9819,7564.0
9820,6086.0
9821,69063.4
9822,4979.0
9823,53209.0
9824,42511.2
9825,3506.2
9826,14798.2
9827,53209.0
9828,48104.4
9829,67527.0
9830,4337.0
9831,11940.0
9832,4734.0
9833,2954.8
9834,6437.0
9835,90211.0
9836,4111.0
9837,4314.0
9838,8195.0
9839,50258.4
9840,3901.0
9841,51765.2
9842,46947.0
9843,4938.0
9844,24122.0
9845,62703.0
9846,10184.2
9847,7634.2
9848,3113.0
9849,65136.0
9850,6389.0
9851,55258.4
9852,57528.6
9853,41839.0
9854,5647.6
9855,4991.8
9856,7092.4
9857,64867.4
9858,6565.8
9859,4662.0
9860,32923.0
9861,6551.4
9862,62591.0
9863,6359.2
9864,11886.0
9865,6566.0
9866,24122.0
9867,4827.0
9868,3393.0
9869,8112.0
9870,6336.4
9871,4301.6
9872,11588.0
9873,76415.4
9874,5400.8
9875,53197.0
9876,23944.0
9877,6832.6
9878,9493.0
9879,5351.8
9880,5995.0
9881,5710.2
9882,56565.4
9883,4555.6
9884,7824.8
9885,6568.0
9886,5382.0
9887,9401.0
9888,18666.8
9889,5767.6
9890,5221.4
9891,9838.8
9892,5667.0
9893,12118.0
9894,5711.0
9895,6696.8
9896,2336.0
9897,5387.0
9898,14111.6
9899,7375.6
9900,6285.0
9901,5957.4
9902,4371.0
9903,8634.0
9904,7888.8
9905,54955.0
9906,55377.0
9907,57501.6
9908,58225.8
9909,54481.0
9910,65287.8
9911,51707.0
9912,6568.0
9913,41484.4
9914,65763.4
9915,2336.0
9916,5942.0
9917,7572.0
9918,63378.6
9919,5857.6
9920,11346.4
9921,6450.0
9922,4612.0
9923,60396.0
9924,3389.2
9925,5636.8
9926,7802.0
9927,63185.0
9928,53813.6
9929,53003.8
9930,61967.4
9931,6960.4
9932,15067.6
9933,45257.0
9934,7690.2
9935,11856.0
9936,4827.0
9937,58590.2
9938,4153.6
9939,3111.8
9940,60396.0
9941,59441.8
9942,6893.6
9943,1842.6
9944,58091.0
9945,4500.0
9946,52981.4
9947,56588.0
9948,6161.0
9949,75085.0
9950,2476.0
9951,7565.8
9952,50476.6
9953,6727.2
9954,4374.2
9955,3742.0
9956,2392.8
9957,45257.0
9958,6212.8
9959,61675.0
9960,44280.0
9961,34460.0
9962,57908.2
9963,6067.0
9964,12145.8
9965,7344.6
9966,13607.6
9967,13188.2
9968,10512.0
9969,12726.0
9970,54204.4
9971,3902.8
9972,23044.8
9973,3559.2
9974,4645.8
9975,12832.8
9976,16212.0
9977,49800.6
9978,70001.0
9979,9100.4
9980,62493.0
9981,57501.6
9982,49039.4
9983,5269.4
9984,7076.0
9985,4429.2
9986,9920.6
9987,11590.2
9988,61533.6
9989,6067.0
9990,5518.6
9991,57544.0
9992,11987.6
9993,36763.0
9994,4239.0
9995,6331.8
9996,1890.0
9997,11488.0
9998,69762.6
9999,4823.6
10000,1755.0
10001,43027.8
10002,7446.0
10003,9020.6
10004,20760.0
10005,3096.0
10006,31734.0
10007,7563.2
10008,11239.8
10009,5949.0
10010,4896.0
10011,4994.0
10012,53949.6
10013,7145.4
10014,5790.0
10015,6593.8
10016,59523.2
10017,3126.6
10018,47028.0
10019,9201.0
10020,37985.0
10021,45877.4
10022,11586.8
10023,3787.6
10024,4755.0
10025,58017.0
10026,5823.0
10027,50726.4
10028,4759.8
10029,6318.0
10030,2830.6
10031,64061.0
10032,41064.0
10033,57117.0
10034,15414.0
10035,24234.0
10036,20684.0
10037,4970.8
10038,2233.0
10039,4111.0
10040,55001.0
10041,5411.0
10042,54608.0
10043,45693.0
10044,48826.0
10045,1690.6
10046,54684.0
10047,5504.6
10048,61317.8
10049,6461.0
10050,4356.0
10051,5847.2
10052,33666.6
10053,59021.0
10054,20067.0
10055,5377.6
10056,47507.2
10057,6322.8
10058,5255.6
10059,50297.0
10060,73813.4
10061,8111.0
10062,5852.0
10063,6630.4
10064,5257.6
10065,20760.0
10066,40016.0
10067,4586.0
10068,6278.8
10069,7572.0
10070,18973.0
10071,3496.8
10072,4111.0
10073,7662.8
10074,8739.6
10075,46357.0
10076,6072.6
10077,7424.0
10078,10701.0
10079,14073.0
10080,60396.0
10081,53433.0
10082,60611.4
10083,64271.0
10084,6037.6
10085,45679.6
10086,2410.0
10087,39734.2
10088,7657.2
10089,4515.2
10090,4603.8
10091,45347.8
10092,4020.0
10093,51859.2
10094,7907.6
10095,14469.0
10096,4478.0
10097,4646.4
10098,46026.8
10099,2738.0
10100,2653.0
10101,5836.2
10102,56832.2
10103,6930.0
10104,49613.0
10105,6560.0
10106,60847.4
10107,4620.0
10108,57036.8
10109,4945.2
10110,51707.0
10111,3986.8
10112,6254.0
10113,11856.0
10114,55763.4
10115,54585.8
10116,43437.0
10117,63715.6
10118,60231.2
10119,47657.0
10120,4057.0
10121,7743.2
10122,4085.6
10123,4208.8
10124,3999.0
10125,52063.0
10126,10040.4
10127,4569.4
10128,47217.0
10129,6038.4
10130,5483.8
10131,4656.0
10132,6302.0
10133,50063.4
10134,4602.0
10135,39499.0
10136,57046.4
10137,39499.0
10138,5897.0
10139,14401.0
10140,3364.8
10141,42578.6
10142,4087.8
10143,44280.0
10144,58672.4
10145,7057.8
10146,9201.0
10147,4809.4
10148,3176.4
10149,8916.4
10150,53813.6
10151,10123.4
10152,7105.4
10153,4932.6
10154,58888.0
10155,11954.6
10156,11910.4
10157,4041.0
10158,23424.0
10159,2625.0
10160,3346.0
10161,11323.0
10162,45968.6
10163,61822.4
10164,4746.8
10165,4910.8
10166,2032.6
10167,4800.8
10168,50759.6
10169,3380.0
10170,5814.0
10171,12436.4
10172,5772.0
10173,75174.6
10174,3629.0
10175,7476.0
10176,78174.8
10177,23898.0
10178,68616.6
10179,66108.0
10180,5206.0
10181,6157.0
10182,46715.8
10183,5248.6
10184,5595.8
10185,6502.0
10186,53216.0
10187,5207.4
10188,5624.8
10189,44864.2
10190,8020.4
10191,4979.0
10192,5949.0
10193,5658.6
10194,6070.0
10195,5937.8
10196,4672.0
10197,50394.2
10198,6755.2
10199,66108.0
10200,50119.8
10201,49849.0
10202,4510.0
10203,4348.0
10204,7228.2
10205,63862.4
10206,12044.0
10207,13407.4
10208,6177.0
10209,10585.0
10210,45426.2
10211,44470.0
10212,3666.2
10213,6914.6
10214,9209.4
10215,1776.0
10216,6563.0
10217,7959.0
10218,3172.8
10219,8473.8
10220,66108.0
10221,67801.8
10222,11813.2
10223,51595.0
10224,5575.6
10225,4736.8
10226,53813.6
10227,3742.0
10228,6636.2
10229,5949.0
10230,60871.0
10231,61497.0
10232,5040.0
10233,5949.0
10234,5641.8
10235,6044.6
10236,55232.0
10237,7024.4
10238,53003.8
10239,4762.0
10240,5599.8
10241,5661.8
10242,4500.0
10243,5158.0
10244,6151.4
10245,55598.2
10246,5336.2
10247,57639.4
10248,5740.6
10249,14541.8
10250,6407.4
10251,52772.0
10252,6861.0
10253,6082.0
10254,24056.0
10255,4447.0
10256,2686.6
10257,15613.6
10258,5446.0
10259,5159.8
10260,48934.4
10261,57148.0
10262,5957.4
10263,7668.2
10264,45243.6
10265,7411.8
10266,1105.0
10267,6488.0
10268,65714.2
10269,50757.0
10270,3810.0
10271,51224.6
10272,4567.0
10273,9495.4
10274,6557.6
10275,12973.2
10276,7617.8
10277,50154.6
10278,58825.8
10279,4563.0
10280,5742.4
10281,4395.0
10282,50394.2
10283,22140.0
10284,10207.0
10285,7831.6
10286,4755.0
10287,6133.0
10288,5765.6
10289,5841.0
10290,4576.0
10291,5427.6
10292,6573.0
10293,4152.0
10294,49516.2
10295,60508.0
10296,4634.6
10297,51038.6
10298,13944.0
10299,1105.0
10300,45693.0
10301,17571.4
10302,9892.2
10303,4971.0
10304,7270.2
10305,48627.4
10306,6993.4
10307,10954.0
10308,11079.2
10309,5811.4
10310,4500.0
10311,38907.2
10312,3626.8
10313,4460.6
10314,56075.0
10315,6743.2
10316,4096.6
10317,6255.0
10318,60163.4
10319,56196.2
10320,4896.0
10321,6270.2
10322,12945.2
10323,8103.2
10324,3180.6
10325,54142.0
10326,2612.0
10327,6994.4
10328,4201.6
10329,4417.0
10330,11666.0
10331,4963.6
10332,61641.8
10333,3646.0
10334,8609.2
10335,51972.2
10336,57775.0
10337,34460.0
10338,53433.0
10339,4510.2
10340,51890.8
10341,4130.0
10342,29656.0
10343,5226.0
10344,43875.0
10345,45665.0
10346,6444.0
10347,6033.0
10348,53049.0
10349,45461.8
10350,36640.0
10351,3393.0
10352,4011.6
10353,62076.0
10354,7277.0
10355,48269.0
10356,6945.8
10357,42571.2
10358,11730.0
10359,42521.0
10360,45883.0
10361,3866.4
10362,4403.8
10363,15309.0
10364,4687.0
10365,50575.8
10366,63599.0
10367,22152.0
10368,7908.2
10369,4190.8
10370,3000.0
10371,58383.4
10372,1776.0
10373,54896.0
10374,4689.0
10375,7425.0
10376,3689.2
10377,5039.6
10378,11998.4
10379,6086.4
10380,4687.0
10381,23838.0
10382,4337.0
10383,6018.0
10384,53421.0
10385,57005.0
10386,55087.0
10387,1700.4
10388,49913.0
10389,4699.6
10390,58671.4
10391,6109.0
10392,53987.0
10393,65136.0
10394,5701.4
10395,4016.6
10396,5656.0
10397,6212.8
10398,47953.0
10399,8394.2
10400,6983.0
10401,45310.2
10402,8218.2
10403,20356.0
10404,10018.0
10405,6172.0
10406,7190.6
10407,15855.2
10408,50600.0
10409,9805.4
10410,3999.0
10411,5441.0
10412,4896.0
10413,5136.2
10414,3083.2
10415,56685.4
10416,3899.0
10417,6405.8
10418,49553.0
10419,6568.0
10420,4071.0
10421,53239.8
10422,38413.0
10423,3314.8
10424,4084.8
10425,5894.4
10426,6023.6
10427,4688.4
10428,8131.8
10429,16917.0
10430,5433.2
10431,13306.0
10432,45257.0
10433,53927.4
10434,55502.0
10435,43142.6
10436,7021.4
10437,20151.2
10438,2449.0
10439,45310.2
10440,55502.0
10441,12027.0
10442,51931.4
10443,48568.0
10444,44626.2
10445,13197.8
10446,51503.4
10447,59218.0
10448,5227.0
10449,2199.2
10450,46567.4
10451,4611.0
10452,49913.8
10453,5783.2
10454,56945.0
10455,4337.0
10456,4656.0
10457,51707.0
10458,5690.4
10459,7085.4
10460,6200.4
10461,3956.4
10462,57263.4
10463,7489.0
10464,6324.6
10465,52063.0
10466,4585.2
10467,7629.4
10468,2754.0
10469,55738.0
10470,38099.0
10471,49613.0
10472,55790.6
10473,47102.0
10474,5697.0
10475,5261.8
10476,5622.4
10477,9525.0
10478,6132.0
10479,6998.2
10480,5812.6
10481,6060.0
10482,6875.6
10483,11080.0
10484,6435.0
10485,18681.0
10486,37985.0
10487,6536.8
10488,4820.0
10489,75276.6
10490,7484.0
10491,42555.8
10492,4268.2
10493,23944.0
10494,54684.0
10495,6578.0
10496,54608.0
10497,9142.0
10498,72917.6
10499,3076.6
10500,6747.4
10501,6385.8
10502,58513.0
10503,7948.2
10504,7397.2
10505,3918.2
10506,5772.0
10507,14798.6
10508,31682.0
10509,32859.0
10510,6963.8
10511,16775.2
10512,4827.0
10513,3999.0
10514,39499.0
10515,6408.8
10516,3096.6
10517,1714.0
10518,5613.4
10519,61982.0
10520,66108.0
10521,2910.8
10522,8434.0
10523,44280.0
10524,55293.4
10525,32859.0
10526,5510.2
10527,4501.4
10528,2074.0
10529,49884.0
10530,49553.0
10531,11585.8
10532,56196.2
10533,9937.6
10534,5390.8
10535,4377.2
10536,9716.2
10537,9223.2
10538,13118.2
10539,57117.2
10540,5949.0
10541,7938.0
10542,63734.2
10543,58137.0
10544,49553.0
10545,49725.0
10546,46667.4
10547,6537.4
10548,4827.0
10549,7352.2
10550,12255.0
10551,4584.8
10552,4262.0
10553,45309.8
10554,6450.0
10555,3843.6
10556,4529.8
10557,2074.0
10558,52084.0
10559,44280.0
10560,2481.2
10561,10913.2
10562,2361.0
10563,10227.0
10564,8785.6
10565,5137.4
10566,6405.0
10567,4007.0
10568,45540.2
10569,4549.8
10570,11047.8
10571,51417.0
10572,9486.6
10573,6395.0
10574,60821.4
10575,3673.6
10576,6258.0
10577,53530.8
10578,2640.4
10579,49146.8
10580,68250.4
10581,5740.8
10582,6408.8
10583,55199.0
10584,9349.0
10585,6022.4
10586,57104.4
10587,6181.8
10588,7489.0
10589,7301.6
10590,2973.6
10591,4513.2
10592,4656.6
10593,7615.8
10594,4500.0
10595,4731.8
10596,64540.0
10597,4571.4
10598,3275.4
10599,5635.2
10600,2723.0
10601,47585.0
10602,54393.0
10603,4803.0
10604,3644.0
10605,5619.0
10606,3090.0
10607,1604.0
10608,2711.0
10609,6250.0
10610,4266.8
10611,5528.6
10612,14874.6
10613,4111.0
10614,59441.8
10615,5897.0
10616,9459.6
10617,4048.8
10618,7120.0
10619,2050.0
10620,4827.0
10621,45883.0
10622,3862.0
10623,3999.0
10624,7044.0
10625,6067.2
10626,6319.0
10627,76173.6
10628,7040.2
10629,3153.0
10630,12117.0
10631,3193.4
10632,6577.8
10633,13137.4
10634,67824.0
10635,2815.2
10636,63715.6
10637,5975.2
10638,3833.2
10639,45883.0
10640,3022.0
10641,6356.4
10642,59582.4
10643,57229.0
10644,11520.0
10645,1998.0
10646,6396.6
10647,4747.0
10648,53489.0
10649,53209.0
10650,59727.4
10651,21571.4
10652,4277.8
10653,6241.0
10654,7885.6
10655,5507.0
10656,6917.8
10657,4550.2
10658,10283.4
10659,7803.2
10660,3235.6
10661,50271.0
10662,6636.4
10663,5146.8
10664,5102.0
10665,3111.8
10666,5606.0
10667,45693.0
10668,59083.6
10669,5656.0
10670,10567.8
10671,5179.6
10672,49853.8
10673,4612.0
10674,49207.0
10675,4861.0
10676,6422.0
10677,6254.0
10678,56588.0
10679,55258.4
10680,48979.8
10681,5699.8
10682,6583.8
10683,8075.4
10684,60555.0
10685,6751.6
10686,14696.0
10687,6480.0
10688,5574.0
10689,7500.2
10690,5140.4
10691,36501.4
10692,6132.0
10693,32923.0
10694,42521.0
10695,4515.4
10696,5588.6
10697,54337.0
10698,10669.4
10699,7203.2
10700,51707.0
10701,2150.0
10702,55983.0
10703,6579.0
10704,6791.6
10705,5167.0
10706,2673.8
10707,4637.6
10708,4845.0
10709,5733.2
10710,8905.0
10711,3562.8
10712,4743.0
10713,5713.2
10714,4755.0
10715,8353.4
10716,4059.4
10717,43729.0
10718,10678.8
10719,37640.8
10720,11940.0
10721,10646.8
10722,50733.0
10723,20356.0
10724,52983.8
10725,12285.0
10726,5817.0
10727,55232.0
10728,7480.8
10729,3314.6
10730,6052.0
10731,5805.6
10732,68027.8
10733,6240.0
10734,47927.0
10735,9020.8
10736,5772.0
10737,3714.8
10738,3153.0
10739,12183.0
10740,5593.4
10741,54684.0
10742,53720.2
10743,6954.4
10744,7468.2
10745,4501.6
10746,67667.4
10747,4163.0
10748,11676.0
10749,6315.4
10750,2409.0
10751,10236.4
10752,4497.2
10753,5543.4
10754,24122.0
10755,10974.4
10756,43796.8
10757,80382.4
10758,7833.0
10759,3653.2
10760,61750.4
10761,64677.6
10762,49613.0
10763,4089.0
10764,6578.0
10765,47343.6
10766,7309.0
10767,5380.0
10768,61396.8
10769,57677.0
10770,3988.0
10771,44280.0
10772,4149.0
10773,4192.8
10774,4222.4
10775,7939.0
10776,33576.0
10777,68436.2
10778,53743.0
10779,4523.0
10780,16939.6
10781,49553.0
10782,51732.8
10783,64540.0
10784,4156.0
10785,4858.0
10786,6319.0
10787,54684.0
10788,7105.8
10789,6682.8
10790,58513.0
10791,1830.0
10792,45895.4
10793,7434.2
10794,55499.6
10795,5949.0
10796,6319.0
10797,6214.4
10798,55197.8
10799,5003.4
10800,10051.4
10801,3090.0
10802,48006.4
10803,5943.0
10804,6764.2
10805,47503.2
10806,3998.2
10807,68212.2
10808,5657.0
10809,5025.6
10810,4501.0
10811,6069.6
10812,43142.6
10813,6071.0
10814,59727.4
10815,5823.0
10816,60141.0
10817,6686.8
10818,3999.0
10819,3748.8
10820,15771.4
10821,5953.0
10822,2228.0
10823,5018.6
10824,5949.0
10825,3772.4
10826,63265.4
10827,10249.8
10828,6849.8
10829,16031.0
10830,12528.0
10831,11248.8
10832,10470.0
10833,15531.8
10834,4538.2
10835,66545.0
10836,35383.2
10837,5218.2
10838,54181.2
10839,63837.0
10840,67958.6
10841,74593.0
10842,7243.8
10843,49613.0
10844,5783.6
10845,53967.4
10846,3844.8
10847,5949.0
10848,60555.0
10849,4489.8
10850,60377.0
10851,3014.0
10852,81985.4
10853,5563.2
10854,5768.0
10855,16185.4
10856,5726.4
10857,6042.2
10858,48383.4
10859,5195.8
10860,20684.0
10861,56702.0
10862,6502.0
10863,45257.0
10864,8557.8
10865,4656.0
10866,6326.0
10867,4568.0
10868,2098.0
10869,5888.0
10870,11544.0
10871,49725.0
10872,5018.0
10873,3015.0
10874,5954.0
10875,59218.0
10876,4149.0
10877,34954.8
10878,4166.6
10879,4282.0
10880,54841.0
10881,49849.0
10882,7424.0
10883,29756.0
10884,40015.2
10885,67824.2
10886,67624.0
10887,5840.4
10888,27271.8
10889,6548.6
10890,7166.8
10891,4007.8
10892,31436.0
10893,4227.2
10894,5236.2
10895,3334.0
10896,3716.2
10897,4432.6
10898,8242.0
10899,68491.4
10900,7343.0
10901,4779.8
10902,4538.6
10903,2637.0
10904,10811.8
10905,3126.6
10906,4301.0
10907,5679.2
10908,4163.0
10909,28193.6
10910,4243.2
10911,5942.0
10912,8198.6
10913,2407.0
10914,63238.8
10915,3444.0
10916,42555.8
10917,5109.2
10918,69414.4
10919,54391.4
10920,7660.4
10921,43392.6
10922,11486.8
10923,9397.0
10924,52537.0
10925,4714.0
10926,6067.0
10927,73925.8
10928,8298.4
10929,4715.0
10930,3371.6
10931,7424.0
10932,58144.2
10933,24122.0
10934,58292.8
10935,6819.0
10936,7000.8
10937,5020.0
10938,70009.0
10939,7244.4
10940,8874.0
10941,8216.0
10942,31982.0
10943,56476.0
10944,6881.8
10945,4677.0
10946,45883.0
10947,5152.0
10948,6843.2
10949,68518.4
10950,20277.2
10951,1654.0
10952,58989.0
10953,59587.4
10954,3769.0
10955,6340.2
10956,6489.0
10957,48645.8
10958,4263.0
10959,3799.4
10960,48213.0
10961,4496.0
10962,5960.0
10963,11893.0
10964,12354.0
10965,5838.4
10966,3275.4
10967,11856.0
10968,10463.0
10969,4485.4
10970,20760.0
10971,4500.0
10972,7204.0
10973,6961.4
10974,8499.8
10975,2522.0
10976,5486.6
10977,2457.4
10978,45693.0
10979,3574.0
10980,76387.8
10981,10022.2
10982,3387.4
10983,20684.0
10984,6961.4
10985,11222.8
10986,3754.2
10987,6614.8
10988,4917.8
10989,7219.6
10990,8600.6
10991,55737.0
10992,51671.8
10993,5441.0
10994,4500.0
10995,9879.6
10996,5559.8
10997,5177.0
10998,51765.2
10999,52827.0
11000,4007.0
11001,5996.0
11002,5643.6
11003,6067.0
11004,4458.0
11005,41123.0
11006,10330.4
11007,10186.0
11008,8944.0
11009,6287.2
11010,5485.6
11011,6085.6
11012,11578.6
11013,31214.4
11014,57501.6
11015,6825.6
11016,56476.0
11017,44280.0
11018,23838.0
11019,4831.4
11020,12148.0
11021,3016.0
11022,32859.0
11023,3636.0
11024,5914.8
11025,1105.0
11026,4720.0
11027,7353.2
11028,2343.0
11029,5177.0
11030,10744.0
11031,11266.0
11032,2742.0
11033,4152.4
11034,4908.6
11035,5486.6
11036,9680.4
11037,7644.2
11038,5749.8
11039,3862.0
11040,7603.2
11041,7584.0
11042,60892.2
11043,55661.0
11044,55790.6
11045,11129.0
11046,68527.2
11047,37985.0
11048,10983.0
11049,3691.8
11050,9201.0
11051,3872.8
11052,62748.0
11053,67871.0
11054,4602.2
11055,4913.8
11056,49725.0
11057,5955.8
11058,7813.0
11059,4612.0
11060,52063.0
11061,5802.6
11062,5955.0
11063,10561.2
11064,16207.2
11065,54809.4
11066,50063.4
11067,5881.0
11068,5147.2
11069,9328.4
11070,62568.6
11071,49207.0
11072,53891.2
11073,56545.4
11074,7029.2
11075,6200.0
11076,64912.0
11077,47449.0
11078,44209.8
11079,5468.6
11080,5459.8
11081,6961.4
11082,7357.4
11083,4357.0
11084,7584.2
11085,5880.0
11086,13218.8
11087,3533.2
11088,6731.8
11089,68258.6
11090,5949.0
11091,3092.4
11092,12114.0
11093,3662.4
11094,59441.8
11095,5070.0
11096,4880.0
11097,7885.6
11098,55854.4
11099,2105.0
11100,2353.0
11101,45693.0
11102,45257.0
11103,4900.0
11104,2754.0
11105,49725.0
11106,5974.2
11107,4101.8
11108,8872.2
11109,15541.6
11110,4506.0
11111,67004.0
11112,6827.6
11113,10701.0
11114,22152.0
11115,11205.0
11116,4971.0
11117,6461.0
11118,45883.0
11119,77278.8
11120,3497.0
11121,3033.6
11122,49260.8
11123,7677.0
11124,3871.8
11125,13796.2
11126,49146.8
11127,60978.0
11128,5949.0
11129,12486.0
11130,47503.2
11131,6926.2
11132,4618.4
11133,6510.4
11134,7971.4
11135,7602.0
11136,13662.0
11137,5378.8
11138,6872.6
11139,3663.4
11140,75941.8
11141,17022.6
11142,5888.0
11143,7432.6
11144,3000.0
11145,4268.2
11146,62631.6
11147,66928.0
11148,5137.4
11149,52522.0
11150,4081.0
11151,10661.8
11152,56588.0
11153,4896.0
11154,4436.2
11155,60508.0
11156,10166.0
11157,2369.8
11158,57903.0
11159,10568.8
11160,10361.2
11161,5417.2
11162,4601.0
11163,4881.2
11164,3023.0
11165,11311.8
11166,5365.0
11167,3456.6
11168,3165.4
11169,7202.0
11170,13969.4
11171,6158.0
11172,8054.2
11173,6609.4
11174,1443.0
11175,7202.0
11176,57031.6
11177,7060.0
11178,4386.8
11179,4596.8
11180,9277.0
11181,5823.0
11182,5330.0
11183,22844.0
11184,6075.2
11185,6703.6
11186,7856.2
11187,2477.0
11188,2703.0
11189,8766.2
11190,40787.6
11191,56588.0
11192,16465.0
11193,54684.0
11194,5441.0
11195,4536.4
11196,6451.0
11197,9048.0
11198,5731.4
11199,5759.0
11200,5562.6
11201,1551.0
11202,7168.4
11203,7153.2
11204,5761.0
11205,4792.0
11206,61180.0
11207,5106.8
11208,60978.0
11209,3998.0
11210,68809.8
11211,3643.0
11212,61485.0
11213,5387.0
11214,49927.4
11215,3856.4
11216,48269.0
11217,6574.4
11218,5102.8
11219,11248.8
11220,8778.2
11221,53743.0
11222,46918.0
11223,8111.0
11224,4000.0
11225,4977.0
11226,27864.0
11227,7484.0
11228,60406.4
11229,8610.0
11230,5942.0
11231,6959.8
11232,7719.0
11233,57031.6
11234,6115.8
11235,6323.4
11236,45257.0
11237,61212.0
11238,7587.4
11239,3408.8
11240,6167.6
11241,54393.0
11242,3351.6
11243,58172.8
11244,4222.4
11245,60260.0
11246,6871.4
11247,6453.4
11248,4353.0
11249,54608.0
11250,4272.0
11251,46136.4
11252,11405.8
11253,4673.2
11254,5698.6
11255,4499.0
11256,4556.6
11257,7410.8
11258,3403.4
11259,5354.6
11260,2250.0
11261,54025.2
11262,5901.8
11263,8180.0
11264,52491.0
11265,50590.4
11266,5932.0
11267,3594.4
11268,61651.0
11269,62505.0
11270,56476.0
11271,8160.4
11272,6357.2
11273,4880.2
11274,6568.0
11275,54882.8
11276,7263.6
11277,4499.0
11278,56590.0
11279,4001.0
11280,51481.0
11281,2361.0
11282,5211.8
11283,9772.6
11284,59883.0
11285,5206.0
11286,3623.0
11287,4305.8
11288,12677.4
11289,10018.0
11290,54608.0
11291,5211.0
11292,4631.8
11293,12305.8
11294,4629.8
11295,5610.6
11296,7552.8
11297,2085.6
11298,5869.4
11299,5661.8
11300,6489.0
11301,6177.0
11302,6067.0
11303,5303.8
11304,7375.6
11305,50590.4
11306,10274.4
11307,55377.0
11308,8693.0
11309,8657.0
11310,7268.0
11311,38290.4
11312,45426.2
11313,3387.0
11314,4186.0
11315,2265.8
11316,12419.6
11317,5408.0
11318,13376.6
11319,40593.0
11320,75872.8
11321,7056.0
11322,5661.8
11323,1714.0
11324,6444.0
11325,6757.8
11326,1551.0
11327,5774.4
11328,44583.0
11329,4007.0
11330,43091.0
11331,2276.0
11332,67293.0
11333,51503.4
11334,55167.6
11335,55001.0
11336,3395.4
11337,5949.0
11338,45540.2
11339,55627.0
11340,10277.6
11341,55763.4
11342,5910.4
11343,4000.0
11344,6758.6
11345,7981.6
11346,59510.4
11347,4427.4
11348,50038.2
11349,4445.8
11350,11538.6
11351,8010.8
11352,57945.8
11353,13290.2
11354,5745.6
11355,2124.0
11356,14029.0
11357,4499.0
11358,4180.4
11359,5206.0
11360,5090.0
11361,8466.4
11362,57393.0
11363,69390.0
11364,6577.2
11365,70971.8
11366,56967.0
11367,7198.4
11368,4150.0
11369,9191.6
11370,20760.0
11371,50542.2
11372,4782.8
11373,2464.0
11374,4956.8
11375,5489.8
11376,3937.2
11377,49553.0
11378,63238.8
11379,1998.0
11380,5881.0
11381,13652.0
11382,6517.2
11383,2477.0
11384,5727.8
11385,5823.0
11386,6799.0
11387,9749.8
11388,16737.0
11389,1796.0
11390,2150.0
11391,5406.2
11392,53940.8
11393,9094.6
11394,3802.2
11395,49516.2
11396,12389.2
11397,7489.0
11398,15597.6
11399,50733.0
11400,69370.4
11401,5949.0
11402,75336.0
11403,7383.0
11404,5377.0
11405,55311.4
11406,66108.0
11407,6450.0
11408,48826.0
11409,46579.8
11410,7628.8
11411,8064.2
11412,63296.2
11413,23740.0
11414,36712.0
11415,2167.4
11416,17823.0
11417,3450.0
11418,8006.4
11419,10905.2
11420,5499.4
11421,3797.0
11422,56590.0
11423,57036.8
11424,44743.8
11425,64476.2
11426,61825.0
11427,8043.0
11428,2201.0
11429,6354.0
11430,67376.0
11431,5177.0
11432,6095.0
11433,6905.4
11434,13167.8
11435,49378.0
11436,7352.0
11437,3958.8
11438,4219.4
11439,40611.0
11440,3930.6
11441,4637.0
11442,12144.4
11443,68665.0
11444,4500.0
11445,4979.0
11446,62465.4
11447,2022.0
11448,4598.0
11449,42442.8
11450,7004.0
11451,3802.4
11452,57775.4
11453,2836.0
11454,5949.0
11455,1890.0
11456,13310.0
11457,54684.0
11458,51481.0
11459,51859.2
11460,4456.4
11461,3393.0
11462,48291.0
11463,6449.2
11464,5742.8
11465,5369.2
11466,60260.0
11467,45995.2
11468,56590.0
11469,7174.0
11470,64271.0
11471,8444.8
11472,2836.0
11473,4637.6
11474,3516.0
11475,2091.0
11476,6316.0
11477,41376.2
11478,6051.0
11479,32859.0
11480,5061.4
11481,62873.8
11482,7096.2
11483,57036.8
11484,9418.8
11485,5213.4
11486,17116.8
11487,9840.4
11488,5654.6
11489,12256.0
11490,10765.0
11491,3735.8
11492,10584.0
11493,5954.0
11494,5735.2
11495,5441.0
11496,5808.6
11497,32923.0
11498,4048.4
11499,14637.0
11500,50528.0
11501,69414.4
11502,57711.4
11503,4423.6
11504,22140.0
11505,5733.2
11506,49613.0
11507,62000.0
11508,57677.0
11509,3168.2
11510,56476.0
11511,10035.8
11512,5901.4
11513,2339.0
11514,16303.0
11515,61866.4
11516,51345.0
11517,15542.2
11518,11811.4
11519,4519.2
11520,12550.2
11521,9879.0
11522,3611.2
11523,6492.4
11524,2980.2
11525,3623.0
11526,4612.0
11527,55377.0
11528,55377.0
11529,6296.0
11530,6589.2
11531,5652.8
11532,63087.0
11533,1443.0
11534,70056.0
11535,6924.4
11536,49725.0
11537,58671.4
11538,10320.0
11539,7091.0
11540,32923.0
11541,2339.0
11542,13514.8
11543,12539.0
11544,3393.0
11545,4611.4
11546,44144.0
11547,5149.0
11548,4502.0
11549,3068.4
11550,46304.8
11551,9097.4
11552,52063.0
11553,63915.0
11554,50355.4
11555,56740.4
11556,13810.6
11557,4961.6
11558,5177.0
11559,33729.2
11560,12148.8
11561,10294.4
11562,5195.0
11563,3999.0
11564,3551.6
11565,9108.0
11566,6204.4
11567,3358.2
11568,47408.0
11569,6967.4
11570,5681.2
11571,6075.0
11572,13199.4
11573,9883.8
11574,19573.8
11575,11979.2
11576,11628.6
11577,4214.0
11578,57036.8
11579,6633.6
11580,6249.0
11581,6132.4
11582,12055.4
11583,55344.6
11584,50271.0
11585,10774.4
11586,2723.0
11587,4496.0
11588,6491.6
11589,4672.0
11590,5041.8
11591,4399.6
11592,39499.0
11593,3750.0
11594,60656.0
11595,9599.4
11596,3282.0
11597,27864.0
11598,4760.2
11599,55983.0
11600,3784.2
11601,53943.4
11602,7235.4
11603,3790.8
11604,2124.0
11605,8036.6
11606,5855.8
11607,48697.6
11608,4724.4
11609,3099.8
11610,3690.2
11611,60601.0
11612,18484.8
11613,4825.2
11614,64764.0
11615,55638.2
11616,5162.2
11617,31122.4
11618,9032.2
11619,6895.4
11620,5816.6
11621,6857.0
11622,3664.2
11623,4101.0
11624,7008.6
11625,34472.0
11626,3516.0
11627,60956.0
11628,47657.0
11629,3419.6
11630,13916.8
11631,6045.8
11632,12652.4
11633,2124.0
11634,5278.2
11635,4348.0
11636,6658.0
11637,2124.0
11638,5035.8
11639,10964.6
11640,4915.4
11641,58330.8
11642,13377.6
11643,74642.6
11644,10260.2
11645,6370.0
11646,4582.6
11647,53164.0
11648,2528.2
11649,55983.0
11650,4658.0
11651,10259.8
11652,5250.2
11653,3759.4
11654,4971.4
11655,4562.6
11656,7950.0
11657,49146.8
11658,6844.6
11659,44144.0
11660,63019.0
11661,57677.0
11662,6801.2
11663,8059.6
11664,61153.0
11665,1776.0
11666,2578.4
11667,3379.0
11668,8056.0
11669,3397.2
11670,9986.4
11671,46304.8
11672,9473.2
11673,3572.0
11674,3734.0
11675,4563.4
11676,60508.0
11677,2790.2
11678,8777.8
11679,8863.2
11680,1839.6
11681,7412.0
11682,7224.2
11683,56588.0
11684,10657.8
11685,4613.0
11686,6386.6
11687,5579.8
11688,66161.8
11689,13238.4
11690,56590.0
11691,3806.8
11692,67531.2
11693,7352.0
11694,57574.8
11695,12675.0
11696,6052.6
11697,5240.8
11698,52618.4
11699,12419.2
11700,7040.2
11701,63065.0
11702,4432.6
11703,2849.4
11704,35554.0
11705,4268.2
11706,30507.2
11707,4827.0
11708,2111.0
11709,9452.4
11710,6602.6
11711,5322.4
11712,42457.0
11713,8054.8
11714,46151.0
11715,60264.0
11716,44707.6
11717,10848.0
11718,7954.0
11719,8906.2
11720,5146.4
11721,61597.0
11722,6358.0
11723,73978.2
11724,47953.0
11725,57786.8
11726,79942.4
11727,3916.0
11728,4345.6
11729,4827.0
11730,57210.8
11731,2481.2
11732,55629.4
11733,10277.6
11734,10879.0
11735,7226.4
11736,59239.8
11737,58063.0
11738,11215.6
11739,10488.4
11740,55080.0
11741,64580.4
11742,4687.0
11743,45883.0
11744,6388.0
11745,9036.8
11746,60396.0
11747,5955.0
11748,5442.4
11749,43089.4
11750,6513.0
11751,8320.0
11752,62468.0
11753,44032.4
11754,6623.4
11755,4400.4
11756,12953.0
11757,56588.0
11758,3616.6
11759,3540.0
11760,7958.0
11761,5464.0
11762,12726.0
11763,10551.2
11764,5630.0
11765,4371.4
11766,7341.8
11767,4294.0
11768,7020.4
11769,8453.4
11770,4454.0
11771,22932.0
11772,3575.2
11773,44280.0
11774,49841.2
11775,6416.8
11776,44148.8
11777,62039.0
11778,2960.0
11779,3589.8
11780,11413.8
11781,5734.6
11782,9259.6
11783,7425.0
11784,6099.6
11785,4732.0
11786,7943.8
11787,10428.0
11788,2853.4
11789,49355.2
11790,6437.0
11791,6872.6
11792,13186.4
11793,8274.6
11794,3962.6
11795,6044.0
11796,12463.6
11797,6342.2
11798,5330.6
11799,4979.0
11800,2480.0
11801,51671.8
11802,4932.2
11803,67547.2
11804,11854.6
11805,68167.4
11806,3269.0
11807,7584.0
11808,4188.8
11809,2502.8
11810,4500.0
11811,5861.0
11812,6843.2
11813,5942.0
11814,7025.0
11815,38952.0
11816,20582.8
11817,48697.6
11818,5313.4
11819,8321.6
11820,4853.2
11821,5749.0
11822,7207.4
11823,30526.0
11824,54684.0
11825,3468.8
11826,54524.8
11827,5697.6
11828,11898.0
11829,4282.0
11830,24056.0
11831,56476.0
11832,7575.0
11833,2050.0
11834,6169.0
11835,37985.0
11836,14007.0
11837,1830.0
11838,6946.0
11839,5991.0
11840,49725.0
11841,6370.0
11842,9201.0
11843,4827.0
11844,49220.8
11845,7814.4
11846,58234.6
11847,3971.0
11848,3793.8
11849,6157.4
11850,4867.6
11851,29992.0
11852,55502.0
11853,2498.2
11854,5360.8
11855,6451.8
11856,11352.0
11857,5028.8
11858,52206.6
11859,27792.0
11860,9152.8
11861,47337.2
11862,9627.2
11863,59469.0
11864,6658.8
11865,4191.2
11866,6582.0
11867,4625.0
11868,6288.8
11869,3812.0
11870,67421.0
11871,9717.6
11872,11647.2
11873,11689.8
11874,67653.4
11875,6488.0
11876,5823.0
11877,12299.4
11878,4885.4
11879,4258.6
11880,45883.0
11881,8710.6
11882,31570.4
11883,13345.6
11884,43428.6
11885,3389.2
11886,3501.8
11887,66054.4
11888,3721.4
11889,2336.0
11890,1911.2
11891,45883.0
11892,62949.4
11893,8610.4
11894,4797.2
11895,50394.2
11896,61212.0
11897,57971.2
11898,4699.8
11899,47294.2
11900,10519.4
11901,7135.0
11902,4513.0
11903,62980.4
11904,6133.0
11905,7425.0
11906,4774.2
11907,10680.0
11908,2528.2
11909,4553.6
11910,4001.0
11911,2056.0
11912,10544.8
11913,6607.4
11914,2080.0
11915,17947.0
11916,1776.0
11917,32923.0
11918,5531.2
11919,3058.2
11920,5369.6
11921,4572.8
11922,4291.6
11923,6015.6
11924,49613.0
11925,6015.0
11926,7560.2
11927,9791.8
11928,10148.6
11929,56879.0
11930,5926.0
11931,60081.0
11932,4232.4
11933,50590.4
11934,8054.8
11935,3787.2
11936,49207.0
11937,6309.6
11938,52772.0
11939,5773.6
11940,41839.0
11941,61307.2
11942,9956.4
11943,6212.8
11944,56588.0
11945,49846.6
11946,3063.8
11947,5761.0
11948,13662.0
11949,6958.6
11950,34203.2
11951,2534.2
11952,57775.0
11953,64419.4
11954,4191.8
11955,4576.0
11956,52063.0
11957,6510.0
11958,4513.0
11959,6087.0
11960,9352.8
11961,6186.0
11962,60701.0
11963,32859.0
11964,7344.6
11965,12232.6
11966,2124.0
11967,42457.0
11968,42089.0
11969,6021.4
11970,66330.6
11971,12748.8
11972,9277.0
11973,54943.0
11974,6100.0
11975,1776.0
11976,12180.0
11977,14028.6
11978,39499.0
11979,3640.0
11980,2758.0
11981,4629.4
11982,2182.0
11983,10857.0
11984,46918.0
11985,49913.0
11986,2201.0
11987,57405.0
11988,6163.6
11989,60260.0
11990,5097.0
11991,8136.0
11992,6315.0
11993,62941.0
11994,7927.0
11995,6302.8
11996,42457.0
11997,4513.0
11998,44280.0
11999,9971.0
12000,37840.8
12001,71901.8
12002,4827.0
12003,7614.0
12004,14840.0
12005,4690.0
12006,7424.0
12007,5656.0
12008,5851.2
12009,3090.0
12010,4412.0
12011,70731.4
12012,5817.0
12013,4296.8
12014,52522.0
12015,28510.0
12016,4500.0
12017,31982.0
12018,7488.0
12019,49260.8
12020,10479.0
12021,5491.2
12022,41113.0
12023,3436.0
12024,6956.6
12025,2150.0
12026,2080.0
12027,81907.8
12028,2836.0
12029,64464.0
12030,71787.4
12031,5180.4
12032,45741.4
12033,15762.2
12034,61352.6
12035,63599.0
12036,4811.2
12037,46197.0
12038,4017.8
12039,4665.8
12040,57779.4
12041,39734.4
12042,56588.0
12043,2395.0
12044,59440.0
12045,56590.0
12046,39499.0
12047,6223.0
12048,5042.0
12049,58007.0
12050,4513.6
12051,4357.0
12052,4496.0
12053,14577.0
12054,5661.8
12055,2266.8
12056,1965.6
12057,5654.6
12058,5031.0
12059,4452.0
12060,2555.0
12061,7707.0
12062,8359.6
12063,6354.2
12064,2074.0
12065,3831.0
12066,54684.0
12067,7464.0
12068,4979.0
12069,57263.4
12070,12948.0
12071,7857.0
12072,56196.2
12073,3940.0
12074,10348.6
12075,4999.0
12076,17184.0
12077,4544.0
12078,44173.2
12079,56702.0
12080,4593.2
12081,6980.6
12082,3737.4
12083,11205.0
12084,51868.8
12085,4315.4
12086,53579.2
12087,5649.6
12088,5949.0
12089,3860.0
12090,47503.2
12091,4393.4
12092,60977.0
12093,2350.0
12094,57031.6
12095,6247.6
12096,7487.0
12097,55790.6
12098,63405.6
12099,5322.0
12100,4536.6
12101,37985.0
12102,3535.0
12103,59791.0
12104,12384.6
12105,75747.8
12106,6215.0
12107,47385.0
12108,41408.0
12109,5060.0
12110,10379.2
12111,1924.0
12112,6814.2
12113,68609.6
12114,10182.4
12115,11429.0
12116,7538.8
12117,5995.4
12118,74919.0
12119,4187.4
12120,9349.8
12121,55652.0
12122,6959.0
12123,3216.8
12124,4500.0
12125,3704.8
12126,6387.8
12127,9924.0
12128,3228.8
12129,56590.0
12130,5229.8
12131,11487.6
12132,51345.0
12133,3096.0
12134,7727.8
12135,1551.0
12136,5190.0
12137,5082.0
12138,3992.2
12139,6831.6
12140,7102.8
12141,5407.4
12142,76577.8
12143,14755.8
12144,3594.2
12145,72823.4
12146,5925.0
12147,5739.0
12148,56530.0
12149,6771.4
12150,13967.4
12151,8450.2
12152,10456.2
12153,5009.2
12154,7029.8
12155,5679.6
12156,6109.0
12157,4165.0
12158,5957.0
12159,11575.2
12160,3941.0
12161,9902.4
12162,45693.0
12163,5693.0
12164,63823.0
12165,4432.0
12166,5994.0
12167,6023.4
12168,4495.6
12169,11310.0
12170,3216.0
12171,4627.4
12172,11798.2
12173,5637.2
12174,41255.8
12175,45693.0
12176,7220.0
12177,51539.2
12178,11129.0
12179,5503.0
12180,54608.0
12181,13388.4
12182,35554.0
12183,5893.6
12184,49613.0
12185,45693.0
12186,57116.8
12187,62076.0
12188,7340.0
12189,11007.6
12190,6311.0
12191,10407.4
12192,2228.6
12193,5586.4
12194,4979.0
12195,6883.2
12196,4345.8
12197,4466.2
12198,41634.0
12199,6193.6
12200,59921.6
12201,48975.4
12202,6108.6
12203,9837.0
12204,24234.0
12205,58841.8
12206,10678.6
12207,56431.4
12208,5548.0
12209,6154.6
12210,23838.0
12211,59627.2
12212,7953.8
12213,44685.0
12214,15627.0
12215,51853.0
12216,60396.0
12217,5130.2
12218,55652.0
12219,6429.8
12220,5611.8
12221,9906.4
12222,8142.0
12223,16619.2
12224,4829.4
12225,50083.0
12226,9820.0
12227,6835.2
12228,7958.0
12229,3014.0
12230,6501.0
12231,17922.2
12232,3572.0
12233,2737.0
12234,7309.0
12235,3051.4
12236,4589.0
12237,6248.6
12238,42283.0
12239,61746.8
12240,11129.0
12241,6539.2
12242,60141.0
12243,62000.0
12244,7186.2
12245,73811.4
12246,11847.0
12247,55983.0
12248,5266.2
12249,2124.0
12250,8211.2
12251,3862.0
12252,6241.8
12253,49913.0
12254,38845.6
12255,5386.6
12256,6486.8
12257,6582.2
12258,4765.2
12259,9795.0
12260,32646.0
12261,6130.4
12262,1830.0
12263,4136.2
12264,7090.6
12265,3543.2
12266,4896.0
12267,61851.8
12268,67321.0
12269,51648.0
12270,9445.8
12271,6562.8
12272,58881.6
12273,7007.2
12274,4502.0
12275,58684.8
12276,55377.0
12277,10811.8
12278,6370.0
12279,5116.2
12280,10354.6
12281,2612.0
12282,2901.0
12283,67791.4
12284,9860.8
12285,9036.8
12286,5979.8
12287,16262.2
12288,7094.2
12289,57796.2
12290,5177.8
12291,9140.8
12292,49725.0
12293,4669.0
12294,55449.0
12295,6322.6
12296,73441.8
12297,9462.4
12298,12150.0
12299,69414.4
12300,3892.6
12301,44280.0
12302,4100.6
12303,67250.4
12304,3234.0
12305,3203.4
12306,5299.2
12307,5967.2
12308,2621.0
12309,35520.0
12310,53943.4
12311,5179.0
12312,4303.2
12313,18084.0
12314,55528.0
12315,41063.6
12316,7471.8
12317,6494.0
12318,52238.0
12319,13547.8
12320,48383.4
12321,6518.4
12322,2840.6
12323,2278.0
12324,57036.8
12325,7156.6
12326,9614.2
12327,22152.0
12328,6450.0
12329,3453.4
12330,20684.0
12331,45693.0
12332,23107.4
12333,11520.0
12334,11103.0
12335,18415.4
12336,4001.0
12337,50397.0
12338,2201.0
12339,6630.8
12340,2973.2
12341,2074.0
12342,5177.0
12343,4888.4
12344,4084.8
12345,10248.2
12346,5276.4
12347,7844.0
12348,4871.8
12349,45693.0
12350,60705.4
12351,10701.0
12352,8852.2
12353,9776.8
12354,7849.2
12355,65550.2
12356,47367.2
12357,8945.6
12358,42457.0
12359,13704.4
12360,42521.0
12361,2058.0
12362,4396.0
12363,4230.0
12364,57788.8
12365,50271.0
12366,4099.0
12367,4350.8
12368,40482.4
12369,16099.8
12370,50239.8
12371,3961.0
12372,4099.6
12373,38552.0
12374,5945.2
12375,56945.0
12376,6510.0
12377,16375.0
12378,20760.0
12379,4921.0
12380,3043.0
12381,5735.0
12382,54529.4
12383,50353.0
12384,4075.2
12385,5546.0
12386,4651.0
12387,12454.0
12388,5303.8
12389,47367.2
12390,58522.4
12391,11718.4
12392,4341.0
12393,10827.0
12394,5941.4
12395,3814.0
12396,44144.0
12397,3926.0
12398,8564.4
12399,5892.0
12400,54575.4
12401,6021.8
12402,2811.8
12403,4577.0
12404,2124.0
12405,57903.0
12406,4311.0
12407,9844.8
12408,71234.2
12409,4499.0
12410,41064.0
12411,8600.6
12412,6723.2
12413,3988.0
12414,10687.6
12415,6352.8
12416,8456.4
12417,9860.2
12418,3330.0
12419,5019.2
12420,6461.0
12421,12263.8
12422,8106.8
12423,48106.2
12424,50137.0
12425,57117.2
12426,55983.0
12427,4019.2
12428,6450.0
12429,5848.8
12430,4904.2
12431,2410.0
12432,12890.4
12433,2433.8
12434,12225.8
12435,4975.4
12436,53825.8
12437,5641.8
12438,45471.2
12439,37644.6
12440,2836.0
12441,3905.8
12442,15597.6
12443,3689.0
12444,42513.0
12445,6105.6
12446,68496.2
12447,51249.0
12448,5545.6
12449,8637.2
12450,3014.0
12451,6210.0
12452,5330.0
12453,9519.2
12454,10782.6
12455,12392.8
12456,8819.8
12457,11693.6
12458,3961.2
12459,12193.2
12460,64285.0
12461,65942.2
12462,11844.2
12463,5339.0
12464,12140.2
12465,2913.4
12466,47367.2
12467,48432.0
12468,60396.0
12469,54977.4
12470,59043.4
12471,56476.0
12472,57249.2
12473,39499.0
12474,6489.0
12475,60260.0
12476,3801.0
12477,45919.6
12478,6672.8
12479,54654.4
12480,17646.2
12481,31622.0
12482,12831.6
12483,4179.6
12484,12453.4
12485,9277.0
12486,73377.8
12487,11688.0
12488,10835.0
12489,9290.6
12490,54191.0
12491,3675.2
12492,8056.0
12493,4129.6
12494,6166.2
12495,4020.0
12496,16755.8
12497,6069.6
12498,2007.2
12499,6447.2
12500,4496.0
12501,5626.0
12502,10932.0
12503,6079.2
12504,7958.0
12505,48826.0
12506,67710.0
12507,5487.2
12508,5817.0
12509,3689.2
12510,11129.0
12511,5430.0
12512,11205.0
12513,4673.6
12514,6723.8
12515,5348.2
12516,4594.8
12517,7487.0
12518,5955.0
12519,14304.4
12520,2409.0
12521,12810.8
12522,4402.8
12523,4755.0
12524,3491.0
12525,7304.0
12526,61216.2
12527,14186.8
12528,44144.0
12529,2410.0
12530,4203.4
12531,4761.6
12532,5289.0
12533,9924.0
12534,23898.0
12535,20684.0
12536,10440.0
12537,71129.0
12538,4871.2
12539,62076.0
12540,54261.0
12541,5167.0
12542,41269.0
12543,4897.6
12544,7130.6
12545,6087.2
12546,37985.0
12547,5177.0
12548,7130.8
12549,53490.0
12550,7645.0
12551,9674.8
12552,5252.8
12553,62881.0
12554,23884.4
12555,62163.4
12556,60127.0
12557,15230.4
12558,3990.6
12559,53655.8
12560,1776.0
12561,50542.2
12562,6834.6
12563,49613.0
12564,7657.0
12565,5438.8
12566,5354.8
12567,6374.0
12568,11226.0
12569,4840.0
12570,11521.0
12571,3142.0
12572,5494.6
12573,7615.2
12574,54896.0
12575,5412.8
12576,8363.0
12577,4454.0
12578,3250.2
12579,4774.0
12580,55088.4
12581,1998.0
12582,5998.8
12583,7296.0
12584,60081.0
12585,64285.0
12586,37563.2
12587,13000.8
12588,3393.0
12589,52521.8
12590,11898.0
12591,6781.6
12592,5509.4
12593,39963.2
12594,64605.8
12595,58720.8
12596,11257.4
12597,4363.0
12598,4621.4
12599,45033.0
12600,45426.2
12601,54684.0
12602,6630.8
12603,4090.2
12604,51853.0
12605,11603.4
12606,60163.4
12607,57229.0
12608,7046.6
12609,4242.4
12610,47385.0
12611,4381.8
12612,17604.0
12613,5394.6
12614,4291.4
12615,64912.2
12616,39499.0
12617,49713.8
12618,56657.8
12619,18556.8
12620,6436.0
12621,5904.2
12622,10543.6
12623,9043.2
12624,45665.0
12625,7414.4
12626,89698.6
12627,12350.2
12628,2245.4
12629,7412.0
12630,4189.8
12631,60396.0
12632,10029.8
12633,13542.8
12634,64253.4
12635,4804.8
12636,39992.2
12637,6844.8
12638,5085.8
12639,51562.4
12640,7660.8
12641,4925.4
12642,11840.6
12643,23944.0
12644,2091.0
12645,12682.8
12646,5028.2
12647,6012.4
12648,56588.0
12649,8620.4
12650,9770.4
12651,5364.8
12652,3522.0
12653,9983.6
12654,3033.6
12655,2901.0
12656,5441.0
12657,3150.4
12658,3403.4
12659,6912.4
12660,11667.0
12661,7939.2
12662,54481.0
12663,9759.4
12664,6206.6
12665,9341.0
12666,11107.8
12667,4090.8
12668,1776.0
12669,58216.0
12670,10828.8
12671,55694.4
12672,4050.4
12673,35702.4
12674,49725.0
12675,14406.4
12676,4008.8
12677,5239.2
12678,2830.6
12679,5198.6
12680,4851.6
12681,4158.6
12682,97643.0
12683,9392.6
12684,32008.0
12685,5238.8
12686,2193.2
12687,66480.0
12688,10216.4
12689,5370.2
12690,20760.0
12691,3782.0
12692,55983.0
12693,3468.0
12694,6138.4
12695,54684.0
12696,51595.0
12697,17685.0
12698,6967.4
12699,4576.8
12700,2078.8
12701,10982.2
12702,38837.8
12703,4348.0
12704,13170.4
12705,5441.0
12706,7112.6
12707,7480.0
12708,3126.6
12709,2476.0
12710,57005.0
12711,49553.0
12712,2929.6
12713,47555.4
12714,5641.2
12715,16838.2
12716,7575.8
12717,5544.8
12718,3461.6
12719,55057.0
12720,3522.0
12721,2413.4
12722,2723.0
12723,4385.0
12724,68527.0
12725,6334.0
12726,54844.2
12727,11318.2
12728,12094.6
12729,4722.2
12730,43853.2
12731,12778.4
12732,3466.0
12733,3069.4
12734,45426.2
12735,3998.0
12736,5761.0
12737,5769.0
12738,4376.6
12739,6461.0
12740,29170.0
12741,8209.0
12742,4901.2
12743,4963.2
12744,55377.0
12745,6353.0
12746,5478.0
12747,15448.0
12748,2700.0
12749,5361.4
12750,66077.0
12751,9279.4
12752,65770.6
12753,6597.8
12754,9520.0
12755,2339.0
12756,7720.2
12757,53164.0
12758,4582.2
12759,22140.0
12760,50271.0
12761,12171.0
12762,5071.8
12763,2276.0
12764,4161.0
12765,5072.6
12766,5464.0
12767,55759.0
12768,7631.2
12769,5608.2
12770,11247.2
12771,51673.4
12772,60859.6
12773,11247.0
12774,3862.0
12775,12353.4
12776,7489.0
12777,4899.4
12778,72907.4
12779,59254.0
12780,4502.0
12781,5974.4
12782,6296.0
12783,4364.0
12784,6696.8
12785,50355.4
12786,11332.0
12787,15201.6
12788,4498.0
12789,5888.0
12790,5954.0
12791,4753.8
12792,3999.0
12793,8222.6
12794,72147.4
12795,6416.2
12796,5236.2
12797,2266.8
12798,3183.2
12799,6233.0
12800,6524.0
12801,45347.8
12802,6195.0
12803,2410.0
12804,47176.0
12805,5613.6
12806,2301.0
12807,5942.0
12808,44985.0
12809,3351.6
12810,49725.0
12811,14755.6
12812,55837.8
12813,56992.8
12814,6480.8
12815,49260.8
12816,4683.4
12817,4512.8
12818,6200.0
12819,6568.0
12820,54191.0
12821,6742.8
12822,1443.0
12823,7487.0
12824,2193.2
12825,3000.0
12826,7489.0
12827,9387.4
12828,4595.2
12829,10133.4
12830,6067.2
12831,4279.8
12832,5183.8
12833,11771.4
12834,64316.0
12835,8976.0
12836,14134.2
12837,49553.0
12838,5991.0
12839,5293.4
12840,2343.0
12841,12726.0
12842,5381.8
12843,6032.0
12844,13373.4
12845,7151.6
12846,13299.2
12847,39246.0
12848,4923.0
12849,5568.0
12850,2884.0
12851,6755.2
12852,6682.8
12853,3551.0
12854,13075.2
12855,50083.0
12856,6769.4
12857,8798.6
12858,4589.0
12859,55267.6
12860,8858.4
12861,14464.0
12862,6028.8
12863,49526.8
12864,4720.4
12865,5099.8
12866,13495.0
12867,5943.0
12868,49177.0
12869,6321.0
12870,52175.0
12871,59633.0
12872,6070.4
12873,2480.0
12874,4452.0
12875,5705.6
12876,59264.0
12877,6347.4
12878,6396.6
12879,24056.0
12880,4589.0
12881,5456.2
12882,4896.0
12883,75452.2
12884,6597.8
12885,5824.0
12886,67183.2
12887,61030.4
12888,59239.8
12889,41064.0
12890,9337.8
12891,54890.0
12892,4998.8
12893,12248.4
12894,48826.0
12895,4242.4
12896,5646.4
12897,62321.0
12898,60854.4
12899,53209.0
12900,60978.0
12901,4094.6
12902,53647.6
12903,2339.0
12904,9496.8
12905,6518.0
12906,3916.0
12907,5863.0
12908,4556.0
12909,52491.0
12910,5615.6
12911,60396.0
12912,4009.0
12913,62601.6
12914,61399.6
12915,2736.2
12916,3358.2
12917,1776.0
12918,6081.0
12919,67824.0
12920,3015.2
12921,45883.0
12922,4508.0
12923,56588.0
12924,50787.4
12925,64685.8
12926,5855.0
12927,3592.8
12928,5631.2
12929,49713.8
12930,7581.0
12931,4792.0
12932,55983.0
12933,45257.0
12934,51528.8
12935,2393.0
12936,52766.6
12937,5895.0
12938,53197.0
12939,60978.0
12940,50979.0
12941,7060.4
12942,5823.0
12943,6063.6
12944,44404.0
12945,3511.0
12946,46715.2
12947,70694.2
12948,49849.0
12949,4515.6
12950,3991.0
12951,58277.0
12952,6461.0
12953,22502.4
12954,66858.8
12955,61694.8
12956,9518.2
12957,15846.0
12958,13293.6
12959,5156.8
12960,7623.8
12961,4755.0
12962,57872.6
12963,56476.0
12964,65660.0
12965,45883.0
12966,44144.0
12967,8620.6
12968,5189.2
12969,17571.8
12970,69414.4
12971,14007.8
12972,15308.2
12973,44483.0
12974,3662.4
12975,57641.0
12976,6538.4
12977,11980.4
12978,6255.4
12979,43392.6
12980,13524.0
12981,2124.0
12982,5333.6
12983,55886.8
12984,7362.6
12985,8705.6
12986,2050.0
12987,9902.6
12988,4229.0
12989,47471.2
12990,5134.8
12991,8005.4
12992,4499.0
12993,60555.0
12994,6435.0
12995,4028.0
12996,52808.0
12997,4379.8
12998,7743.8
12999,12396.4
13000,5632.0
13001,45185.0
13002,6121.0
13003,6106.4
13004,6449.0
13005,2361.0
13006,10156.0
13007,2917.8
13008,62729.0
13009,4979.0
13010,36565.6
13011,3478.0
13012,4950.6
13013,1551.0
13014,6580.8
13015,5022.8
13016,6796.0
13017,8244.8
13018,4693.0
13019,65282.6
13020,57148.0
13021,55475.0
13022,6067.0
13023,3627.2
13024,13032.4
13025,3994.8
13026,52036.0
13027,5102.0
13028,7615.4
13029,5949.0
13030,3988.0
13031,10817.4
13032,58934.2
13033,53553.0
13034,5079.0
13035,56476.0
13036,70479.4
13037,5441.0
13038,63635.4
13039,4028.0
13040,11813.2
13041,71789.6
13042,3077.4
13043,4418.8
13044,2486.2
13045,63635.4
13046,9176.4
13047,8976.8
13048,56590.0
13049,32923.0
13050,14479.0
13051,5604.2
13052,4963.2
13053,6077.2
13054,49553.0
13055,7344.6
13056,5362.4
13057,5722.2
13058,4050.4
13059,11256.0
13060,5578.4
13061,6369.0
13062,2824.0
13063,4957.0
13064,1788.0
13065,10855.0
13066,54684.0
13067,54391.4
13068,1694.0
13069,8371.0
13070,6577.4
13071,7958.0
13072,65503.0
13073,3843.6
13074,6450.0
13075,11515.2
13076,2150.0
13077,14502.0
13078,39321.0
13079,41839.0
13080,65584.8
13081,5041.0
13082,60320.8
13083,4319.8
13084,56924.2
13085,1998.0
13086,7168.4
13087,60978.0
13088,8860.0
13089,67600.2
13090,15060.0
13091,45185.0
13092,5942.0
13093,5808.6
13094,44173.2
13095,5329.4
13096,7538.8
13097,60260.0
13098,5118.8
13099,4271.6
13100,28510.0
13101,71787.4
13102,49725.0
13103,12912.0
13104,5207.4
13105,4700.8
13106,10573.4
13107,56803.4
13108,27792.0
13109,49725.0
13110,5235.6
13111,68351.4
13112,1890.0
13113,7517.0
13114,57255.4
13115,49613.0
13116,8697.2
13117,11392.6
13118,25320.8
13119,49613.0
13120,5573.0
13121,5903.6
13122,3965.4
13123,12128.2
13124,69311.4
13125,50787.4
13126,78995.8
13127,7412.0
13128,59883.0
13129,5193.2
13130,52918.8
13131,54684.0
13132,7366.0
13133,53164.0
13134,2244.2
13135,13818.0
13136,61228.2
13137,3928.0
13138,5563.0
13139,13410.2
13140,3860.0
13141,43614.4
13142,50432.8
13143,4547.0
13144,8954.8
13145,5782.6
13146,6212.8
13147,18278.2
13148,54608.0
13149,4809.4
13150,5507.0
13151,10176.2
13152,50271.0
13153,7940.2
13154,69750.6
13155,2124.0
13156,65763.4
13157,5497.2
13158,4727.2
13159,40337.8
13160,7019.6
13161,9623.8
13162,6204.4
13163,4615.0
13164,3535.4
13165,49039.4
13166,6514.0
13167,4500.0
13168,4827.0
13169,8657.0
13170,11450.2
13171,6359.6
13172,3420.8
13173,57999.0
13174,44305.0
13175,50047.6
13176,6394.6
13177,50753.8
13178,57031.6
13179,57773.4
13180,5118.4
13181,5400.2
13182,3419.6
13183,65651.4
13184,8134.6
13185,4165.0
13186,10680.0
13187,4388.2
13188,3746.8
13189,6985.0
13190,5507.0
13191,3285.6
13192,5857.0
13193,4473.4
13194,63265.4
13195,3093.0
13196,5090.0
13197,12768.0
13198,73531.6
13199,32523.2
13200,14188.0
13201,2661.6
13202,2350.0
13203,7752.4
13204,56702.0
13205,4509.0
13206,9872.8
13207,4589.0
13208,5575.0
13209,54989.0
13210,5322.0
13211,2150.0
13212,27792.0
13213,4045.2
13214,4979.0
13215,4796.4
13216,4412.0
13217,53911.8
13218,2801.6
13219,2900.0
13220,27864.0
13221,53033.2
13222,4641.8
13223,54527.4
13224,50133.6
13225,2966.0
13226,11129.0
13227,5114.2
13228,5720.0
13229,33147.0
13230,52190.4
13231,52618.4
13232,9375.8
13233,4900.4
13234,1464.2
13235,7665.6
13236,6564.8
13237,10132.8
13238,4279.8
13239,4239.0
13240,2200.0
13241,5158.0
13242,5331.6
13243,13038.8
13244,5660.0
13245,23898.0
13246,53323.4
13247,6531.2
13248,44406.4
13249,49553.0
13250,47688.6
13251,22152.0
13252,67869.0
13253,64775.4
13254,4625.8
13255,5805.4
13256,13375.0
13257,7660.8
13258,9080.6
13259,4698.0
13260,9185.2
13261,2050.0
13262,48213.0
13263,6597.8
13264,2074.0
13265,5070.0
13266,2150.0
13267,7768.4
13268,3788.8
13269,48343.6
13270,12999.0
13271,66555.8
13272,5242.0
13273,6488.0
13274,56476.0
13275,8766.6
13276,3398.4
13277,6595.0
13278,6174.0
13279,3725.8
13280,6395.0
13281,62725.4
13282,6005.6
13283,3393.0
13284,1910.2
13285,50274.0
13286,6032.0
13287,53743.0
13288,4176.4
13289,5102.0
13290,5738.2
13291,9084.0
13292,5353.4
13293,2553.0
13294,12710.2
13295,4393.0
13296,49913.0
13297,5849.0
13298,57031.6
13299,39499.0
13300,6731.8
13301,13062.0
13302,6450.0
13303,6568.0
13304,3446.2
13305,8945.6
13306,37652.8
13307,10447.0
13308,4294.0
13309,54896.0
13310,2074.0
13311,9201.0
13312,6348.6
13313,4020.0
13314,4111.2
13315,4612.0
13316,2861.4
13317,6461.0
13318,5955.0
13319,57711.4
13320,12217.8
13321,45185.0
13322,6450.0
13323,12706.4
13324,1890.0
13325,55694.4
13326,49866.2
13327,9798.0
13328,8145.6
13329,5165.0
13330,5733.0
13331,47503.2
13332,54481.0
13333,3891.8
13334,55694.4
13335,12158.0
13336,4764.0
13337,55851.0
13338,5272.0
13339,47459.4
13340,12003.4
13341,5949.0
13342,2516.0
13343,4315.6
13344,8111.0
13345,6644.4
13346,54684.0
13347,54608.0
13348,61560.6
13349,55167.6
13350,4513.0
13351,6032.0
13352,4002.0
13353,4000.0
13354,55856.6
13355,12034.0
13356,11249.0
13357,53943.4
13358,5161.2
13359,42598.6
13360,4755.0
13361,10497.8
13362,5372.0
13363,6895.8
13364,57274.6
13365,37518.4
13366,64889.6
13367,6450.0
13368,51707.0
13369,70009.0
13370,6543.2
13371,7375.6
13372,20541.0
13373,3824.2
13374,4728.6
13375,3961.0
13376,43289.6
13377,6126.6
13378,14775.0
13379,7212.0
13380,49613.0
13381,11416.2
13382,59134.4
13383,45023.0
13384,3915.6
13385,54296.4
13386,6657.2
13387,4522.0
13388,4449.2
13389,39321.0
13390,5303.4
13391,63671.0
13392,12994.4
13393,2124.0
13394,2543.4
13395,8688.2
13396,7958.0
13397,5008.0
13398,55983.0
13399,2553.0
13400,6707.6
13401,3014.0
13402,4446.0
13403,60377.0
13404,57117.2
13405,9364.4
13406,7544.4
13407,5761.0
13408,50750.8
13409,10618.0
13410,51865.0
13411,5756.0
13412,50868.0
13413,5329.6
13414,4675.8
13415,5619.6
13416,58138.4
13417,8054.2
13418,55737.0
13419,6260.2
13420,41839.0
13421,5954.6
13422,7176.2
13423,49853.8
13424,66443.8
13425,55983.0
13426,14534.4
13427,5555.6
13428,6082.2
13429,53995.0
13430,38099.0
13431,6319.0
13432,51875.0
13433,49553.0
13434,63265.4
13435,2074.0
13436,43609.4
13437,4248.0
13438,60577.4
13439,4175.0
13440,60103.4
13441,47299.8
13442,4602.0
13443,6604.6
13444,5932.0
13445,3999.0
13446,54306.4
13447,4595.0
13448,9247.6
13449,8726.4
13450,53850.4
13451,56557.0
13452,3001.0
13453,8253.0
13454,71656.8
13455,23484.0
13456,54639.4
13457,58238.4
13458,10318.2
13459,63277.0
13460,4160.6
13461,12604.0
13462,6706.6
13463,6176.0
13464,10312.2
13465,64419.4
13466,47299.8
13467,21119.2
13468,63463.4
13469,9763.6
13470,7285.6
13471,59198.4
13472,5439.0
13473,4496.0
13474,3068.0
13475,51906.8
13476,12570.0
13477,9861.0
13478,70632.8
13479,4584.6
13480,63744.8
13481,4211.0
13482,4476.6
13483,5659.6
13484,7489.0
13485,6376.6
13486,15278.0
13487,57200.6
13488,60978.0
13489,10288.0
13490,6573.4
13491,3505.8
13492,65861.4
13493,53571.8
13494,49613.0
13495,5730.8
13496,5838.8
13497,64419.4
13498,51949.2
13499,3820.0
13500,2343.0
13501,5250.0
13502,46579.8
13503,6012.0
13504,7584.0
13505,58125.0
13506,10901.0
13507,4471.0
13508,7831.8
13509,38319.0
13510,56754.8
13511,4905.0
13512,56476.0
13513,50419.4
13514,3096.6
13515,22152.0
13516,11452.8
13517,2228.0
13518,5285.8
13519,6054.0
13520,53664.2
13521,1830.0
13522,5705.8
13523,60978.0
13524,16422.0
13525,13524.0
13526,6075.0
13527,5780.6
13528,4585.2
13529,43847.8
13530,3491.0
13531,5106.4
13532,11163.0
13533,12318.0
13534,4589.0
13535,11693.8
13536,6857.4
13537,6022.4
13538,4656.0
13539,5559.6
13540,49521.6
13541,10472.2
13542,2339.0
13543,4529.6
13544,5103.2
13545,49146.8
13546,45257.0
13547,6109.0
13548,9668.2
13549,6325.0
13550,54632.0
13551,1998.0
13552,55983.0
13553,5887.6
13554,5472.2
13555,58573.0
13556,3193.4
13557,4500.0
13558,2339.0
13559,49366.0
13560,66928.0
13561,6129.6
13562,9535.2
13563,6300.8
13564,45461.8
13565,57072.0
13566,45185.0
13567,61883.4
13568,44144.0
13569,3737.6
13570,41063.6
13571,53855.0
13572,24056.0
13573,4091.0
13574,48680.2
13575,14680.2
13576,6694.2
13577,4498.0
13578,8734.8
13579,43392.6
13580,8164.2
13581,8683.8
13582,3392.2
13583,11926.6
13584,3291.2
13585,69714.4
13586,5798.2
13587,48569.0
13588,45693.0
13589,56590.0
13590,45665.0
13591,6273.6
13592,8409.2
13593,55694.4
13594,8158.6
13595,60351.0
13596,70667.4
13597,64665.8
13598,4349.2
13599,54694.8
13600,3860.0
13601,10193.6
13602,2585.8
13603,5894.4
13604,37671.6
13605,10773.6
13606,4979.0
13607,43627.8
13608,7424.0
13609,6961.4
13610,5016.4
13611,10605.0
13612,3623.8
13613,69980.8
13614,8518.6
13615,51890.8
13616,32764.8
13617,48410.8
13618,2912.6
13619,5252.6
13620,60978.0
13621,55456.0
13622,2200.0
13623,5221.0
13624,6658.8
13625,6403.2
13626,4880.0
13627,5548.0
13628,48994.6
13629,5662.6
13630,3381.0
13631,31436.0
13632,64764.0
13633,14475.8
13634,5973.0
13635,6014.6
13636,4693.2
13637,14366.2
13638,5004.0
13639,6650.0
13640,5949.0
13641,1600.8
13642,8778.0
13643,15543.0
13644,5234.2
13645,62465.4
13646,7299.8
13647,61180.0
13648,70783.0
13649,4714.0
13650,11826.4
13651,53029.8
13652,3364.8
13653,12638.8
13654,9099.4
13655,64285.0
13656,23838.0
13657,2336.0
13658,4827.0
13659,4437.6
13660,5937.4
13661,3707.8
13662,3848.0
13663,7162.6
13664,3712.6
13665,32923.0
13666,5817.0
13667,54537.2
13668,12143.4
13669,6074.0
13670,57501.6
13671,7786.0
13672,76474.6
13673,33609.2
13674,55673.0
13675,59633.0
13676,5957.4
13677,13120.2
13678,3666.6
13679,22140.0
13680,4999.6
13681,12336.4
13682,10407.0
13683,41064.0
13684,3860.0
13685,2962.6
13686,57195.0
13687,12484.6
13688,4145.0
13689,4316.0
13690,5514.0
13691,4345.2
13692,84897.2
13693,13074.0
13694,6963.8
13695,4335.0
13696,4620.0
13697,6230.0
13698,6149.8
13699,6228.8
13700,6693.6
13701,80665.8
13702,7873.8
13703,6153.4
13704,4783.0
13705,5879.4
13706,10319.0
13707,3828.8
13708,7033.2
13709,4995.8
13710,4502.0
13711,53387.0
13712,9555.6
13713,11395.6
13714,37929.0
13715,74428.8
13716,5017.8
13717,11202.0
13718,6775.2
13719,54977.4
13720,5413.6
13721,49212.4
13722,4609.0
13723,56476.0
13724,4986.6
13725,14147.0
13726,51772.4
13727,2339.0
13728,8461.6
13729,4173.0
13730,11478.0
13731,11307.2
13732,4920.6
13733,5223.0
13734,6643.6
13735,43312.0
13736,3452.0
13737,13242.0
13738,3530.0
13739,9121.0
13740,68303.0
13741,5489.8
13742,5954.0
13743,15437.0
13744,13750.4
13745,4452.0
13746,5713.8
13747,2477.0
13748,8937.0
13749,3100.0
13750,12779.0
13751,64338.2
13752,2480.0
13753,5086.4
13754,56685.4
13755,2742.0
13756,27792.0
13757,3988.0
13758,6628.0
13759,4112.0
13760,5980.6
13761,4316.0
13762,11717.8
13763,4792.0
13764,5943.0
13765,5096.2
13766,6300.8
13767,35655.6
13768,56128.0
13769,6132.0
13770,55087.0
13771,6200.0
13772,3897.6
13773,7375.6
13774,5954.2
13775,10529.2
13776,5465.2
13777,4576.0
13778,55266.6
13779,1277.2
13780,5062.8
13781,4729.8
13782,2242.8
13783,10115.2
13784,4912.8
13785,9904.4
13786,5333.2
13787,60490.2
13788,41975.0
13789,10129.0
13790,5079.8
13791,2723.4
13792,7662.8
13793,2973.2
13794,9003.4
13795,5876.8
13796,12126.4
13797,7380.8
13798,11129.0
13799,47503.2
13800,55293.4
13801,60396.0
13802,49613.0
13803,14590.8
13804,6576.6
13805,43711.0
13806,55694.4
13807,6342.4
13808,62617.0
13809,7318.4
13810,6142.6
13811,11954.8
13812,46829.8
13813,5048.2
13814,2124.0
13815,63420.0
13816,13306.0
13817,4348.2
13818,52287.0
13819,4964.0
13820,2561.8
13821,45185.0
13822,45540.2
13823,11226.0
13824,2291.4
13825,6776.0
13826,48851.0
13827,7956.2
13828,53891.2
13829,3894.0
13830,44144.0
13831,6713.0
13832,62996.6
13833,6068.6
13834,17604.0
13835,4078.8
13836,51313.2
13837,10192.8
13838,59257.0
13839,73096.6
13840,4683.0
13841,4200.2
13842,6133.0
13843,12760.0
13844,2912.6
13845,5949.0
13846,3631.8
13847,4528.0
13848,16756.6
13849,6122.6
13850,5502.0
13851,57036.8
13852,3268.6
13853,4973.0
13854,49516.2
13855,5735.2
13856,2960.0
13857,4509.0
13858,4979.0
13859,12483.0
13860,3916.0
13861,3504.8
13862,4497.4
13863,61874.0
13864,6615.0
13865,6652.6
13866,53518.8
13867,66547.4
13868,4225.0
13869,5322.0
13870,55018.6
13871,6069.0
13872,56702.0
13873,65098.6
13874,2071.0
13875,7411.6
13876,7396.4
13877,6482.0
13878,7072.2
13879,23898.0
13880,4485.0
13881,51417.0
13882,5507.6
13883,5329.2
13884,75120.6
13885,8897.8
13886,4462.6
13887,51345.0
13888,2738.0
13889,2098.0
13890,45883.0
13891,13453.4
13892,3177.0
13893,2359.0
13894,41269.0
13895,5245.8
13896,11424.2
13897,2409.0
13898,9378.0
13899,4500.0
13900,65053.8
13901,8746.0
13902,5254.8
13903,12453.4
13904,4201.6
13905,51457.0
13906,5236.8
13907,47503.2
13908,9500.6
13909,47586.0
13910,5461.0
13911,14134.2
13912,65696.2
13913,43388.2
13914,47385.0
13915,65081.0
13916,4023.2
13917,4896.0
13918,6012.8
13919,11452.2
13920,5927.6
13921,3412.6
13922,10835.6
13923,22152.0
13924,6043.2
13925,53420.6
13926,17012.0
13927,7307.6
13928,6450.0
13929,12632.0
13930,6592.2
13931,3803.2
13932,6102.0
13933,16678.0
13934,6107.0
13935,10867.2
13936,5857.6
13937,6796.0
13938,5556.0
13939,7034.8
13940,53064.0
13941,5753.0
13942,2205.2
13943,4979.0
13944,57081.0
13945,43865.0
13946,4792.0
13947,31982.0
13948,61888.8
13949,6503.6
13950,4230.0
13951,65479.4
13952,4484.8
13953,12591.2
13954,7270.8
13955,11172.0
13956,3096.0
13957,2643.6
13958,6205.2
13959,5950.2
13960,52452.0
13961,55377.0
13962,56264.4
13963,61843.4
13964,3480.2
13965,4359.0
13966,5034.0
13967,9612.4
13968,4755.0
13969,6587.0
13970,3499.8
13971,6686.0
13972,45426.2
13973,5954.0
13974,6736.8
13975,4961.6
13976,49378.4
13977,6654.4
13978,5449.2
13979,4896.0
13980,49553.0
13981,5635.2
13982,13251.0
13983,22140.0
13984,10534.0
13985,5765.4
13986,12141.0
13987,51187.2
13988,4937.4
13989,10428.0
13990,3282.0
13991,58620.0
13992,9852.6
13993,2607.8
13994,51824.0
13995,6498.6
13996,4126.6
13997,60899.2
13998,55604.6
13999,4338.0
14000,12464.6
14001,6303.4
14002,4015.0
14003,42650.0
14004,66245.8
14005,9501.4
14006,10761.0
14007,47408.0
14008,60396.0
14009,14197.0
14010,6053.0
14011,59770.0
14012,4670.0
14013,4040.4
14014,4660.2
14015,4896.0
14016,6690.0
14017,66928.0
14018,3450.0
14019,8084.0
14020,2201.0
14021,4721.4
14022,2250.0
14023,5703.4
14024,7941.6
14025,3686.6
14026,72416.8
14027,44305.0
14028,9790.4
14029,3742.0
14030,13230.0
14031,5152.6
14032,3557.4
14033,63568.0
14034,6580.2
14035,45693.0
14036,58671.4
14037,54955.0
14038,5739.8
14039,5413.6
14040,6277.6
14041,7346.4
14042,49849.0
14043,4820.0
14044,4784.6
14045,3038.6
14046,5769.0
14047,7781.2
14048,45257.0
14049,12026.2
14050,46710.4
14051,4400.6
14052,47272.4
14053,3917.6
14054,3159.0
14055,3862.0
14056,25320.8
14057,1604.0
14058,2589.0
14059,59881.4
14060,6221.0
14061,60365.0
14062,13406.2
14063,49875.8
14064,50726.4
14065,2527.2
14066,6913.0
14067,5352.4
14068,45693.0
14069,52665.8
14070,4475.2
14071,5909.6
14072,41922.2
14073,4222.4
14074,45482.6
14075,14680.8
14076,5269.6
14077,67824.0
14078,2201.0
14079,4401.0
14080,5736.4
14081,51806.0
14082,51707.0
14083,56651.8
14084,9583.4
14085,7016.0
14086,3789.2
14087,5369.6
14088,11215.6
14089,6324.0
14090,3381.0
14091,3216.0
14092,4755.0
14093,47739.8
14094,60260.0
14095,5949.0
14096,6114.0
14097,45883.0
14098,73916.6
14099,56945.0
14100,56476.0
14101,6965.6
14102,74948.0
14103,58247.8
14104,50785.2
14105,7424.0
14106,32542.0
14107,6133.0
14108,4727.2
14109,54684.0
14110,57031.6
14111,54787.4
14112,4203.4
14113,8884.0
14114,17604.0
14115,5021.2
14116,59959.4
14117,6753.8
14118,5671.0
14119,6630.6
14120,12779.0
14121,5440.8
14122,3585.0
14123,6390.6
14124,12034.8
14125,78766.2
14126,9581.4
14127,50987.8
14128,3269.0
14129,70364.0
14130,60786.2
14131,7488.2
14132,6270.6
14133,4631.0
14134,59372.6
14135,3802.2
14136,2276.0
14137,1776.0
14138,5507.0
14139,3876.6
14140,5127.8
14141,4690.2
14142,54481.0
14143,3847.6
14144,6840.0
14145,48398.8
14146,6043.8
14147,6343.6
14148,8719.0
14149,3381.0
14150,6170.0
14151,8208.4
14152,5580.0
14153,55377.0
14154,10512.0
14155,6077.8
14156,73821.6
14157,4759.6
14158,55694.4
14159,5340.6
14160,51595.0
14161,42457.0
14162,7685.4
14163,7584.0
14164,49553.0
14165,10789.8
14166,57117.2
14167,2930.4
14168,6312.6
14169,9124.6
14170,4733.0
14171,4453.0
14172,1544.0
14173,57501.6
14174,43729.0
14175,10567.4
14176,4034.4
14177,5316.0
14178,3971.0
14179,55965.4
14180,3497.0
14181,48398.8
14182,30288.4
14183,61944.2
14184,20761.6
14185,6604.2
14186,6461.0
14187,2327.0
14188,7155.0
14189,3999.0
14190,7332.8
14191,8832.8
14192,4815.6
14193,6128.2
14194,27792.0
14195,48289.0
14196,6566.8
14197,52867.4
14198,2074.0
14199,13002.2
14200,6450.0
14201,4746.8
14202,8461.6
14203,11276.2
14204,4427.0
14205,10420.0
14206,55011.4
14207,9848.2
14208,45883.0
14209,1890.0
14210,4724.0
14211,60656.0
14212,5284.2
14213,2474.6
14214,7501.0
14215,9201.0
14216,53813.6
14217,5848.8
14218,11907.2
14219,5642.2
14220,11415.0
14221,58277.0
14222,4281.4
14223,7425.0
14224,49553.0
14225,16128.0
14226,6087.2
14227,5301.0
14228,65315.4
14229,53205.8
14230,48278.4
14231,7182.4
14232,6397.0
14233,3900.6
14234,62617.0
14235,7412.0
14236,3834.6
14237,6067.0
14238,58039.6
14239,12659.8
14240,6634.4
14241,4379.6
14242,51201.2
14243,7008.2
14244,20760.0
14245,12958.0
14246,3944.6
14247,35490.0
14248,5947.8
14249,4687.2
14250,54608.0
14251,66300.6
14252,54765.0
14253,6385.6
14254,5309.2
14255,6833.8
14256,5715.4
14257,15192.4
14258,19192.8
14259,51455.0
14260,11902.2
14261,60977.0
14262,52839.4
14263,61962.0
14264,4479.8
14265,4678.4
14266,50593.2
14267,4099.0
14268,60217.8
14269,3671.0
14270,3907.6
14271,11129.0
14272,24122.0
14273,6490.0
14274,7046.0
14275,3423.0
14276,67129.8
14277,12801.0
14278,4500.0
14279,4453.0
14280,4361.4
14281,5240.6
14282,55088.4
14283,13893.0
14284,68594.4
14285,10279.2
14286,5949.0
14287,16068.0
14288,69978.8
14289,4880.0
14290,8337.4
14291,4202.0
14292,52287.0
14293,5929.8
14294,47549.8
14295,60656.0
14296,24234.0
14297,6486.4
14298,4401.8
14299,42691.0
14300,4509.0
14301,23838.0
14302,3565.4
14303,6039.0
14304,5719.2
14305,8477.2
14306,54608.0
14307,11572.2
14308,10185.0
14309,56588.0
14310,3850.4
14311,4317.0
14312,5164.4
14313,4008.4
14314,6576.6
14315,4743.0
14316,2578.4
14317,6257.0
14318,4500.0
14319,57767.4
14320,4312.8
14321,12026.0
14322,27864.0
14323,11025.0
14324,70184.8
14325,10519.2
14326,2476.0
14327,6269.6
14328,12775.6
14329,68966.4
14330,67485.8
14331,7638.2
14332,12004.0
14333,6335.8
14334,49849.0
14335,5179.6
14336,6895.6
14337,6727.6
14338,46682.6
14339,5252.0
14340,5858.0
14341,4668.4
14342,44280.0
14343,15257.2
14344,2410.0
14345,10701.0
14346,4634.4
14347,7774.0
14348,12323.0
14349,57036.8
14350,1776.0
14351,5842.2
14352,6254.0
14353,2068.8
14354,4273.4
14355,16391.0
14356,55983.0
14357,6502.0
14358,5133.4
14359,4727.6
14360,62845.4
14361,4724.0
14362,49725.0
14363,4735.2
14364,4915.4
14365,4222.8
14366,4543.0
14367,49377.4
14368,4925.8
14369,8206.4
14370,61247.0
14371,7424.0
14372,6132.2
14373,7487.0
14374,60490.4
14375,7679.4
14376,46400.4
14377,14575.0
14378,4149.0
14379,7757.0
14380,7657.8
14381,4500.0
14382,54080.6
14383,5438.8
14384,5322.0
14385,4268.2
14386,6191.6
14387,6133.0
14388,13336.0
14389,5772.0
14390,66928.0
14391,5557.8
14392,66303.0
14393,6450.0
14394,57838.0
14395,49613.0
14396,7465.0
14397,50634.2
14398,45586.8
14399,52194.2
14400,37929.0
14401,7950.0
14402,7098.0
14403,4896.0
14404,5354.6
14405,13306.2
14406,6568.0
14407,6692.0
14408,2723.0
14409,9372.2
14410,5018.8
14411,4807.6
14412,69624.4
14413,7370.0
14414,9818.2
14415,67048.6
14416,1654.0
14417,61426.0
14418,5955.0
14419,3865.2
14420,15263.6
14421,45540.2
14422,4265.2
14423,6923.0
14424,59332.0
14425,11035.8
14426,57017.0
14427,58671.4
14428,5219.0
14429,63784.0
14430,4969.8
14431,5093.0
14432,7573.0
14433,5964.0
14434,6656.6
14435,4216.2
14436,6735.8
14437,1776.0
14438,2201.0
14439,10449.2
14440,52576.8
14441,10872.4
14442,3150.0
14443,46918.0
14444,3979.0
14445,37517.8
14446,7300.2
14447,55598.2
14448,3160.2
14449,1714.0
14450,13950.6
14451,64342.6
14452,5202.0
14453,6627.6
14454,16038.6
14455,6587.0
14456,5910.4
14457,4359.0
14458,9284.8
14459,6338.0
14460,10486.2
14461,48398.8
14462,64399.2
14463,23977.0
14464,53465.0
14465,44280.0
14466,2632.8
14467,3253.6
14468,30283.2
14469,4222.4
14470,3946.8
14471,63253.0
14472,4807.0
14473,11352.0
14474,52084.0
14475,6948.4
14476,4099.0
14477,4969.8
14478,23838.0
14479,6389.0
14480,8126.6
14481,49547.6
14482,4499.0
14483,67763.4
14484,69921.6
14485,63450.4
14486,49613.0
14487,3098.0
14488,45221.2
14489,22140.0
14490,67407.2
14491,12614.0
14492,4531.0
14493,5608.2
14494,8610.0
14495,10575.2
14496,57005.0
14497,5646.4
14498,6606.0
14499,50271.0
14500,3500.2
14501,12856.2
14502,44296.0
14503,51707.0
14504,1652.0
14505,27116.8
14506,54742.0
14507,48569.0
14508,7072.0
14509,5169.6
14510,10750.2
14511,7257.8
14512,25320.8
14513,5263.4
14514,1694.0
14515,5833.0
14516,2476.0
14517,7366.0
14518,7299.8
14519,5928.8
14520,49909.4
14521,12141.8
14522,44747.2
14523,51951.6
14524,3198.8
14525,6639.2
14526,10108.2
14527,59254.0
14528,5154.2
14529,3572.0
14530,17988.4
14531,3522.0
14532,25548.8
14533,41127.6
14534,13188.0
14535,4357.0
14536,10755.0
14537,7946.4
14538,54067.2
14539,59349.2
14540,6831.2
14541,41064.0
14542,9015.0
14543,2235.4
14544,18392.2
14545,5949.0
14546,56476.0
14547,5857.6
14548,8149.2
14549,11157.8
14550,51817.0
14551,3595.0
14552,7702.8
14553,6389.0
14554,6098.6
14555,14285.6
14556,9460.6
14557,49725.0
14558,2457.4
14559,9548.4
14560,68572.0
14561,3172.8
14562,4152.0
14563,4390.0
14564,2235.4
14565,5388.0
14566,10143.8
14567,51473.0
14568,54481.0
14569,57501.6
14570,59409.0
14571,3785.2
14572,7522.0
14573,68572.0
14574,8555.4
14575,1776.0
14576,6383.6
14577,5965.4
14578,8005.8
14579,6622.8
14580,7823.4
14581,63824.4
14582,4162.0
14583,6450.0
14584,10503.0
14585,3588.8
14586,4827.0
14587,64105.8
14588,5972.0
14589,4447.0
14590,8001.0
14591,5034.0
14592,60721.0
14593,4915.8
14594,50979.0
14595,5642.6
14596,53835.0
14597,4519.6
14598,22140.0
14599,6033.0
14600,6172.4
14601,66054.4
14602,9156.0
14603,6324.0
14604,5604.2
14605,62059.4
14606,52077.8
14607,57550.0
14608,52313.0
14609,15328.4
14610,4401.2
14611,4501.8
14612,2900.0
14613,2201.0
14614,5361.2
14615,1830.0
14616,5325.0
14617,3099.4
14618,5713.2
14619,6025.2
14620,6319.4
14621,3303.8
14622,64148.2
14623,4493.6
14624,60260.0
14625,62191.4
14626,55301.0
14627,7004.8
14628,4348.0
14629,6817.2
14630,3925.0
14631,47737.2
14632,5177.0
14633,5102.0
14634,1998.0
14635,9459.4
14636,5909.4
14637,2913.4
14638,3444.4
14639,5507.0
14640,37985.0
14641,6324.6
14642,56300.2
14643,10450.8
14644,58125.0
14645,5892.0
14646,2339.0
14647,2754.4
14648,45776.0
14649,6108.0
14650,79704.8
14651,3607.8
14652,27864.0
14653,7487.0
14654,64464.0
14655,13138.0
14656,11700.2
14657,4500.0
14658,4667.4
14659,46947.0
14660,46315.2
14661,42218.8
14662,5943.0
14663,13398.0
14664,4733.0
14665,13896.6
14666,2124.0
14667,5886.0
14668,43879.4
14669,2336.0
14670,55763.4
14671,5986.0
14672,6881.8
14673,6409.2
14674,5713.0
14675,1776.0
14676,2393.0
14677,5995.6
14678,46829.8
14679,4484.6
14680,5954.0
14681,45422.4
14682,60508.0
14683,2723.0
14684,49165.6
14685,2504.0
14686,49849.0
14687,6398.0
14688,6940.6
14689,6937.2
14690,4949.8
14691,55661.0
14692,45257.0
14693,4733.0
14694,5653.0
14695,7488.0
14696,10590.0
14697,29756.0
14698,7887.0
14699,4413.2
14700,44432.0
14701,11352.0
14702,12684.0
14703,38065.8
14704,11565.2
14705,2533.4
14706,4337.0
14707,5484.2
14708,5892.0
14709,22557.4
14710,6438.0
14711,49553.0
14712,6018.4
14713,6976.4
14714,7700.8
14715,4566.2
14716,7775.8
14717,4337.0
14718,6450.0
14719,47953.0
14720,4889.0
14721,57501.6
14722,61854.2
14723,5849.0
14724,3729.4
14725,54854.2
14726,8450.2
14727,8569.8
14728,7447.6
14729,4498.0
14730,3511.0
14731,65479.4
14732,3081.2
14733,12284.0
14734,6379.8
14735,5103.0
14736,4279.8
14737,50271.0
14738,11973.6
14739,8118.6
14740,6490.4
14741,57859.2
14742,6447.2
14743,7487.0
14744,12642.0
14745,3223.8
14746,4861.8
14747,2339.0
14748,10554.0
14749,50543.2
14750,4165.0
14751,4496.0
14752,4960.4
14753,3415.0
14754,59791.0
14755,1776.0
14756,1788.0
14757,47953.0
14758,1830.0
14759,10087.6
14760,6883.8
14761,50087.4
14762,49725.0
14763,47987.6
14764,3169.4
14765,10646.8
14766,3334.0
14767,5922.8
14768,59513.8
14769,4477.8
14770,27864.0
14771,57504.2
14772,54684.0
14773,4660.0
14774,4337.0
14775,39321.0
14776,5640.2
14777,3862.0
14778,10932.2
14779,60260.0
14780,3641.4
14781,58361.0
14782,4293.0
14783,11130.0
14784,8185.0
14785,8707.6
14786,3080.4
14787,6488.0
14788,6576.0
14789,5670.8
14790,4745.4
14791,7936.4
14792,11334.8
14793,4331.8
14794,6075.0
14795,4383.0
14796,38237.0
14797,3951.8
14798,53765.8
14799,5185.0
14800,49613.0
14801,3998.0
14802,55965.4
14803,66061.0
14804,42457.0
14805,4844.6
14806,8505.6
14807,52610.2
14808,9519.8
14809,48979.8
14810,4936.2
14811,8719.0
14812,60727.2
14813,14713.4
14814,4548.4
14815,6384.4
14816,44144.0
14817,10888.8
14818,6136.4
14819,22152.0
14820,11123.8
14821,6324.6
14822,61833.0
14823,67321.0
14824,50271.0
14825,6807.6
14826,31112.0
14827,47739.8
14828,55598.2
14829,5177.0
14830,2706.2
14831,59648.2
14832,3989.8
14833,54684.0
14834,3924.8
14835,2150.0
14836,71486.2
14837,5177.0
14838,56588.0
14839,3575.4
14840,4453.0
14841,46947.0
14842,5892.0
14843,2336.0
14844,48994.6
14845,71900.8
14846,5206.0
14847,46947.0
14848,14082.6
14849,3729.2
14850,47802.4
14851,5745.2
14852,5632.0
14853,6580.0
14854,6341.8
14855,15735.0
14856,55520.6
14857,36578.2
14858,11236.8
14859,51249.0
14860,64831.0
14861,45185.0
14862,5303.4
14863,4496.0
14864,4653.4
14865,5302.4
14866,5374.2
14867,45883.0
14868,10723.2
14869,7076.0
14870,4558.6
14871,12415.4
14872,12183.0
14873,11587.4
14874,20760.0
14875,5592.2
14876,5266.0
14877,6428.0
14878,6042.4
14879,6092.0
14880,2669.8
14881,8630.2
14882,11969.4
14883,5290.8
14884,6395.0
14885,60978.0
14886,50476.2
14887,5176.0
14888,20760.0
14889,6839.6
14890,3345.2
14891,4576.0
14892,3000.0
14893,8739.6
14894,3558.0
14895,55611.4
14896,9138.6
14897,10155.6
14898,5352.0
14899,6825.6
14900,5776.4
14901,7487.0
14902,10722.0
14903,10379.0
14904,31682.0
14905,4345.0
14906,61223.4
14907,8978.6
14908,2614.0
14909,70277.8
14910,4000.0
14911,42521.0
14912,4149.0
14913,6970.6
14914,3898.6
14915,7741.2
14916,4548.0
14917,54608.0
14918,52084.0
14919,4976.0
14920,6609.4
14921,45540.2
14922,63277.0
14923,5888.0
14924,57031.6
14925,4295.0
14926,7463.4
14927,63075.4
14928,8051.4
14929,53577.8
14930,51105.8
14931,54025.2
14932,11231.2
14933,4502.0
14934,5581.0
14935,38845.6
14936,4101.8
14937,51595.0
14938,4543.6
14939,8216.0
14940,4643.2
14941,7668.6
14942,2996.4
14943,61238.6
14944,5857.0
14945,6247.6
14946,6200.0
14947,14124.0
14948,4601.0
14949,9631.2
14950,2944.8
14951,2726.4
14952,51372.0
14953,6462.6
14954,4338.6
14955,57142.0
14956,39499.0
14957,6480.0
14958,3988.0
14959,66525.0
14960,10632.0
14961,13012.2
14962,58796.8
14963,3749.6
14964,7467.0
14965,58671.0
14966,53049.0
14967,57036.8
14968,5300.6
14969,49613.0
14970,6931.0
14971,57005.0
14972,8111.0
14973,13673.8
14974,7537.8
14975,46855.2
14976,6095.4
14977,7743.8
14978,27976.0
14979,5193.0
14980,6810.4
14981,53949.6
14982,60260.0
14983,4379.2
14984,6871.4
14985,50661.2
14986,45185.0
14987,16602.2
14988,7591.0
14989,5709.2
14990,7570.8
14991,4896.0
14992,10288.0
14993,14316.8
14994,15532.0
14995,23898.0
14996,54468.8
14997,5629.6
14998,35879.6
14999,55851.0
15000,2336.0
15001,49849.0
15002,73150.4
15003,5529.6
15004,3532.0
15005,5249.6
15006,6095.8
15007,4496.0
15008,7330.6
15009,55763.4
15010,5514.0
15011,78429.2
15012,54306.4
15013,66061.0
15014,4085.4
15015,7950.0
15016,11920.2
15017,14417.6
15018,5520.0
15019,4705.8
15020,5918.0
15021,16186.6
15022,10744.0
15023,29992.0
15024,6112.0
15025,9724.6
15026,5231.8
15027,5406.4
15028,8111.0
15029,54608.0
15030,6158.0
15031,5573.2
15032,68683.8
15033,4128.8
15034,11460.6
15035,5026.0
15036,6794.0
15037,6283.0
15038,45693.0
15039,45426.2
15040,6299.2
15041,3015.0
15042,70591.4
15043,9307.0
15044,6716.8
15045,5805.2
15046,6604.4
15047,6489.0
15048,23898.0
15049,10014.0
15050,5270.8
15051,10974.4
15052,3716.2
15053,11744.2
15054,65326.2
15055,5926.2
15056,6599.2
15057,55840.0
15058,5507.4
15059,4192.8
15060,10175.8
15061,5669.6
15062,2623.8
15063,3551.0
15064,8574.6
15065,6067.0
15066,6452.4
15067,51859.2
15068,5851.0
15069,2640.4
15070,4704.4
15071,4825.8
15072,49613.0
15073,4756.0
15074,5381.0
15075,2228.0
15076,57031.6
15077,7487.0
15078,1998.0
15079,6100.6
15080,51208.6
15081,63065.0
15082,52985.0
15083,50726.4
15084,1694.0
15085,3033.6
15086,6552.0
15087,8461.6
15088,7428.8
15089,4683.0
15090,45422.4
15091,14456.0
15092,7802.0
15093,17247.0
15094,7584.0
15095,13074.0
15096,6258.0
15097,5121.8
15098,10001.2
15099,2480.0
15100,4981.6
15101,42521.0
15102,11396.8
15103,5408.0
15104,7366.6
15105,5279.2
15106,5573.6
15107,5942.0
15108,3780.2
15109,60978.0
15110,51929.8
15111,4170.6
15112,53238.4
15113,37985.0
15114,18569.0
15115,53835.0
15116,6400.8
15117,11923.6
15118,50816.2
15119,3999.0
15120,54481.0
15121,2822.6
15122,2719.0
15123,55080.0
15124,7610.4
15125,4587.2
15126,5163.2
15127,58671.0
15128,2723.0
15129,6028.8
15130,4000.0
15131,6728.0
15132,2607.0
15133,60478.4
15134,7013.8
15135,55661.0
15136,2480.0
15137,5345.4
15138,7098.2
15139,4513.2
15140,3868.2
15141,50600.0
15142,51595.0
15143,7849.2
15144,11038.0
15145,44818.2
15146,4771.2
15147,4522.0
15148,2723.0
15149,6258.8
15150,1551.0
15151,30278.4
15152,9388.6
15153,8952.8
15154,50271.0
15155,6373.4
15156,5954.0
15157,13658.0
15158,4108.0
15159,60396.0
15160,4979.0
15161,3706.0
15162,5046.4
15163,6284.8
15164,4931.2
15165,54882.8
15166,4395.8
15167,76590.8
15168,2738.0
15169,6954.8
15170,57074.0
15171,52063.0
15172,4674.6
15173,4556.0
15174,8695.8
15175,4454.0
15176,5379.6
15177,4689.0
15178,5823.0
15179,5873.8
15180,6983.4
15181,66303.0
15182,54765.0
15183,5502.0
15184,5647.4
15185,4915.2
15186,48289.0
15187,46483.0
15188,11356.6
15189,11577.2
15190,5733.2
15191,8315.0
15192,8034.2
15193,6155.2
15194,6198.0
15195,44471.2
15196,67451.8
15197,65004.6
15198,4451.2
15199,3393.0
15200,9579.2
15201,8930.2
15202,2201.0
15203,3999.0
15204,6126.4
15205,12003.4
15206,3372.8
15207,8526.0
15208,4030.8
15209,12054.0
15210,39075.4
15211,9688.2
15212,5134.6
15213,45995.2
15214,8954.2
15215,7330.0
15216,52063.0
15217,58129.4
15218,3424.6
15219,7692.0
15220,3379.0
15221,7166.2
15222,6070.2
15223,6324.6
15224,4497.4
15225,4236.0
15226,52063.0
15227,5473.8
15228,49613.0
15229,51819.0
15230,2150.0
15231,4730.6
15232,5949.0
15233,6728.0
15234,2837.0
15235,4500.0
15236,11298.2
15237,6524.0
15238,22140.0
15239,5019.2
15240,75529.8
15241,5158.2
15242,4303.8
15243,6217.0
15244,6906.4
15245,4793.8
15246,6728.0
15247,4075.6
15248,57118.4
15249,4979.0
15250,6549.0
15251,4915.8
15252,4672.0
15253,3733.8
15254,10830.8
15255,5892.0
15256,8690.2
15257,6066.0
15258,63737.0
15259,2074.0
15260,2723.0
15261,5179.0
15262,5915.4
15263,46855.2
15264,5459.4
15265,12097.6
15266,54608.0
15267,9232.0
15268,47294.2
15269,5702.2
15270,6109.0
15271,56476.0
15272,5520.6
15273,12472.4
15274,58573.0
15275,5865.0
15276,53943.4
15277,58573.0
15278,8211.8
15279,43865.0
15280,58595.4
15281,10340.2
15282,3785.2
15283,59784.0
15284,4153.0
15285,33160.8
15286,11893.6
15287,49952.8
15288,1910.2
15289,12783.4
15290,45380.2
15291,6250.8
15292,4294.0
15293,6863.6
15294,5369.6
15295,49725.0
15296,3351.6
15297,4284.8
15298,13475.8
15299,12138.0
15300,51313.2
15301,6702.0
15302,29980.0
15303,6159.8
15304,12718.2
15305,6587.0
15306,4656.8
15307,4000.0
15308,10162.4
15309,3424.2
15310,4165.0
15311,6932.8
15312,4672.0
15313,6698.6
15314,9595.2
15315,31432.0
15316,67378.4
15317,4029.6
15318,6515.2
15319,7126.8
15320,4711.2
15321,55258.4
15322,11877.8
15323,61917.8
15324,6133.0
15325,10680.0
15326,47367.2
15327,6309.8
15328,8842.0
15329,6172.0
15330,62403.0
15331,6450.0
15332,55983.0
15333,3414.2
15334,8844.0
15335,59104.6
15336,15902.2
15337,4070.2
15338,58573.0
15339,4339.0
15340,7465.0
15341,3610.8
15342,54684.0
15343,15168.2
15344,72586.2
15345,5937.4
15346,11613.8
15347,51817.0
15348,2339.0
15349,6375.0
15350,46769.0
15351,8981.2
15352,36712.0
15353,4502.0
15354,1830.0
15355,5619.0
15356,7674.2
15357,11336.4
15358,5312.4
15359,76980.8
15360,4499.0
15361,44144.0
15362,7488.0
15363,2815.2
15364,6665.8
15365,13944.0
15366,4363.0
15367,5977.8
15368,67376.0
15369,5901.4
15370,32923.0
15371,1975.0
15372,4500.0
15373,8466.8
15374,2339.0
15375,14751.8
15376,2050.0
15377,7983.0
15378,3020.6
15379,4080.4
15380,9759.4
15381,6186.0
15382,59239.8
15383,9201.0
15384,52892.2
15385,6395.0
15386,6410.0
15387,6335.8
15388,6087.2
15389,2250.0
15390,4277.0
15391,3219.4
15392,7407.4
15393,3569.4
15394,4639.2
15395,10664.8
15396,5761.0
15397,6186.0
15398,4711.2
15399,24234.0
15400,7665.6
15401,45693.0
15402,4165.0
15403,5943.0
15404,5888.2
15405,50049.8
15406,66760.0
15407,7344.6
15408,65660.0
15409,4385.0
15410,60377.0
15411,3096.0
15412,3886.2
15413,47549.6
15414,11635.8
15415,46083.0
15416,51001.4
15417,7232.6
15418,43207.8
15419,50598.6
15420,55856.6
15421,4636.4
15422,63271.8
15423,13683.0
15424,2462.0
15425,6524.8
15426,55661.8
15427,47863.6
15428,7480.8
15429,5959.0
15430,60260.0
15431,2124.0
15432,9879.0
15433,53647.6
15434,55968.8
15435,46182.8
15436,31436.0
15437,6201.4
15438,10606.8
15439,12886.0
15440,4450.0
15441,55150.0
15442,54955.0
15443,56740.4
15444,4894.0
15445,5589.2
15446,4545.2
15447,5452.8
15448,4001.0
15449,4963.2
15450,3884.2
15451,3379.0
15452,7425.0
15453,41064.0
15454,48817.8
15455,5841.4
15456,5432.2
15457,17463.2
15458,19848.2
15459,73653.8
15460,52063.0
15461,39399.4
15462,50137.0
15463,6345.2
15464,71599.4
15465,6067.0
15466,5731.4
15467,6218.4
15468,6471.0
15469,2723.0
15470,6032.0
15471,12295.8
15472,9020.2
15473,63277.0
15474,6104.4
15475,44743.8
15476,15216.2
15477,1998.0
15478,3838.4
15479,55965.4
15480,11488.0
15481,4187.8
15482,3379.0
15483,11151.8
15484,46076.2
15485,14868.6
15486,3621.6
15487,2340.4
15488,13629.0
15489,2132.0
15490,54087.0
15491,62990.0
15492,3702.0
15493,9277.0
15494,15545.0
15495,46866.0
15496,50590.4
15497,51595.0
15498,4357.0
15499,5099.8
15500,6660.8
15501,8232.0
15502,39459.6
15503,2203.0
15504,7387.6
15505,4390.0
15506,9294.8
15507,48959.0
15508,4656.0
15509,7673.4
15510,58581.4
15511,2350.0
15512,17526.6
15513,62579.2
15514,5118.0
15515,2666.2
15516,5177.0
15517,7327.2
15518,62432.6
15519,14901.0
15520,4798.2
15521,3639.2
15522,53911.8
15523,6100.6
15524,86565.8
15525,63680.2
15526,5949.0
15527,78457.4
15528,4452.0
15529,45693.0
15530,3773.8
15531,6311.2
15532,12054.0
15533,10591.0
15534,7685.2
15535,4447.0
15536,4687.0
15537,9815.6
15538,55377.0
15539,5418.0
15540,13440.0
15541,3092.4
15542,7424.0
15543,6933.8
15544,4894.0
15545,6702.4
15546,57405.0
15547,6021.8
15548,2158.4
15549,4113.6
15550,6586.0
15551,4937.4
15552,3998.0
15553,5566.0
15554,55266.2
15555,6448.0
15556,11795.4
15557,31134.4
15558,6833.8
15559,7459.6
15560,51707.0
15561,47462.2
15562,60978.0
15563,7364.6
15564,6450.0
15565,4725.4
15566,54025.2
15567,4273.8
15568,53003.8
15569,44280.0
15570,68518.4
15571,56476.0
15572,16594.8
15573,2541.0
15574,5602.8
15575,65682.4
15576,13524.0
15577,6441.6
15578,4437.8
15579,48473.0
15580,12658.6
15581,6252.0
15582,5833.0
15583,2427.0
15584,4499.0
15585,67824.0
15586,3457.8
15587,6741.0
15588,51817.0
15589,71785.2
15590,51817.0
15591,6888.6
15592,5292.0
15593,5017.0
15594,2603.0
15595,66547.4
15596,2201.0
15597,5743.4
15598,4500.0
15599,13029.6
15600,58671.4
15601,6037.6
15602,5449.4
15603,2477.0
15604,70945.0
15605,6212.8
15606,3499.8
15607,65113.8
15608,45185.0
15609,7285.2
15610,49233.0
15611,7279.8
15612,51865.0
15613,40684.4
15614,4731.8
15615,47471.2
15616,25548.8
15617,4250.8
15618,43289.6
15619,70170.2
15620,6444.0
15621,56476.0
15622,2836.0
15623,9275.2
15624,2464.0
15625,6444.0
15626,5955.0
15627,10212.4
15628,13703.6
15629,9125.4
15630,18168.0
15631,13125.4
15632,3248.2
15633,59928.0
15634,6256.0
15635,50733.0
15636,10608.8
15637,5873.2
15638,23838.0
15639,8849.8
15640,4827.6
15641,4310.4
15642,53209.0
15643,49553.0
15644,8644.4
15645,6954.4
15646,67452.0
15647,60847.4
15648,4795.6
15649,5644.8
15650,11440.6
15651,1830.0
15652,4969.8
15653,6489.6
15654,43142.6
15655,21043.2
15656,3977.0
15657,6366.4
15658,57031.6
15659,11129.0
15660,7802.6
15661,5272.0
15662,60647.0
15663,6306.0
15664,2901.0
15665,53945.0
15666,6888.0
15667,57153.8
15668,10038.0
15669,4632.0
15670,45436.0
15671,64419.4
15672,6450.0
15673,53363.0
15674,5252.0
15675,37985.0
15676,47471.2
15677,60275.4
15678,7412.0
15679,68518.4
15680,88790.4
15681,8412.2
15682,2464.0
15683,4089.0
15684,4542.6
15685,10069.0
15686,5586.2
15687,10795.8
15688,5769.8
15689,12013.6
15690,73653.8
15691,52287.0
15692,6318.0
15693,5485.8
15694,5769.0
15695,4293.6
15696,40515.8
15697,37985.0
15698,5030.8
15699,6039.0
15700,4089.0
15701,6249.4
15702,3998.0
15703,50159.4
15704,6569.6
15705,7353.0
15706,62452.4
15707,7122.8
15708,4848.6
15709,4239.0
15710,60275.4
15711,12286.6
15712,6141.8
15713,8661.8
15714,6692.0
15715,1551.0
15716,5441.0
15717,4125.4
15718,4637.0
15719,5221.0
15720,54081.4
15721,3193.2
15722,50504.4
15723,41281.0
15724,46477.6
15725,5760.8
15726,6584.0
15727,5165.6
15728,3236.6
15729,6623.4
15730,12373.8
15731,10428.2
15732,1891.4
15733,5241.0
15734,64316.0
15735,3116.0
15736,3113.6
15737,4609.6
15738,4357.0
15739,5093.0
15740,32923.0
15741,55790.6
15742,4608.2
15743,27792.0
15744,10436.4
15745,1543.0
15746,2477.0
15747,9898.8
15748,5357.4
15749,5817.0
15750,49048.4
15751,2273.2
15752,5047.4
15753,6055.0
15754,5020.2
15755,4755.0
15756,4755.0
15757,52090.4
15758,2723.0
15759,44173.2
15760,47299.8
15761,28577.8
15762,66292.8
15763,2754.0
15764,6597.8
15765,47385.0
15766,45679.4
15767,20684.0
15768,4948.2
15769,9187.8
15770,61688.6
15771,4334.8
15772,7697.0
15773,55616.8
15774,43884.0
15775,10700.6
15776,4658.8
15777,8720.8
15778,3999.0
15779,6119.8
15780,45257.0
15781,5289.0
15782,12864.8
15783,4594.0
15784,5891.8
15785,5431.2
15786,2237.6
15787,4749.2
15788,48170.4
15789,4696.2
15790,6450.0
15791,5438.8
15792,5953.0
15793,47299.8
15794,3447.2
15795,9840.0
15796,5252.6
15797,3781.0
15798,12766.4
15799,25470.0
15800,4642.8
15801,4394.6
15802,8900.0
15803,5472.0
15804,2464.0
15805,63233.6
15806,7861.0
15807,61404.0
15808,50271.0
15809,5965.4
15810,15340.4
15811,10659.2
15812,6218.8
15813,6145.2
15814,3096.0
15815,60306.2
15816,1714.0
15817,5597.4
15818,4826.4
15819,13440.0
15820,4500.0
15821,4725.4
15822,1776.0
15823,55493.8
15824,9016.0
15825,57775.0
15826,51561.4
15827,15246.0
15828,47927.0
15829,3881.0
15830,9161.6
15831,67891.4
15832,4263.0
15833,5632.0
15834,4356.8
15835,40337.8
15836,54955.0
15837,54541.0
15838,8300.6
15839,6293.2
15840,7470.4
15841,6488.0
15842,11454.4
15843,2201.0
15844,3022.0
15845,64997.0
15846,5568.0
15847,9232.0
15848,56590.0
15849,6067.0
15850,6607.2
15851,8437.6
15852,28188.0
15853,49913.0
15854,6292.0
15855,27864.0
15856,4131.0
15857,88372.8
15858,70667.4
15859,46304.8
15860,14005.2
15861,6132.0
15862,16212.0
15863,4641.2
15864,5294.0
15865,5605.4
15866,4032.2
15867,7674.2
15868,52511.0
15869,71372.6
15870,45508.2
15871,43289.6
15872,10828.0
15873,4202.0
15874,5284.0
15875,6376.8
15876,2621.0
15877,10663.8
15878,2695.8
15879,20760.0
15880,57920.0
15881,7541.6
15882,15552.0
15883,9321.0
15884,55629.4
15885,6594.0
15886,3379.0
15887,4492.2
15888,4557.4
15889,5960.0
15890,67600.2
15891,9550.4
15892,6223.0
15893,4262.0
15894,10664.2
15895,7823.6
15896,6395.0
15897,40337.8
15898,57005.0
15899,49553.0
15900,7375.6
15901,7774.0
15902,54329.0
15903,64113.0
15904,9501.4
15905,11480.4
15906,49146.8
15907,63065.0
15908,6595.0
15909,8612.0
15910,5232.0
15911,4496.0
15912,14010.2
15913,49553.0
15914,8637.4
15915,4894.8
15916,52332.2
15917,5235.4
15918,6158.0
15919,7071.8
15920,49725.0
15921,90458.2
15922,6445.6
15923,53560.4
15924,6461.0
15925,58125.0
15926,9375.0
15927,11455.6
15928,4672.0
15929,2080.0
15930,58769.8
15931,55088.4
15932,51671.8
15933,6763.4
15934,44737.4
15935,6365.2
15936,3334.0
15937,8609.2
15938,13062.2
15939,56449.2
15940,55138.6
15941,8795.8
15942,4499.0
15943,11810.0
15944,12106.8
15945,55983.0
15946,60978.0
15947,2510.4
15948,5991.0
15949,34460.0
15950,6237.8
15951,76172.6
15952,6914.8
15953,8117.6
15954,2629.0
15955,41269.0
15956,5441.0
15957,4293.0
15958,4014.2
15959,20760.0
15960,42052.6
15961,3461.4
15962,69244.0
15963,5351.0
15964,5949.0
15965,2646.4
15966,48209.8
15967,54608.0
15968,8971.6
15969,63531.8
15970,53647.6
15971,6749.2
15972,56476.0
15973,4713.0
15974,9479.0
15975,4379.8
15976,6438.0
15977,4601.0
15978,57296.8
15979,4936.6
15980,30893.2
15981,8113.8
15982,44626.2
15983,57172.8
15984,3096.0
15985,65053.8
15986,29756.0
15987,6985.0
15988,5315.6
15989,13386.0
15990,2574.6
15991,51772.2
15992,46235.8
15993,6487.4
15994,47503.2
15995,3862.0
15996,8718.8
15997,36688.4
15998,2439.0
15999,51085.0
16000,45540.2
16001,2339.0
16002,50214.6
16003,53911.8
16004,14288.2
16005,4860.6
16006,3530.0
16007,2960.0
16008,10744.0
16009,5359.4
16010,13620.8
16011,2614.0
16012,9701.0
16013,5168.2
16014,5206.0
16015,9277.0
16016,50137.0
16017,7195.6
16018,6154.6
16019,3803.2
16020,6335.8
16021,4686.2
16022,9596.8
16023,18569.0
16024,6470.4
16025,7081.2
16026,51535.6
16027,4564.0
16028,11088.0
16029,6044.0
16030,60396.0
16031,14690.0
16032,9994.0
16033,3850.2
16034,4623.4
16035,5102.0
16036,58752.2
16037,4357.0
16038,5645.8
16039,15162.0
16040,6450.0
16041,5102.0
16042,4062.0
16043,8806.4
16044,5380.0
16045,4288.6
16046,4235.4
16047,4593.4
16048,5118.4
16049,12480.8
16050,7261.4
16051,6450.0
16052,62076.0
16053,55424.4
16054,13284.4
16055,20760.0
16056,52522.0
16057,7011.6
16058,8422.0
16059,52287.0
16060,11802.4
16061,52063.0
16062,59526.6
16063,2700.0
16064,6336.4
16065,42457.0
16066,51707.0
16067,4168.2
16068,3730.0
16069,47561.2
16070,45033.0
16071,14679.0
16072,63711.0
16073,22140.0
16074,17604.0
16075,10333.0
16076,4640.2
16077,4771.2
16078,6352.8
16079,3393.0
16080,4707.0
16081,10192.0
16082,2575.0
16083,61473.4
16084,50291.2
16085,5943.0
16086,9013.6
16087,11417.0
16088,7732.4
16089,4755.8
16090,53433.0
16091,4381.0
16092,38636.4
16093,6984.2
16094,4591.0
16095,4637.0
16096,12696.0
16097,24056.0
16098,4760.4
16099,7011.2
16100,41922.2
16101,4686.4
16102,2994.4
16103,4074.4
16104,3096.0
16105,12470.8
16106,3902.6
16107,4275.0
16108,60396.0
16109,10794.4
16110,2250.0
16111,15331.2
16112,7206.8
16113,5564.0
16114,6000.4
16115,4536.6
16116,7278.4
16117,11164.6
16118,47549.8
16119,4313.6
16120,69616.2
16121,3862.0
16122,3933.4
16123,2056.0
16124,46773.2
16125,6025.2
16126,9830.2
16127,7361.8
16128,2174.0
16129,3843.6
16130,4990.8
16131,2484.6
16132,55232.0
16133,6149.8
16134,49146.8
16135,5412.0
16136,51481.0
16137,59791.0
16138,58513.0
16139,6852.2
16140,7519.8
16141,10018.0
16142,50787.4
16143,4048.0
16144,8007.4
16145,48143.4
16146,58469.8
16147,61933.0
16148,50710.2
16149,5477.0
16150,64381.8
16151,11688.0
16152,7212.0
16153,3256.0
16154,6395.0
16155,4075.2
16156,6437.0
16157,6087.2
16158,5441.0
16159,32923.0
16160,3588.8
16161,3546.0
16162,54541.0
16163,58137.0
16164,5860.4
16165,6523.2
16166,10204.4
16167,12172.6
16168,4452.0
16169,4499.0
16170,50338.8
16171,50853.8
16172,53881.0
16173,4884.2
16174,5394.2
16175,2824.0
16176,66353.0
16177,6052.6
16178,60508.0
16179,6220.8
16180,3062.4
16181,1105.0
16182,13306.0
16183,5266.0
16184,4918.4
16185,5655.4
16186,8245.6
16187,4465.2
16188,63321.8
16189,37652.8
16190,5441.0
16191,46335.0
16192,2439.0
16193,5949.0
16194,7692.2
16195,2203.0
16196,11520.0
16197,61675.0
16198,3000.0
16199,58513.0
16200,15246.0
16201,6354.0
16202,70108.8
16203,55773.0
16204,6350.0
16205,6956.0
16206,11063.0
16207,3020.0
16208,32923.0
16209,45471.2
16210,59134.4
16211,63523.4
16212,28734.0
16213,7514.0
16214,10408.2
16215,6398.6
16216,52287.0
16217,54047.0
16218,9840.0
16219,3251.0
16220,82920.6
16221,4099.2
16222,7950.0
16223,3481.8
16224,54608.0
16225,2202.8
16226,3980.0
16227,27700.8
16228,6230.0
16229,4646.6
16230,6389.8
16231,11604.2
16232,3623.0
16233,68518.4
16234,31682.0
16235,5886.0
16236,3922.0
16237,6107.0
16238,6496.0
16239,5352.0
16240,2203.0
16241,3016.0
16242,51404.6
16243,6741.0
16244,1714.0
16245,5143.8
16246,7075.2
16247,56075.0
16248,6042.2
16249,5954.0
16250,5470.4
16251,6195.0
16252,4755.0
16253,4324.4
16254,4673.0
16255,8559.2
16256,73988.2
16257,4896.0
16258,1998.0
16259,7370.0
16260,5498.8
16261,4471.6
16262,49613.0
16263,32859.0
16264,9106.2
16265,3000.0
16266,32923.0
16267,8944.0
16268,68834.2
16269,4630.6
16270,54337.8
16271,39880.8
16272,2327.0
16273,2124.0
16274,3905.8
16275,5377.4
16276,5639.0
16277,55691.8
16278,20442.4
16279,2700.0
16280,47657.0
16281,54684.0
16282,64655.4
16283,3915.0
16284,32923.0
16285,2477.0
16286,7821.0
16287,13263.0
16288,54481.0
16289,82266.2
16290,5228.6
16291,55258.4
16292,9821.4
16293,14012.4
16294,4194.4
16295,7425.0
16296,4711.6
16297,31432.0
16298,3393.0
16299,2124.0
16300,78341.8
16301,52513.4
16302,5764.2
16303,54684.0
16304,7524.2
16305,10145.6
16306,6067.0
16307,5829.0
16308,71909.6
16309,3096.0
16310,7820.4
16311,4967.6
16312,29718.6
16313,44144.0
16314,7579.2
16315,52175.0
16316,6572.4
16317,55886.8
16318,6060.8
16319,4589.0
16320,4737.4
16321,6280.6
16322,5818.6
16323,54191.0
16324,50787.4
16325,3918.0
16326,5634.8
16327,11809.0
16328,4499.0
16329,3340.4
16330,38290.4
16331,4374.0
16332,6150.4
16333,3933.4
16334,5607.0
16335,3990.0
16336,21902.4
16337,6165.8
16338,8672.6
16339,10254.2
16340,8040.6
16341,51972.2
16342,7489.0
16343,4357.0
16344,10856.6
16345,10567.4
16346,2250.0
16347,15543.0
16348,3999.0
16349,42078.0
16350,15874.2
16351,44089.0
16352,4500.0
16353,3021.2
16354,4951.8
16355,3316.6
16356,5624.8
16357,6657.0
16358,3914.8
16359,10324.0
16360,8344.4
16361,5892.0
16362,6461.0
16363,4577.8
16364,3334.0
16365,55493.8
16366,4195.8
16367,4000.0
16368,51783.2
16369,11129.0
16370,8689.4
16371,10212.4
16372,5773.0
16373,55150.0
16374,3862.0
16375,7447.8
16376,25396.8
16377,2836.0
16378,50083.0
16379,6326.2
16380,5692.4
16381,31982.0
16382,3330.0
16383,11709.0
16384,54765.0
16385,68303.0
16386,53245.2
16387,64831.0
16388,53577.4
16389,6489.0
16390,63580.2
16391,59882.0
16392,6565.8
16393,54608.0
16394,10802.0
16395,11741.4
16396,6578.0
16397,3578.8
16398,3518.8
16399,6450.0
16400,5918.0
16401,5104.0
16402,4202.0
16403,2078.8
16404,11140.6
16405,56590.0
16406,62389.4
16407,5632.0
16408,5136.8
16409,50590.4
16410,52442.4
16411,44144.0
16412,65136.8
16413,3413.8
16414,11730.0
16415,38837.8
16416,13054.2
16417,12398.0
16418,55080.0
16419,3865.4
16420,49913.0
16421,5617.2
16422,49509.8
16423,4655.0
16424,4479.0
16425,7130.4
16426,47367.2
16427,4020.0
16428,4103.6
16429,58137.0
16430,49725.0
16431,4499.0
16432,9127.4
16433,8997.8
16434,10429.0
16435,2751.0
16436,4229.0
16437,6086.0
16438,54765.0
16439,3522.0
16440,12216.8
16441,4405.0
16442,49817.6
16443,5638.6
16444,2336.0
16445,66250.2
16446,5965.6
16447,25316.0
16448,4500.0
16449,60396.0
16450,8972.8
16451,43289.6
16452,36578.2
16453,3907.6
16454,5272.0
16455,58594.8
16456,5740.6
16457,54025.2
16458,11718.0
16459,54882.8
16460,4896.0
16461,6183.8
16462,56458.4
16463,5684.2
16464,4439.0
16465,55694.4
16466,6538.2
16467,13242.0
16468,65081.0
16469,30350.4
16470,2150.0
16471,11708.0
16472,9395.8
16473,5942.0
16474,4672.0
16475,5954.0
16476,6430.2
16477,52808.0
16478,5885.6
16479,11633.0
16480,4163.0
16481,9393.2
16482,3832.0
16483,3048.0
16484,52287.0
16485,52522.0
16486,5164.2
16487,4331.0
16488,4499.0
16489,7803.0
16490,5572.0
16491,24532.2
16492,11592.0
16493,61907.4
16494,5766.0
16495,6785.0
16496,59454.4
16497,3904.4
16498,6320.0
16499,15507.4
16500,10640.6
16501,8475.6
16502,50063.4
16503,51671.8
16504,63837.0
16505,7032.0
16506,12398.0
16507,4490.6
16508,11865.0
16509,50271.0
16510,54025.2
16511,55752.0
16512,8069.4
16513,56588.0
16514,10629.0
16515,51141.2
16516,13294.0
16517,5460.2
16518,7467.0
16519,64867.4
16520,5221.6
16521,4564.0
16522,11592.0
16523,43069.6
16524,22152.0
16525,5428.4
16526,48337.0
16527,2940.0
16528,50353.0
16529,28510.0
16530,3801.0
16531,39332.2
16532,56588.0
16533,4338.0
16534,55983.0
16535,11698.6
16536,51921.0
16537,56017.0
16538,9558.0
16539,7035.2
16540,7317.4
16541,4917.6
16542,34460.0
16543,13602.0
16544,5857.0
16545,3631.4
16546,11856.0
16547,22140.0
16548,5817.0
16549,3716.2
16550,6192.0
16551,3709.4
16552,13303.8
16553,14682.0
16554,11310.0
16555,5991.0
16556,4647.0
16557,49613.0
16558,70056.0
16559,45257.0
16560,6696.8
16561,3282.0
16562,6459.8
16563,6587.0
16564,5021.2
16565,4453.0
16566,6110.4
16567,2339.0
16568,7689.6
16569,59336.0
16570,8386.8
16571,49146.8
16572,7768.8
16573,7644.0
16574,56673.4
16575,5775.2
16576,1788.0
16577,51345.0
16578,61314.2
16579,5954.0
16580,2214.8
16581,13017.4
16582,6394.6
16583,8858.0
16584,8033.4
16585,11447.8
16586,48210.0
16587,7272.0
16588,5484.2
16589,45693.0
16590,10429.0
16591,15434.6
16592,4979.0
16593,5991.0
16594,49260.8
16595,4387.2
16596,54684.0
16597,7019.0
16598,1646.8
16599,4711.2
16600,5955.0
16601,9904.6
16602,3699.8
16603,6512.0
16604,4683.2
16605,3838.4
16606,77278.8
16607,4165.0
16608,8773.6
16609,6109.0
16610,2165.8
16611,4821.8
16612,9861.2
16613,1971.8
16614,56333.0
16615,3381.0
16616,4268.2
16617,4055.0
16618,2476.0
16619,11458.0
16620,12396.4
16621,49260.8
16622,50315.8
16623,10554.4
16624,6225.6
16625,4651.6
16626,6502.0
16627,5773.0
16628,7327.2
16629,3673.6
16630,9241.0
16631,5806.4
16632,39100.6
16633,2410.0
16634,42612.8
16635,32859.0
16636,4724.6
16637,44144.0
16638,54481.0
16639,6450.0
16640,9277.0
16641,4774.0
16642,4439.0
16643,51972.2
16644,10408.0
16645,54541.0
16646,5124.2
16647,50271.0
16648,4755.0
16649,11205.0
16650,6469.2
16651,8824.6
16652,4150.6
16653,62472.0
16654,6376.8
16655,63971.4
16656,5879.4
16657,53164.0
16658,50590.4
16659,4051.6
16660,60141.0
16661,5118.6
16662,6986.2
16663,68272.0
16664,70622.0
16665,49725.0
16666,12271.2
16667,4823.2
16668,12764.8
16669,49930.0
16670,4827.0
16671,6488.0
16672,51132.2
16673,47163.0
16674,54608.0
16675,60601.0
16676,74015.2
16677,65233.0
16678,10452.8
16679,39622.0
16680,10437.0
16681,5244.6
16682,54841.0
16683,1569.2
16684,42680.8
16685,7081.0
16686,53041.0
16687,8014.6
16688,75336.0
16689,5151.2
16690,21726.0
16691,4942.0
16692,4506.0
16693,62701.8
16694,57796.2
16695,5805.8
16696,8202.8
16697,16128.2
16698,6902.8
16699,52323.4
16700,4656.8
16701,50590.4
16702,6016.6
16703,6618.2
16704,49156.8
16705,54329.0
16706,2228.0
16707,12054.0
16708,7344.6
16709,4443.2
16710,73328.6
16711,45426.2
16712,24056.0
16713,5505.2
16714,4841.0
16715,4634.8
16716,8912.6
16717,42521.0
16718,13746.0
16719,60977.0
16720,7009.4
16721,54639.4
16722,2552.6
16723,5654.6
16724,3223.4
16725,4984.0
16726,5824.4
16727,9987.0
16728,12034.0
16729,57920.0
16730,43392.6
16731,6987.2
16732,20684.0
16733,45790.6
16734,4166.6
16735,2007.4
16736,2339.0
16737,2839.8
16738,47585.0
16739,4248.0
16740,67119.4
16741,6852.4
16742,3771.4
16743,4970.4
16744,14218.8
16745,6615.0
16746,12934.2
16747,68015.4
16748,4801.2
16749,12495.0
16750,66040.6
16751,7329.0
16752,5693.4
16753,6013.0
16754,5517.2
16755,2528.2
16756,60508.0
16757,54482.6
16758,62748.0
16759,42457.0
16760,52985.0
16761,5044.8
16762,4755.0
16763,2336.0
16764,65189.4
16765,7567.0
16766,3588.8
16767,5267.8
16768,54882.8
16769,4271.6
16770,13083.0
16771,4665.0
16772,11052.4
16773,6686.2
16774,6594.0
16775,5375.0
16776,1776.0
16777,4356.8
16778,58819.4
16779,47884.2
16780,6696.4
16781,60847.4
16782,54684.0
16783,44280.0
16784,14200.6
16785,47385.0
16786,3014.0
16787,7039.4
16788,6568.0
16789,5288.2
16790,6583.6
16791,5738.4
16792,11332.0
16793,3148.2
16794,37640.8
16795,55499.6
16796,4775.6
16797,1443.0
16798,6781.0
16799,46829.8
16800,47707.6
16801,3176.4
16802,8944.0
16803,4735.2
16804,4428.0
16805,64222.8
16806,50271.0
16807,5827.0
16808,4691.4
16809,54941.2
16810,70797.6
16811,7066.8
16812,14985.0
16813,2276.0
16814,2993.2
16815,3381.0
16816,5646.4
16817,11469.2
16818,4363.0
16819,64965.4
16820,4046.4
16821,49146.8
16822,7270.8
16823,6173.4
16824,54191.0
16825,58277.0
16826,4050.4
16827,17463.2
16828,13311.6
16829,7953.8
16830,2124.0
16831,3763.0
16832,5126.0
16833,36298.6
16834,78495.2
16835,65153.8
16836,15227.8
16837,55232.0
16838,6067.0
16839,6827.2
16840,57923.4
16841,43000.4
16842,4675.0
16843,51345.0
16844,31112.0
16845,63545.8
16846,4819.6
16847,10207.2
16848,3880.8
16849,54553.0
16850,6067.0
16851,4496.6
16852,61127.2
16853,4414.0
16854,6023.0
16855,2290.0
16856,4417.0
16857,60336.0
16858,8705.6
16859,7840.0
16860,3777.2
16861,12655.4
16862,3999.0
16863,2402.2
16864,62717.0
16865,9743.4
16866,44280.0
16867,2966.0
16868,55629.4
16869,5886.0
16870,13179.0
16871,10428.4
16872,3554.8
16873,6963.0
16874,6323.8
16875,4687.0
16876,11625.0
16877,7700.0
16878,6684.2
16879,4724.4
16880,12489.4
16881,5857.6
16882,60396.0
16883,65660.0
16884,56192.6
16885,4816.0
16886,6205.2
16887,66760.0
16888,7426.0
16889,17157.0
16890,6551.8
16891,2124.0
16892,57274.4
16893,6461.0
16894,2464.0
16895,14733.6
16896,10207.2
16897,56465.0
16898,4230.0
16899,3379.0
16900,1551.0
16901,3979.4
16902,52313.0
16903,5772.0
16904,3992.8
16905,51338.6
16906,4043.0
16907,6975.6
16908,6861.2
16909,2716.0
16910,6848.4
16911,4711.0
16912,44173.2
16913,9476.0
16914,57703.6
16915,6435.0
16916,2111.0
16917,3120.0
16918,7028.2
16919,32923.0
16920,4501.4
16921,5711.8
16922,16254.4
16923,5858.0
16924,57036.8
16925,60396.0
16926,4974.0
16927,58631.0
16928,4079.6
16929,75872.8
16930,10692.8
16931,49260.8
16932,4612.0
16933,4876.8
16934,28577.8
16935,8021.2
16936,52175.0
16937,53209.0
16938,5552.2
16939,5888.0
16940,8950.6
16941,4554.0
16942,54608.0
16943,45257.0
16944,53270.4
16945,5724.6
16946,7743.8
16947,13602.6
16948,47385.0
16949,7699.4
16950,13888.2
16951,52981.4
16952,7425.0
16953,12159.0
16954,6751.2
16955,5122.2
16956,8021.2
16957,7708.2
16958,3082.0
16959,60396.0
16960,37895.6
16961,2276.0
16962,56431.4
16963,6134.0
16964,5943.2
16965,41064.0
16966,60041.0
16967,8496.6
16968,2489.0
16969,6496.0
16970,60260.0
16971,15284.0
16972,13314.0
16973,50271.0
16974,7330.0
16975,1924.0
16976,51707.0
16977,5447.8
16978,5648.0
16979,53041.0
16980,6370.0
16981,3096.0
16982,5935.0
16983,5645.0
16984,5102.0
16985,51595.0
16986,2614.0
16987,6043.0
16988,12046.8
16989,3577.8
16990,6324.6
16991,11204.0
16992,5752.2
16993,3111.2
16994,5955.0
16995,6489.0
16996,4187.6
16997,11737.8
16998,11078.8
16999,60396.0
17000,5627.4
17001,6472.0
17002,10842.4
17003,4297.6
17004,6464.0
17005,6961.4
17006,5921.6
17007,4658.0
17008,2339.0
17009,13801.2
17010,4913.6
17011,4067.2
17012,2418.8
17013,5656.0
17014,4796.2
17015,5861.0
17016,6230.4
17017,4351.6
17018,56176.2
17019,5034.4
17020,4048.0
17021,5207.8
17022,9201.0
17023,7243.2
17024,4440.0
17025,49725.0
17026,4452.0
17027,63890.6
17028,5969.0
17029,1464.0
17030,45883.0
17031,6109.0
17032,54541.0
17033,44303.0
17034,6873.4
17035,5949.0
17036,61479.0
17037,5954.0
17038,27792.0
17039,41087.2
17040,48864.8
17041,10503.0
17042,7375.6
17043,45883.0
17044,11337.4
17045,4485.0
17046,2756.8
17047,12271.4
17048,73237.6
17049,5150.0
17050,54025.2
17051,5953.0
17052,4952.8
17053,69082.8
17054,11060.4
17055,5424.8
17056,6075.0
17057,6797.8
17058,6025.2
17059,4363.0
17060,4979.0
17061,45221.2
17062,10526.6
17063,7488.0
17064,4054.2
17065,2503.8
17066,12033.2
17067,5714.0
17068,5086.8
17069,9198.0
17070,4963.6
17071,64271.0
17072,48785.0
17073,5744.4
17074,3923.4
17075,5441.0
17076,3096.0
17077,47449.0
17078,4979.0
17079,3705.2
17080,12089.0
17081,5315.0
17082,6294.0
17083,12778.4
17084,53813.6
17085,4044.0
17086,6702.0
17087,52084.0
17088,2812.0
17089,55705.4
17090,5193.6
17091,4499.0
17092,51817.0
17093,4974.0
17094,4672.0
17095,50428.2
17096,5221.6
17097,60284.0
17098,40383.8
17099,3610.2
17100,2614.0
17101,7173.0
17102,3892.2
17103,7317.4
17104,2150.0
17105,55169.6
17106,32859.0
17107,56200.0
17108,12381.0
17109,5838.8
17110,6934.0
17111,58589.4
17112,4499.0
17113,7833.0
17114,4747.4
17115,3339.0
17116,6167.4
17117,2359.0
17118,5983.0
17119,11856.0
17120,2973.8
17121,6776.0
17122,59772.2
17123,7572.0
17124,3932.6
17125,5011.0
17126,54337.0
17127,6686.4
17128,73239.2
17129,6545.2
17130,2877.2
17131,2206.8
17132,4077.0
17133,5959.8
17134,6172.0
17135,5711.6
17136,67119.4
17137,5666.8
17138,12013.6
17139,53406.4
17140,6175.0
17141,4002.0
17142,6712.2
17143,3997.4
17144,12963.4
17145,10247.6
17146,4428.0
17147,1105.0
17148,73984.8
17149,3002.8
17150,5847.6
17151,4338.0
17152,12503.8
17153,4916.8
17154,6158.0
17155,51084.4
17156,50509.8
17157,50340.6
17158,56476.0
17159,7468.2
17160,6324.6
17161,50590.4
17162,3379.0
17163,20684.0
17164,16408.6
17165,11772.2
17166,3865.0
17167,10810.4
17168,2228.0
17169,68706.2
17170,3916.0
17171,6488.0
17172,49905.0
17173,69631.4
17174,6214.0
17175,46806.8
17176,6365.6
17177,6728.0
17178,2754.4
17179,12852.0
17180,50787.4
17181,4559.6
17182,57117.0
17183,4678.0
17184,69311.0
17185,10608.0
17186,2339.0
17187,13901.2
17188,2201.0
17189,64173.0
17190,4847.6
17191,54183.4
17192,45257.0
17193,6434.6
17194,49725.0
17195,3015.0
17196,5614.0
17197,51865.0
17198,49260.8
17199,3251.0
17200,13515.8
17201,2832.0
17202,13657.2
17203,5735.4
17204,4612.0
17205,52561.8
17206,4979.0
17207,7065.8
17208,80287.0
17209,10426.2
17210,15308.2
17211,6797.0
17212,2150.0
17213,50304.0
17214,5646.4
17215,51148.8
17216,4896.0
17217,3072.0
17218,8410.0
17219,11113.2
17220,52063.0
17221,4452.0
17222,4499.0
17223,11258.6
17224,10709.4
17225,72069.8
17226,6028.2
17227,16024.4
17228,52287.0
17229,54841.0
17230,5810.4
17231,46076.2
17232,4582.0
17233,10130.8
17234,38276.8
17235,60396.0
17236,2266.0
17237,7743.8
17238,50271.0
17239,4499.0
17240,7813.2
17241,52118.4
17242,3519.0
17243,40015.2
17244,1891.4
17245,6961.4
17246,47225.0
17247,6745.8
17248,11310.0
17249,9135.0
17250,59660.6
17251,6846.0
17252,51921.0
17253,3000.0
17254,12121.0
17255,55559.8
17256,9489.0
17257,63545.8
17258,11329.6
17259,56476.0
17260,5932.0
17261,7900.2
17262,5244.0
17263,35790.4
17264,40413.0
17265,4530.6
17266,3022.0
17267,7309.0
17268,66502.4
17269,12150.0
17270,55752.0
17271,10717.4
17272,9501.2
17273,13444.0
17274,15384.0
17275,3481.0
17276,4851.8
17277,7222.4
17278,5943.0
17279,55661.0
17280,6185.6
17281,5772.0
17282,59469.0
17283,28658.4
17284,68743.0
17285,4672.0
17286,74611.6
17287,4701.2
17288,9177.6
17289,61497.0
17290,4471.2
17291,9314.8
17292,10226.6
17293,60253.0
17294,52096.0
17295,4717.8
17296,45665.0
17297,5593.4
17298,73629.0
17299,62076.0
17300,11684.2
17301,12726.0
17302,5978.8
17303,10153.6
17304,10771.6
17305,6578.2
17306,14557.4
17307,51707.0
17308,5206.0
17309,4145.0
17310,65529.0
17311,1105.0
17312,3776.2
17313,14483.2
17314,52063.0
17315,9275.6
17316,6161.0
17317,6890.8
17318,55893.4
17319,6172.0
17320,5739.4
17321,7424.0
17322,8985.0
17323,68518.4
17324,3496.8
17325,6461.0
17326,39321.0
17327,58348.8
17328,4160.6
17329,3988.4
17330,51707.0
17331,50419.4
17332,4596.2
17333,4535.2
17334,2457.4
17335,4621.4
17336,6224.0
17337,12658.6
17338,4074.6
17339,5197.2
17340,63169.2
17341,20684.0
17342,5245.8
17343,6342.0
17344,58705.0
17345,1775.2
17346,5225.0
17347,3475.0
17348,4149.4
17349,3260.4
17350,5954.0
17351,52892.2
17352,11889.0
17353,51449.8
17354,7953.0
17355,5926.2
17356,38099.0
17357,4977.0
17358,2477.0
17359,3794.8
17360,6608.4
17361,8142.0
17362,6251.2
17363,6573.0
17364,66525.0
17365,5388.2
17366,4372.0
17367,7064.4
17368,56588.0
17369,7112.4
17370,45883.0
17371,3999.0
17372,49377.4
17373,5974.6
17374,7919.4
17375,5874.8
17376,3051.4
17377,5999.8
17378,5634.8
17379,6450.0
17380,8151.4
17381,10868.0
17382,2197.4
17383,3570.2
17384,14460.0
17385,12999.0
17386,3719.6
17387,14178.0
17388,14031.4
17389,41127.6
17390,6057.6
17391,63277.0
17392,4417.0
17393,44280.0
17394,3522.0
17395,7877.0
17396,51707.0
17397,5715.4
17398,9680.4
17399,10361.4
17400,39241.4
17401,4134.4
17402,4298.8
17403,4827.0
17404,11150.4
17405,5943.0
17406,6248.0
17407,4496.0
17408,62627.4
17409,7735.4
17410,60674.0
17411,9669.6
17412,7594.6
17413,61497.0
17414,5556.2
17415,5943.0
17416,5942.0
17417,4992.8
17418,4497.0
17419,5276.4
17420,3393.0
17421,5534.2
17422,7459.2
17423,8221.4
17424,49553.0
17425,5959.0
17426,4711.0
17427,4404.6
17428,15610.2
17429,2723.0
17430,66301.0
17431,91702.4
17432,3740.2
17433,1551.0
17434,14558.6
17435,4827.0
17436,36325.6
17437,56523.0
17438,7223.6
17439,58077.4
17440,48410.8
17441,6488.0
17442,13788.0
17443,43841.4
17444,7496.0
17445,42019.0
17446,59341.8
17447,3760.0
17448,6565.2
17449,4697.2
17450,5331.0
17451,6262.0
17452,2516.2
17453,48926.2
17454,54608.0
17455,12271.4
17456,38446.6
17457,55983.0
17458,11026.8
17459,4756.0
17460,11760.0
17461,6132.0
17462,5374.6
17463,5888.0
17464,4463.0
17465,3245.4
17466,1551.0
17467,6553.0
17468,2201.0
17469,2410.0
17470,12563.0
17471,15838.4
17472,6669.4
17473,2476.0
17474,2339.0
17475,4994.4
17476,46382.8
17477,10249.8
17478,7212.0
17479,8736.6
17480,8911.8
17481,5334.6
17482,5826.4
17483,5735.2
17484,4054.4
17485,63890.4
17486,7774.0
17487,8265.6
17488,4479.0
17489,1714.0
17490,52287.0
17491,3379.0
17492,52921.2
17493,10694.0
17494,12506.6
17495,3468.0
17496,7693.2
17497,4884.8
17498,43278.6
17499,51595.0
17500,52983.8
17501,5489.8
17502,5641.6
17503,57172.8
17504,15265.0
17505,63737.0
17506,5305.6
17507,6335.8
17508,4435.4
17509,75089.6
17510,4832.0
17511,49581.2
17512,4724.4
17513,4772.6
17514,3626.8
17515,52880.6
17516,43745.0
17517,7212.0
17518,3896.4
17519,76732.8
17520,22152.0
17521,5417.0
17522,4172.8
17523,7644.4
17524,3379.0
17525,4836.2
17526,12339.0
17527,12882.6
17528,10584.0
17529,68189.8
17530,73745.6
17531,4335.6
17532,45693.0
17533,3512.0
17534,4463.4
17535,6871.4
17536,29954.0
17537,46918.0
17538,4904.0
17539,66755.8
17540,7107.0
17541,58469.4
17542,22152.0
17543,5546.6
17544,74193.0
17545,61897.4
17546,47377.6
17547,46145.0
17548,2741.6
17549,31622.0
17550,14952.0
17551,5312.0
17552,3392.2
17553,15396.8
17554,8226.8
17555,57860.4
17556,6546.0
17557,11762.2
17558,56590.0
17559,6028.6
17560,14971.2
17561,9076.8
17562,44209.8
17563,2339.0
17564,65615.0
17565,1890.0
17566,68463.0
17567,6107.0
17568,4839.4
17569,72012.8
17570,10283.2
17571,5513.2
17572,2343.0
17573,6576.6
17574,4452.0
17575,3318.2
17576,4294.0
17577,53138.6
17578,7953.6
17579,65167.0
17580,4230.0
17581,12299.6
17582,2519.4
17583,6076.8
17584,65727.0
17585,14292.0
17586,5576.8
17587,14691.4
17588,5439.2
17589,9904.0
17590,63405.6
17591,6092.0
17592,13978.6
17593,28510.0
17594,11508.0
17595,65682.4
17596,50622.6
17597,3512.6
17598,3915.6
17599,10812.8
17600,7814.8
17601,5020.8
17602,53571.8
17603,5280.2
17604,5207.4
17605,56102.4
17606,6334.4
17607,4847.6
17608,61255.8
17609,5463.8
17610,14777.6
17611,9354.0
17612,47586.0
17613,14591.8
17614,9414.6
17615,6743.2
17616,50271.0
17617,6068.6
17618,52256.6
17619,58469.4
17620,62191.4
17621,53209.0
17622,2826.2
17623,48930.0
17624,4177.4
17625,3979.4
17626,42079.6
17627,6104.4
17628,54839.4
17629,3379.0
17630,3373.6
17631,11752.6
17632,7305.6
17633,5340.2
17634,6082.0
17635,11557.8
17636,4072.0
17637,2173.6
17638,53764.2
17639,59218.0
17640,63915.0
17641,22140.0
17642,9277.0
17643,12126.4
17644,6461.0
17645,15721.0
17646,4656.0
17647,4298.2
17648,6630.8
17649,12076.6
17650,54608.0
17651,59239.8
17652,54481.0
17653,7944.2
17654,49849.0
17655,14366.2
17656,61180.0
17657,49613.0
17658,10692.8
17659,53892.4
17660,6726.6
17661,8782.6
17662,4899.4
17663,8732.0
17664,6488.0
17665,57081.0
17666,2201.0
17667,5519.2
17668,7462.6
17669,54728.6
17670,6233.2
17671,44305.0
17672,63065.0
17673,53209.0
17674,3361.0
17675,7092.4
17676,3690.8
17677,2124.0
17678,4214.4
17679,5462.2
17680,16716.0
17681,41101.0
17682,6285.0
17683,4500.0
17684,56128.0
17685,57778.6
17686,2203.0
17687,73984.8
17688,5178.2
17689,55456.0
17690,4501.4
17691,49725.0
17692,9137.0
17693,3897.0
17694,5666.4
17695,4433.2
17696,46384.4
17697,47281.2
17698,3258.2
17699,58075.4
17700,51732.8
17701,5898.6
17702,8394.4
17703,2671.8
17704,74279.8
17705,51595.0
17706,5024.0
17707,11018.6
17708,49553.0
17709,51875.4
17710,1807.4
17711,54067.2
17712,1551.0
17713,3019.2
17714,31122.4
17715,11604.4
17716,64540.0
17717,6091.6
17718,5740.6
17719,7113.8
17720,6145.0
17721,4966.8
17722,11206.8
17723,5904.0
17724,7291.8
17725,7303.8
17726,56078.0
17727,4082.8
17728,32859.0
17729,4745.0
17730,65682.4
17731,6367.6
17732,6108.0
17733,6190.4
17734,5761.0
17735,5120.0
17736,51457.0
17737,55087.0
17738,7487.0
17739,12024.2
17740,51707.0
17741,56385.0
17742,7039.6
17743,60508.0
17744,5484.2
17745,6076.2
17746,2553.6
17747,4500.2
17748,1830.0
17749,2738.0
17750,57200.6
17751,5684.4
17752,10990.0
17753,2410.0
17754,6617.2
17755,4204.0
17756,11389.2
17757,11240.6
17758,13524.0
17759,7424.0
17760,4420.4
17761,5832.4
17762,73506.2
17763,60656.0
17764,4747.2
17765,4164.6
17766,12974.0
17767,4843.4
17768,5925.4
17769,6002.4
17770,8587.4
17771,3425.2
17772,41819.6
17773,15256.0
17774,11777.4
17775,22152.0
17776,4498.0
17777,42598.6
17778,6366.6
17779,4190.0
17780,4107.8
17781,4139.2
17782,6183.2
17783,9924.4
17784,7488.0
17785,5369.6
17786,5031.6
17787,62000.0
17788,49260.8
17789,54628.2
17790,1890.0
17791,5354.4
17792,48043.0
17793,41314.0
17794,57229.0
17795,6590.0
17796,22140.0
17797,8441.0
17798,50271.0
17799,48269.0
17800,6699.0
17801,4062.8
17802,2132.0
17803,6684.2
17804,7741.6
17805,5164.4
17806,49959.8
17807,4496.0
17808,8916.2
17809,57125.8
17810,3447.2
17811,56128.0
17812,4296.6
17813,56476.0
17814,65010.4
17815,5923.8
17816,23728.0
17817,64061.0
17818,50649.0
17819,4637.0
17820,51707.0
17821,46073.4
17822,7304.0
17823,5041.0
17824,16906.8
17825,55502.0
17826,10363.6
17827,59469.0
17828,7877.0
17829,4788.8
17830,12384.6
17831,4712.0
17832,3702.0
17833,4027.0
17834,4501.0
17835,3091.0
17836,13709.2
17837,6095.0
17838,1890.0
17839,16611.0
17840,49725.0
17841,5964.8
17842,2201.0
17843,49725.0
17844,9282.4
17845,58671.4
17846,3939.6
17847,17794.0
17848,5741.6
17849,4338.0
17850,54608.0
17851,5888.0
17852,7212.0
17853,50271.0
17854,65081.0
17855,5110.0
17856,2814.6
17857,6352.8
17858,5768.8
17859,5322.0
17860,50047.6
17861,59727.4
17862,32923.0
17863,5339.4
17864,6251.6
17865,6669.6
17866,5645.8
17867,58989.0
17868,4067.2
17869,6936.6
17870,5082.2
17871,7768.8
17872,5991.0
17873,16261.2
17874,5176.0
17875,6067.0
17876,64374.4
17877,10425.8
17878,55905.0
17879,4019.0
17880,5177.0
17881,13595.6
17882,15597.6
17883,32764.8
17884,4258.2
17885,6545.2
17886,1776.0
17887,2847.2
17888,3751.0
17889,3743.8
17890,4885.6
17891,5293.0
17892,38988.4
17893,57367.6
17894,5996.0
17895,9006.8
17896,45257.0
17897,4452.0
17898,10458.0
17899,63163.4
17900,2050.0
17901,4111.0
17902,60978.0
17903,2839.6
17904,7531.2
17905,50414.2
17906,37505.8
17907,4559.4
17908,37985.0
17909,64655.4
17910,7425.0
17911,22140.0
17912,52440.0
17913,52581.8
17914,10954.0
17915,3469.0
17916,53263.8
17917,2944.6
17918,54608.0
17919,11205.0
17920,7743.8
17921,64364.2
17922,4315.2
17923,46579.8
17924,7197.2
17925,54890.0
17926,3805.0
17927,8337.0
17928,12808.6
17929,6324.0
17930,4260.2
17931,7663.4
17932,3000.0
17933,2056.0
17934,6164.6
17935,58671.0
17936,7433.2
17937,57629.0
17938,7036.2
17939,46918.0
17940,14462.4
17941,15552.4
17942,52084.0
17943,10596.4
17944,10342.0
17945,69980.8
17946,1650.6
17947,8568.6
17948,2074.0
17949,47585.0
17950,5636.8
17951,46201.2
17952,4452.0
17953,3000.0
17954,1443.0
17955,1105.0
17956,9914.8
17957,3193.4
17958,56252.2
17959,9677.0
17960,2772.2
17961,6016.0
17962,11450.2
17963,6502.0
17964,20684.0
17965,7550.6
17966,2673.8
17967,11204.0
17968,3499.8
17969,7673.4
17970,2276.0
17971,6684.4
17972,8789.2
17973,4940.0
17974,4149.0
17975,55371.2
17976,2911.2
17977,48975.4
17978,6082.0
17979,2098.0
17980,6048.4
17981,51219.0
17982,6887.6
17983,49905.0
17984,50271.0
17985,6324.0
17986,73238.2
17987,6251.6
17988,59047.6
17989,13715.4
17990,57780.0
17991,5685.0
17992,7790.8
17993,27976.0
17994,54204.4
17995,4499.0
17996,10058.0
17997,3020.6
17998,10846.6
17999,59440.0
18000,62141.0
18001,10230.4
18002,7752.2
18003,4725.6
18004,6868.4
18005,5133.4
18006,9971.2
18007,60396.0
18008,54608.0
18009,3623.0
18010,61955.4
18011,6480.0
18012,59182.0
18013,8982.6
18014,5829.2
18015,5991.0
18016,71599.4
18017,3433.0
18018,6410.8
18019,79314.8
18020,5884.0
18021,51819.0
18022,57775.0
18023,84383.0
18024,2074.0
18025,5009.2
18026,5720.8
18027,4187.2
18028,44818.2
18029,4432.4
18030,50108.2
18031,27976.0
18032,23944.0
18033,9032.8
18034,10595.4
18035,4569.0
18036,3379.0
18037,8112.0
18038,3588.8
18039,55983.0
18040,4489.0
18041,34410.4
18042,2598.2
18043,5117.6
18044,9560.8
18045,56822.4
18046,49905.0
18047,5488.2
18048,10547.6
18049,8129.4
18050,6502.0
18051,51372.0
18052,4240.0
18053,41819.6
18054,3849.0
18055,3578.4
18056,5949.8
18057,2208.0
18058,11129.0
18059,7834.6
18060,50590.4
18061,3516.0
18062,78174.8
18063,6682.8
18064,9943.8
18065,2124.0
18066,73248.0
18067,32923.0
18068,6954.4
18069,45185.0
18070,7973.8
18071,47367.2
18072,3014.0
18073,54115.0
18074,13888.2
18075,6075.0
18076,8479.4
18077,2393.0
18078,6434.0
18079,7007.4
18080,5179.0
18081,5602.4
18082,61085.6
18083,4417.0
18084,4548.0
18085,5199.6
18086,88643.6
18087,6863.0
18088,30350.0
18089,60508.0
18090,4606.4
18091,71497.8
18092,64715.6
18093,9417.8
18094,49505.2
18095,6096.8
18096,2805.0
18097,4898.0
18098,6657.2
18099,54575.4
18100,8337.6
18101,64540.0
18102,47586.0
18103,6531.8
18104,3440.8
18105,2360.0
18106,7958.0
18107,66303.0
18108,12206.6
18109,58106.8
18110,3811.6
18111,1714.0
18112,3096.0
18113,60978.0
18114,6211.8
18115,6956.6
18116,6502.0
18117,5649.4
18118,6115.2
18119,56128.0
18120,6442.8
18121,5322.0
18122,60601.0
18123,14120.0
18124,62725.4
18125,4036.4
18126,52287.0
18127,49146.8
18128,47449.0
18129,1998.0
18130,9895.0
18131,49725.0
18132,4553.8
18133,34916.4
18134,1778.0
18135,50787.4
18136,54608.0
18137,4547.0
18138,59548.2
18139,6184.6
18140,59879.4
18141,62840.8
18142,57796.2
18143,4000.0
18144,5018.2
18145,4811.6
18146,6173.2
18147,3293.0
18148,60508.0
18149,7488.0
18150,5772.0
18151,55184.6
18152,45257.0
18153,6015.0
18154,50271.0
18155,45883.0
18156,3412.6
18157,7151.8
18158,60843.8
18159,15806.2
18160,8247.4
18161,59791.0
18162,11246.6
18163,4058.2
18164,7487.0
18165,5646.4
18166,14251.8
18167,42457.0
18168,3999.0
18169,7007.4
18170,13418.6
18171,9283.8
18172,6281.8
18173,60406.4
18174,53363.0
18175,8112.0
18176,55138.6
18177,4279.6
18178,1694.0
18179,17667.0
18180,50726.4
18181,65996.2
18182,6165.8
18183,5360.8
18184,4111.0
18185,4105.4
18186,61750.4
18187,11538.4
18188,60508.0
18189,63532.0
18190,3163.4
18191,4531.0
18192,14367.6
18193,71599.4
18194,5888.0
18195,48398.8
18196,66565.0
18197,10113.0
18198,54684.0
18199,12076.6
18200,3797.6
18201,4615.0
18202,4755.0
18203,83047.2
18204,3020.4
18205,54684.0
18206,50063.4
18207,42521.0
18208,2871.8
18209,6219.8
18210,5942.0
18211,56431.4
18212,47257.4
18213,68285.2
18214,5949.0
18215,7365.6
18216,8160.2
18217,5892.0
18218,51201.2
18219,6273.0
18220,4879.8
18221,2611.4
18222,6144.2
18223,7497.0
18224,6493.0
18225,57117.0
18226,6027.0
18227,67488.2
18228,5761.0
18229,55737.0
18230,7066.8
18231,5384.4
18232,5944.8
18233,7075.2
18234,55737.0
18235,12948.0
18236,6414.6
18237,45230.0
18238,52229.4
18239,56588.0
18240,70479.4
18241,64316.0
18242,6030.8
18243,55983.0
18244,43015.0
18245,65832.6
18246,5845.6
18247,51595.0
18248,6578.0
18249,52175.0
18250,50600.0
18251,73114.8
18252,58932.8
18253,4764.0
18254,4799.8
18255,13962.0
18256,3269.0
18257,11845.6
18258,3519.0
18259,4008.2
18260,60508.0
18261,3607.8
18262,3843.6
18263,5838.2
18264,6414.6
18265,6102.0
18266,65629.0
18267,7897.6
18268,43392.6
18269,7057.8
18270,1776.0
18271,6429.4
18272,44280.0
18273,57393.0
18274,5174.0
18275,37832.0
18276,3330.0
18277,1694.0
18278,49833.0
18279,54481.0
18280,6630.4
18281,2410.0
18282,6916.0
18283,4940.8
18284,6160.2
18285,6578.0
18286,44280.0
18287,86447.8
18288,6398.0
18289,6188.2
18290,6398.0
18291,53949.6
18292,4067.2
18293,65682.2
18294,71787.4
18295,49886.2
18296,5110.0
18297,61264.8
18298,5954.0
18299,5700.0
18300,7387.8
18301,47015.6
18302,6324.0
18303,6043.8
18304,10076.8
18305,4683.4
18306,68594.4
18307,6098.4
18308,2575.0
18309,6395.0
18310,8055.8
18311,3551.0
18312,12742.6
18313,7596.6
18314,4067.8
18315,50590.4
18316,22152.0
18317,8111.8
18318,5414.4
18319,4727.2
18320,8856.6
18321,45185.0
18322,58614.4
18323,5708.2
18324,42555.8
18325,68597.4
18326,5441.0
18327,2266.8
18328,4827.0
18329,38426.2
18330,5003.0
18331,11560.2
18332,13421.6
18333,5204.2
18334,5322.0
18335,5163.0
18336,52063.0
18337,7886.2
18338,1977.0
18339,5113.0
18340,4576.6
18341,5357.4
18342,49853.8
18343,2336.0
18344,5967.2
18345,10211.8
18346,6061.6
18347,10805.6
18348,4502.0
18349,8019.6
18350,7425.0
18351,13109.6
18352,3393.0
18353,51673.4
18354,3393.0
18355,38254.0
18356,4454.0
18357,4165.0
18358,5172.2
18359,6047.2
18360,6889.2
18361,5445.2
18362,5323.0
18363,6985.0
18364,59332.0
18365,13996.8
18366,7306.6
18367,55983.0
18368,9309.4
18369,3663.8
18370,3556.2
18371,62331.6
18372,7393.0
18373,7332.8
18374,58238.4
18375,6489.0
18376,8109.4
18377,62763.8
18378,54896.0
18379,5928.2
18380,54684.0
18381,5441.0
18382,6028.6
18383,14263.2
18384,7764.4
18385,7864.8
18386,6568.0
18387,2572.2
18388,6547.4
18389,45883.0
18390,5823.0
18391,8136.0
18392,3072.0
18393,8183.8
18394,5728.8
18395,4500.0
18396,6095.0
18397,65037.6
18398,61735.6
18399,13021.4
18400,4176.6
18401,6513.0
18402,5539.0
18403,6067.0
18404,64185.0
18405,4391.2
18406,44144.0
18407,11371.4
18408,7296.0
18409,57249.2
18410,53855.0
18411,59155.4
18412,55856.6
18413,3096.0
18414,63568.0
18415,4496.0
18416,53164.0
18417,6206.0
18418,51345.0
18419,45883.0
18420,16766.2
18421,9652.0
18422,3339.0
18423,57393.0
18424,9343.0
18425,1105.0
18426,3651.6
18427,6365.6
18428,51225.4
18429,2723.0
18430,6067.0
18431,6314.0
18432,7958.0
18433,7107.0
18434,9051.0
18435,3253.2
18436,6392.2
18437,8564.2
18438,11104.8
18439,65888.8
18440,5588.0
18441,3245.4
18442,60049.0
18443,4797.0
18444,56196.2
18445,4656.0
18446,54684.0
18447,6982.8
18448,3862.0
18449,3843.6
18450,3988.0
18451,52992.0
18452,3702.0
18453,2339.0
18454,4551.0
18455,10134.0
18456,5757.6
18457,11066.2
18458,60396.0
18459,55983.0
18460,18569.0
18461,25000.0
18462,18253.2
18463,61399.6
18464,57148.0
18465,61317.8
18466,65167.0
18467,12543.6
18468,2339.0
18469,46829.8
18470,2074.0
18471,50726.4
18472,25576.4
18473,5425.2
18474,13788.2
18475,72321.8
18476,5636.8
18477,53583.4
18478,6901.2
18479,6633.0
18480,3658.6
18481,5106.0
18482,54541.0
18483,58348.8
18484,9686.2
18485,6521.4
18486,50271.0
18487,37985.0
18488,61457.8
18489,4511.8
18490,4012.0
18491,6186.0
18492,6351.0
18493,5440.6
18494,79468.8
18495,2846.4
18496,6388.0
18497,12619.0
18498,56590.0
18499,59257.0
18500,7375.6
18501,41650.0
18502,10925.2
18503,53209.0
18504,5462.2
18505,1830.0
18506,4229.0
18507,5026.2
18508,6953.0
18509,5438.8
18510,4500.0
18511,5881.0
18512,2586.0
18513,60945.0
18514,5692.6
18515,50664.4
18516,6616.4
18517,4821.2
18518,4499.0
18519,3858.6
18520,4452.0
18521,4755.0
18522,6734.6
18523,53949.6
18524,20684.0
18525,3930.6
18526,3941.8
18527,57081.0
18528,12862.6
18529,5895.0
18530,45070.6
18531,54660.6
18532,8432.0
18533,7397.2
18534,66760.0
18535,4658.0
18536,4545.0
18537,3457.0
18538,8599.8
18539,35930.6
18540,15957.6
18541,4590.0
18542,4496.0
18543,10765.0
18544,6147.0
18545,4589.6
18546,57880.4
18547,2410.0
18548,4550.2
18549,5764.2
18550,4417.0
18551,56579.4
18552,5316.0
18553,68826.2
18554,7093.2
18555,7446.0
18556,60862.0
18557,3064.0
18558,59239.8
18559,6590.0
18560,7161.4
18561,10115.6
18562,4303.4
18563,6371.6
18564,4499.0
18565,6126.8
18566,6646.6
18567,60396.0
18568,4879.4
18569,1443.0
18570,9283.8
18571,4819.4
18572,7155.8
18573,5481.2
18574,6364.0
18575,23838.0
18576,48359.4
18577,4134.0
18578,2993.2
18579,8498.4
18580,39847.0
18581,9554.4
18582,42993.4
18583,57117.0
18584,12230.2
18585,59685.8
18586,45657.0
18587,6590.8
18588,47953.0
18589,59457.6
18590,6296.0
18591,2126.0
18592,55763.4
18593,61869.8
18594,6082.0
18595,5973.8
18596,54541.0
18597,5235.6
18598,42447.8
18599,2797.2
18600,45995.2
18601,71196.2
18602,70009.0
18603,2629.0
18604,81433.0
18605,50641.6
18606,3850.2
18607,1755.0
18608,3448.6
18609,12350.0
18610,3169.4
18611,4349.2
18612,27864.0
18613,2871.8
18614,64540.0
18615,37358.6
18616,52377.0
18617,7283.2
18618,5168.2
18619,5102.0
18620,6290.4
18621,5530.2
18622,49260.8
18623,47949.0
18624,31560.0
18625,7617.8
18626,5643.0
18627,3486.4
18628,44230.8
18629,6228.6
18630,60260.0
18631,8243.6
18632,64383.0
18633,5102.0
18634,4433.2
18635,53216.0
18636,64912.0
18637,61751.6
18638,2736.8
18639,5206.0
18640,6863.6
18641,38608.0
18642,58017.0
18643,55967.0
18644,65062.8
18645,8903.0
18646,51705.0
18647,12083.0
18648,54684.0
18649,4452.0
18650,43754.4
18651,6375.0
18652,66108.0
18653,1776.0
18654,37257.2
18655,13611.0
18656,13688.0
18657,8435.2
18658,60847.4
18659,41064.0
18660,3589.8
18661,41354.6
18662,9890.0
18663,5530.4
18664,14952.2
18665,44144.0
18666,6067.0
18667,9567.8
18668,67645.0
18669,13209.4
18670,10922.8
18671,65495.6
18672,4499.0
18673,42078.0
18674,8756.0
18675,54992.2
18676,2327.0
18677,13168.8
18678,69288.8
18679,5929.8
18680,47385.0
18681,57920.0
18682,5290.2
18683,3334.0
18684,3999.0
18685,64655.4
18686,49849.0
18687,5769.0
18688,4046.0
18689,64113.0
18690,59104.6
18691,12707.0
18692,57718.4
18693,4487.0
18694,6055.0
18695,66301.0
18696,5549.0
18697,39127.4
18698,7993.2
18699,56884.4
18700,44025.0
18701,4969.8
18702,7474.8
18703,11783.4
18704,5061.0
18705,45726.6
18706,4961.4
18707,55414.8
18708,7107.2
18709,5289.0
18710,11906.6
18711,4637.0
18712,6552.6
18713,60485.4
18714,6204.4
18715,6214.6
18716,56386.8
18717,11632.2
18718,4727.4
18719,2112.6
18720,5037.0
18721,4076.6
18722,55138.6
18723,5618.6
18724,56476.0
18725,47503.2
18726,10744.0
18727,13441.0
18728,52511.4
18729,2878.4
18730,57796.2
18731,7741.8
18732,60631.0
18733,3711.6
18734,2602.0
18735,3802.0
18736,1965.6
18737,75027.6
18738,64823.2
18739,6389.2
18740,15699.0
18741,4951.8
18742,24234.0
18743,6587.0
18744,7949.8
18745,5297.2
18746,5464.0
18747,2339.0
18748,41064.0
18749,5676.2
18750,7013.6
18751,5567.0
18752,4618.0
18753,32630.4
18754,45883.0
18755,60508.0
18756,5881.0
18757,5327.2
18758,5739.4
18759,2901.0
18760,33729.2
18761,5991.0
18762,54684.0
18763,4795.0
18764,51372.0
18765,7192.0
18766,50898.2
18767,53813.6
18768,11266.8
18769,9496.8
18770,9344.4
18771,58513.0
18772,6287.0
18773,5566.4
18774,5901.4
18775,6502.0
18776,32859.0
18777,6967.4
18778,5418.0
18779,5632.0
18780,11825.8
18781,31100.0
18782,54684.0
18783,6365.0
18784,4881.6
18785,6132.0
18786,5867.2
18787,5817.0
18788,4661.8
18789,5101.0
18790,6321.0
18791,4377.4
18792,10736.0
18793,54575.4
18794,36298.6
18795,57117.2
18796,9368.6
18797,5364.8
18798,45257.0
18799,39168.4
18800,7488.0
18801,5708.0
18802,4988.8
18803,3088.0
18804,57933.4
18805,4252.8
18806,2477.0
18807,69244.0
18808,6691.2
18809,6171.2
18810,55967.0
18811,51707.0
18812,4688.2
18813,12197.2
18814,6488.0
18815,2056.0
18816,55864.4
18817,55377.0
18818,13030.8
18819,3897.6
18820,53813.6
18821,4385.0
18822,6015.0
18823,15858.8
18824,56534.2
18825,5360.8
18826,6632.0
18827,2339.0
18828,4414.8
18829,5746.6
18830,11082.2
18831,4815.6
18832,5353.4
18833,4500.0
18834,1998.0
18835,4348.2
18836,14082.0
18837,49613.0
18838,5168.0
18839,45603.0
18840,6603.6
18841,4500.0
18842,5491.0
18843,58671.0
18844,5949.0
18845,22152.0
18846,6143.8
18847,50038.2
18848,54608.0
18849,5417.6
18850,6913.2
18851,4672.0
18852,3316.0
18853,2510.4
18854,17604.0
18855,7412.0
18856,60396.0
18857,2619.0
18858,4453.0
18859,54684.0
18860,49553.0
18861,2525.0
18862,6178.6
18863,7375.6
18864,5823.0
18865,5215.8
18866,3657.8
18867,49521.6
18868,11866.0
18869,5127.2
18870,49725.0
18871,5133.4
18872,6928.6
18873,5954.0
18874,4915.4
18875,7448.4
18876,4150.0
18877,6861.0
18878,1714.0
18879,6324.6
18880,16628.8
18881,3528.4
18882,60148.2
18883,2336.0
18884,53420.6
18885,54896.0
18886,8716.6
18887,5206.0
18888,6151.0
18889,38968.6
18890,67354.4
18891,64144.8
18892,15305.0
18893,67376.0
18894,3393.0
18895,44144.0
18896,6067.0
18897,55983.0
18898,2755.8
18899,4059.6
18900,61926.4
18901,6374.4
18902,4899.6
18903,6067.0
18904,47449.0
18905,4372.4
18906,50954.2
18907,5266.2
18908,4219.2
18909,4720.8
18910,3000.0
18911,4288.2
18912,41922.2
18913,6395.0
18914,60799.0
18915,5876.8
18916,10164.2
18917,4496.0
18918,15610.2
18919,47449.0
18920,4531.0
18921,53064.0
18922,34460.0
18923,12061.4
18924,66108.0
18925,5857.0
18926,12985.8
18927,4979.0
18928,5358.4
18929,6067.0
18930,8690.8
18931,10277.6
18932,3090.0
18933,7949.4
18934,4454.0
18935,7353.0
18936,3961.0
18937,3791.8
18938,12720.4
18939,4170.0
18940,50271.0
18941,5849.0
18942,55983.0
18943,5392.6
18944,3020.6
18945,42315.8
18946,5953.0
18947,10227.2
18948,3959.6
18949,41314.0
18950,53072.2
18951,46710.4
18952,59469.0
18953,8730.2
18954,58819.4
18955,5991.0
18956,59239.8
18957,2464.0
18958,4575.0
18959,5892.0
18960,54325.8
18961,3876.0
18962,14629.4
18963,41354.6
18964,6410.2
18965,2979.4
18966,4661.2
18967,8520.4
18968,7088.6
18969,6803.4
18970,4058.6
18971,13758.2
18972,7007.6
18973,12096.2
18974,11542.8
18975,7867.6
18976,4096.6
18977,14341.0
18978,2836.0
18979,7352.0
18980,13301.4
18981,62248.0
18982,53813.6
18983,54684.0
18984,5837.0
18985,4551.0
18986,4500.0
18987,4923.4
18988,40789.0
18989,54191.0
18990,10844.4
18991,7248.0
18992,5954.0
18993,3390.0
18994,4165.0
18995,4230.0
18996,4277.8
18997,4427.2
18998,8042.0
18999,45368.2
19000,4608.0
19001,45693.0
19002,2460.6
19003,55377.0
19004,49378.4
19005,6179.0
19006,3014.0
19007,6631.0
19008,6100.6
19009,44209.8
19010,61977.8
19011,49171.2
19012,5836.0
19013,71244.6
19014,3723.8
19015,1449.4
19016,64040.6
19017,53949.6
19018,3971.0
19019,6898.6
19020,6131.0
19021,7635.4
19022,4900.4
19023,49613.0
19024,6609.2
19025,75090.2
19026,6358.0
19027,5888.0
19028,44707.6
19029,56945.0
19030,17683.6
19031,70153.8
19032,41314.0
19033,6163.4
19034,2812.0
19035,38065.8
19036,2586.4
19037,7602.8
19038,6587.0
19039,54896.0
19040,15099.0
19041,3228.8
19042,13108.2
19043,6001.2
19044,12293.6
19045,65893.0
19046,44144.0
19047,3772.0
19048,44944.8
19049,4230.0
19050,2477.0
19051,4028.0
19052,43865.0
19053,2715.6
19054,12166.0
19055,54608.0
19056,4167.6
19057,6053.0
19058,6469.6
19059,1788.0
19060,6437.0
19061,10214.2
19062,2150.0
19063,4860.2
19064,47217.0
19065,7654.4
19066,5053.0
19067,60786.0
19068,5869.2
19069,13002.0
19070,60508.0
19071,54885.4
19072,4052.8
19073,5322.0
19074,60137.6
19075,38874.0
19076,8760.2
19077,4263.0
19078,53813.6
19079,9294.8
19080,49725.0
19081,27864.0
19082,45143.8
19083,6450.0
19084,14986.6
19085,75360.4
19086,5607.0
19087,9410.8
19088,59165.2
19089,65167.0
19090,50823.2
19091,6838.4
19092,71049.8
19093,5363.2
19094,3617.4
19095,4988.2
19096,5613.4
19097,3076.6
19098,5949.0
19099,51817.0
19100,54553.0
19101,55138.6
19102,8810.8
19103,44405.0
19104,4553.2
19105,6565.8
19106,5810.2
19107,4099.0
19108,20000.0
19109,12567.6
19110,8693.2
19111,40497.8
19112,56333.0
19113,3114.4
19114,3865.0
19115,10315.0
19116,2032.0
19117,74992.2
19118,8049.4
19119,5655.0
19120,5005.6
19121,15352.2
19122,23898.0
19123,5632.0
19124,4154.4
19125,63568.0
19126,11258.4
19127,6437.0
19128,13146.0
19129,3150.0
19130,60508.0
19131,53512.0
19132,6109.0
19133,4676.2
19134,5196.6
19135,58106.6
19136,6380.0
19137,3977.0
19138,2272.8
19139,4847.8
19140,55983.0
19141,56685.4
19142,50923.0
19143,3091.0
19144,4371.0
19145,65539.0
19146,13503.2
19147,5988.0
19148,29718.6
19149,58573.0
19150,27792.0
19151,53743.0
19152,55268.6
19153,8100.0
19154,16375.0
19155,60410.0
19156,4499.0
19157,9482.0
19158,44685.0
19159,4417.0
19160,4500.0
19161,55856.6
19162,55983.0
19163,38099.0
19164,50733.0
19165,11303.2
19166,6568.0
19167,50652.2
19168,4452.0
19169,5339.6
19170,16444.4
19171,6913.6
19172,4823.0
19173,1788.0
19174,3090.0
19175,60396.0
19176,7624.4
19177,8588.0
19178,5102.0
19179,7007.4
19180,75872.8
19181,58994.4
19182,13984.8
19183,63151.0
19184,5877.0
19185,2228.0
19186,13756.4
19187,4672.0
19188,4343.8
19189,4971.0
19190,5913.0
19191,7021.4
19192,8568.6
19193,17604.0
19194,29992.0
19195,5507.0
19196,9340.2
19197,5039.6
19198,5868.4
19199,13227.4
19200,6626.4
19201,80128.0
19202,4165.0
19203,4502.0
19204,4329.2
19205,6158.0
19206,9961.4
19207,4001.4
19208,7162.0
19209,53813.6
19210,5922.2
19211,12474.0
19212,49613.0
19213,49725.0
19214,2339.0
19215,4500.0
19216,3379.0
19217,4077.0
19218,4327.0
19219,5658.6
19220,37985.0
19221,7950.0
19222,11387.4
19223,2145.2
19224,54115.0
19225,5644.4
19226,38099.0
19227,3983.2
19228,5377.0
19229,4500.0
19230,6492.8
19231,6311.2
19232,6426.8
19233,5177.0
19234,55593.8
19235,64755.4
19236,5636.8
19237,7674.6
19238,1694.0
19239,12472.4
19240,52313.0
19241,56435.8
19242,60555.0
19243,48826.0
19244,48359.4
19245,4912.0
19246,5455.4
19247,18051.0
19248,6510.8
19249,6394.6
19250,79057.6
19251,4193.4
19252,59254.0
19253,5187.4
19254,47330.8
19255,8475.2
19256,46575.4
19257,51457.0
19258,11806.4
19259,4499.0
19260,8752.8
19261,7593.0
19262,11216.8
19263,51201.2
19264,7233.0
19265,5292.0
19266,4639.6
19267,54608.0
19268,57838.0
19269,58206.6
19270,10197.4
19271,7454.6
19272,7352.0
19273,4498.4
19274,10744.0
19275,4755.0
19276,59312.2
19277,11048.6
19278,10606.8
19279,4488.4
19280,48056.0
19281,7452.4
19282,5772.0
19283,5545.0
19284,3948.4
19285,3393.0
19286,7735.8
19287,4310.2
19288,5513.6
19289,3334.0
19290,3622.0
19291,5881.0
19292,56588.0
19293,41314.0
19294,3736.0
19295,49613.0
19296,6388.0
19297,6491.6
19298,14460.2
19299,54684.0
19300,6571.2
19301,5446.0
19302,8774.6
19303,10452.8
19304,4634.8
19305,46500.2
19306,7487.0
19307,5666.8
19308,5681.4
19309,14062.4
19310,7107.0
19311,5646.4
19312,3828.0
19313,68384.2
19314,3979.0
19315,6064.8
19316,5997.0
19317,5554.4
19318,3961.6
19319,9031.4
19320,60396.0
19321,66054.6
19322,4496.0
19323,6615.0
19324,7835.4
19325,28510.0
19326,11276.2
19327,9463.0
19328,70364.0
19329,5670.8
19330,37985.0
19331,69023.0
19332,8111.0
19333,15192.4
19334,70632.8
19335,65615.0
19336,61628.0
19337,2476.0
19338,11480.4
19339,8817.6
19340,45600.0
19341,2404.2
19342,10035.8
19343,5053.2
19344,50271.0
19345,5062.6
19346,7364.6
19347,7988.2
19348,4787.4
19349,62885.8
19350,56610.6
19351,11398.6
19352,9039.4
19353,4050.4
19354,3380.6
19355,2476.0
19356,45221.2
19357,14218.8
19358,57130.4
19359,5206.0
19360,2477.0
19361,6510.0
19362,5932.6
19363,5018.8
19364,50600.0
19365,2219.0
19366,49655.4
19367,3702.0
19368,54296.4
19369,3897.6
19370,60396.0
19371,44144.0
19372,9730.6
19373,6586.0
19374,2167.4
19375,3999.0
19376,46918.0
19377,23838.0
19378,2203.0
19379,45883.0
19380,10081.4
19381,5756.8
19382,59090.0
19383,4637.0
19384,3998.0
19385,6133.0
19386,32859.0
19387,6170.8
19388,5339.0
19389,7139.0
19390,14209.0
19391,9508.2
19392,4439.0
19393,49725.0
19394,57920.0
19395,60081.0
19396,12604.0
19397,5277.2
19398,55763.4
19399,15823.6
19400,13488.0
19401,4154.6
19402,5441.0
19403,52175.0
19404,6961.4
19405,7764.4
19406,4648.0
19407,8426.2
19408,5364.8
19409,4507.0
19410,4453.0
19411,1776.0
19412,2635.8
19413,46389.8
19414,5030.8
19415,5910.4
19416,44468.4
19417,6427.4
19418,6758.2
19419,3090.0
19420,44280.0
19421,3020.6
19422,3973.0
19423,53855.0
19424,4946.8
19425,10512.0
19426,13753.4
19427,4898.0
19428,45221.2
19429,5404.4
19430,62945.4
19431,55661.0
19432,12342.6
19433,2836.0
19434,9386.4
19435,57172.8
19436,55157.6
19437,7629.0
19438,37985.0
19439,4134.0
19440,6923.0
19441,5942.0
19442,64705.8
19443,7629.6
19444,10272.2
19445,52190.4
19446,60553.0
19447,4794.6
19448,8412.0
19449,4756.0
19450,6230.4
19451,6624.6
19452,4654.4
19453,4317.0
19454,23898.0
19455,2738.2
19456,56702.0
19457,3056.2
19458,6457.2
19459,9277.0
19460,4499.0
19461,50477.4
19462,3110.0
19463,46918.0
19464,5489.8
19465,5661.8
19466,6096.0
19467,54608.0
19468,5002.2
19469,41956.0
19470,6015.0
19471,5292.0
19472,5054.8
19473,43515.0
19474,45540.2
19475,3806.8
19476,3838.6
19477,5303.0
19478,49411.0
19479,5904.0
19480,4277.6
19481,47585.0
19482,60161.0
19483,55491.8
19484,8153.0
19485,11091.4
19486,57081.0
19487,2278.8
19488,2105.0
19489,51333.4
19490,6702.0
19491,1694.0
19492,1885.6
19493,3868.4
19494,56435.0
19495,46403.2
19496,13599.4
19497,7470.6
19498,8965.8
19499,7425.0
19500,58705.0
19501,2836.0
19502,7665.6
19503,15010.4
19504,2339.0
19505,44432.0
19506,2237.6
19507,7412.0
19508,7022.8
19509,6871.4
19510,85192.6
19511,16687.8
19512,54684.0
19513,4394.2
19514,7727.8
19515,5646.4
19516,41064.0
19517,17738.0
19518,7947.0
19519,6105.6
19520,4827.0
19521,7745.4
19522,61847.8
19523,10762.2
19524,4978.8
19525,79945.6
19526,11069.0
19527,11448.0
19528,6913.2
19529,65505.4
19530,3113.6
19531,4658.8
19532,61202.2
19533,6384.4
19534,46947.0
19535,6174.0
19536,73388.0
19537,10928.0
19538,44280.0
19539,5790.4
19540,3744.0
19541,6817.8
19542,4991.0
19543,6856.8
19544,14061.6
19545,5628.0
19546,6285.0
19547,2098.0
19548,60260.0
19549,36388.2
19550,4271.4
19551,48359.4
19552,52985.0
19553,4438.0
19554,63814.4
19555,4623.4
19556,56476.0
19557,45693.0
19558,24234.0
19559,11129.8
19560,9945.2
19561,4359.0
19562,3960.0
19563,4048.0
19564,5123.4
19565,3349.0
19566,60508.0
19567,43352.8
19568,13095.4
19569,3710.8
19570,54896.0
19571,3460.8
19572,5498.8
19573,13524.0
19574,3781.2
19575,55763.4
19576,5967.2
19577,4243.0
19578,3775.2
19579,2871.8
19580,48851.0
19581,71893.4
19582,55616.8
19583,63545.8
19584,7039.4
19585,7034.2
19586,9531.4
19587,3962.4
19588,58125.0
19589,2203.0
19590,4183.0
19591,6801.2
19592,63590.4
19593,11270.4
19594,8981.4
19595,11511.4
19596,3613.6
19597,11140.6
19598,6729.0
19599,54684.0
19600,55983.0
19601,61833.0
19602,3051.4
19603,4768.0
19604,2911.6
19605,4162.0
19606,4289.2
19607,7400.8
19608,6980.0
19609,59715.4
19610,7786.0
19611,3450.0
19612,6473.4
19613,10611.0
19614,47863.6
19615,6132.0
19616,4540.4
19617,48826.0
19618,2201.0
19619,53743.0
19620,6170.0
19621,4020.0
19622,47449.0
19623,5893.2
19624,5806.2
19625,5902.0
19626,45693.0
19627,5953.4
19628,73114.0
19629,2842.2
19630,45422.4
19631,7118.0
19632,7143.2
19633,4037.6
19634,5360.8
19635,2584.4
19636,46981.8
19637,7864.8
19638,4610.6
19639,6450.0
19640,52772.0
19641,55661.0
19642,16707.2
19643,9725.6
19644,3682.6
19645,38159.8
19646,65182.4
19647,15645.0
19648,6987.0
19649,8848.0
19650,80504.8
19651,4277.2
19652,5305.6
19653,4060.8
19654,13043.8
19655,57501.6
19656,5041.0
19657,66694.8
19658,61135.0
19659,3668.8
19660,60073.4
19661,6319.0
19662,40938.4
19663,4141.0
19664,5232.2
19665,54787.4
19666,6009.0
19667,6204.4
19668,56333.0
19669,10207.0
19670,55691.8
19671,57902.8
19672,60260.0
19673,55983.0
19674,44470.0
19675,5102.0
19676,4090.0
19677,4496.0
19678,3801.0
19679,6497.8
19680,3623.8
19681,5705.8
19682,8537.4
19683,5269.8
19684,1714.0
19685,56702.0
19686,73406.2
19687,11205.0
19688,9903.2
19689,4533.6
19690,7344.2
19691,9816.0
19692,4252.6
19693,4760.2
19694,7584.0
19695,3357.0
19696,7584.0
19697,7490.6
19698,5566.2
19699,5862.4
19700,5949.0
19701,7449.8
19702,4821.2
19703,5716.0
19704,2625.0
19705,1443.0
19706,54508.2
19707,5556.2
19708,5205.0
19709,4734.6
19710,10384.0
19711,67734.6
19712,6750.0
19713,4501.0
19714,7584.0
19715,5854.6
19716,11129.0
19717,9277.0
19718,59951.4
19719,5549.0
19720,49553.0
19721,3090.0
19722,22140.0
19723,3528.6
19724,11411.8
19725,5954.0
19726,6916.6
19727,12390.0
19728,4606.4
19729,6522.8
19730,17794.0
19731,12747.0
19732,3226.6
19733,27864.0
19734,4978.0
19735,6171.6
19736,56109.0
19737,4501.0
19738,5866.8
19739,6077.8
19740,57903.0
19741,7480.4
19742,23898.0
19743,6053.0
19744,6460.8
19745,4501.0
19746,24122.0
19747,67824.0
19748,6132.0
19749,2614.0
19750,10033.0
19751,55502.0
19752,6489.2
19753,10967.0
19754,71191.6
19755,53049.0
19756,51853.0
19757,2091.0
19758,4431.4
19759,4277.2
19760,5889.4
19761,5081.6
19762,6156.6
19763,61135.0
19764,27792.0
19765,4500.0
19766,6228.4
19767,5485.4
19768,12338.2
19769,6044.0
19770,4261.2
19771,5464.0
19772,3126.6
19773,5037.0
19774,10176.2
19775,6082.0
19776,8023.2
19777,7053.0
19778,60378.0
19779,8043.0
19780,48279.4
19781,4916.2
19782,10005.8
19783,4769.0
19784,51839.2
19785,5943.0
19786,2556.0
19787,3268.0
19788,2539.0
19789,22140.0
19790,5860.0
19791,9119.0
19792,71901.8
19793,57031.6
19794,32630.4
19795,4656.6
19796,3535.4
19797,5972.0
19798,11713.8
19799,5007.6
19800,16183.0
19801,5102.0
19802,75078.0
19803,5666.6
19804,62645.0
19805,8588.2
19806,52287.0
19807,4724.4
19808,7344.6
19809,7743.8
19810,3814.0
19811,6171.2
19812,4361.6
19813,44149.2
19814,4455.8
19815,4028.0
19816,6630.8
19817,4209.0
19818,3483.0
19819,4827.0
19820,5085.2
19821,2410.0
19822,42521.0
19823,5331.4
19824,3862.0
19825,2402.6
19826,8748.2
19827,11971.8
19828,5223.0
19829,49905.0
19830,57017.0
19831,5701.2
19832,54608.0
19833,5267.6
19834,6966.0
19835,3393.0
19836,63075.4
19837,6781.0
19838,58216.0
19839,5647.6
19840,3432.6
19841,6262.0
19842,12341.4
19843,4589.0
19844,54684.0
19845,4496.0
19846,4193.8
19847,7359.0
19848,5949.0
19849,45257.0
19850,51457.0
19851,51707.0
19852,7352.0
19853,45436.0
19854,2056.0
19855,50271.0
19856,12800.2
19857,2564.2
19858,4969.8
19859,2201.0
19860,22140.0
19861,5347.0
19862,6488.0
19863,52175.0
19864,4457.0
19865,5142.8
19866,4000.0
19867,48576.6
19868,4458.8
19869,78312.0
19870,62045.0
19871,9201.0
19872,6242.0
19873,4519.4
19874,5122.0
19875,3999.0
19876,63915.0
19877,58841.8
19878,11140.8
19879,37505.8
19880,4634.8
19881,13227.2
19882,1714.0
19883,65081.0
19884,13138.0
19885,56128.0
19886,9141.8
19887,5165.8
19888,10787.6
19889,43627.8
19890,7648.2
19891,5046.0
19892,6255.4
19893,10374.0
19894,53647.6
19895,4658.0
19896,9028.2
19897,4756.0
19898,4645.8
19899,61485.0
19900,52175.0
19901,4286.2
19902,28510.0
19903,10651.8
19904,29544.0
19905,7114.8
19906,50777.4
19907,56953.8
19908,51117.0
19909,3866.4
19910,23944.0
19911,6099.6
19912,41127.6
19913,70127.0
19914,52287.0
19915,12453.0
19916,10018.0
19917,3633.0
19918,24122.0
19919,58462.4
19920,3635.8
19921,4120.2
19922,5164.2
19923,52693.8
19924,5955.0
19925,1443.0
19926,69130.6
19927,65951.4
19928,4618.2
19929,7285.4
19930,5441.0
19931,14885.2
19932,2480.0
19933,50271.0
19934,10333.0
19935,61301.0
19936,4637.0
19937,4767.0
19938,37526.0
19939,52262.4
19940,2193.2
19941,74970.6
19942,3572.0
19943,7239.4
19944,5322.0
19945,6885.2
19946,55403.6
19947,4208.8
19948,8872.2
19949,6191.4
19950,54896.0
19951,6213.8
19952,4015.6
19953,42848.0
19954,41548.4
19955,53421.0
19956,1996.0
19957,2680.4
19958,36893.8
19959,52772.0
19960,13788.0
19961,50038.2
19962,5658.4
19963,12674.4
19964,4755.0
19965,11205.0
19966,10210.0
19967,4827.0
19968,50939.2
19969,42521.0
19970,54406.6
19971,57081.0
19972,6052.6
19973,4700.6
19974,1543.0
19975,50110.6
19976,54882.8
19977,2603.0
19978,5952.4
19979,2228.0
19980,5991.0
19981,4617.0
19982,5102.0
19983,2476.0
19984,11504.8
19985,18136.0
19986,51249.0
19987,3820.0
19988,16777.8
19989,7148.6
19990,55480.2
19991,4348.0
19992,73133.8
19993,4462.8
19994,32859.0
19995,20000.0
19996,45143.8
19997,12507.8
19998,5841.0
19999,8433.6
20000,54684.0
20001,8106.6
20002,4562.6
20003,8536.6
20004,49179.6
20005,11385.6
20006,44144.0
20007,55377.0
20008,58819.4
20009,6985.0
20010,3516.4
20011,67072.4
20012,64912.0
20013,4203.8
20014,5126.0
20015,9265.6
20016,36578.2
20017,6395.0
20018,4768.0
20019,10661.6
20020,8033.6
20021,3342.0
20022,71878.6
20023,3853.2
20024,51707.0
20025,11129.0
20026,2700.0
20027,40049.6
20028,6895.6
20029,10422.8
20030,10169.4
20031,6620.0
20032,49553.0
20033,56673.4
20034,10855.4
20035,55047.6
20036,4789.8
20037,5695.2
20038,4023.2
20039,3928.6
20040,16038.0
20041,2124.0
20042,5727.6
20043,62829.0
20044,6132.0
20045,5949.0
20046,5636.8
20047,44144.0
20048,6274.2
20049,7954.4
20050,5490.8
20051,66077.0
20052,45257.0
20053,5567.2
20054,39332.2
20055,55625.0
20056,4576.0
20057,45883.0
20058,55871.4
20059,8112.0
20060,57005.0
20061,59435.4
20062,4842.6
20063,6244.6
20064,1714.0
20065,7044.2
20066,61003.0
20067,13406.0
20068,41652.0
20069,54093.0
20070,5654.0
20071,44685.0
20072,52287.0
20073,10380.6
20074,49853.8
20075,53197.0
20076,10216.6
20077,5548.0
20078,63737.0
20079,56590.0
20080,56588.0
20081,3342.0
20082,27792.0
20083,6622.0
20084,10076.4
20085,4503.4
20086,3199.8
20087,4509.0
20088,5474.6
20089,52615.6
20090,57536.6
20091,4656.0
20092,14653.4
20093,45693.0
20094,53653.2
20095,58747.4
20096,65305.0
20097,55983.0
20098,4414.6
20099,4301.8
20100,60396.0
20101,22140.0
20102,4810.4
20103,51237.8
20104,5242.2
20105,72850.6
20106,5075.2
20107,8403.6
20108,5670.0
20109,7162.0
20110,4851.0
20111,2410.0
20112,4042.0
20113,3071.6
20114,6572.4
20115,7790.8
20116,6676.6
20117,12754.4
20118,49553.0
20119,6324.0
20120,4501.0
20121,45422.4
20122,7626.2
20123,4970.0
20124,70658.6
20125,5997.0
20126,66264.6
20127,3901.0
20128,54560.0
20129,4385.0
20130,5582.4
20131,49553.0
20132,57441.4
20133,51943.4
20134,5525.8
20135,46769.0
20136,56588.0
20137,3928.0
20138,1694.0
20139,3915.6
20140,6292.2
20141,3862.0
20142,44280.0
20143,6139.8
20144,3965.6
20145,32859.0
20146,5157.6
20147,5519.6
20148,7218.0
20149,62387.4
20150,4727.2
20151,49613.0
20152,4272.0
20153,2821.0
20154,5172.8
20155,7436.4
20156,62694.4
20157,7691.4
20158,60732.2
20159,13230.4
20160,13989.2
20161,31982.0
20162,5242.2
20163,5625.0
20164,3450.0
20165,11664.6
20166,2369.8
20167,9206.0
20168,4564.0
20169,54955.0
20170,58116.0
20171,9686.2
20172,3578.8
20173,5643.6
20174,15024.6
20175,13719.6
20176,4000.0
20177,52063.0
20178,2339.0
20179,11796.4
20180,5274.4
20181,55300.2
20182,55311.4
20183,8693.2
20184,54809.4
20185,7677.0
20186,5102.0
20187,8041.4
20188,3677.0
20189,75768.8
20190,2736.4
20191,35554.0
20192,67508.2
20193,60006.6
20194,6000.2
20195,4779.4
20196,5001.6
20197,2410.0
20198,5360.8
20199,57775.4
20200,13821.8
20201,2074.0
20202,4498.0
20203,48170.4
20204,5949.0
20205,2201.0
20206,9413.2
20207,2105.0
20208,56476.0
20209,6461.0
20210,3481.0
20211,7595.4
20212,9394.6
20213,5304.6
20214,45426.2
20215,31982.0
20216,5817.0
20217,4819.4
20218,10039.2
20219,10192.2
20220,68684.0
20221,53645.0
20222,8230.0
20223,4361.6
20224,5964.8
20225,3570.2
20226,3923.2
20227,6699.2
20228,41269.0
20229,5235.4
20230,4293.8
20231,6560.6
20232,4711.0
20233,23838.0
20234,3664.2
20235,5543.4
20236,2992.2
20237,3846.2
20238,4683.0
20239,2167.4
20240,5503.4
20241,72461.0
20242,20426.8
20243,2265.8
20244,9976.6
20245,12356.2
20246,3999.0
20247,8800.2
20248,8450.6
20249,4479.4
20250,51595.0
20251,10208.4
20252,11184.0
20253,2496.8
20254,4553.2
20255,12138.6
20256,11688.0
20257,5677.8
20258,4328.8
20259,4162.0
20260,48101.2
20261,2990.2
20262,5552.8
20263,5545.2
20264,58400.2
20265,6711.4
20266,7297.4
20267,75575.2
20268,52143.8
20269,63087.6
20270,11760.0
20271,4020.6
20272,5102.0
20273,5438.8
20274,7519.8
20275,2174.0
20276,5417.8
20277,5236.0
20278,9450.0
20279,46632.0
20280,6370.0
20281,3393.0
20282,7833.2
20283,2091.4
20284,57912.2
20285,15510.0
20286,3092.4
20287,6510.2
20288,9225.8
20289,6398.6
20290,3275.4
20291,6694.0
20292,41752.4
20293,4162.0
20294,45185.0
20295,62993.0
20296,4512.4
20297,70699.8
20298,6931.8
20299,4349.6
20300,4556.0
20301,5524.2
20302,10769.6
20303,34460.0
20304,59825.0
20305,9056.0
20306,6599.6
20307,2939.6
20308,61982.0
20309,3382.2
20310,5539.4
20311,3471.4
20312,6648.4
20313,3393.0
20314,7861.8
20315,6408.0
20316,44144.0
20317,7613.4
20318,6502.0
20319,11539.6
20320,8785.0
20321,3941.4
20322,33083.0
20323,57216.8
20324,3714.4
20325,44280.0
20326,8491.4
20327,7228.6
20328,8557.8
20329,37517.8
20330,6032.0
20331,4939.0
20332,49725.0
20333,10380.8
20334,5359.6
20335,8122.0
20336,47281.2
20337,60978.0
20338,4585.2
20339,4400.6
20340,54608.0
20341,37526.0
20342,3613.0
20343,7957.0
20344,4496.0
20345,5140.8
20346,38099.0
20347,11463.4
20348,32859.0
20349,5177.0
20350,16641.0
20351,54571.8
20352,2339.0
20353,6655.2
20354,7352.0
20355,49913.0
20356,6071.0
20357,53164.0
20358,4672.0
20359,2930.4
20360,49725.0
20361,6197.2
20362,5282.2
20363,4137.2
20364,4694.0
20365,4315.6
20366,4858.0
20367,51457.0
20368,4389.8
20369,20684.0
20370,11336.8
20371,1890.0
20372,6280.2
20373,12578.0
20374,2940.0
20375,5493.8
20376,3113.6
20377,3764.4
20378,6461.0
20379,4793.8
20380,4901.4
20381,57005.0
20382,57536.6
20383,4275.0
20384,5942.0
20385,2437.0
20386,4001.0
20387,6163.6
20388,7947.0
20389,6395.0
20390,7434.0
20391,8936.4
20392,54890.0
20393,13101.2
20394,8014.0
20395,5441.0
20396,7040.2
20397,4956.2
20398,4897.4
20399,46829.8
20400,3591.4
20401,6878.4
20402,7743.8
20403,5691.4
20404,6249.0
20405,60253.0
20406,11164.6
20407,3998.0
20408,10312.6
20409,1551.0
20410,6325.6
20411,11013.4
20412,2522.0
20413,57174.8
20414,4131.4
20415,58039.6
20416,5968.4
20417,71375.4
20418,8558.2
20419,4973.0
20420,3814.2
20421,5574.0
20422,57933.6
20423,51707.0
20424,56673.4
20425,4491.0
20426,6212.8
20427,4687.0
20428,3831.6
20429,1996.0
20430,3865.0
20431,5452.2
20432,4755.0
20433,54919.4
20434,9904.0
20435,18480.0
20436,2899.8
20437,7950.0
20438,63680.2
20439,7464.8
20440,10081.4
20441,59612.0
20442,62381.0
20443,3979.0
20444,3450.0
20445,7380.8
20446,59239.8
20447,20684.0
20448,4111.0
20449,54337.0
20450,5106.4
20451,54191.0
20452,2477.0
20453,3923.0
20454,5123.2
20455,45693.0
20456,2513.8
20457,8034.0
20458,6432.4
20459,65081.0
20460,2007.2
20461,4993.0
20462,45883.0
20463,6012.0
20464,6158.0
20465,14385.0
20466,60471.0
20467,4929.0
20468,6306.0
20469,14049.0
20470,10281.0
20471,57396.6
20472,49553.0
20473,57501.6
20474,66027.4
20475,28188.0
20476,1714.0
20477,6985.0
20478,49553.0
20479,7550.8
20480,9135.0
20481,7359.6
20482,50248.4
20483,7857.0
20484,43732.0
20485,61106.0
20486,4924.0
20487,2836.0
20488,7364.6
20489,6045.4
20490,5507.0
20491,58671.4
20492,7704.0
20493,65212.0
20494,4653.4
20495,10496.6
20496,12383.0
20497,6807.6
20498,4371.2
20499,45908.0
20500,5449.2
20501,6432.4
20502,10821.4
20503,6646.2
20504,3999.0
20505,27976.0
20506,5129.2
20507,58039.6
20508,9541.4
20509,57703.6
20510,5892.0
20511,6568.0
20512,5156.8
20513,6335.2
20514,4257.0
20515,58671.4
20516,56431.4
20517,3000.0
20518,43000.4
20519,11240.6
20520,12256.6
20521,6568.0
20522,56590.0
20523,7185.6
20524,6296.0
20525,5802.4
20526,5227.0
20527,67944.6
20528,32859.0
20529,8868.2
20530,4632.4
20531,3655.0
20532,11604.4
20533,4969.8
20534,11298.8
20535,46222.2
20536,4299.4
20537,5517.4
20538,4774.2
20539,4970.2
20540,30211.2
20541,56588.0
20542,5069.4
20543,4860.2
20544,8294.0
20545,5772.0
20546,14836.0
20547,6347.4
20548,3567.8
20549,3393.0
20550,1776.0
20551,6463.8
20552,5091.0
20553,70949.8
20554,65629.0
20555,41064.0
20556,6109.0
20557,9419.8
20558,55377.0
20559,4638.2
20560,7032.6
20561,2770.4
20562,12900.0
20563,5050.2
20564,4118.2
20565,2701.4
20566,6091.6
20567,51457.0
20568,68272.0
20569,44685.0
20570,11214.0
20571,5037.8
20572,71416.8
20573,52063.0
20574,57005.0
20575,13340.6
20576,3966.8
20577,6514.2
20578,10200.0
20579,3000.0
20580,54183.4
20581,4999.0
20582,3662.8
20583,72342.4
20584,54956.0
20585,1842.6
20586,4536.4
20587,54841.0
20588,17790.0
20589,15057.0
20590,9113.0
20591,52153.0
20592,3424.6
20593,22140.0
20594,63270.4
20595,50297.0
20596,5908.0
20597,56196.2
20598,60160.0
20599,7654.2
20600,5168.2
20601,2343.0
20602,70348.8
20603,5892.0
20604,4507.4
20605,5218.2
20606,8891.4
20607,7582.0
20608,48410.8
20609,7593.0
20610,55983.0
20611,5474.6
20612,54181.2
20613,7842.4
20614,13767.0
20615,7047.0
20616,6138.6
20617,4417.0
20618,6342.0
20619,7862.2
20620,9954.4
20621,4434.4
20622,8782.0
20623,7142.0
20624,6728.0
20625,7234.0
20626,5441.6
20627,7485.0
20628,3988.0
20629,11293.2
20630,2464.0
20631,4781.4
20632,69163.4
20633,3726.2
20634,4981.2
20635,6488.0
20636,4633.0
20637,2007.2
20638,8043.0
20639,33160.8
20640,62145.4
20641,1414.2
20642,3896.4
20643,66985.0
20644,4894.8
20645,56216.4
20646,2228.0
20647,3667.8
20648,6100.6
20649,4857.6
20650,49725.0
20651,7154.2
20652,4983.6
20653,4605.8
20654,66417.2
20655,5805.4
20656,13291.0
20657,8140.2
20658,2265.8
20659,50083.0
20660,40570.0
20661,4500.0
20662,51707.0
20663,2336.0
20664,11791.6
20665,5462.8
20666,6957.4
20667,3803.4
20668,11205.0
20669,6489.0
20670,1506.6
20671,4546.0
20672,6450.0
20673,6052.0
20674,4473.0
20675,2124.2
20676,5252.8
20677,2276.0
20678,11920.8
20679,60377.0
20680,53093.8
20681,45883.0
20682,64271.0
20683,4149.0
20684,13482.0
20685,62551.0
20686,54608.0
20687,6271.2
20688,44144.0
20689,6639.2
20690,5177.0
20691,4555.4
20692,6455.0
20693,52892.2
20694,5447.8
20695,11389.6
20696,5838.0
20697,31134.4
20698,6961.4
20699,5355.4
20700,5619.0
20701,57297.0
20702,54882.8
20703,5331.2
20704,5636.4
20705,5910.4
20706,1873.2
20707,10051.0
20708,68042.4
20709,38043.0
20710,59185.0
20711,4537.0
20712,6907.2
20713,5862.4
20714,6189.2
20715,11479.6
20716,3090.0
20717,5164.2
20718,45471.2
20719,3000.0
20720,3068.4
20721,2410.0
20722,6703.0
20723,61967.4
20724,13167.2
20725,5119.6
20726,60103.4
20727,9353.0
20728,5661.8
20729,32008.0
20730,5314.2
20731,2380.0
20732,4781.4
20733,6292.2
20734,5132.0
20735,5111.4
20736,7435.2
20737,4786.8
20738,38253.0
20739,5205.2
20740,49725.0
20741,66905.8
20742,3999.0
20743,8604.8
20744,5937.0
20745,12091.4
20746,5493.4
20747,5798.6
20748,45693.0
20749,49613.0
20750,5123.6
20751,3646.0
20752,5574.0
20753,55333.8
20754,4474.8
20755,53743.0
20756,6352.8
20757,64285.0
20758,5450.4
20759,22335.0
20760,5549.0
20761,10176.0
20762,9277.0
20763,4151.2
20764,52287.0
20765,9142.0
20766,48998.0
20767,3671.0
20768,6028.2
20769,6067.0
20770,49260.8
20771,9899.8
20772,7412.0
20773,49553.0
20774,5942.0
20775,3227.2
20776,54443.2
20777,5646.4
20778,20760.0
20779,5014.6
20780,59791.0
20781,52063.0
20782,4488.0
20783,14607.0
20784,45310.2
20785,15837.2
20786,4067.2
20787,55087.0
20788,64464.0
20789,5555.6
20790,5091.8
20791,10075.0
20792,46785.2
20793,9996.4
20794,45876.6
20795,5464.2
20796,33307.2
20797,56945.0
20798,4716.0
20799,44604.6
20800,13746.0
20801,3486.6
20802,9098.0
20803,6502.0
20804,13020.0
20805,8463.6
20806,12172.6
20807,35532.0
20808,51201.2
20809,46625.2
20810,2336.0
20811,45461.8
20812,37985.0
20813,19135.6
20814,7096.6
20815,7117.6
20816,11718.0
20817,8079.2
20818,4344.8
20819,5325.6
20820,47449.0
20821,51084.4
20822,3315.2
20823,5177.0
20824,6461.0
20825,4566.2
20826,57251.4
20827,63568.0
20828,4357.0
20829,4093.4
20830,62309.0
20831,5343.6
20832,3466.0
20833,11787.2
20834,7570.8
20835,4931.0
20836,6237.8
20837,4045.0
20838,71706.2
20839,4500.0
20840,48473.0
20841,10879.0
20842,7574.2
20843,5050.0
20844,5241.0
20845,4917.2
20846,54632.0
20847,6158.0
20848,2339.0
20849,9643.0
20850,5636.0
20851,72413.8
20852,51707.0
20853,5334.8
20854,4683.0
20855,10363.0
20856,4331.6
20857,6292.4
20858,6549.4
20859,35520.0
20860,5124.0
20861,14603.8
20862,11026.2
20863,48004.6
20864,4612.0
20865,6064.6
20866,3975.0
20867,8173.8
20868,3996.8
20869,6833.6
20870,41281.0
20871,6961.4
20872,11396.8
20873,4330.4
20874,54284.2
20875,4237.8
20876,4091.2
20877,13030.4
20878,6869.4
20879,18702.0
20880,60978.0
20881,41638.4
20882,5812.6
20883,5949.0
20884,6166.0
20885,7518.8
20886,73813.6
20887,5100.0
20888,3839.0
20889,5513.0
20890,5070.6
20891,28200.0
20892,60508.0
20893,55209.6
20894,2886.0
20895,65270.6
20896,15344.0
20897,41922.2
20898,9039.4
20899,11219.0
20900,1890.0
20901,2124.0
20902,48367.4
20903,59526.6
20904,10013.6
20905,60260.0
20906,9913.8
20907,6306.0
20908,11047.8
20909,7425.0
20910,60601.0
20911,4921.6
20912,6860.0
20913,52452.0
20914,8146.4
20915,14918.0
20916,32923.0
20917,53490.0
20918,3555.2
20919,3570.6
20920,6510.0
20921,11251.8
20922,3372.8
20923,4103.6
20924,3285.6
20925,7411.0
20926,4294.0
20927,4990.4
20928,6568.0
20929,3669.6
20930,7770.8
20931,4499.0
20932,4242.4
20933,59593.0
20934,7314.0
20935,4724.4
20936,6207.0
20937,6111.2
20938,10165.0
20939,6148.8
20940,3979.0
20941,4121.4
20942,11673.0
20943,9303.0
20944,7588.0
20945,4457.6
20946,5634.8
20947,5623.8
20948,5868.4
20949,60260.0
20950,45540.2
20951,6032.0
20952,5368.8
20953,5538.4
20954,54325.8
20955,14957.0
20956,20000.0
20957,51935.4
20958,4341.2
20959,51457.0
20960,56901.4
20961,44253.0
20962,5883.0
20963,50394.2
20964,63568.0
20965,41063.6
20966,41064.0
20967,14875.6
20968,7251.0
20969,77938.6
20970,75548.4
20971,5315.0
20972,54608.0
20973,4896.0
20974,42078.0
20975,4715.0
20976,52175.0
20977,6025.2
20978,5991.0
20979,4447.0
20980,2665.0
20981,58216.0
20982,67916.8
20983,4811.8
20984,52297.2
20985,66802.4
20986,5476.8
20987,6696.8
20988,63065.0
20989,12296.6
20990,5438.8
20991,5054.0
20992,24504.0
20993,38099.0
20994,5043.0
20995,7572.0
20996,6039.0
20997,6746.2
20998,13273.8
20999,4913.6
21000,2056.0
21001,7846.0
21002,7724.0
21003,65261.6
21004,14122.2
21005,6431.0
21006,5311.0
21007,7199.0
21008,5464.0
21009,6418.0
21010,3484.8
21011,6568.8
21012,52063.0
21013,74911.0
21014,45877.4
21015,4755.0
21016,44133.0
21017,15456.0
21018,13401.6
21019,10355.0
21020,53743.0
21021,9913.6
21022,4548.4
21023,3572.0
21024,4501.0
21025,6985.0
21026,5752.0
21027,5325.4
21028,12528.0
21029,61944.0
21030,11069.0
21031,5345.2
21032,51457.0
21033,5150.6
21034,2480.0
21035,6091.6
21036,3185.8
21037,6109.0
21038,4293.0
21039,2630.0
21040,11541.0
21041,8096.8
21042,51707.0
21043,9277.0
21044,7353.0
21045,6856.2
21046,5949.0
21047,4184.4
21048,53813.6
21049,12410.8
21050,6848.4
21051,70798.8
21052,2336.0
21053,55199.0
21054,4337.0
21055,5817.0
21056,3203.4
21057,46277.0
21058,3318.0
21059,9867.6
21060,6865.0
21061,7425.0
21062,12514.0
21063,9934.8
21064,55737.0
21065,8282.6
21066,54599.2
21067,3756.8
21068,42521.0
21069,13200.2
21070,62649.8
21071,42521.0
21072,6148.8
21073,3627.0
21074,6919.4
21075,34472.0
21076,59901.2
21077,4877.4
21078,3651.0
21079,42942.8
21080,13603.4
21081,4691.6
21082,16359.4
21083,14163.0
21084,2966.0
21085,4215.2
21086,27864.0
21087,11677.6
21088,6654.4
21089,45436.0
21090,47449.0
21091,2193.2
21092,6091.6
21093,51457.0
21094,66760.0
21095,20760.0
21096,48697.6
21097,13167.0
21098,22596.0
21099,61955.4
21100,11488.0
21101,10669.6
21102,44604.6
21103,5340.2
21104,8633.4
21105,5177.0
21106,6250.0
21107,4869.4
21108,44647.0
21109,5192.2
21110,5177.0
21111,55424.4
21112,52041.0
21113,4502.0
21114,58716.2
21115,44777.2
21116,3660.4
21117,49207.0
21118,6501.8
21119,14822.4
21120,60508.0
21121,5641.2
21122,5291.6
21123,63737.0
21124,7487.0
21125,12430.2
21126,4460.6
21127,22140.0
21128,15956.0
21129,4919.2
21130,5396.6
21131,60978.0
21132,3874.6
21133,5955.6
21134,62994.0
21135,5303.6
21136,20606.0
21137,5356.4
21138,4672.0
21139,54103.8
21140,6765.8
21141,3988.0
21142,6186.0
21143,6884.2
21144,6243.2
21145,4008.2
21146,12126.4
21147,6755.2
21148,7370.0
21149,51201.2
21150,48864.8
21151,3425.0
21152,5281.4
21153,6322.4
21154,3925.0
21155,4427.0
21156,62748.0
21157,59582.4
21158,48342.6
21159,36700.0
21160,4149.0
21161,27864.0
21162,76297.8
21163,4947.0
21164,4890.4
21165,53387.0
21166,16326.6
21167,63463.4
21168,55138.6
21169,71240.2
21170,6954.4
21171,7958.8
21172,20760.0
21173,7407.6
21174,45185.0
21175,5110.6
21176,6568.0
21177,5888.0
21178,69213.0
21179,8730.2
21180,3096.0
21181,63523.4
21182,20542.0
21183,5823.0
21184,5769.6
21185,11629.6
21186,5293.6
21187,10743.0
21188,12285.0
21189,5657.8
21190,4229.2
21191,64185.0
21192,13704.8
21193,4658.8
21194,5020.2
21195,6266.8
21196,3911.8
21197,1776.0
21198,7004.8
21199,3334.0
21200,52827.0
21201,4109.0
21202,59264.0
21203,6848.4
21204,49541.2
21205,5949.0
21206,10838.8
21207,61357.8
21208,3627.6
21209,58573.0
21210,2361.0
21211,59105.8
21212,60396.0
21213,5438.8
21214,5747.4
21215,5101.0
21216,5442.4
21217,45249.8
21218,11791.0
21219,8339.2
21220,62649.8
21221,3511.4
21222,7686.8
21223,4287.0
21224,4725.0
21225,8006.2
21226,7616.6
21227,13558.6
21228,3015.0
21229,53022.0
21230,6303.8
21231,7175.6
21232,55790.6
21233,6299.8
21234,55150.0
21235,4727.6
21236,57788.8
21237,6513.0
21238,60015.0
21239,36763.0
21240,4230.0
21241,56476.0
21242,5301.8
21243,5678.4
21244,6032.0
21245,5749.0
21246,20000.0
21247,7310.4
21248,5632.0
21249,2738.0
21250,7956.2
21251,5253.6
21252,41677.0
21253,1776.0
21254,6502.0
21255,57677.0
21256,56476.0
21257,11144.0
21258,3988.0
21259,42682.2
21260,49553.0
21261,55661.0
21262,6273.8
21263,5830.8
21264,74389.4
21265,9159.6
21266,64509.0
21267,6489.0
21268,5649.4
21269,10141.0
21270,45540.2
21271,18569.0
21272,2294.2
21273,5498.6
21274,4630.0
21275,10789.4
21276,66873.0
21277,3900.4
21278,45043.6
21279,4712.6
21280,60978.0
21281,12702.6
21282,2194.0
21283,3607.6
21284,4896.0
21285,5954.0
21286,7877.0
21287,5733.2
21288,33223.2
21289,8271.0
21290,3096.0
21291,8742.8
21292,11570.4
21293,4979.0
21294,59264.0
21295,6954.6
21296,6272.8
21297,9560.0
21298,5504.6
21299,9654.6
21300,54608.0
21301,6536.4
21302,5438.8
21303,61852.2
21304,13097.6
21305,3487.8
21306,5623.6
21307,4020.0
21308,5831.4
21309,4994.4
21310,2982.0
21311,65368.6
21312,6164.6
21313,7707.0
21314,5504.8
21315,12775.0
21316,55508.4
21317,6578.0
21318,57031.6
21319,11131.8
21320,4818.0
21321,5804.8
21322,80382.4
21323,13692.0
21324,4152.0
21325,4161.0
21326,11553.2
21327,62416.6
21328,9778.6
21329,3309.6
21330,5096.2
21331,5467.2
21332,50083.0
21333,15205.8
21334,58017.0
21335,6129.4
21336,9085.6
21337,6817.0
21338,4534.2
21339,21626.6
21340,5177.0
21341,7541.6
21342,40659.4
21343,6375.0
21344,4111.0
21345,4743.0
21346,4238.2
21347,11447.6
21348,6583.8
21349,5988.6
21350,45426.2
21351,15384.0
21352,7475.2
21353,5128.8
21354,3567.8
21355,2802.8
21356,6961.4
21357,58524.2
21358,6450.0
21359,49905.0
21360,4549.6
21361,3817.6
21362,4111.0
21363,49913.8
21364,5319.6
21365,6963.8
21366,56590.0
21367,4658.0
21368,13692.0
21369,17936.6
21370,58330.6
21371,6807.2
21372,68767.0
21373,7501.8
21374,1551.0
21375,4245.0
21376,4499.0
21377,10199.2
21378,6646.8
21379,45426.2
21380,7397.2
21381,10639.4
21382,2124.0
21383,56333.0
21384,14868.2
21385,9586.4
21386,10325.6
21387,4544.8
21388,3504.2
21389,4676.8
21390,10512.0
21391,53421.0
21392,4257.0
21393,3957.0
21394,55468.2
21395,51817.0
21396,55661.0
21397,71411.0
21398,47385.0
21399,6924.0
21400,32859.0
21401,4315.6
21402,4028.0
21403,37244.0
21404,6128.0
21405,4473.4
21406,11205.0
21407,7603.2
21408,57501.6
21409,5619.2
21410,4937.8
21411,55661.0
21412,6566.0
21413,43392.6
21414,54608.0
21415,5964.0
21416,56200.0
21417,7775.0
21418,4890.4
21419,5798.6
21420,64285.0
21421,6483.4
21422,52175.0
21423,57574.8
21424,4215.0
21425,53209.0
21426,5441.0
21427,4582.0
21428,7991.2
21429,46713.0
21430,6320.0
21431,12291.2
21432,4474.0
21433,8565.4
21434,7487.0
21435,57038.6
21436,57419.0
21437,3788.6
21438,2960.0
21439,13242.0
21440,3522.0
21441,10269.2
21442,4724.0
21443,4028.0
21444,3826.6
21445,45923.2
21446,4496.0
21447,10302.0
21448,5892.0
21449,54641.4
21450,4535.2
21451,12903.6
21452,5895.0
21453,4162.8
21454,2007.2
21455,6658.8
21456,31112.0
21457,51201.2
21458,64173.0
21459,23728.0
21460,5809.2
21461,3666.6
21462,50741.8
21463,15309.0
21464,1755.0
21465,2985.0
21466,5737.2
21467,5803.6
21468,49260.8
21469,36437.4
21470,7352.0
21471,1971.8
21472,7604.0
21473,11738.8
21474,44280.0
21475,39499.0
21476,56702.0
21477,4029.0
21478,54608.0
21479,51875.0
21480,65906.4
21481,13421.2
21482,49146.8
21483,73357.8
21484,6324.0
21485,4225.2
21486,3754.8
21487,70009.0
21488,53064.0
21489,2228.0
21490,6344.0
21491,13612.4
21492,60978.0
21493,12606.2
21494,3734.0
21495,70856.8
21496,3851.8
21497,65561.8
21498,52063.0
21499,6334.4
21500,4932.2
21501,12104.4
21502,5599.4
21503,8967.8
21504,5879.0
21505,5722.2
21506,1714.0
21507,4000.0
21508,22140.0
21509,11337.4
21510,50271.0
21511,53209.0
21512,53064.0
21513,10711.8
21514,4602.0
21515,44280.0
21516,6825.6
21517,11211.8
21518,64316.0
21519,23838.0
21520,6326.0
21521,4464.6
21522,8388.4
21523,47205.0
21524,8921.0
21525,5512.8
21526,58002.6
21527,56075.0
21528,4972.0
21529,4018.0
21530,6329.4
21531,7772.6
21532,51671.8
21533,3646.0
21534,2504.0
21535,61180.0
21536,6568.0
21537,46550.8
21538,6501.8
21539,10134.0
21540,4068.8
21541,3393.0
21542,2836.0
21543,53872.6
21544,50271.0
21545,5721.4
21546,5706.2
21547,4658.4
21548,48398.8
21549,11129.0
21550,52586.0
21551,2091.0
21552,44583.0
21553,5753.6
21554,47657.0
21555,45772.8
21556,72511.8
21557,52452.0
21558,20606.0
21559,35252.4
21560,6818.2
21561,4552.4
21562,6856.4
21563,2836.0
21564,4279.8
21565,33729.2
21566,51313.2
21567,46418.2
21568,7950.0
21569,54797.2
21570,7593.0
21571,2600.2
21572,4021.0
21573,5093.4
21574,48959.0
21575,5823.0
21576,13701.2
21577,6756.0
21578,6156.8
21579,43289.6
21580,7404.6
21581,9416.4
21582,5780.6
21583,4330.0
21584,4009.2
21585,2336.0
21586,5044.2
21587,5102.0
21588,4163.6
21589,4757.0
21590,7948.0
21591,48537.4
21592,4683.0
21593,4248.0
21594,4798.4
21595,7074.8
21596,21902.4
21597,12753.6
21598,6938.2
21599,4688.8
21600,50271.0
21601,1830.0
21602,83233.8
21603,6976.6
21604,4853.0
21605,8531.8
21606,4938.6
21607,3362.0
21608,50954.2
21609,18936.2
21610,7379.0
21611,6170.8
21612,1890.0
21613,55733.4
21614,47171.0
21615,4502.0
21616,6578.0
21617,42609.0
21618,56982.2
21619,4129.0
21620,60956.0
21621,55582.2
21622,67824.0
21623,11801.0
21624,56588.0
21625,20684.0
21626,2150.0
21627,55983.0
21628,7467.2
21629,5354.6
21630,56588.0
21631,8100.0
21632,6004.0
21633,6051.2
21634,22152.0
21635,6938.4
21636,4499.0
21637,60508.0
21638,5943.0
21639,11630.4
21640,2339.0
21641,4345.2
21642,6444.0
21643,49260.8
21644,5856.6
21645,7344.6
21646,45540.2
21647,60608.0
21648,5727.6
21649,66726.4
21650,60555.0
21651,47825.0
21652,5872.0
21653,4202.0
21654,2410.0
21655,9589.0
21656,6724.0
21657,55549.8
21658,3015.2
21659,3531.0
21660,47343.6
21661,4901.2
21662,8592.2
21663,1733.4
21664,3822.0
21665,65031.4
21666,4668.8
21667,45221.2
21668,7252.4
21669,3981.0
21670,62381.0
21671,6954.8
21672,4603.4
21673,13619.8
21674,10428.8
21675,5823.0
21676,6524.6
21677,57419.0
21678,7599.8
21679,53903.4
21680,6973.2
21681,11772.0
21682,51326.6
21683,49774.6
21684,52853.2
21685,8087.6
21686,4995.6
21687,67595.4
21688,5249.8
21689,15075.6
21690,2022.0
21691,11800.8
21692,4496.0
21693,4394.6
21694,58234.6
21695,3654.2
21696,31982.0
21697,49725.0
21698,5235.0
21699,5823.0
21700,59526.6
21701,8628.8
21702,43666.0
21703,7820.4
21704,4759.0
21705,59264.0
21706,10531.8
21707,7187.2
21708,10679.6
21709,10701.0
21710,3783.4
21711,5734.2
21712,5153.2
21713,7146.4
21714,4997.6
21715,49613.0
21716,9351.4
21717,3872.0
21718,60508.0
21719,4193.4
21720,3915.0
21721,65225.8
21722,7693.0
21723,11638.4
21724,58261.4
21725,37806.0
21726,5944.0
21727,55983.0
21728,4092.0
21729,6607.8
21730,16191.0
21731,11751.0
21732,32542.0
21733,50777.4
21734,6136.4
21735,7325.4
21736,7428.6
21737,4385.0
21738,55333.8
21739,12183.8
21740,5682.0
21741,6582.2
21742,52440.0
21743,22140.0
21744,32031.4
21745,4696.4
21746,10562.6
21747,44280.0
21748,9602.8
21749,2228.0
21750,48959.0
21751,7332.8
21752,12103.4
21753,12193.2
21754,4891.6
21755,54194.6
21756,47503.2
21757,12621.0
21758,6723.8
21759,13326.2
21760,67304.6
21761,6049.2
21762,45257.0
21763,4591.6
21764,62145.4
21765,4488.4
21766,60978.0
21767,11478.0
21768,50271.0
21769,11336.8
21770,4860.0
21771,4934.4
21772,55377.0
21773,6141.2
21774,7825.6
21775,60160.0
21776,54090.0
21777,3572.0
21778,12232.6
21779,5873.4
21780,68015.4
21781,9201.0
21782,44144.0
21783,4496.0
21784,45401.8
21785,5871.0
21786,51816.6
21787,42521.0
21788,13406.0
21789,3858.6
21790,60260.0
21791,5551.4
21792,4202.0
21793,4979.0
21794,5173.0
21795,4693.6
21796,2228.0
21797,12900.4
21798,7984.8
21799,64592.8
21800,8976.6
21801,7125.0
21802,68429.0
21803,5161.0
21804,21902.4
21805,2493.6
21806,47330.8
21807,49260.8
21808,8037.2
21809,5592.6
21810,4496.0
21811,45883.0
21812,72562.6
21813,47367.2
21814,8520.0
21815,6090.4
21816,8906.8
21817,11382.0
21818,3911.0
21819,3015.0
21820,12486.0
21821,6329.2
21822,4357.0
21823,56924.0
21824,58671.0
21825,4562.2
21826,32859.0
21827,12311.4
21828,69168.0
21829,5848.0
21830,6759.8
21831,69004.2
21832,4757.4
21833,6480.6
21834,6593.6
21835,12942.0
21836,17643.0
21837,57148.0
21838,83171.4
21839,44280.0
21840,36050.4
21841,14419.6
21842,4268.8
21843,2836.0
21844,5877.0
21845,3740.6
21846,4111.0
21847,5362.4
21848,2476.0
21849,37985.0
21850,46041.0
21851,38340.8
21852,9101.6
21853,2410.0
21854,5711.4
21855,8454.0
21856,3646.0
21857,4783.6
21858,52063.0
21859,5388.0
21860,37985.0
21861,49875.8
21862,58075.4
21863,52393.4
21864,12603.0
21865,7106.0
21866,53806.8
21867,56436.0
21868,3379.0
21869,47657.0
21870,2339.0
21871,54684.0
21872,71730.0
21873,3662.6
21874,46511.4
21875,57833.8
21876,51765.2
21877,3714.8
21878,8141.2
21879,3953.0
21880,56229.8
21881,45693.0
21882,45426.2
21883,4737.6
21884,4546.0
21885,44777.2
21886,4032.2
21887,63635.4
21888,32859.0
21889,4827.0
21890,16707.2
21891,4896.0
21892,55424.4
21893,60257.4
21894,15091.0
21895,12138.0
21896,49212.4
21897,10100.2
21898,4912.8
21899,11539.6
21900,11982.2
21901,71234.2
21902,3639.8
21903,8252.4
21904,3535.6
21905,2254.2
21906,5873.2
21907,7426.0
21908,5506.0
21909,5761.4
21910,7909.6
21911,3754.4
21912,5954.0
21913,6129.0
21914,11347.4
21915,5432.4
21916,7352.0
21917,2250.0
21918,5593.4
21919,5281.2
21920,4367.0
21921,49725.0
21922,6102.0
21923,2244.2
21924,2674.6
21925,4067.2
21926,2124.0
21927,5666.8
21928,5235.2
21929,52335.4
21930,6803.8
21931,4349.6
21932,50271.0
21933,3809.8
21934,8787.2
21935,56377.8
21936,4499.8
21937,44280.0
21938,17003.6
21939,55705.4
21940,6114.6
21941,7448.8
21942,49553.0
21943,6509.2
21944,60055.6
21945,11389.2
21946,5892.0
21947,55293.4
21948,50775.4
21949,5211.2
21950,3020.0
21951,62000.0
21952,6502.0
21953,2738.0
21954,55537.8
21955,3858.4
21956,59021.0
21957,43727.0
21958,6133.0
21959,8334.6
21960,5669.4
21961,5670.6
21962,10512.0
21963,3862.0
21964,10123.4
21965,7165.8
21966,39321.0
21967,31982.0
21968,4790.0
21969,6883.0
21970,5042.0
21971,5896.4
21972,63315.6
21973,51595.0
21974,5568.0
21975,11781.8
21976,4282.4
21977,77769.4
21978,61059.4
21979,6808.8
21980,5293.0
21981,3979.0
21982,5942.0
21983,6599.2
21984,8118.0
21985,7334.4
21986,12717.0
21987,4672.0
21988,38099.0
21989,7286.0
21990,45257.0
21991,7710.8
21992,6168.0
21993,10716.0
21994,62941.0
21995,50403.2
21996,3635.8
21997,6063.4
21998,3916.0
21999,58481.0
22000,53813.6
22001,6032.0
22002,6163.6
22003,72075.4
22004,2578.4
22005,29788.0
22006,4402.0
22007,7973.4
22008,64957.0
22009,2181.6
22010,6568.0
22011,68518.4
22012,4538.2
22013,34460.0
22014,55983.0
22015,2339.0
22016,3511.0
22017,47133.2
22018,6989.2
22019,32923.0
22020,6084.0
22021,6436.0
22022,49146.8
22023,1839.8
22024,29714.4
22025,53783.6
22026,11031.6
22027,59469.0
22028,5954.0
22029,3633.0
22030,3646.8
22031,6447.2
22032,58502.6
22033,14549.6
22034,3824.2
22035,47657.0
22036,5755.6
22037,4759.0
22038,4108.0
22039,6430.2
22040,3525.6
22041,7596.6
22042,45883.0
22043,11510.2
22044,6623.4
22045,60978.0
22046,6642.8
22047,72357.4
22048,6771.4
22049,78038.4
22050,73186.4
22051,48181.0
22052,58039.6
22053,5039.6
22054,13458.6
22055,5774.8
22056,66928.0
22057,5579.6
22058,4074.2
22059,2856.8
22060,54787.4
22061,3022.0
22062,60215.4
22063,64173.0
22064,9416.0
22065,5155.0
22066,3140.0
22067,56945.0
22068,7302.0
22069,12879.4
22070,5260.0
22071,51658.4
22072,6132.0
22073,4972.0
22074,44647.0
22075,10200.8
22076,4759.6
22077,8455.6
22078,12715.6
22079,61189.0
22080,6688.6
22081,52313.0
22082,41269.0
22083,4895.2
22084,56272.2
22085,6878.0
22086,4916.0
22087,4013.2
22088,50394.2
22089,49057.2
22090,2518.0
22091,3251.0
22092,4499.0
22093,45257.0
22094,6262.0
22095,5495.6
22096,5100.4
22097,45257.0
22098,58536.6
22099,2914.0
22100,6319.0
22101,5315.6
22102,20356.0
22103,2901.0
22104,3433.4
22105,4165.0
22106,53647.6
22107,55661.0
22108,4949.8
22109,4755.0
22110,4500.0
22111,60215.4
22112,59784.0
22113,2439.4
22114,8635.4
22115,5113.0
22116,44144.0
22117,4491.0
22118,4349.4
22119,70009.0
22120,13704.0
22121,6128.0
22122,3559.6
22123,9551.6
22124,55293.4
22125,6450.0
22126,7752.0
22127,3982.8
22128,6018.4
22129,49849.0
22130,44345.2
22131,56086.2
22132,4012.6
22133,41064.0
22134,52513.4
22135,15235.0
22136,4500.0
22137,3862.0
22138,6734.6
22139,19163.6
22140,14563.8
22141,6339.4
22142,12777.4
22143,11971.8
22144,6067.0
22145,54306.4
22146,5215.8
22147,7945.0
22148,1975.0
22149,23944.0
22150,48289.0
22151,7106.8
22152,1839.8
22153,9925.6
22154,2050.0
22155,55763.4
22156,2966.0
22157,59229.8
22158,4681.2
22159,49725.0
22160,45257.0
22161,5464.4
22162,54809.4
22163,5111.8
22164,11099.8
22165,5489.2
22166,18560.2
22167,5441.0
22168,52440.0
22169,31982.0
22170,3677.0
22171,4417.0
22172,5316.8
22173,6196.6
22174,63043.6
22175,8793.8
22176,6742.0
22177,2056.0
22178,47001.0
22179,43200.8
22180,4970.0
22181,51707.0
22182,46710.4
22183,6622.2
22184,45883.0
22185,5892.0
22186,6804.2
22187,4608.4
22188,53049.0
22189,6867.0
22190,3511.4
22191,69862.4
22192,49553.0
22193,37985.0
22194,16770.0
22195,4765.4
22196,2056.0
22197,4588.0
22198,4485.0
22199,6054.0
22200,5591.2
22201,52600.6
22202,68272.0
22203,55983.0
22204,3482.8
22205,45693.0
22206,10660.0
22207,3982.0
22208,3789.2
22209,4621.2
22210,6820.8
22211,39241.8
22212,6654.4
22213,61463.2
22214,6064.0
22215,7297.4
22216,16939.0
22217,3016.0
22218,6067.0
22219,74702.8
22220,7366.8
22221,10788.2
22222,4590.0
22223,12362.6
22224,49217.2
22225,32859.0
22226,66928.0
22227,12139.0
22228,45357.0
22229,3939.0
22230,2940.0
22231,7950.0
22232,4725.2
22233,7460.4
22234,15642.0
22235,50271.0
22236,11694.2
22237,4262.0
22238,10680.0
22239,3393.0
22240,54608.0
22241,7585.0
22242,6126.0
22243,76738.0
22244,8840.0
22245,45221.2
22246,5528.8
22247,4105.2
22248,14192.0
22249,2410.0
22250,4892.2
22251,14512.6
22252,12649.6
22253,6703.6
22254,4173.0
22255,4432.6
22256,55763.4
22257,47385.0
22258,2327.0
22259,9927.8
22260,1890.0
22261,10743.0
22262,3594.0
22263,1543.0
22264,51595.0
22265,53209.0
22266,14839.6
22267,4717.6
22268,5915.0
22269,20760.0
22270,6109.0
22271,6802.2
22272,80438.6
22273,52992.0
22274,4556.0
22275,5265.2
22276,53783.6
22277,6067.0
22278,6585.2
22279,12278.2
22280,67125.0
22281,2482.0
22282,57170.6
22283,44777.2
22284,5178.0
22285,14178.0
22286,27792.0
22287,50979.0
22288,13977.0
22289,69243.8
22290,54014.2
22291,6513.4
22292,3999.0
22293,7863.6
22294,69268.6
22295,6164.6
22296,7134.4
22297,5955.0
22298,6495.0
22299,33147.0
22300,7488.0
22301,6671.0
22302,5848.8
22303,43278.6
22304,3185.8
22305,56679.8
22306,15184.6
22307,50967.8
22308,4500.0
22309,23728.0
22310,49260.8
22311,4622.8
22312,17794.0
22313,55892.6
22314,4577.8
22315,6328.0
22316,7774.0
22317,47503.2
22318,4559.4
22319,5098.4
22320,7079.0
22321,11242.8
22322,2339.0
22323,36976.2
22324,5949.0
22325,5620.0
22326,2990.8
22327,4505.0
22328,65136.2
22329,43645.6
22330,5343.0
22331,49725.0
22332,5433.8
22333,5148.0
22334,6250.8
22335,3789.2
22336,2124.0
22337,3076.6
22338,44743.8
22339,4720.2
22340,2614.0
22341,56083.4
22342,2339.0
22343,4827.0
22344,49853.8
22345,27489.4
22346,5177.0
22347,67582.0
22348,2464.0
22349,48042.8
22350,64665.8
22351,61401.8
22352,7354.4
22353,47205.0
22354,20952.2
22355,57703.6
22356,2476.0
22357,38845.6
22358,13683.0
22359,55446.8
22360,60068.4
22361,7594.6
22362,10212.2
22363,4886.2
22364,56333.0
22365,4500.0
22366,23944.0
22367,12272.8
22368,60786.2
22369,57379.8
22370,6861.0
22371,5087.6
22372,11100.0
22373,10382.8
22374,12223.6
22375,49039.4
22376,10428.4
22377,1105.0
22378,52772.0
22379,5371.4
22380,50575.8
22381,4828.4
22382,32923.0
22383,32344.0
22384,5949.0
22385,5102.0
22386,8632.0
22387,5102.0
22388,3594.2
22389,52229.4
22390,49613.0
22391,50271.0
22392,2901.0
22393,15855.2
22394,62679.2
22395,3734.0
22396,5830.0
22397,51817.0
22398,12879.8
22399,6684.8
22400,53855.0
22401,3931.6
22402,8123.0
22403,2394.4
22404,2477.0
22405,2376.4
22406,5084.8
22407,53943.4
22408,3862.0
22409,64785.4
22410,5462.4
22411,2339.0
22412,14042.0
22413,6702.2
22414,2955.6
22415,6082.0
22416,37640.8
22417,41083.2
22418,54684.0
22419,2617.4
22420,7358.4
22421,5772.0
22422,62201.8
22423,6158.0
22424,8621.4
22425,65212.0
22426,3381.0
22427,3193.4
22428,56476.0
22429,57632.8
22430,5407.4
22431,36191.8
22432,54956.0
22433,3305.0
22434,8608.8
22435,4865.6
22436,27976.0
22437,12747.6
22438,2105.0
22439,42526.6
22440,4579.4
22441,5362.8
22442,11929.6
22443,6692.0
22444,4937.4
22445,43729.0
22446,6021.8
22447,5969.4
22448,2700.0
22449,4306.2
22450,64181.4
22451,52229.4
22452,13919.0
22453,57058.6
22454,3999.0
22455,3379.0
22456,5080.0
22457,2074.0
22458,10561.2
22459,15118.2
22460,50314.8
22461,14298.6
22462,13971.0
22463,8730.2
22464,50748.2
22465,9032.4
22466,5233.4
22467,4149.0
22468,5773.0
22469,10655.2
22470,12328.0
22471,6816.0
22472,14573.6
22473,5937.2
22474,5990.0
22475,7053.0
22476,4859.2
22477,4834.2
22478,9350.2
22479,6324.0
22480,39499.0
22481,56200.0
22482,58125.0
22483,47503.2
22484,52175.0
22485,60597.4
22486,60377.0
22487,9894.6
22488,57980.6
22489,4593.6
22490,5320.0
22491,45426.2
22492,4915.4
22493,2074.0
22494,54391.4
22495,4017.0
22496,3509.6
22497,10970.4
22498,5988.6
22499,47337.2
22500,4000.0
22501,15541.6
22502,9885.8
22503,6594.2
22504,60302.0
22505,5177.0
22506,6300.0
22507,6195.0
22508,3126.2
22509,37985.0
22510,4853.0
22511,8281.4
22512,6208.4
22513,6747.8
22514,61411.8
22515,4979.0
22516,4783.8
22517,76232.0
22518,40938.4
22519,41281.0
22520,47549.6
22521,5693.4
22522,5652.4
22523,6375.0
22524,55694.4
22525,5849.0
22526,2808.6
22527,5567.8
22528,6998.2
22529,10187.8
22530,38099.0
22531,6255.8
22532,47101.0
22533,6462.8
22534,70087.2
22535,12780.0
22536,12377.6
22537,2410.0
22538,6906.2
22539,5949.0
22540,3787.2
22541,10494.0
22542,14889.2
22543,45883.0
22544,11104.4
22545,4452.0
22546,68015.4
22547,8244.6
22548,2327.8
22549,4493.6
22550,10449.2
22551,65620.0
22552,2556.0
22553,37929.0
22554,5764.2
22555,6069.4
22556,4192.6
22557,47503.2
22558,13532.4
22559,59773.4
22560,2481.0
22561,67943.4
22562,27976.0
22563,59133.0
22564,4736.8
22565,7921.8
22566,53388.0
22567,2100.0
22568,4341.0
22569,4509.2
22570,6538.2
22571,13841.4
22572,71954.4
22573,72424.8
22574,7175.6
22575,7654.4
22576,9252.4
22577,13944.8
22578,58208.6
22579,43729.0
22580,56590.0
22581,4488.4
22582,7079.2
22583,48398.8
22584,12531.0
22585,54191.0
22586,2736.0
22587,41064.0
22588,4947.0
22589,11084.6
22590,8571.2
22591,2476.0
22592,27864.0
22593,41269.0
22594,7206.8
22595,9226.2
22596,6468.4
22597,4499.0
22598,5823.0
22599,5221.6
22600,4500.0
22601,4597.8
22602,7575.0
22603,6569.4
22604,2413.0
22605,12305.6
22606,1654.0
22607,49725.0
22608,52063.0
22609,1775.2
22610,5441.0
22611,5257.6
22612,4886.6
22613,5964.8
22614,5733.0
22615,6769.6
22616,10330.4
22617,7007.4
22618,4905.4
22619,3415.4
22620,17790.0
22621,5511.2
22622,54845.6
22623,7434.0
22624,51859.2
22625,52128.2
22626,54481.0
22627,66659.4
22628,4606.2
22629,8840.4
22630,8026.4
22631,3860.0
22632,81753.2
22633,53219.0
22634,5169.8
22635,54684.0
22636,2410.0
22637,5147.2
22638,13010.6
22639,5823.0
22640,4111.0
22641,55280.8
22642,4337.0
22643,65771.8
22644,66981.6
22645,2476.0
22646,7050.6
22647,3886.8
22648,4825.6
22649,6363.4
22650,45693.0
22651,4702.6
22652,2361.0
22653,75296.6
22654,6787.6
22655,9987.0
22656,13301.0
22657,61597.0
22658,66928.0
22659,10583.8
22660,6461.0
22661,55293.4
22662,5882.0
22663,56272.2
22664,4415.2
22665,61629.8
22666,5501.2
22667,32923.0
22668,14348.0
22669,9252.0
22670,46073.4
22671,12181.6
22672,2980.2
22673,3393.0
22674,16560.0
22675,4370.2
22676,72607.6
22677,15111.4
22678,54067.2
22679,6461.0
22680,51595.0
22681,47453.6
22682,45883.0
22683,57253.2
22684,6396.0
22685,7155.0
22686,3361.0
22687,20760.0
22688,5769.8
22689,7541.2
22690,11561.0
22691,7668.0
22692,5177.0
22693,2074.0
22694,54765.0
22695,13859.6
22696,2617.4
22697,46845.2
22698,47768.8
22699,10980.8
22700,13073.6
22701,1788.0
22702,5096.2
22703,4743.0
22704,4043.0
22705,5464.0
22706,64553.8
22707,4329.6
22708,49853.8
22709,19717.6
22710,49800.6
22711,68011.8
22712,3293.0
22713,57663.0
22714,11004.6
22715,20000.0
22716,5280.8
22717,10744.0
22718,8111.0
22719,8023.2
22720,10512.0
22721,4500.0
22722,5178.0
22723,36712.0
22724,30288.4
22725,27792.0
22726,9283.6
22727,6394.6
22728,10338.0
22729,8485.0
22730,3860.0
22731,10090.0
22732,5911.8
22733,5473.8
22734,55598.2
22735,53197.0
22736,3775.0
22737,5348.6
22738,65024.2
22739,61117.0
22740,3943.8
22741,3790.6
22742,5949.0
22743,63285.4
22744,11452.0
22745,11922.6
22746,7823.6
22747,6138.2
22748,4765.6
22749,1714.0
22750,5364.6
22751,4249.2
22752,68347.8
22753,6703.6
22754,60261.4
22755,3499.0
22756,5507.0
22757,5892.0
22758,5645.0
22759,41087.2
22760,1694.0
22761,3672.6
22762,4793.4
22763,8336.4
22764,12397.2
22765,4605.6
22766,5579.6
22767,13272.0
22768,6647.6
22769,2339.0
22770,49187.0
22771,12423.0
22772,5314.6
22773,57671.0
22774,62938.8
22775,9060.6
22776,10552.6
22777,62191.4
22778,3985.6
22779,6169.2
22780,28510.0
22781,76187.8
22782,51595.0
22783,67883.2
22784,5441.0
22785,38845.6
22786,55627.0
22787,10176.0
22788,69436.8
22789,4051.8
22790,5815.4
22791,4243.4
22792,4983.8
22793,7410.6
22794,5486.4
22795,2689.8
22796,6078.8
22797,5453.6
22798,12987.8
22799,7569.6
22800,54608.0
22801,58075.4
22802,3677.0
22803,5823.0
22804,49884.0
22805,7070.4
22806,39321.0
22807,3050.0
22808,6562.8
22809,6496.0
22810,3096.6
22811,59882.0
22812,4857.6
22813,1621.6
22814,2910.8
22815,5850.8
22816,62448.0
22817,9086.4
22818,6242.0
22819,5823.0
22820,4366.6
22821,55197.8
22822,3319.6
22823,20760.0
22824,59153.0
22825,13578.2
22826,4522.0
22827,54684.0
22828,4751.2
22829,7736.0
22830,67824.0
22831,4666.2
22832,49725.0
22833,3988.0
22834,6444.0
22835,3569.4
22836,30278.4
22837,62524.0
22838,6782.0
22839,4473.8
22840,63531.8
22841,67541.6
22842,55571.2
22843,50419.4
22844,6609.2
22845,15235.4
22846,12633.4
22847,2480.0
22848,6586.6
22849,59254.0
22850,61180.0
22851,4427.2
22852,8447.2
22853,45995.2
22854,55652.0
22855,4337.6
22856,47586.0
22857,54684.0
22858,49207.0
22859,60260.0
22860,8005.8
22861,45693.0
22862,3393.0
22863,10748.2
22864,9924.0
22865,66950.6
22866,10048.8
22867,53261.8
22868,1277.2
22869,59715.4
22870,12884.4
22871,7950.0
22872,6988.4
22873,5876.6
22874,10177.0
22875,2940.0
22876,4518.0
22877,62761.8
22878,14567.0
22879,13237.8
22880,9159.6
22881,52274.8
22882,7819.0
22883,6062.0
22884,5296.2
22885,49553.0
22886,1443.0
22887,4750.2
22888,7628.2
22889,2410.0
22890,11172.0
22891,10338.0
22892,7375.6
22893,7259.4
22894,47586.0
22895,5888.2
22896,52440.0
22897,57448.2
22898,6934.8
22899,8976.6
22900,15250.6
22901,4430.8
22902,5656.0
22903,44230.8
22904,3372.8
22905,47449.0
22906,12553.6
22907,1548.0
22908,53780.8
22909,6568.0
22910,13025.4
22911,46855.2
22912,3433.4
22913,9136.0
22914,6389.4
22915,5154.6
22916,2409.0
22917,6189.4
22918,55520.6
22919,6502.0
22920,10466.2
22921,44405.0
22922,6437.0
22923,7353.0
22924,60978.0
22925,6082.0
22926,52901.0
22927,7654.2
22928,45693.0
22929,5465.0
22930,48132.8
22931,10800.6
22932,3531.0
22933,62094.0
22934,53424.8
22935,7344.6
22936,60515.8
22937,6913.0
22938,55760.4
22939,4896.0
22940,52145.0
22941,60508.0
22942,12138.0
22943,48851.0
22944,4798.8
22945,8093.0
22946,2836.0
22947,56767.0
22948,4050.4
22949,6270.6
22950,11595.6
22951,63720.2
22952,5179.0
22953,50271.0
22954,18816.6
22955,5137.4
22956,59332.0
22957,3015.0
22958,4241.6
22959,23484.0
22960,7644.0
22961,3059.6
22962,5447.6
22963,5190.4
22964,5646.4
22965,12848.4
22966,2340.0
22967,5634.2
22968,3715.2
22969,55293.4
22970,45378.0
22971,6120.8
22972,45693.0
22973,49553.0
22974,48181.0
22975,42680.8
22976,7899.2
22977,6027.0
22978,55824.2
22979,3667.6
22980,60611.4
22981,5176.2
22982,7948.0
22983,4500.0
22984,24234.0
22985,10344.0
22986,47763.0
22987,15438.6
22988,45693.0
22989,57878.6
22990,63644.0
22991,50179.8
22992,5611.0
22993,44144.0
22994,61933.0
22995,6021.8
22996,55150.0
22997,50271.0
22998,15866.6
22999,44133.0
23000,4539.4
23001,57005.0
23002,10948.0
23003,67824.0
23004,3862.0
23005,6037.8
23006,10165.0
23007,4493.6
23008,5474.6
23009,6488.0
23010,3912.6
23011,5769.8
23012,10786.0
23013,14836.0
23014,53006.2
23015,7553.4
23016,15183.0
23017,2409.0
23018,80611.2
23019,49725.0
23020,2836.0
23021,11658.6
23022,5377.2
23023,48335.8
23024,54841.0
23025,6538.2
23026,11991.0
23027,5330.0
23028,32807.6
23029,5293.2
23030,6983.4
23031,62829.0
23032,3943.8
23033,61719.8
23034,49171.2
23035,6916.0
23036,60351.0
23037,54507.0
23038,60978.0
23039,6568.0
23040,12434.8
23041,57775.0
23042,7105.8
23043,4892.8
23044,60131.6
23045,52799.0
23046,8726.6
23047,10107.0
23048,6325.2
23049,3948.6
23050,12067.6
23051,6568.0
23052,67293.0
23053,6186.0
23054,5954.0
23055,5254.8
23056,53647.6
23057,66928.0
23058,51225.4
23059,4840.0
23060,4916.4
23061,7658.0
23062,9321.2
23063,6435.0
23064,3129.6
23065,49725.0
23066,63644.0
23067,9986.8
23068,4496.0
23069,3511.0
23070,26360.4
23071,6381.4
23072,9119.0
23073,46304.8
23074,4593.8
23075,43132.4
23076,6306.0
23077,7425.0
23078,4499.0
23079,2056.0
23080,55763.4
23081,5474.6
23082,52985.0
23083,11158.0
23084,46715.8
23085,56216.4
23086,6733.6
23087,45257.0
23088,5446.0
23089,4341.2
23090,5323.0
23091,3672.0
23092,3715.2
23093,56669.0
23094,4618.6
23095,7044.2
23096,5824.8
23097,6783.0
23098,50868.0
23099,6550.6
23100,54391.4
23101,54081.4
23102,59257.0
23103,15206.0
23104,58917.8
23105,7046.2
23106,6270.0
23107,6086.0
23108,3885.0
23109,4499.0
23110,7272.2
23111,56465.0
23112,4160.6
23113,5034.4
23114,46027.6
23115,12291.2
23116,24122.0
23117,4106.6
23118,70117.8
23119,5908.2
23120,1604.0
23121,5167.4
23122,7727.8
23123,5102.0
23124,3036.6
23125,49886.2
23126,4502.0
23127,6961.4
23128,3883.8
23129,69135.4
23130,4491.2
23131,3862.0
23132,12035.6
23133,2276.0
23134,56590.0
23135,6414.0
23136,62000.0
23137,6853.8
23138,7004.0
23139,53995.0
23140,5263.6
23141,3060.8
23142,7897.8
23143,38636.4
23144,62591.0
23145,7044.2
23146,51313.2
23147,6395.0
23148,3627.6
23149,4044.0
23150,4499.0
23151,6043.0
23152,7834.0
23153,10141.2
23154,1694.0
23155,5765.0
23156,2621.0
23157,47294.2
23158,41650.0
23159,4576.6
23160,56333.0
23161,5937.0
23162,6677.8
23163,4387.0
23164,15899.0
23165,42733.8
23166,12371.6
23167,4484.8
23168,11520.0
23169,66823.4
23170,47586.0
23171,11949.2
23172,6282.4
23173,14082.0
23174,15128.8
23175,12595.0
23176,55087.0
23177,3318.2
23178,3293.0
23179,55983.0
23180,5037.0
23181,28424.0
23182,5702.6
23183,54908.0
23184,6083.8
23185,3922.0
23186,5953.0
23187,4499.0
23188,5908.2
23189,11205.0
23190,53945.0
23191,2336.0
23192,6831.4
23193,3862.0
23194,22152.0
23195,44627.0
23196,51481.0
23197,15020.6
23198,55827.0
23199,7743.2
23200,1965.6
23201,37985.0
23202,29764.0
23203,7599.8
23204,5413.0
23205,56926.4
23206,2124.0
23207,61598.4
23208,1551.0
23209,5829.0
23210,5175.2
23211,54684.0
23212,42555.8
23213,46910.4
23214,11625.0
23215,2467.8
23216,70959.8
23217,54684.0
23218,45185.0
23219,5714.6
23220,52440.0
23221,5177.0
23222,49613.0
23223,5445.4
23224,4642.2
23225,2730.2
23226,7049.4
23227,11415.0
23228,2585.6
23229,57207.2
23230,5810.0
23231,50590.4
23232,21902.4
23233,4453.0
23234,11559.0
23235,55983.0
23236,6244.0
23237,14000.0
23238,4879.2
23239,56588.0
23240,8757.0
23241,10723.6
23242,4551.6
23243,3393.0
23244,10134.4
23245,36062.4
23246,8145.6
23247,2250.0
23248,54507.0
23249,2723.0
23250,5039.6
23251,4104.2
23252,3781.0
23253,6131.2
23254,6324.6
23255,9822.8
23256,4564.0
23257,4415.8
23258,6450.0
23259,5528.6
23260,7982.0
23261,48697.6
23262,52433.8
23263,4353.0
23264,6583.6
23265,17275.2
23266,8669.0
23267,2410.0
23268,51595.0
23269,5880.0
23270,50753.8
23271,2564.4
23272,50726.4
23273,10626.0
23274,11021.8
23275,2547.4
23276,7375.6
23277,42116.2
23278,5937.0
23279,5779.4
23280,3118.8
23281,2484.6
23282,49207.0
23283,6682.0
23284,3090.0
23285,5996.4
23286,4875.2
23287,4302.0
23288,14574.0
23289,22832.0
23290,54337.0
23291,67040.2
23292,71520.8
23293,20684.0
23294,5158.6
23295,9583.2
23296,5921.0
23297,6109.0
23298,5760.0
23299,47953.0
23300,4417.0
23301,6450.0
23302,6656.8
23303,48281.0
23304,55763.4
23305,5518.8
23306,7605.0
23307,45665.0
23308,5604.2
23309,3506.4
23310,53813.6
23311,53164.0
23312,63635.4
23313,54809.4
23314,7236.0
23315,8111.0
23316,6723.8
23317,4562.2
23318,8775.2
23319,7044.4
23320,3496.8
23321,4501.0
23322,5724.0
23323,4544.8
23324,37652.8
23325,8010.6
23326,24234.0
23327,64839.8
23328,58223.4
23329,58137.0
23330,66569.8
23331,11579.6
23332,5515.8
23333,6195.0
23334,6331.2
23335,5698.0
23336,7344.6
23337,5661.8
23338,4565.6
23339,6602.2
23340,12538.6
23341,3643.0
23342,4150.2
23343,28193.6
23344,4765.0
23345,9714.2
23346,16024.4
23347,5697.2
23348,4250.2
23349,45540.2
23350,5683.8
23351,6186.0
23352,2124.0
23353,4663.6
23354,61543.0
23355,59719.6
23356,4027.8
23357,5261.2
23358,49613.0
23359,3319.6
23360,3898.0
23361,16548.0
23362,6960.6
23363,1551.0
23364,24122.0
23365,14145.0
23366,55143.6
23367,5750.2
23368,45143.8
23369,8569.8
23370,3662.4
23371,3915.6
23372,3408.8
23373,3173.4
23374,71609.8
23375,6490.4
23376,5049.2
23377,63568.0
23378,7652.6
23379,4821.2
23380,8348.2
23381,14319.4
23382,7398.6
23383,4338.0
23384,2856.8
23385,3000.0
23386,56590.0
23387,3000.0
23388,5312.0
23389,60099.4
23390,5798.6
23391,60232.0
23392,6820.2
23393,5102.0
23394,51439.4
23395,4262.0
23396,54608.0
23397,62472.0
23398,60656.2
23399,6149.8
23400,2623.2
23401,4348.0
23402,4358.6
23403,32923.0
23404,4131.0
23405,6088.6
23406,6580.0
23407,14040.0
23408,7007.4
23409,5895.4
23410,4173.0
23411,2339.0
23412,2473.2
23413,58513.0
23414,49725.0
23415,3533.0
23416,50124.6
23417,6593.4
23418,2124.0
23419,51853.0
23420,55184.6
23421,1105.0
23422,82722.0
23423,7644.2
23424,57648.0
23425,8977.6
23426,5960.0
23427,10744.0
23428,4378.0
23429,6682.4
23430,13452.0
23431,1775.2
23432,4050.4
23433,56196.2
23434,4896.0
23435,11730.0
23436,6907.2
23437,5008.6
23438,56177.0
23439,48132.8
23440,4395.4
23441,3020.0
23442,4693.6
23443,51853.0
23444,5892.0
23445,4082.8
23446,1694.0
23447,5848.0
23448,49057.2
23449,54684.0
23450,58137.0
23451,4499.0
23452,4177.0
23453,54841.0
23454,2339.0
23455,7649.4
23456,10482.6
23457,6604.8
23458,45883.0
23459,17556.0
23460,63373.8
23461,4394.8
23462,10891.0
23463,32859.0
23464,7729.6
23465,3105.0
23466,59239.8
23467,62000.0
23468,4356.0
23469,4257.2
23470,7201.2
23471,7041.8
23472,2410.0
23473,6067.0
23474,4759.2
23475,65167.0
23476,3858.0
23477,10438.2
23478,5942.0
23479,9271.4
23480,42566.0
23481,5651.0
23482,6012.0
23483,64103.4
23484,55001.0
23485,6109.0
23486,36700.0
23487,4717.0
23488,6641.0
23489,13382.2
23490,63523.4
23491,4257.0
23492,5084.0
23493,23944.0
23494,4105.0
23495,4790.0
23496,47253.2
23497,4508.0
23498,3090.0
23499,11742.0
23500,6160.0
23501,3677.4
23502,3365.8
23503,53195.4
23504,5165.0
23505,51853.0
23506,56945.0
23507,3393.0
23508,5203.0
23509,4977.4
23510,60977.0
23511,6450.0
23512,51457.0
23513,8528.4
23514,5869.4
23515,3448.4
23516,3064.0
23517,5266.4
23518,2409.0
23519,12726.6
23520,4507.2
23521,77125.4
23522,15504.4
23523,7282.2
23524,4351.2
23525,3620.0
23526,57253.2
23527,2960.0
23528,30302.0
23529,5543.8
23530,6408.8
23531,6734.6
23532,5757.6
23533,13487.0
23534,64464.0
23535,6292.2
23536,13021.8
23537,38099.0
23538,31622.0
23539,63599.0
23540,48410.8
23541,38288.4
23542,37985.0
23543,59791.0
23544,6453.4
23545,8051.6
23546,64912.0
23547,9714.0
23548,7584.0
23549,9470.0
23550,4499.0
23551,58125.0
23552,6358.6
23553,12138.6
23554,54608.0
23555,53164.0
23556,45693.0
23557,7772.0
23558,5467.0
23559,8941.8
23560,3915.6
23561,4020.0
23562,12419.0
23563,23919.2
23564,56177.0
23565,5259.0
23566,6352.8
23567,22140.0
23568,4419.0
23569,52581.8
23570,5944.0
23571,43865.0
23572,8298.4
23573,2150.0
23574,5888.0
23575,5784.0
23576,6158.0
23577,1714.0
23578,7124.4
23579,42513.0
23580,65844.8
23581,9136.0
23582,4612.0
23583,23944.0
23584,4248.0
23585,3294.4
23586,2291.4
23587,6782.2
23588,51853.0
23589,59629.0
23590,3834.6
23591,81801.8
23592,7457.2
23593,6309.8
23594,62068.8
23595,9108.8
23596,10586.6
23597,12922.8
23598,7006.0
23599,5366.0
23600,4959.8
23601,48851.0
23602,12007.0
23603,2098.0
23604,6123.4
23605,4963.4
23606,1606.0
23607,2990.8
23608,4855.0
23609,65763.4
23610,14292.0
23611,68124.0
23612,4797.0
23613,5588.8
23614,6292.6
23615,5127.8
23616,6568.0
23617,58652.2
23618,49553.0
23619,60978.0
23620,10533.0
23621,2361.0
23622,59226.8
23623,1551.0
23624,2503.8
23625,7344.6
23626,5387.0
23627,12054.0
23628,60049.0
23629,9523.2
23630,64655.4
23631,7407.4
23632,2776.8
23633,4827.0
23634,5543.6
23635,12732.6
23636,3924.8
23637,13641.0
23638,5943.0
23639,9060.6
23640,49411.0
23641,14216.8
23642,4499.0
23643,57501.6
23644,59562.8
23645,4502.0
23646,5322.0
23647,5949.0
23648,3381.0
23649,4099.0
23650,53064.0
23651,36700.0
23652,4111.0
23653,4342.0
23654,3788.0
23655,49849.0
23656,5302.0
23657,41819.6
23658,49553.0
23659,2359.0
23660,7311.2
23661,59257.0
23662,39004.4
23663,12079.6
23664,5179.0
23665,3913.2
23666,73050.8
23667,25320.8
23668,54787.4
23669,5425.0
23670,6008.0
23671,5440.0
23672,9204.0
23673,47586.0
23674,58125.0
23675,54608.0
23676,57796.2
23677,59276.2
23678,4498.0
23679,7813.0
23680,5932.0
23681,10486.4
23682,4837.6
23683,2518.8
23684,4337.0
23685,6840.0
23686,3578.4
23687,6067.0
23688,6446.6
23689,3867.6
23690,54608.0
23691,14915.4
23692,11689.0
23693,5731.4
23694,6419.6
23695,9640.8
23696,4502.0
23697,9475.0
23698,7023.8
23699,12176.0
23700,61485.0
23701,3884.2
23702,45693.0
23703,7467.2
23704,4969.8
23705,7207.8
23706,49613.0
23707,24122.0
23708,67321.0
23709,1551.0
23710,11448.0
23711,5537.4
23712,5157.6
23713,7750.2
23714,4553.6
23715,46733.4
23716,2078.8
23717,13062.2
23718,73958.0
23719,41064.0
23720,2336.0
23721,2754.0
23722,1830.0
23723,12511.8
23724,3457.0
23725,32232.0
23726,4811.2
23727,5012.6
23728,10510.6
23729,4745.0
23730,5679.4
23731,6530.4
23732,4490.6
23733,4511.2
23734,4272.0
23735,49905.0
23736,8568.0
23737,44173.2
23738,49748.2
23739,6593.4
23740,51595.0
23741,4244.6
23742,41331.8
23743,5888.0
23744,6586.6
23745,4312.8
23746,50271.0
23747,5827.2
23748,5102.0
23749,5339.6
23750,63271.8
23751,6206.4
23752,5435.8
23753,5942.0
23754,4831.6
23755,3765.0
23756,5440.0
23757,3978.4
23758,64188.4
23759,56702.0
23760,54608.0
23761,17548.0
23762,5365.4
23763,13261.2
23764,7683.2
23765,7106.0
23766,7927.0
23767,42555.8
23768,9841.6
23769,4736.8
23770,7053.0
23771,37985.0
23772,4020.2
23773,3340.0
23774,2150.0
23775,3999.0
23776,2446.0
23777,4361.8
23778,4933.8
23779,3839.2
23780,3393.0
23781,10379.6
23782,50394.2
23783,12408.8
23784,53197.0
23785,5459.6
23786,62169.0
23787,5400.0
23788,57501.6
23789,53197.0
23790,50394.2
23791,6261.4
23792,52063.0
23793,54391.4
23794,56590.0
23795,60396.0
23796,59440.0
23797,7789.2
23798,51249.0
23799,8911.8
23800,12961.0
23801,7083.2
23802,51417.0
23803,3862.0
23804,5252.4
23805,5124.2
23806,50083.0
23807,3096.0
23808,9192.8
23809,52839.4
23810,61650.0
23811,5949.0
23812,2669.8
23813,50787.4
23814,63590.4
23815,5372.4
23816,11477.4
23817,12246.0
23818,56879.4
23819,11762.2
23820,57172.8
23821,5901.4
23822,68911.4
23823,6025.2
23824,4881.6
23825,7024.2
23826,9375.8
23827,30350.4
23828,10982.4
23829,12272.0
23830,9378.2
23831,6092.0
23832,6420.2
23833,4589.0
23834,6173.6
23835,4020.4
23836,6195.8
23837,5815.4
23838,5343.0
23839,9142.0
23840,63277.0
23841,44520.8
23842,49725.0
23843,6067.0
23844,11932.0
23845,5604.4
23846,7772.0
23847,3814.4
23848,50600.0
23849,55763.4
23850,12695.8
23851,3393.0
23852,5360.8
23853,54684.0
23854,17978.8
23855,10531.4
23856,61180.0
23857,6389.0
23858,57721.8
23859,2738.0
23860,6108.0
23861,6552.8
23862,10045.8
23863,54654.4
23864,7489.2
23865,5824.8
23866,11634.6
23867,4378.8
23868,2821.0
23869,60106.0
23870,6568.0
23871,6231.6
23872,11205.8
23873,17794.0
23874,7706.4
23875,55157.6
23876,40337.8
23877,4394.2
23878,6851.6
23879,7743.8
23880,2327.0
23881,5880.0
23882,6826.0
23883,45471.2
23884,4165.0
23885,4913.8
23886,5129.2
23887,5177.8
23888,61227.0
23889,6833.8
23890,5462.8
23891,5526.0
23892,7375.6
23893,4787.0
23894,4417.0
23895,45883.0
23896,49444.6
23897,1951.4
23898,71234.2
23899,16056.0
23900,2498.6
23901,5041.0
23902,7759.8
23903,6088.0
23904,5140.4
23905,3998.0
23906,12659.8
23907,5021.8
23908,1890.0
23909,6569.4
23910,4289.2
23911,11392.6
23912,3476.4
23913,61059.4
23914,5368.2
23915,9602.6
23916,4663.0
23917,13314.4
23918,48474.4
23919,41705.6
23920,31548.0
23921,16229.4
23922,37929.0
23923,3496.0
23924,65633.0
23925,4089.0
23926,14133.0
23927,6879.8
23928,4130.2
23929,6450.0
23930,6257.0
23931,5274.4
23932,6030.4
23933,7488.0
23934,4814.0
23935,5646.4
23936,5468.8
23937,3433.2
23938,6463.0
23939,4769.8
23940,60107.0
23941,11258.2
23942,6200.0
23943,8344.8
23944,11782.0
23945,2878.4
23946,4880.4
23947,5308.4
23948,6193.8
23949,6329.4
23950,2901.0
23951,4996.8
23952,4273.6
23953,2901.0
23954,2203.0
23955,5806.8
23956,3939.6
23957,25231.8
23958,5387.0
23959,60399.4
23960,4552.4
23961,13713.0
23962,2193.2
23963,72976.2
23964,4149.2
23965,5675.2
23966,5012.6
23967,2875.0
23968,9097.4
23969,4510.8
23970,16446.0
23971,1755.0
23972,9416.0
23973,49613.0
23974,4433.2
23975,11436.0
23976,11807.0
23977,46918.0
23978,7263.2
23979,6461.0
23980,41212.4
23981,6274.2
23982,44280.0
23983,3524.2
23984,2736.8
23985,1830.0
23986,7425.0
23987,15132.6
23988,60656.0
23989,17710.8
23990,67152.2
23991,6476.6
23992,45883.0
23993,2964.0
23994,4170.0
23995,15306.0
23996,3743.2
23997,60785.8
23998,6593.0
23999,4725.2
24000,5658.4
24001,11448.0
24002,56590.0
24003,4373.0
24004,6151.0
24005,4445.8
24006,13153.2
24007,4659.4
24008,5093.0
24009,4488.4
24010,6485.6
24011,5360.8
24012,2074.0
24013,7921.8
24014,11723.4
24015,61653.8
24016,5840.6
24017,38340.8
24018,2723.0
24019,8663.0
24020,4884.8
24021,54992.2
24022,4390.0
24023,7806.8
24024,45540.2
24025,10235.8
24026,27792.0
24027,42513.0
24028,6377.8
24029,2801.6
24030,5248.6
24031,3862.0
24032,63644.0
24033,58223.4
24034,3961.0
24035,6618.6
24036,54090.0
24037,3921.4
24038,4969.8
24039,4029.0
24040,11205.0
24041,2105.0
24042,59441.8
24043,7584.0
24044,44280.0
24045,10022.2
24046,43884.0
24047,10425.0
24048,3178.4
24049,5953.0
24050,66511.0
24051,55377.0
24052,6632.0
24053,3999.0
24054,5018.0
24055,4048.0
24056,12766.4
24057,4496.0
24058,4294.0
24059,4997.8
24060,53219.0
24061,47367.2
24062,6719.8
24063,51449.8
24064,61843.4
24065,9510.0
24066,2764.8
24067,1714.0
24068,61686.8
24069,13389.0
24070,5291.0
24071,7394.0
24072,6897.2
24073,17621.4
24074,8005.8
24075,6012.0
24076,7657.0
24077,6206.6
24078,5022.0
24079,1842.8
24080,20684.0
24081,3114.4
24082,47953.0
24083,51865.0
24084,62672.8
24085,2966.0
24086,6170.8
24087,5997.2
24088,3569.0
24089,7418.2
24090,43884.0
24091,3133.8
24092,2197.4
24093,63590.4
24094,2410.0
24095,5776.0
24096,47670.8
24097,4422.0
24098,56267.8
24099,20684.0
24100,2901.0
24101,70724.6
24102,5497.2
24103,6100.4
24104,38099.0
24105,46382.8
24106,6642.4
24107,2476.0
24108,52522.0
24109,66354.4
24110,49260.8
24111,52569.4
24112,7403.6
24113,6319.0
24114,38952.0
24115,49853.8
24116,3960.2
24117,5347.4
24118,6178.2
24119,3855.6
24120,64419.4
24121,14872.6
24122,15885.0
24123,2150.0
24124,45883.0
24125,52981.4
24126,62541.0
24127,4914.6
24128,48645.6
24129,33307.2
24130,5825.2
24131,2396.0
24132,2250.0
24133,17334.4
24134,42044.0
24135,50271.0
24136,46525.0
24137,52981.4
24138,5503.0
24139,4063.2
24140,5366.0
24141,8542.0
24142,8898.8
24143,51762.8
24144,18041.8
24145,38189.0
24146,6013.2
24147,4315.6
24148,60242.6
24149,12184.0
24150,5713.6
24151,5995.6
24152,6696.8
24153,5955.0
24154,4499.0
24155,3090.0
24156,61590.2
24157,15887.2
24158,5665.2
24159,7724.0
24160,4557.4
24161,5129.0
24162,4969.8
24163,32923.0
24164,10595.2
24165,27864.0
24166,6312.0
24167,4819.4
24168,48826.0
24169,5924.0
24170,10018.0
24171,53949.6
24172,6488.4
24173,52593.0
24174,2882.8
24175,57263.4
24176,6878.4
24177,69481.8
24178,8641.6
24179,12990.0
24180,4710.0
24181,4711.2
24182,27976.0
24183,9942.0
24184,7363.8
24185,4755.0
24186,24122.0
24187,22140.0
24188,55983.0
24189,39321.0
24190,6233.0
24191,11427.6
24192,4515.6
24193,2723.0
24194,3988.0
24195,9191.4
24196,50575.8
24197,3939.6
24198,73506.2
24199,3334.0
24200,5761.0
24201,49613.0
24202,8979.4
24203,3762.4
24204,2477.0
24205,50590.4
24206,6993.8
24207,6841.2
24208,5564.6
24209,7636.6
24210,7890.8
24211,5743.0
24212,6100.6
24213,6512.0
24214,61597.0
24215,66749.0
24216,55377.0
24217,4968.8
24218,3393.0
24219,8240.0
24220,2686.2
24221,5724.0
24222,7722.8
24223,54654.4
24224,4219.2
24225,7953.8
24226,8475.0
24227,51595.0
24228,6587.0
24229,24234.0
24230,9415.4
24231,5559.8
24232,60730.2
24233,1776.0
24234,51539.2
24235,11047.6
24236,3149.6
24237,4065.4
24238,11331.0
24239,56588.0
24240,3316.6
24241,57501.6
24242,5015.0
24243,11219.2
24244,4355.4
24245,7410.6
24246,4371.4
24247,40531.4
24248,10486.8
24249,5943.0
24250,2091.0
24251,9116.8
24252,57297.0
24253,59383.6
24254,57296.2
24255,12495.2
24256,3827.8
24257,6156.6
24258,4485.0
24259,5761.0
24260,41269.0
24261,44081.0
24262,57031.6
24263,6348.6
24264,7950.0
24265,6591.0
24266,3353.4
24267,56588.0
24268,4079.0
24269,3783.4
24270,3735.0
24271,5992.6
24272,49849.0
24273,5337.4
24274,20000.0
24275,3036.2
24276,51865.0
24277,3037.2
24278,8147.8
24279,4672.0
24280,13417.0
24281,58376.0
24282,11593.0
24283,3563.0
24284,7576.4
24285,54841.0
24286,8023.2
24287,3986.0
24288,3862.0
24289,5258.4
24290,51479.4
24291,3961.0
24292,5662.4
24293,1694.0
24294,7397.2
24295,7105.2
24296,67365.8
24297,6561.2
24298,6803.0
24299,4428.2
24300,2900.0
24301,57036.8
24302,5773.4
24303,53708.8
24304,10630.4
24305,8226.8
24306,9954.0
24307,4977.0
24308,15339.8
24309,7007.4
24310,3334.0
24311,25370.8
24312,49725.0
24313,6771.4
24314,2250.0
24315,67443.4
24316,74707.4
24317,5778.4
24318,60978.0
24319,4625.0
24320,48826.0
24321,2723.0
24322,6621.0
24323,5772.0
24324,3219.4
24325,51817.0
24326,4832.0
24327,10783.6
24328,4502.0
24329,44280.0
24330,53209.0
24331,4727.2
24332,59504.4
24333,4000.0
24334,52287.0
24335,58075.8
24336,46603.2
24337,7332.2
24338,55502.0
24339,12181.0
24340,5154.4
24341,65664.6
24342,54684.0
24343,4250.0
24344,3648.0
24345,6132.0
24346,5786.4
24347,56879.4
24348,6923.0
24349,6144.0
24350,54191.0
24351,4452.0
24352,4724.4
24353,5117.2
24354,10914.0
24355,45883.0
24356,9181.6
24357,7815.2
24358,4499.0
24359,6502.0
24360,8011.6
24361,6107.0
24362,11217.0
24363,6334.8
24364,44280.0
24365,53813.6
24366,2150.0
24367,56590.0
24368,6545.2
24369,5702.6
24370,10130.8
24371,69683.4
24372,8712.8
24373,51069.0
24374,4143.2
24375,70184.8
24376,44230.8
24377,5602.8
24378,7475.2
24379,46947.0
24380,52220.2
24381,3090.0
24382,4263.0
24383,15762.0
24384,4501.0
24385,6683.0
24386,66353.0
24387,4091.0
24388,5682.2
24389,11609.2
24390,49905.0
24391,4667.2
24392,44209.8
24393,50600.0
24394,77726.8
24395,2836.0
24396,13207.8
24397,11774.4
24398,59562.8
24399,22123.4
24400,27792.0
24401,54608.0
24402,6198.0
24403,15373.0
24404,50816.2
24405,2203.0
24406,3752.4
24407,9676.8
24408,6463.8
24409,55377.0
24410,12659.2
24411,4147.4
24412,5102.0
24413,6252.0
24414,3477.0
24415,54582.4
24416,40677.4
24417,6132.0
24418,5102.0
24419,7623.8
24420,5767.6
24421,53164.0
24422,4825.8
24423,3014.0
24424,51875.0
24425,29954.0
24426,5764.0
24427,23944.0
24428,6278.0
24429,5125.0
24430,6450.0
24431,15519.2
24432,50943.4
24433,1485.0
24434,52867.4
24435,56590.0
24436,4577.8
24437,55694.4
24438,58573.0
24439,43039.8
24440,11539.6
24441,5716.0
24442,60799.0
24443,4029.6
24444,2336.0
24445,11352.0
24446,23898.0
24447,6107.4
24448,49613.0
24449,59133.0
24450,6825.6
24451,4056.0
24452,11599.0
24453,4096.6
24454,51817.0
24455,8656.6
24456,75768.8
24457,5986.0
24458,50271.0
24459,10081.6
24460,65113.8
24461,59633.0
24462,6327.6
24463,34714.0
24464,44144.0
24465,6794.2
24466,6163.6
24467,4805.8
24468,60185.8
24469,4403.0
24470,50853.8
24471,64524.4
24472,5619.0
24473,9111.2
24474,6109.0
24475,60396.0
24476,7774.0
24477,3390.2
24478,4250.8
24479,5823.0
24480,16801.2
24481,4450.6
24482,70009.0
24483,4500.0
24484,5260.2
24485,60106.0
24486,6998.2
24487,7869.8
24488,9374.2
24489,55661.0
24490,9454.0
24491,2892.6
24492,5348.8
24493,3851.6
24494,6930.0
24495,7083.2
24496,3275.8
24497,6206.4
24498,49156.8
24499,6108.4
24500,7375.6
24501,1830.0
24502,6687.8
24503,4194.6
24504,6374.2
24505,9016.4
24506,4619.4
24507,6808.0
24508,11838.8
24509,2201.0
24510,11168.8
24511,8168.6
24512,17548.0
24513,4067.2
24514,49476.4
24515,5177.0
24516,45221.2
24517,57744.8
24518,68415.0
24519,6985.0
24520,47299.8
24521,39847.0
24522,6082.0
24523,63635.4
24524,56121.0
24525,56333.0
24526,14193.2
24527,4722.6
24528,5954.0
24529,54865.6
24530,5518.8
24531,20684.0
24532,11416.2
24533,45693.0
24534,2524.6
24535,5168.2
24536,8331.4
24537,4873.8
24538,7190.0
24539,2228.0
24540,6787.8
24541,53962.8
24542,5334.8
24543,5928.2
24544,5971.2
24545,55528.0
24546,57210.8
24547,43879.4
24548,8473.0
24549,6459.2
24550,5845.6
24551,11408.2
24552,3083.6
24553,9976.0
24554,39499.0
24555,3218.0
24556,5757.6
24557,6746.0
24558,57117.2
24559,61955.4
24560,51345.0
24561,4368.6
24562,6932.4
24563,5144.8
24564,58017.0
24565,48849.6
24566,27864.0
24567,52839.4
24568,4612.0
24569,6437.0
24570,4436.6
24571,59377.0
24572,50271.0
24573,4337.0
24574,4723.6
24575,2516.0
24576,3020.6
24577,6397.4
24578,4087.8
24579,53743.0
24580,65010.4
24581,53209.0
24582,3737.6
24583,8600.8
24584,54911.4
24585,15960.6
24586,11615.6
24587,56588.0
24588,2410.0
24589,62444.8
24590,13761.4
24591,8790.0
24592,48106.2
24593,51853.0
24594,60365.0
24595,8131.2
24596,10407.0
24597,80042.0
24598,67376.0
24599,5761.0
24600,7303.8
24601,3921.4
24602,1830.0
24603,11419.2
24604,3139.4
24605,3448.8
24606,67228.0
24607,49510.8
24608,45234.4
24609,47367.2
24610,37526.0
24611,7007.4
24612,5060.0
24613,14821.4
24614,4327.0
24615,3251.0
24616,2480.0
24617,2939.4
24618,4564.0
24619,13136.2
24620,11731.0
24621,58769.8
24622,5540.2
24623,5789.0
24624,16651.4
24625,4708.8
24626,6173.4
24627,5808.6
24628,50075.4
24629,7743.8
24630,67824.0
24631,12684.0
24632,10230.4
24633,5657.8
24634,40744.0
24635,45693.0
24636,16332.2
24637,6787.2
24638,4020.0
24639,37985.0
24640,11488.0
24641,2436.0
24642,53518.8
24643,5732.6
24644,65427.4
24645,2105.0
24646,6468.4
24647,63782.8
24648,55267.6
24649,4498.0
24650,3342.0
24651,11520.0
24652,7912.0
24653,2477.0
24654,57614.2
24655,4498.0
24656,7584.0
24657,6345.6
24658,46728.0
24659,2228.0
24660,5108.0
24661,4499.0
24662,6465.4
24663,43669.0
24664,5441.0
24665,76599.0
24666,3096.0
24667,4269.0
24668,5020.0
24669,7304.0
24670,8947.6
24671,63883.2
24672,2339.0
24673,56270.0
24674,7546.0
24675,58887.4
24676,9654.6
24677,4755.0
24678,54608.0
24679,2050.0
24680,42457.0
24681,7375.6
24682,52892.2
24683,62748.0
24684,68665.0
24685,8321.8
24686,6011.4
24687,5659.4
24688,37914.0
24689,8575.0
24690,5441.0
24691,57031.4
24692,41532.6
24693,14160.6
24694,29992.0
24695,8445.6
24696,51972.2
24697,1443.0
24698,13602.6
24699,48410.8
24700,60701.0
24701,20684.0
24702,7313.2
24703,47449.0
24704,60508.0
24705,3373.4
24706,2738.0
24707,6568.0
24708,5766.0
24709,6741.0
24710,54059.0
24711,2900.0
24712,6481.0
24713,13595.6
24714,3990.8
24715,54325.8
24716,4028.0
24717,45693.0
24718,3605.2
24719,3393.0
24720,20606.0
24721,2738.0
24722,5322.0
24723,2636.0
24724,3969.2
24725,55694.4
24726,4828.8
24727,22140.0
24728,72075.4
24729,4111.0
24730,7947.0
24731,49725.0
24732,5674.0
24733,3510.4
24734,27068.0
24735,5177.0
24736,6503.8
24737,50271.0
24738,6552.0
24739,49039.4
24740,6052.0
24741,3511.0
24742,32923.0
24743,4827.0
24744,7261.2
24745,6052.0
24746,58535.0
24747,5329.6
24748,17355.2
24749,64113.0
24750,57501.6
24751,4948.2
24752,4324.0
24753,55983.0
24754,6482.6
24755,5805.0
24756,51586.6
24757,5845.6
24758,7861.2
24759,6018.4
24760,2339.0
24761,5949.0
24762,5247.2
24763,4628.0
24764,8714.4
24765,31290.0
24766,5912.0
24767,3351.8
24768,32859.0
24769,32646.0
24770,6696.8
24771,4167.2
24772,10522.0
24773,12531.8
24774,45426.2
24775,4170.4
24776,5783.4
24777,11129.0
24778,75784.8
24779,6436.0
24780,2476.0
24781,49613.0
24782,4904.6
24783,11185.0
24784,7603.2
24785,52175.0
24786,52153.0
24787,6346.4
24788,64665.8
24789,6601.2
24790,39321.0
24791,5888.4
24792,6735.6
24793,43729.0
24794,10680.0
24795,11518.4
24796,41064.0
24797,2336.0
24798,2836.0
24799,4061.0
24800,5908.8
24801,57263.4
24802,11541.0
24803,5102.0
24804,4969.8
24805,6227.2
24806,45693.0
24807,3988.0
24808,26911.2
24809,4500.0
24810,2201.0
24811,3560.6
24812,10090.0
24813,61216.2
24814,3975.2
24815,46947.0
24816,2360.0
24817,32859.0
24818,4609.0
24819,3923.2
24820,9577.4
24821,3285.6
24822,6490.0
24823,4225.0
24824,55082.8
24825,2074.0
24826,46918.0
24827,4453.0
24828,5385.0
24829,57195.0
24830,5112.0
24831,1788.0
24832,3791.8
24833,2836.0
24834,5131.2
24835,9986.4
24836,6132.0
24837,6021.8
24838,1830.0
24839,56308.4
24840,13038.8
24841,8126.6
24842,7377.2
24843,4382.0
24844,22140.0
24845,43510.8
24846,5122.4
24847,3839.8
24848,5159.4
24849,64715.6
24850,51972.2
24851,32923.0
24852,5412.8
24853,7617.8
24854,12887.0
24855,4382.6
24856,11673.6
24857,51707.0
24858,10461.8
24859,54882.8
24860,6088.0
24861,2201.0
24862,6277.6
24863,6144.0
24864,5709.2
24865,2201.0
24866,9120.2
24867,6385.4
24868,7211.4
24869,5670.6
24870,5772.0
24871,3918.0
24872,6163.6
24873,4417.0
24874,4809.2
24875,3772.0
24876,62381.0
24877,48298.0
24878,3090.0
24879,60215.0
24880,9082.8
24881,8224.4
24882,6937.6
24883,62349.4
24884,7417.4
24885,56128.0
24886,2842.2
24887,4754.0
24888,54622.4
24889,4050.4
24890,6584.0
24891,44280.0
24892,16215.0
24893,5441.0
24894,42457.0
24895,4179.4
24896,47385.0
24897,5398.8
24898,45693.0
24899,5522.8
24900,7873.0
24901,6936.8
24902,5102.0
24903,5193.4
24904,5540.8
24905,6450.0
24906,6324.6
24907,37983.6
24908,42910.2
24909,12454.6
24910,48101.2
24911,5823.0
24912,6534.8
24913,2250.0
24914,2600.2
24915,57703.6
24916,48298.0
24917,2182.0
24918,5301.8
24919,5847.0
24920,62119.4
24921,63648.6
24922,9739.8
24923,49207.0
24924,46483.0
24925,69605.8
24926,6082.0
24927,2410.0
24928,7577.0
24929,4411.0
24930,9997.8
24931,55268.6
24932,6626.6
24933,31884.0
24934,55150.0
24935,3573.8
24936,4506.4
24937,17604.0
24938,10656.6
24939,57393.0
24940,3620.0
24941,4979.0
24942,6488.0
24943,5140.4
24944,9353.0
24945,4980.6
24946,10680.0
24947,4582.4
24948,4628.4
24949,4390.0
24950,3315.0
24951,8111.0
24952,4551.0
24953,6762.4
24954,2901.0
24955,8966.0
24956,5849.0
24957,2075.8
24958,1788.0
24959,45883.0
24960,9440.0
24961,8509.0
24962,58180.8
24963,7261.4
24964,6938.2
24965,6102.0
24966,3096.6
24967,4243.6
24968,2621.0
24969,61471.0
24970,5991.0
24971,13713.0
24972,4427.0
24973,5000.4
24974,57117.0
24975,5755.2
24976,7154.4
24977,13126.0
24978,7426.0
24979,7584.0
24980,5624.2
24981,6914.8
24982,49613.0
24983,4029.8
24984,47586.0
24985,8286.0
24986,6510.8
24987,2565.6
24988,3456.6
24989,61471.0
24990,6678.0
24991,4506.0
24992,5644.0
24993,52063.0
24994,11240.6
24995,14082.0
24996,44280.0
24997,44985.0
24998,2336.0
24999,4439.0
25000,6497.6
25001,32646.0
25002,6568.0
25003,6502.0
25004,4440.2
25005,56591.4
25006,8600.6
25007,10965.2
25008,47449.0
25009,4217.8
25010,11205.0
25011,4886.6
25012,44432.0
25013,2437.2
25014,5176.0
25015,5972.0
25016,5355.8
25017,6010.6
25018,1443.0
25019,4854.8
25020,5686.0
25021,2480.0
25022,9201.0
25023,28510.0
25024,2518.0
25025,5186.2
25026,44144.0
25027,80765.4
25028,5022.8
25029,5104.0
25030,55983.0
25031,84696.8
25032,53813.6
25033,54608.0
25034,3096.0
25035,44173.2
25036,62919.4
25037,56588.0
25038,14448.6
25039,8519.4
25040,59261.0
25041,53168.0
25042,4022.8
25043,5125.0
25044,2574.6
25045,2865.6
25046,8825.6
25047,12643.2
25048,54046.6
25049,4612.0
25050,3683.0
25051,55983.0
25052,54204.4
25053,68093.0
25054,6580.2
25055,50186.0
25056,32232.0
25057,44280.0
25058,6133.0
25059,60508.0
25060,8108.4
25061,4071.0
25062,2098.0
25063,37995.0
25064,51457.0
25065,4940.8
25066,15237.4
25067,67376.2
25068,3623.0
25069,4659.8
25070,23838.0
25071,12180.0
25072,6751.6
25073,60396.0
25074,2477.0
25075,55018.6
25076,8218.0
25077,24420.0
25078,43117.4
25079,3633.0
25080,57440.4
25081,20684.0
25082,6825.6
25083,52297.2
25084,49913.0
25085,5766.0
25086,5658.2
25087,3282.4
25088,4496.0
25089,7824.0
25090,6481.2
25091,7544.2
25092,6187.4
25093,63075.4
25094,5783.2
25095,10633.8
25096,49613.0
25097,3670.4
25098,5001.6
25099,10486.4
25100,6694.0
25101,4416.0
25102,3296.6
25103,5952.2
25104,32923.0
25105,5484.2
25106,9194.0
25107,9156.0
25108,55377.0
25109,2856.8
25110,9501.4
25111,64289.2
25112,9127.6
25113,5102.0
25114,13284.6
25115,6025.2
25116,48686.4
25117,32008.0
25118,12008.4
25119,52063.0
25120,8077.0
25121,3818.0
25122,5939.0
25123,13237.8
25124,43289.6
25125,10785.2
25126,44144.0
25127,2132.0
25128,5945.6
25129,5960.0
25130,5881.8
25131,18973.0
25132,45221.2
25133,16543.0
25134,56476.0
25135,9417.6
25136,45883.0
25137,7476.2
25138,3499.6
25139,63533.4
25140,4279.4
25141,8442.0
25142,47586.0
25143,60208.8
25144,60276.8
25145,39499.0
25146,5102.0
25147,69974.6
25148,4453.0
25149,51141.2
25150,6509.0
25151,64257.8
25152,68809.8
25153,57295.8
25154,3862.0
25155,47657.0
25156,5236.2
25157,11129.0
25158,1830.0
25159,59825.0
25160,3393.2
25161,6811.2
25162,5038.2
25163,64843.6
25164,55851.0
25165,5761.0
25166,5888.0
25167,6934.2
25168,6199.2
25169,6452.2
25170,58181.8
25171,52618.4
25172,58348.8
25173,4551.4
25174,56888.4
25175,4472.0
25176,4023.0
25177,5687.8
25178,7996.0
25179,12483.0
25180,63375.0
25181,35520.0
25182,73911.2
25183,5904.0
25184,3022.0
25185,70386.2
25186,4094.0
25187,36365.0
25188,5084.8
25189,67914.0
25190,2606.2
25191,6429.4
25192,5441.0
25193,71004.8
25194,42521.0
25195,6808.4
25196,4202.0
25197,10507.0
25198,60508.0
25199,52861.0
25200,2949.2
25201,13462.2
25202,4672.0
25203,6039.0
25204,5125.6
25205,11497.2
25206,7571.6
25207,3828.6
25208,4869.4
25209,5117.2
25210,2464.0
25211,4165.0
25212,2614.0
25213,6388.0
25214,2502.6
25215,12769.8
25216,4000.0
25217,3877.2
25218,10502.8
25219,3988.0
25220,56176.2
25221,60377.0
25222,8952.8
25223,7104.0
25224,11129.0
25225,5071.4
25226,7155.0
25227,38446.6
25228,41724.4
25229,4699.0
25230,45257.0
25231,61128.0
25232,44405.0
25233,11617.6
25234,56476.0
25235,4585.2
25236,4627.0
25237,2998.2
25238,4498.0
25239,7746.2
25240,6961.8
25241,4208.8
25242,6309.8
25243,3862.0
25244,4453.8
25245,13239.4
25246,52175.0
25247,47802.6
25248,51417.0
25249,3126.6
25250,23944.0
25251,11635.8
25252,5442.4
25253,5102.0
25254,8300.6
25255,57356.6
25256,4669.0
25257,57645.4
25258,3709.4
25259,6604.2
25260,8833.6
25261,4245.0
25262,50283.2
25263,7488.0
25264,8239.2
25265,71412.2
25266,5512.0
25267,6894.8
25268,2022.0
25269,2266.8
25270,15897.6
25271,6465.4
25272,11567.6
25273,61746.8
25274,4559.0
25275,5059.4
25276,7481.8
25277,9805.2
25278,6825.6
25279,57920.0
25280,11635.2
25281,6184.0
25282,49613.0
25283,54684.0
25284,2887.6
25285,4787.4
25286,6538.8
25287,27792.0
25288,29992.0
25289,5270.8
25290,5926.2
25291,51457.0
25292,7818.6
25293,12970.0
25294,8519.4
25295,5366.8
25296,13524.0
25297,3453.4
25298,35528.2
25299,43627.8
25300,14056.4
25301,64397.0
25302,22140.0
25303,5857.6
25304,45422.4
25305,37207.2
25306,11604.6
25307,2339.0
25308,39241.4
25309,6191.4
25310,7317.8
25311,4631.4
25312,5460.0
25313,11864.4
25314,24755.2
25315,5761.0
25316,6212.8
25317,50271.0
25318,5706.8
25319,6163.6
25320,7417.2
25321,6735.8
25322,5954.0
25323,4500.0
25324,4678.6
25325,11607.8
25326,22140.0
25327,3636.6
25328,73496.2
25329,49048.4
25330,47747.2
25331,12840.2
25332,6018.4
25333,4298.2
25334,4499.0
25335,51595.0
25336,9032.8
25337,10586.6
25338,82675.2
25339,55377.0
25340,3972.6
25341,4934.4
25342,54684.0
25343,55138.6
25344,60611.4
25345,71039.4
25346,1884.4
25347,61228.2
25348,4687.0
25349,2339.0
25350,5206.0
25351,50271.0
25352,2568.0
25353,12705.8
25354,47217.0
25355,46382.8
25356,6390.2
25357,62721.0
25358,7285.2
25359,2228.0
25360,10361.2
25361,55983.0
25362,12547.4
25363,2074.0
25364,6282.4
25365,5389.6
25366,6568.0
25367,4499.0
25368,4000.0
25369,5949.0
25370,46845.2
25371,54582.4
25372,39499.0
25373,3167.4
25374,60929.2
25375,53197.0
25376,8111.0
25377,2359.0
25378,3968.6
25379,52522.0
25380,12595.4
25381,60869.8
25382,7649.2
25383,4145.0
25384,13887.2
25385,4361.4
25386,5853.0
25387,6971.8
25388,61895.4
25389,58698.4
25390,14720.0
25391,5385.4
25392,54684.0
25393,31982.0
25394,5177.0
25395,7167.6
25396,2723.0
25397,4637.0
25398,4717.6
25399,50590.4
25400,30319.2
25401,60260.0
25402,10134.0
25403,8259.2
25404,8433.6
25405,8305.2
25406,4632.6
25407,45657.0
25408,40782.8
25409,5911.6
25410,4746.0
25411,52175.0
25412,3813.0
25413,3000.0
25414,6321.4
25415,9372.4
25416,2339.0
25417,38290.4
25418,5984.4
25419,5260.2
25420,63635.4
25421,6461.0
25422,4959.2
25423,6830.2
25424,5510.8
25425,5782.4
25426,35532.0
25427,4742.4
25428,31982.0
25429,13620.0
25430,9848.6
25431,6703.0
25432,44209.8
25433,16241.2
25434,4525.6
25435,60307.0
25436,3692.2
25437,64271.0
25438,11937.0
25439,44253.0
25440,51201.2
25441,6288.2
25442,7126.6
25443,2327.0
25444,5441.0
25445,2480.0
25446,3596.0
25447,47586.0
25448,6533.0
25449,5210.8
25450,54608.0
25451,49884.0
25452,50394.2
25453,49859.2
25454,8276.2
25455,2359.0
25456,4793.4
25457,4131.0
25458,3860.0
25459,64593.4
25460,8816.2
25461,10701.0
25462,2078.4
25463,4547.0
25464,41484.4
25465,59594.2
25466,9039.4
25467,7592.8
25468,11970.8
25469,2836.0
25470,6002.0
25471,12423.4
25472,10480.2
25473,45693.0
25474,2514.4
25475,47381.8
25476,10433.8
25477,6489.0
25478,9693.0
25479,7180.0
25480,3807.4
25481,9818.8
25482,34487.6
25483,8540.4
25484,6289.2
25485,1890.0
25486,54906.8
25487,6761.2
25488,54563.4
25489,21130.2
25490,59218.0
25491,8654.2
25492,57145.4
25493,4416.0
25494,55856.6
25495,20606.0
25496,2201.0
25497,10189.6
25498,44280.0
25499,55983.0
25500,4779.2
25501,6028.2
25502,44921.0
25503,6132.0
25504,6078.0
25505,50297.0
25506,10254.4
25507,4476.4
25508,1543.0
25509,6738.0
25510,49913.0
25511,1998.0
25512,5967.0
25513,57005.0
25514,4602.8
25515,60396.0
25516,56590.0
25517,59525.8
25518,14732.8
25519,66973.0
25520,5892.0
25521,6817.0
25522,54025.2
25523,15729.2
25524,4919.0
25525,63473.8
25526,8408.4
25527,63185.0
25528,7150.6
25529,3838.0
25530,45883.0
25531,4303.8
25532,1540.0
25533,4499.0
25534,5102.0
25535,55763.4
25536,10489.4
25537,5102.0
25538,53366.8
25539,64086.6
25540,12537.0
25541,7232.0
25542,5441.0
25543,4427.2
25544,5758.6
25545,2794.4
25546,36883.4
25547,44685.0
25548,5904.2
25549,2444.0
25550,12886.0
25551,5954.0
25552,49725.0
25553,8892.4
25554,2126.0
25555,6442.0
25556,4370.6
25557,3996.2
25558,10344.0
25559,12307.4
25560,44305.0
25561,3372.8
25562,4483.0
25563,10069.0
25564,5138.2
25565,6749.6
25566,4719.4
25567,4724.0
25568,5208.2
25569,5392.4
25570,11783.0
25571,55627.0
25572,63364.2
25573,5135.2
25574,5841.2
25575,44133.0
25576,4755.0
25577,55456.0
25578,47608.4
25579,15785.8
25580,4043.8
25581,53764.2
25582,4501.0
25583,56177.0
25584,67376.0
25585,5904.0
25586,5712.4
25587,5050.8
25588,47471.2
25589,3246.0
25590,9205.4
25591,1443.0
25592,5344.6
25593,4499.0
25594,3744.6
25595,44144.0
25596,53945.0
25597,2124.0
25598,7341.8
25599,6510.0
25600,5953.4
25601,7194.0
25602,11709.6
25603,4361.6
25604,4399.0
25605,57117.2
25606,3826.6
25607,6103.2
25608,49849.0
25609,10835.6
25610,6711.4
25611,53813.6
25612,46947.0
25613,2625.0
25614,2627.4
25615,2990.8
25616,7277.0
25617,5355.4
25618,41922.2
25619,12133.0
25620,6686.8
25621,58216.0
25622,4500.0
25623,49849.0
25624,46312.4
25625,46390.0
25626,52048.0
25627,7352.0
25628,52063.0
25629,4925.6
25630,43437.0
25631,53314.2
25632,50590.4
25633,5438.8
25634,8463.2
25635,58017.0
25636,7533.2
25637,3371.6
25638,50726.4
25639,12970.0
25640,52287.0
25641,54608.0
25642,49613.0
25643,4746.4
25644,10246.2
25645,4979.0
25646,9126.8
25647,51853.0
25648,43000.4
25649,5513.0
25650,6569.6
25651,5084.4
25652,5888.0
25653,65136.0
25654,11447.4
25655,11814.8
25656,2476.0
25657,6451.0
25658,6865.2
25659,45883.0
25660,10573.4
25661,51595.0
25662,23898.0
25663,11558.8
25664,52447.2
25665,54654.4
25666,63263.0
25667,3382.8
25668,5102.0
25669,68892.6
25670,5116.0
25671,5371.4
25672,2074.0
25673,66425.0
25674,6636.2
25675,5389.6
25676,6783.2
25677,4277.6
25678,45221.2
25679,6200.0
25680,49613.0
25681,5166.0
25682,5657.0
25683,49444.6
25684,4869.6
25685,4969.0
25686,86410.2
25687,16324.4
25688,2203.0
25689,63277.0
25690,72948.2
25691,4399.6
25692,4485.0
25693,23944.0
25694,7629.4
25695,5208.0
25696,3208.2
25697,13800.0
25698,47408.0
25699,3749.0
25700,7517.6
25701,5634.8
25702,5218.2
25703,6502.0
25704,80382.4
25705,1838.4
25706,4008.6
25707,9344.4
25708,7352.0
25709,4417.0
25710,2900.6
25711,12715.8
25712,63265.4
25713,27976.0
25714,51187.6
25715,4294.0
25716,5932.0
25717,10257.0
25718,13383.2
25719,3185.8
25720,2962.4
25721,5236.0
25722,5502.0
25723,2278.0
25724,5438.8
25725,3697.2
25726,4108.0
25727,6568.0
25728,23898.0
25729,55088.4
25730,35897.8
25731,2359.0
25732,4776.6
25733,6268.4
25734,10458.2
25735,3522.6
25736,4596.0
25737,69168.0
25738,42887.0
25739,54684.0
25740,5852.2
25741,6702.4
25742,5053.2
25743,55157.6
25744,11331.0
25745,5811.6
25746,56207.0
25747,5764.2
25748,54608.0
25749,2993.2
25750,27068.0
25751,7588.0
25752,53813.6
25753,77162.6
25754,7971.8
25755,54541.0
25756,5252.8
25757,7175.2
25758,57461.4
25759,5862.6
25760,4378.4
25761,2576.8
25762,44230.8
25763,7628.6
25764,5942.0
25765,6400.8
25766,7403.6
25767,3862.0
25768,12045.0
25769,44081.0
25770,64744.0
25771,2464.0
25772,4496.0
25773,1890.0
25774,60103.4
25775,4480.0
25776,3519.0
25777,45221.2
25778,18569.0
25779,6636.8
25780,6186.0
25781,39499.0
25782,42521.0
25783,4499.8
25784,5292.0
25785,3735.0
25786,6524.0
25787,4212.2
25788,5440.8
25789,4060.6
25790,6461.0
25791,17548.0
25792,6066.8
25793,9093.4
25794,6997.6
25795,56610.6
25796,9372.8
25797,4663.4
25798,33223.2
25799,6329.6
25800,4028.0
25801,56380.0
25802,5289.0
25803,51410.8
25804,3943.0
25805,56075.0
25806,60611.4
25807,20684.0
25808,4656.0
25809,5788.8
25810,3008.6
25811,60260.0
25812,7071.8
25813,27068.0
25814,7967.4
25815,4569.0
25816,4896.0
25817,4997.4
25818,7653.0
25819,6151.0
25820,1966.0
25821,56333.0
25822,4739.6
25823,1977.0
25824,45693.0
25825,54958.8
25826,8284.6
25827,11520.0
25828,5888.0
25829,4979.0
25830,7487.0
25831,4977.4
25832,3491.0
25833,39131.2
25834,68518.4
25835,2124.0
25836,36763.0
25837,29656.0
25838,11070.0
25839,3090.0
25840,6908.2
25841,2201.0
25842,4755.0
25843,56512.6
25844,5388.6
25845,4166.4
25846,7016.2
25847,3469.0
25848,6438.0
25849,5739.4
25850,15753.0
25851,6743.8
25852,52175.0
25853,9376.2
25854,12916.0
25855,3250.2
25856,7375.6
25857,52929.0
25858,5888.0
25859,3334.0
25860,45693.0
25861,6490.0
25862,44505.8
25863,54608.0
25864,6276.2
25865,4916.4
25866,53197.0
25867,59562.8
25868,62770.4
25869,50775.4
25870,62317.4
25871,4979.0
25872,4612.0
25873,5291.6
25874,4412.2
25875,15077.2
25876,5915.8
25877,1603.0
25878,43729.0
25879,55983.0
25880,37744.8
25881,54684.0
25882,4338.0
25883,6532.4
25884,63545.8
25885,4028.6
25886,9565.2
25887,3306.6
25888,48876.4
25889,6109.0
25890,44626.2
25891,49553.0
25892,5052.8
25893,5655.0
25894,5150.6
25895,5251.0
25896,12658.2
25897,31243.6
25898,12227.6
25899,4075.2
25900,15088.6
25901,54896.0
25902,1105.0
25903,53022.0
25904,68743.0
25905,44173.2
25906,5267.6
25907,3499.6
25908,5949.0
25909,12720.4
25910,4839.8
25911,9779.0
25912,39320.2
25913,7176.2
25914,57117.2
25915,11324.2
25916,6415.8
25917,44685.0
25918,5944.0
25919,60978.0
25920,13190.8
25921,8768.0
25922,4692.8
25923,6913.0
25924,24234.0
25925,57901.0
25926,61220.4
25927,45524.0
25928,48569.0
25929,7426.0
25930,3966.0
25931,3961.0
25932,6064.0
25933,68892.6
25934,20760.0
25935,4102.6
25936,54684.0
25937,5958.8
25938,67209.0
25939,55763.4
25940,6082.0
25941,5591.6
25942,4348.2
25943,43190.4
25944,3312.0
25945,57399.6
25946,3939.4
25947,2499.0
25948,8673.2
25949,4501.0
25950,12054.0
25951,4163.0
25952,5468.4
25953,65949.8
25954,44385.4
25955,4752.6
25956,69624.4
25957,5413.6
25958,3977.2
25959,7844.0
25960,6414.6
25961,49725.0
25962,3827.8
25963,19678.8
25964,9696.4
25965,11500.4
25966,24234.0
25967,49817.6
25968,5859.0
25969,66623.2
25970,45257.0
25971,5761.0
25972,2145.2
25973,6080.4
25974,23944.0
25975,63487.0
25976,41064.0
25977,6334.0
25978,51889.8
25979,4974.0
25980,9180.0
25981,5475.2
25982,13779.6
25983,5177.0
25984,4609.6
25985,7864.8
25986,60978.0
25987,5105.0
25988,5004.0
25989,51853.0
25990,11617.0
25991,3550.0
25992,47230.0
25993,3999.0
25994,6600.4
25995,8954.4
25996,4609.8
25997,51671.8
25998,51595.0
25999,7344.6
26000,32859.0
26001,59077.8
26002,41269.0
26003,41922.2
26004,7363.8
26005,3246.0
26006,69145.8
26007,64035.2
26008,1604.0
26009,3014.0
26010,17683.6
26011,45790.6
26012,48962.4
26013,51707.0
26014,9278.0
26015,27792.0
26016,5438.8
26017,44133.0
26018,5463.4
26019,5165.0
26020,7105.2
26021,49505.2
26022,6819.0
26023,3000.0
26024,5888.0
26025,10339.0
26026,6541.6
26027,7580.8
26028,5315.4
26029,5701.4
26030,2600.2
26031,7519.8
26032,54608.0
26033,53421.0
26034,3805.0
26035,6489.0
26036,70109.0
26037,6531.0
26038,58029.4
26039,11115.4
26040,8782.0
26041,5541.4
26042,53216.0
26043,6032.0
26044,14822.0
26045,2464.0
26046,47449.0
26047,12469.2
26048,44144.0
26049,44280.0
26050,3932.6
26051,17669.4
26052,4161.0
26053,16233.0
26054,8112.0
26055,12370.4
26056,3781.0
26057,4040.6
26058,46913.6
26059,4341.0
26060,41389.4
26061,16766.2
26062,5110.8
26063,13339.6
26064,4094.0
26065,73932.8
26066,54194.6
26067,4224.2
26068,63592.0
26069,4609.6
26070,3014.0
26071,4531.0
26072,8952.8
26073,2150.0
26074,56057.8
26075,6324.0
26076,4642.0
26077,7351.0
26078,7033.2
26079,13408.2
26080,12180.0
26081,9277.0
26082,5904.4
26083,6630.8
26084,45883.0
26085,57775.0
26086,4020.0
26087,5727.0
26088,2410.0
26089,5252.0
26090,5441.0
26091,48864.8
26092,41281.0
26093,63962.4
26094,4221.8
26095,41780.4
26096,56588.0
26097,13347.4
26098,12179.2
26099,6319.0
26100,54956.0
26101,92526.8
26102,11069.0
26103,5549.0
26104,5861.2
26105,6012.0
26106,5941.8
26107,64305.6
26108,6067.0
26109,7365.6
26110,47471.2
26111,2464.0
26112,9427.0
26113,6032.0
26114,11838.8
26115,6568.0
26116,3738.4
26117,7074.0
26118,7153.2
26119,35490.0
26120,2743.2
26121,46845.2
26122,41064.0
26123,45185.0
26124,3979.0
26125,7476.0
26126,11689.8
26127,41127.6
26128,4268.8
26129,53209.0
26130,3749.6
26131,50271.0
26132,7953.8
26133,68167.4
26134,6082.0
26135,5063.2
26136,70694.2
26137,2214.8
26138,43865.0
26139,54882.8
26140,7584.0
26141,51345.0
26142,3455.0
26143,3482.8
26144,54684.0
26145,10096.0
26146,3516.0
26147,4728.4
26148,49613.0
26149,4902.6
26150,3466.0
26151,36577.6
26152,7004.6
26153,46769.0
26154,2201.0
26155,67125.0
26156,6080.0
26157,3823.8
26158,4248.0
26159,5855.2
26160,3217.6
26161,8205.4
26162,4279.4
26163,9277.0
26164,3716.2
26165,4339.0
26166,2339.0
26167,3652.0
26168,35554.0
26169,7317.4
26170,2339.0
26171,6829.2
26172,4072.4
26173,6218.6
26174,55015.4
26175,2410.0
26176,5392.2
26177,39241.8
26178,66869.2
26179,10828.0
26180,60978.0
26181,4637.0
26182,75578.6
26183,6048.0
26184,49905.0
26185,46026.8
26186,55983.0
26187,14612.0
26188,3983.4
26189,59053.0
26190,3338.0
26191,45257.0
26192,6300.8
26193,53064.0
26194,52287.0
26195,5867.8
26196,66108.0
26197,50775.4
26198,53943.4
26199,45868.4
26200,6403.8
26201,51707.0
26202,66526.8
26203,5808.0
26204,5609.8
26205,10212.8
26206,11637.0
26207,2576.8
26208,5932.0
26209,10134.0
26210,9919.4
26211,74350.0
26212,5783.2
26213,6820.8
26214,5836.6
26215,3896.4
26216,9515.6
26217,11925.8
26218,4071.8
26219,4499.0
26220,15155.6
26221,14218.2
26222,51707.0
26223,51595.0
26224,42678.8
26225,3823.4
26226,66292.8
26227,4621.4
26228,3961.0
26229,7950.0
26230,6042.8
26231,6301.2
26232,3720.8
26233,1550.0
26234,75833.0
26235,60884.2
26236,59239.8
26237,4637.0
26238,25470.0
26239,4500.0
26240,5406.8
26241,7488.0
26242,47164.6
26243,4861.0
26244,5877.0
26245,2145.2
26246,7286.6
26247,22140.0
26248,8145.6
26249,49725.0
26250,5638.2
26251,10428.0
26252,17558.8
26253,13617.6
26254,60489.8
26255,1891.4
26256,63091.8
26257,4660.8
26258,5192.8
26259,23898.0
26260,53813.6
26261,6319.0
26262,4536.6
26263,4209.6
26264,5269.2
26265,49146.8
26266,51439.4
26267,3607.6
26268,7141.0
26269,13384.2
26270,4667.4
26271,4565.6
26272,45776.0
26273,10618.8
26274,10742.2
26275,55157.6
26276,6109.0
26277,42675.4
26278,39847.0
26279,35879.6
26280,6883.8
26281,13464.4
26282,9978.2
26283,7782.0
26284,66054.4
26285,6615.4
26286,15225.0
26287,6231.0
26288,4417.0
26289,44081.0
26290,54684.0
26291,8111.0
26292,6014.2
26293,16827.0
26294,5289.0
26295,55377.0
26296,14994.0
26297,43039.8
26298,41922.2
26299,3750.2
26300,6181.8
26301,44173.2
26302,47367.2
26303,3324.0
26304,2406.0
26305,10111.4
26306,5849.0
26307,60396.0
26308,59264.0
26309,52063.0
26310,4589.0
26311,44144.0
26312,5996.8
26313,4677.0
26314,57081.0
26315,55983.0
26316,13945.2
26317,5939.6
26318,70009.0
26319,1830.0
26320,67004.0
26321,5972.0
26322,42521.0
26323,5777.4
26324,39529.0
26325,4452.0
26326,3607.8
26327,4663.2
26328,51401.0
26329,13829.0
26330,2410.0
26331,7446.0
26332,6502.0
26333,80323.4
26334,4876.6
26335,66438.2
26336,12302.8
26337,12317.4
26338,4491.0
26339,59727.4
26340,20684.0
26341,8327.8
26342,4564.2
26343,6314.0
26344,2056.0
26345,41064.0
26346,3149.6
26347,3491.0
26348,49171.2
26349,58348.8
26350,5215.0
26351,61305.8
26352,54684.0
26353,49553.0
26354,55088.4
26355,5733.2
26356,59441.8
26357,7107.2
26358,28658.4
26359,2993.2
26360,5738.0
26361,49613.0
26362,4541.0
26363,7813.0
26364,63874.8
26365,5612.0
26366,5322.6
26367,9423.4
26368,2339.0
26369,74297.6
26370,46948.4
26371,50634.2
26372,2074.0
26373,57229.0
26374,6199.2
26375,4793.0
26376,56121.0
26377,5949.0
26378,15630.4
26379,31436.0
26380,2462.0
26381,2966.0
26382,49725.0
26383,6409.2
26384,6324.0
26385,57501.6
26386,3805.0
26387,4953.0
26388,47657.0
26389,6161.0
26390,3696.2
26391,54684.0
26392,67683.8
26393,61202.4
26394,6068.2
26395,27864.0
26396,5856.6
26397,6837.2
26398,3681.4
26399,12578.6
26400,13333.8
26401,5178.0
26402,4389.6
26403,5177.0
26404,4715.4
26405,4225.0
26406,6698.4
26407,53134.0
26408,59500.2
26409,9225.2
26410,68303.0
26411,10744.0
26412,53319.8
26413,5446.0
26414,32923.0
26415,56476.0
26416,65031.4
26417,1834.8
26418,6212.0
26419,7424.0
26420,2245.4
26421,2124.0
26422,3572.0
26423,9372.6
26424,56207.0
26425,3629.0
26426,1788.0
26427,5046.6
26428,76434.2
26429,68720.0
26430,3393.0
26431,6465.0
26432,5041.0
26433,4272.0
26434,51489.0
26435,59510.4
26436,2476.0
26437,56399.8
26438,7106.0
26439,5177.0
26440,5866.2
26441,52537.0
26442,3625.0
26443,7048.2
26444,31996.0
26445,4979.0
26446,3395.4
26447,8274.2
26448,9501.4
26449,10794.0
26450,3537.4
26451,5299.2
26452,4502.0
26453,7900.2
26454,2719.8
26455,11625.0
26456,4447.0
26457,4597.0
26458,5910.6
26459,2480.0
26460,16390.4
26461,12239.8
26462,5165.8
26463,6032.0
26464,40677.4
26465,3862.0
26466,74463.0
26467,50585.0
26468,9728.2
26469,12847.6
26470,4452.0
26471,9972.4
26472,4007.0
26473,43199.2
26474,2625.0
26475,6090.2
26476,73984.8
26477,59346.6
26478,5660.0
26479,8503.0
26480,5986.4
26481,66077.0
26482,6911.4
26483,55983.0
26484,3928.6
26485,7628.4
26486,5764.2
26487,40782.8
26488,15312.0
26489,1543.0
26490,64271.0
26491,7074.6
26492,7467.0
26493,45883.0
26494,11847.0
26495,6990.4
26496,5912.0
26497,44280.0
26498,51817.0
26499,6354.6
26500,55449.0
26501,48697.6
26502,6250.0
26503,50898.2
26504,66353.0
26505,5825.8
26506,3767.8
26507,2124.0
26508,63277.0
26509,3456.4
26510,4452.0
26511,5444.0
26512,7624.4
26513,6123.0
26514,58734.0
26515,48269.0
26516,58075.4
26517,39321.0
26518,9724.6
26519,2498.6
26520,58391.4
26521,9643.8
26522,54127.4
26523,10744.0
26524,5739.4
26525,8054.8
26526,72284.6
26527,3931.8
26528,60163.4
26529,4047.8
26530,44280.0
26531,5949.0
26532,64385.4
26533,9192.8
26534,7902.2
26535,7412.0
26536,17738.0
26537,12069.4
26538,4896.0
26539,46545.4
26540,58684.8
26541,68303.0
26542,4881.6
26543,4136.4
26544,4020.0
26545,49833.0
26546,7162.0
26547,54684.0
26548,4501.0
26549,10594.8
26550,11625.6
26551,54204.4
26552,6927.2
26553,4737.0
26554,1924.0
26555,16129.4
26556,5406.0
26557,22152.0
26558,52586.0
26559,19282.6
26560,5848.6
26561,7584.0
26562,47549.8
26563,49853.8
26564,6133.0
26565,52063.0
26566,59239.8
26567,3298.6
26568,55983.0
26569,22140.0
26570,6437.0
26571,5769.8
26572,7905.2
26573,13168.0
26574,13753.8
26575,5081.6
26576,2477.0
26577,9742.6
26578,6800.8
26579,12013.6
26580,4607.0
26581,5731.6
26582,8292.8
26583,82912.6
26584,6652.8
26585,1714.0
26586,50733.0
26587,3690.8
26588,2758.8
26589,7289.4
26590,9010.6
26591,3999.0
26592,6281.0
26593,53064.0
26594,8523.6
26595,51853.0
26596,5075.4
26597,6231.0
26598,5102.0
26599,11532.2
26600,32859.0
26601,10680.0
26602,61933.0
26603,8237.0
26604,2022.4
26605,6166.0
26606,5633.2
26607,7331.6
26608,4960.4
26609,5489.4
26610,5923.0
26611,41063.6
26612,2439.4
26613,5903.8
26614,13410.0
26615,52175.0
26616,4248.0
26617,5237.6
26618,63487.0
26619,3977.2
26620,5729.0
26621,6470.8
26622,53943.4
26623,6215.6
26624,7073.8
26625,5743.2
26626,4654.4
26627,8051.4
26628,4708.8
26629,16590.0
26630,6075.0
26631,45471.2
26632,61735.6
26633,4989.8
26634,11770.8
26635,3947.2
26636,17620.0
26637,6985.0
26638,4557.4
26639,3280.6
26640,3677.0
26641,46298.6
26642,28510.0
26643,10722.0
26644,54608.0
26645,24056.0
26646,3915.6
26647,6694.8
26648,20353.8
26649,2797.2
26650,5720.0
26651,9701.2
26652,5142.0
26653,58830.2
26654,57850.2
26655,13884.8
26656,52038.0
26657,3714.8
26658,5954.0
26659,7624.4
26660,9609.8
26661,6279.0
26662,3803.2
26663,8161.8
26664,11898.4
26665,6502.0
26666,5103.0
26667,6898.6
26668,65875.4
26669,60508.0
26670,14418.4
26671,63635.4
26672,63075.4
26673,5840.6
26674,4496.0
26675,59293.4
26676,5959.0
26677,55396.8
26678,3092.4
26679,2480.0
26680,44280.0
26681,58769.8
26682,6058.2
26683,56181.4
26684,6173.0
26685,7344.6
26686,7784.2
26687,4434.0
26688,45257.0
26689,8147.2
26690,59581.0
26691,56181.4
26692,11460.2
26693,13611.4
26694,5907.8
26695,5592.4
26696,12701.0
26697,6067.0
26698,4622.0
26699,2888.2
26700,2427.0
26701,6543.8
26702,77361.8
26703,5943.0
26704,44863.0
26705,60260.0
26706,5189.2
26707,12647.8
26708,11625.0
26709,61171.4
26710,5928.0
26711,11668.0
26712,9393.4
26713,6742.4
26714,11597.2
26715,53813.6
26716,13713.4
26717,6665.8
26718,52447.2
26719,2124.0
26720,5357.2
26721,4974.0
26722,8043.0
26723,52329.8
26724,29476.8
26725,13359.2
26726,2124.0
26727,39375.6
26728,2098.0
26729,3092.4
26730,4575.4
26731,5165.6
26732,3316.4
26733,8916.0
26734,11396.8
26735,3008.6
26736,4357.0
26737,52118.4
26738,3193.4
26739,4428.2
26740,5823.0
26741,80956.2
26742,4618.8
26743,60396.0
26744,10497.6
26745,46073.4
26746,16476.2
26747,60508.0
26748,68415.4
26749,50590.4
26750,62795.0
26751,2477.0
26752,5322.0
26753,13399.0
26754,16504.4
26755,49613.0
26756,2339.0
26757,54204.4
26758,12726.0
26759,2203.0
26760,7446.0
26761,59264.0
26762,5227.0
26763,59562.8
26764,5438.8
26765,5498.8
26766,6591.0
26767,5888.0
26768,5632.0
26769,6754.0
26770,47253.2
26771,55983.0
26772,7727.8
26773,4584.0
26774,5402.0
26775,30278.4
26776,50355.4
26777,3228.8
26778,53943.4
26779,7122.4
26780,7661.0
26781,2619.0
26782,7375.6
26783,6174.0
26784,56461.8
26785,4756.0
26786,13375.4
26787,54608.0
26788,5290.6
26789,53094.4
26790,5386.8
26791,11968.4
26792,7877.0
26793,6132.0
26794,51673.4
26795,3372.8
26796,6576.0
26797,39499.0
26798,60141.0
26799,3627.2
26800,10102.2
26801,6620.4
26802,6551.8
26803,70534.6
26804,54481.0
26805,11936.8
26806,7653.2
26807,64531.4
26808,6032.0
26809,4001.8
26810,4291.2
26811,3862.0
26812,3488.2
26813,5187.0
26814,2560.0
26815,5674.2
26816,3217.6
26817,8406.6
26818,4786.2
26819,10680.0
26820,4957.0
26821,50726.4
26822,4500.0
26823,16581.4
26824,56058.0
26825,3024.0
26826,7478.4
26827,5751.2
26828,2815.0
26829,12950.4
26830,23484.0
26831,4843.6
26832,7559.0
26833,9215.4
26834,6961.4
26835,54989.0
26836,5349.0
26837,50271.0
26838,4474.4
26839,11875.2
26840,4956.8
26841,66265.0
26842,59633.0
26843,4499.0
26844,38874.0
26845,5030.6
26846,55824.2
26847,6871.0
26848,8007.0
26849,10437.0
26850,38845.6
26851,2343.0
26852,7403.6
26853,4814.6
26854,4656.8
26855,3219.0
26856,66928.0
26857,2124.0
26858,52249.6
26859,60705.4
26860,6332.0
26861,7425.0
26862,1714.0
26863,3254.4
26864,5823.0
26865,5322.0
26866,4427.0
26867,4094.2
26868,4520.8
26869,3245.2
26870,3361.0
26871,7344.6
26872,5488.6
26873,49146.8
26874,5183.2
26875,55983.0
26876,5431.6
26877,58734.2
26878,5093.0
26879,45883.0
26880,4688.2
26881,2723.0
26882,58180.8
26883,7373.0
26884,4203.0
26885,52901.4
26886,61883.4
26887,3862.0
26888,3609.2
26889,12729.4
26890,6805.0
26891,11205.0
26892,5344.2
26893,5461.8
26894,4499.0
26895,4268.2
26896,7000.8
26897,10121.0
26898,62823.8
26899,4912.8
26900,17738.0
26901,7477.0
26902,5097.6
26903,7932.8
26904,50749.6
26905,73043.4
26906,11530.0
26907,54896.0
26908,54610.2
26909,54541.0
26910,18000.2
26911,8586.6
26912,8112.0
26913,22152.0
26914,6285.0
26915,4867.8
26916,48645.6
26917,3709.4
26918,5185.0
26919,38263.8
26920,17610.4
26921,8583.4
26922,5164.0
26923,4903.2
26924,56476.0
26925,4173.0
26926,3346.0
26927,38907.2
26928,57253.2
26929,7220.4
26930,69244.0
26931,4905.4
26932,7449.2
26933,55377.0
26934,14962.6
26935,54393.0
26936,4896.0
26937,7480.4
26938,8859.8
26939,5943.0
26940,6296.0
26941,10690.6
26942,27792.0
26943,1551.0
26944,2723.4
26945,6062.4
26946,4357.0
26947,51543.6
26948,5153.8
26949,15520.0
26950,13515.8
26951,2590.0
26952,49455.4
26953,2074.0
26954,3223.8
26955,14103.2
26956,5825.6
26957,34460.0
26958,2339.0
26959,4357.0
26960,16458.0
26961,62545.0
26962,58039.6
26963,5569.0
26964,49123.6
26965,51897.4
26966,7931.2
26967,2468.6
26968,6409.2
26969,5293.0
26970,2124.0
26971,5964.8
26972,2393.0
26973,5125.2
26974,5178.0
26975,37985.0
26976,76026.6
26977,3168.0
26978,2900.0
26979,3266.2
26980,3861.2
26981,9307.4
26982,57117.0
26983,71080.8
26984,59616.2
26985,8510.2
26986,63704.6
26987,68594.4
26988,4755.0
26989,5374.8
26990,40938.4
26991,22140.0
26992,76474.6
26993,50575.8
26994,13981.6
26995,43729.0
26996,4658.0
26997,9006.8
26998,4466.4
26999,3882.0
27000,4763.0
27001,7603.2
27002,2396.2
27003,6246.0
27004,6507.0
27005,5350.4
27006,13442.0
27007,61180.0
27008,7186.2
27009,57049.6
27010,73653.8
27011,5942.0
27012,52650.0
27013,49553.0
27014,7240.8
27015,23484.0
27016,2528.2
27017,16588.8
27018,8990.8
27019,59727.4
27020,10960.6
27021,4491.2
27022,32859.0
27023,5102.0
27024,5823.0
27025,9324.2
27026,62994.0
27027,15405.0
27028,4955.0
27029,7039.4
27030,4557.0
27031,6489.0
27032,72822.4
27033,45665.0
27034,57036.8
27035,11268.4
27036,8833.0
27037,5761.0
27038,60396.0
27039,4257.0
27040,5986.4
27041,23944.0
27042,20356.0
27043,6015.0
27044,6591.0
27045,46584.4
27046,7424.0
27047,4231.0
27048,41484.4
27049,6287.0
27050,5452.0
27051,57806.6
27052,2476.0
27053,53813.6
27054,5441.0
27055,52839.4
27056,54702.0
27057,4949.8
27058,5020.0
27059,57779.4
27060,2339.0
27061,4896.0
27062,4776.0
27063,5717.6
27064,64159.0
27065,5659.0
27066,11860.8
27067,3150.4
27068,5408.6
27069,49913.0
27070,10208.4
27071,54955.0
27072,52286.0
27073,4397.0
27074,7332.8
27075,4319.6
27076,4560.0
27077,7425.0
27078,3755.0
27079,5653.6
27080,51817.0
27081,52175.0
27082,49613.0
27083,62465.4
27084,11985.2
27085,2339.0
27086,2242.8
27087,6892.2
27088,45614.6
27089,5851.4
27090,59021.0
27091,45540.2
27092,6067.0
27093,59491.4
27094,3862.0
27095,5823.0
27096,3217.6
27097,49553.0
27098,7341.2
27099,7317.0
27100,23898.0
27101,45185.0
27102,64912.0
27103,10712.8
27104,13270.6
27105,5549.0
27106,6832.0
27107,5634.4
27108,5068.8
27109,6861.6
27110,4452.0
27111,10744.6
27112,4896.0
27113,6324.0
27114,20760.0
27115,54303.0
27116,18834.6
27117,42521.0
27118,3559.0
27119,7922.2
27120,6446.0
27121,10589.4
27122,6302.0
27123,3839.0
27124,61583.0
27125,7971.8
27126,51853.0
27127,32923.0
27128,2444.4
27129,10428.8
27130,6195.0
27131,54684.0
27132,5989.2
27133,4582.0
27134,6033.0
27135,49725.0
27136,55553.8
27137,7548.8
27138,10243.6
27139,60552.6
27140,54608.0
27141,9386.2
27142,3904.4
27143,2723.0
27144,63644.0
27145,54608.0
27146,42555.8
27147,60253.0
27148,3729.0
27149,54684.0
27150,12599.4
27151,4250.8
27152,6803.8
27153,2836.0
27154,39963.2
27155,7470.6
27156,5375.8
27157,12252.6
27158,55752.0
27159,54481.0
27160,44144.0
27161,58379.8
27162,2871.8
27163,6977.2
27164,6488.0
27165,5131.2
27166,6300.6
27167,15115.4
27168,5441.8
27169,6204.4
27170,3535.6
27171,5526.4
27172,6012.6
27173,4279.8
27174,13966.0
27175,4589.0
27176,5298.2
27177,7076.6
27178,6692.8
27179,68742.6
27180,52190.4
27181,6015.0
27182,7228.6
27183,57430.2
27184,5106.2
27185,4225.0
27186,2646.4
27187,68518.4
27188,61516.0
27189,7328.8
27190,12107.4
27191,55235.4
27192,4753.8
27193,14246.2
27194,63344.0
27195,4659.0
27196,4563.4
27197,60396.0
27198,26334.2
27199,5543.6
27200,2074.0
27201,6914.6
27202,52712.6
27203,6450.0
27204,3898.6
27205,4815.6
27206,6154.6
27207,9737.8
27208,46156.4
27209,5949.0
27210,42078.0
27211,8244.8
27212,44280.0
27213,5330.0
27214,16299.0
27215,6277.6
27216,7959.0
27217,9141.0
27218,15153.0
27219,5121.0
27220,6482.2
27221,10275.0
27222,4000.0
27223,3393.0
27224,49039.4
27225,6075.0
27226,12639.6
27227,43666.0
27228,2502.6
27229,12981.0
27230,49613.0
27231,54298.8
27232,3581.8
27233,14460.6
27234,60396.0
27235,5435.6
27236,60396.0
27237,2496.8
27238,51815.8
27239,7789.0
27240,60978.0
27241,52262.8
27242,8374.0
27243,4402.6
27244,5925.2
27245,6919.8
27246,3999.0
27247,56284.4
27248,60260.0
27249,5076.8
27250,11688.0
27251,3393.0
27252,35383.2
27253,3015.0
27254,8997.2
27255,5392.0
27256,9166.2
27257,73377.8
27258,2007.4
27259,54205.0
27260,4659.8
27261,8112.0
27262,42831.0
27263,43731.8
27264,2621.8
27265,3765.4
27266,44185.0
27267,47292.4
27268,5701.6
27269,4864.2
27270,5402.2
27271,4205.4
27272,4201.6
27273,6242.8
27274,11515.8
27275,5083.4
27276,56476.0
27277,49187.0
27278,5179.0
27279,6246.0
27280,18313.2
27281,1548.0
27282,11448.0
27283,2575.0
27284,8946.8
27285,10879.0
27286,14903.0
27287,67452.0
27288,53197.0
27289,73262.6
27290,7541.6
27291,68191.0
27292,8149.0
27293,16332.2
27294,7526.2
27295,11718.0
27296,16107.0
27297,38845.6
27298,5852.8
27299,4110.4
27300,10710.8
27301,4501.4
27302,8128.6
27303,12757.0
27304,55752.0
27305,8566.0
27306,3824.2
27307,6145.0
27308,5925.4
27309,4500.0
27310,4287.0
27311,10360.4
27312,4411.0
27313,4181.4
27314,65233.0
27315,12108.8
27316,12818.2
27317,9855.4
27318,58631.0
27319,4066.0
27320,6568.0
27321,5749.0
27322,10817.0
27323,16345.8
27324,10414.2
27325,35520.0
27326,39321.0
27327,12216.4
27328,8209.2
27329,5465.0
27330,5461.6
27331,31214.4
27332,15479.0
27333,8086.6
27334,12172.6
27335,7615.8
27336,2250.0
27337,7421.6
27338,37985.0
27339,7855.0
27340,8609.2
27341,5363.2
27342,4313.0
27343,5942.0
27344,18844.2
27345,2050.0
27346,43289.6
27347,5177.0
27348,9840.0
27349,2203.0
27350,6047.4
27351,12888.2
27352,7435.8
27353,6325.0
27354,4357.0
27355,8416.8
27356,7304.8
27357,7035.2
27358,5135.2
27359,10458.4
27360,6138.2
27361,10346.0
27362,3980.6
27363,4827.0
27364,6740.0
27365,36437.2
27366,39241.4
27367,10701.0
27368,4096.0
27369,12338.4
27370,4753.8
27371,5547.4
27372,10633.4
27373,5756.6
27374,58391.4
27375,4582.2
27376,8441.0
27377,65763.4
27378,4381.6
27379,7413.4
27380,3906.0
27381,7144.2
27382,5354.2
27383,64385.4
27384,4815.4
27385,63523.4
27386,14450.0
27387,7007.4
27388,60377.0
27389,5457.0
27390,4759.8
27391,4207.6
27392,6332.4
27393,57920.0
27394,6142.6
27395,11457.2
27396,6184.2
27397,6693.6
27398,5952.2
27399,50590.4
27400,15838.0
27401,2201.0
27402,3104.4
27403,72169.6
27404,3626.8
27405,3715.2
27406,4173.0
27407,7750.2
27408,38458.6
27409,58391.4
27410,2105.0
27411,6497.2
27412,6418.8
27413,7367.8
27414,6193.2
27415,64316.0
27416,5102.0
27417,45883.0
27418,11129.0
27419,59883.0
27420,4679.0
27421,6749.6
27422,58494.4
27423,6411.4
27424,63315.6
27425,73774.8
27426,2201.0
27427,49905.0
27428,5676.4
27429,4870.2
27430,5997.8
27431,4546.6
27432,11200.2
27433,6338.0
27434,5424.4
27435,49725.0
27436,4259.2
27437,45422.4
27438,3959.8
27439,10800.6
27440,6816.8
27441,2105.0
27442,11545.0
27443,1714.0
27444,38189.0
27445,15088.2
27446,11402.2
27447,43376.0
27448,5222.2
27449,49905.0
27450,9250.6
27451,6215.8
27452,12012.0
27453,10533.0
27454,49725.0
27455,5983.8
27456,4598.2
27457,46773.2
27458,3619.2
27459,46135.8
27460,6977.4
27461,2124.0
27462,49859.4
27463,4867.8
27464,4048.4
27465,6565.8
27466,22152.0
27467,55499.6
27468,8370.0
27469,3075.4
27470,49613.0
27471,47385.0
27472,49260.8
27473,6324.0
27474,5955.0
27475,4500.0
27476,39670.2
27477,2074.0
27478,2235.4
27479,49207.0
27480,50600.0
27481,5407.4
27482,54391.4
27483,5588.0
27484,56588.0
27485,5704.6
27486,52610.2
27487,6510.8
27488,52852.2
27489,5788.2
27490,5817.0
27491,49146.8
27492,2402.6
27493,46786.2
27494,3895.2
27495,6682.8
27496,4051.6
27497,12597.6
27498,1694.0
27499,3090.0
27500,3149.6
27501,64062.4
27502,56183.6
27503,53813.6
27504,66671.4
27505,4885.4
27506,11497.4
27507,5932.0
27508,6736.2
27509,5441.0
27510,4361.0
27511,1714.0
27512,51929.4
27513,2719.0
27514,7075.2
27515,6959.6
27516,3690.4
27517,5213.2
27518,49795.2
27519,58685.0
27520,5949.0
27521,3000.0
27522,9577.6
27523,12117.4
27524,58137.0
27525,3293.0
27526,68572.0
27527,5499.4
27528,13809.0
27529,4766.4
27530,3393.0
27531,11966.2
27532,11521.2
27533,3051.2
27534,55763.4
27535,55627.0
27536,5065.8
27537,6197.6
27538,7971.8
27539,2966.0
27540,6009.0
27541,5772.0
27542,4025.0
27543,3607.8
27544,64123.4
27545,4599.4
27546,6057.6
27547,6249.4
27548,7112.4
27549,6132.0
27550,54765.0
27551,7488.0
27552,67004.0
27553,3862.0
27554,5667.0
27555,43392.6
27556,3680.4
27557,7870.6
27558,6131.8
27559,5627.4
27560,6298.0
27561,7584.0
27562,36050.4
27563,4109.8
27564,3707.0
27565,8685.8
27566,52063.0
27567,43627.8
27568,20760.0
27569,42723.0
27570,7526.4
27571,5156.6
27572,2456.0
27573,13200.2
27574,9357.0
27575,54443.2
27576,57327.4
27577,3988.0
27578,50590.4
27579,58664.0
27580,3627.2
27581,7270.2
27582,11728.8
27583,3393.0
27584,5645.0
27585,57509.8
27586,5817.0
27587,2124.0
27588,1951.4
27589,6637.4
27590,12219.6
27591,14070.6
27592,5441.8
27593,5749.6
27594,50477.4
27595,4300.0
27596,47503.2
27597,6970.4
27598,27976.0
27599,4462.6
27600,9039.6
27601,4260.2
27602,7284.8
27603,5175.6
27604,6495.4
27605,4721.0
27606,5733.2
27607,66892.2
27608,54896.0
27609,44253.0
27610,3456.6
27611,4226.2
27612,45143.8
27613,2336.0
27614,32859.0
27615,45614.8
27616,4440.8
27617,4337.0
27618,6211.4
27619,4257.0
27620,8352.4
27621,44144.0
27622,2201.0
27623,32859.0
27624,36308.8
27625,4945.0
27626,2535.0
27627,2974.8
27628,5393.6
27629,2201.0
27630,2409.0
27631,8172.0
27632,5034.0
27633,2056.6
27634,50590.4
27635,3662.4
27636,4253.0
27637,6134.2
27638,3664.2
27639,4073.8
27640,6122.6
27641,2336.0
27642,5704.2
27643,5245.6
27644,55190.2
27645,60656.0
27646,7083.2
27647,45033.0
27648,63814.4
27649,13328.4
27650,3014.0
27651,2476.0
27652,53489.0
27653,4308.4
27654,4788.2
27655,5618.6
27656,47330.8
27657,9404.4
27658,5441.0
27659,10470.0
27660,6050.0
27661,58573.0
27662,3858.0
27663,51481.0
27664,59903.0
27665,3805.0
27666,9043.8
27667,4200.0
27668,38099.0
27669,54194.6
27670,16215.0
27671,71372.6
27672,28510.0
27673,4729.8
27674,55019.8
27675,57419.0
27676,56530.0
27677,1105.0
27678,7600.0
27679,8865.8
27680,1890.0
27681,5722.6
27682,25294.4
27683,57390.0
27684,4165.0
27685,8220.0
27686,2201.0
27687,4776.0
27688,75578.6
27689,6881.2
27690,22140.0
27691,37985.0
27692,39734.2
27693,2098.0
27694,9096.8
27695,4889.0
27696,5236.2
27697,12893.6
27698,4263.0
27699,37985.0
27700,5544.2
27701,13314.0
27702,57501.6
27703,6338.0
27704,5659.8
27705,6395.0
27706,14752.2
27707,48343.6
27708,2947.8
27709,6461.0
27710,9376.0
27711,4932.2
27712,47250.6
27713,4797.8
27714,6890.4
27715,14931.0
27716,3794.8
27717,4501.0
27718,5218.2
27719,4502.0
27720,4826.6
27721,7375.6
27722,1755.0
27723,6495.4
27724,4988.2
27725,14204.2
27726,78858.4
27727,4656.0
27728,6158.0
27729,5177.0
27730,2409.0
27731,52440.0
27732,4496.0
27733,4567.0
27734,46437.2
27735,50542.2
27736,9735.0
27737,4427.0
27738,8226.8
27739,5942.0
27740,3738.2
27741,3000.0
27742,5220.6
27743,6054.0
27744,52547.4
27745,3275.8
27746,53967.4
27747,51457.0
27748,55001.0
27749,36688.4
27750,59863.2
27751,3862.0
27752,3990.0
27753,6513.0
27754,24056.0
27755,62472.0
27756,6472.8
27757,2361.0
27758,38099.0
27759,49613.0
27760,6434.2
27761,48343.6
27762,56588.0
27763,3058.2
27764,28510.0
27765,6818.0
27766,5972.0
27767,57031.6
27768,3784.4
27769,47503.2
27770,5260.0
27771,4008.2
27772,20760.0
27773,6389.2
27774,5772.0
27775,6184.4
27776,12209.6
27777,43388.2
27778,57796.2
27779,4496.0
27780,63759.4
27781,60260.0
27782,3694.6
27783,6145.0
27784,55983.0
27785,49416.0
27786,51345.0
27787,60163.4
27788,4827.0
27789,6597.0
27790,5641.4
27791,36947.4
27792,3915.6
27793,11464.8
27794,3990.2
27795,3819.0
27796,5949.0
27797,3185.8
27798,68720.0
27799,1604.0
27800,2454.0
27801,9736.6
27802,45257.0
27803,6402.0
27804,3230.2
27805,6287.0
27806,5686.0
27807,60167.8
27808,6033.2
27809,58017.0
27810,8021.2
27811,48680.2
27812,7311.2
27813,14351.4
27814,11381.4
27815,2506.4
27816,7877.0
27817,58509.0
27818,4252.8
27819,52918.8
27820,6876.0
27821,3330.0
27822,3195.6
27823,5001.4
27824,18493.6
27825,27976.0
27826,6753.0
27827,6403.2
27828,6310.6
27829,49613.0
27830,60611.4
27831,49212.4
27832,7427.0
27833,6272.4
27834,2811.2
27835,4928.8
27836,52258.4
27837,55983.0
27838,4706.2
27839,3058.2
27840,6998.2
27841,5096.4
27842,21599.6
27843,5021.2
27844,5942.0
27845,7203.2
27846,8064.0
27847,5886.0
27848,3693.6
27849,65077.4
27850,5097.2
27851,5155.2
27852,5586.8
27853,60490.2
27854,4050.4
27855,55983.0
27856,9624.0
27857,4564.0
27858,8040.6
27859,1604.0
27860,57981.4
27861,5260.2
27862,37985.0
27863,5942.2
27864,11614.8
27865,46257.8
27866,4142.2
27867,50285.0
27868,2074.0
27869,68518.4
27870,47190.4
27871,56702.0
27872,12246.2
27873,50063.4
27874,51889.8
27875,29544.0
27876,4387.6
27877,55088.4
27878,24056.0
27879,59409.0
27880,11675.8
27881,7663.0
27882,55377.0
27883,6172.0
27884,5775.4
27885,73496.2
27886,5380.0
27887,58502.6
27888,8927.0
27889,67205.4
27890,4370.2
27891,5736.0
27892,53743.4
27893,60508.0
27894,53945.0
27895,50957.0
27896,38099.0
27897,6156.2
27898,44985.0
27899,9277.0
27900,9271.6
27901,2098.0
27902,50271.0
27903,4418.4
27904,54896.0
27905,3532.6
27906,6568.0
27907,5569.6
27908,2985.0
27909,2181.6
27910,4184.2
27911,51404.6
27912,9848.2
27913,4315.4
27914,53305.8
27915,44144.0
27916,3450.6
27917,3448.4
27918,31982.0
27919,9225.8
27920,66411.4
27921,2455.2
27922,4000.0
27923,59229.8
27924,6586.0
27925,6636.8
27926,4499.0
27927,12516.6
27928,13673.6
27929,11567.6
27930,4240.4
27931,8790.0
27932,7840.0
27933,7034.2
27934,6512.8
27935,4422.6
27936,54684.0
27937,57767.4
27938,55694.4
27939,4632.0
27940,11429.6
27941,54609.8
27942,7133.6
27943,15162.0
27944,4530.2
27945,23898.0
27946,6003.2
27947,7425.0
27948,4679.4
27949,5528.4
27950,3429.6
27951,10827.0
27952,64135.4
27953,60185.8
27954,21902.4
27955,4827.0
27956,41367.2
27957,13541.8
27958,43729.0
27959,3381.0
27960,8693.6
27961,6195.0
27962,5388.6
27963,74884.2
27964,9837.0
27965,48213.0
27966,8096.8
27967,11912.2
27968,45693.0
27969,4109.4
27970,8237.8
27971,5553.6
27972,6502.0
27973,51868.8
27974,5441.0
27975,43000.4
27976,6203.0
27977,3646.0
27978,10596.2
27979,50271.0
27980,49553.0
27981,2687.6
27982,7958.0
27983,14215.8
27984,10921.0
27985,23761.6
27986,3721.4
27987,59904.4
27988,46855.2
27989,1890.0
27990,4582.4
27991,5435.0
27992,2439.4
27993,10851.8
27994,4667.0
27995,6334.4
27996,6033.0
27997,2837.0
27998,46855.2
27999,3023.2
28000,6256.4
28001,49553.0
28002,63669.8
28003,1891.4
28004,6295.6
28005,6389.0
28006,55952.8
28007,20760.0
28008,7622.8
28009,16410.0
28010,6501.2
28011,5967.4
28012,11514.4
28013,52005.6
28014,2410.0
28015,6861.0
28016,49913.0
28017,4979.0
28018,54632.0
28019,4906.6
28020,9809.8
28021,15249.4
28022,4979.0
28023,6502.0
28024,13158.0
28025,7571.8
28026,6450.6
28027,9879.0
28028,8466.4
28029,4416.0
28030,44682.0
28031,63737.0
28032,4071.0
28033,4202.0
28034,14543.0
28035,14915.2
28036,6398.6
28037,1776.0
28038,6976.6
28039,1714.0
28040,59984.8
28041,5955.0
28042,3744.8
28043,6568.0
28044,4124.0
28045,58080.2
28046,5484.2
28047,51972.2
28048,42457.0
28049,47549.8
28050,4529.6
28051,5849.0
28052,59105.8
28053,9697.8
28054,73496.2
28055,48864.8
28056,37640.8
28057,1544.0
28058,38065.8
28059,6479.6
28060,7008.4
28061,5812.0
28062,54067.2
28063,36145.0
28064,3020.0
28065,7287.0
28066,4684.6
28067,14670.0
28068,3865.4
28069,50271.0
28070,53209.0
28071,5645.0
28072,5507.4
28073,6983.4
28074,56605.8
28075,68572.0
28076,3789.0
28077,62703.0
28078,13997.8
28079,3266.2
28080,5759.2
28081,6320.2
28082,22140.0
28083,3000.0
28084,48269.0
28085,8893.0
28086,6678.6
28087,15036.0
28088,43289.6
28089,46947.0
28090,6461.0
28091,8112.0
28092,5293.0
28093,10751.6
28094,4905.8
28095,53239.8
28096,2339.0
28097,57038.6
28098,6482.2
28099,60508.0
28100,9953.8
28101,9105.0
28102,5761.0
28103,44280.0
28104,8452.4
28105,65663.4
28106,54684.0
28107,6053.8
28108,6623.4
28109,2477.0
28110,2110.6
28111,8610.0
28112,3035.8
28113,65548.0
28114,7212.0
28115,4149.0
28116,9253.4
28117,4895.0
28118,39321.0
28119,43652.4
28120,11539.0
28121,8112.0
28122,48785.0
28123,3555.2
28124,8289.6
28125,4781.4
28126,4288.2
28127,11495.8
28128,6299.6
28129,15699.2
28130,4038.2
28131,6306.0
28132,60396.0
28133,6871.2
28134,6513.0
28135,67743.0
28136,5090.0
28137,54481.0
28138,65660.0
28139,5546.0
28140,55293.4
28141,7570.2
28142,47657.0
28143,57768.0
28144,48269.0
28145,16074.2
28146,53022.0
28147,3862.0
28148,41724.4
28149,52725.2
28150,5081.2
28151,51417.0
28152,47843.2
28153,5707.8
28154,13245.6
28155,54608.0
28156,12512.2
28157,3594.0
28158,62855.2
28159,3020.6
28160,60365.0
28161,62907.0
28162,32630.4
28163,2480.0
28164,63711.4
28165,8670.0
28166,40938.4
28167,65405.0
28168,85439.4
28169,8111.0
28170,53178.0
28171,4629.4
28172,8872.8
28173,5033.8
28174,56058.0
28175,4576.0
28176,14375.4
28177,52789.4
28178,55790.6
28179,11985.0
28180,12594.0
28181,44280.0
28182,4536.4
28183,25320.8
28184,5347.0
28185,11684.0
28186,49913.0
28187,11505.6
28188,53197.0
28189,17559.0
28190,70009.0
28191,2201.0
28192,13324.6
28193,63097.8
28194,6037.6
28195,3827.6
28196,4599.6
28197,68491.4
28198,65897.8
28199,38340.8
28200,6036.0
28201,7649.4
28202,4500.0
28203,37985.0
28204,6348.6
28205,5954.0
28206,60125.8
28207,54608.0
28208,39499.0
28209,44280.0
28210,48785.0
28211,48817.8
28212,7893.2
28213,4648.0
28214,6990.4
28215,2339.0
28216,2201.0
28217,3000.0
28218,8912.6
28219,7464.4
28220,59582.4
28221,4896.0
28222,46034.2
28223,1443.0
28224,3690.2
28225,43190.4
28226,4496.0
28227,7295.0
28228,10881.8
28229,3443.8
28230,4831.0
28231,56523.0
28232,4498.0
28233,48272.2
28234,6165.0
28235,31436.0
28236,9286.4
28237,7164.6
28238,49536.4
28239,12594.8
28240,5657.0
28241,62519.0
28242,7756.0
28243,7039.4
28244,47889.0
28245,13386.0
28246,1998.0
28247,6082.0
28248,6976.2
28249,7277.0
28250,5810.2
28251,54034.2
28252,6913.0
28253,13599.0
28254,7426.0
28255,54608.0
28256,2343.0
28257,7525.6
28258,35144.0
28259,2098.0
28260,11721.4
28261,5213.6
28262,40592.8
28263,54481.0
28264,10730.4
28265,67943.4
28266,4278.6
28267,65539.0
28268,7462.6
28269,5061.0
28270,49725.0
28271,37640.8
28272,11847.2
28273,9418.4
28274,11510.2
28275,4029.6
28276,9460.6
28277,54608.0
28278,35520.0
28279,3393.0
28280,61080.0
28281,5569.2
28282,4035.8
28283,72719.4
28284,55694.4
28285,4095.0
28286,6458.6
28287,16212.0
28288,4223.4
28289,59239.8
28290,39847.0
28291,5783.2
28292,6212.8
28293,5802.4
28294,61955.4
28295,71240.2
28296,21014.4
28297,4954.8
28298,60508.0
28299,7812.8
28300,4499.0
28301,7137.0
28302,11210.2
28303,2022.0
28304,5978.8
28305,5592.8
28306,6246.0
28307,12764.0
28308,6724.0
28309,4606.4
28310,2901.0
28311,6270.6
28312,4601.0
28313,58595.4
28314,8404.6
28315,4889.8
28316,57677.0
28317,13609.6
28318,2968.0
28319,32859.0
28320,3607.8
28321,3016.0
28322,5424.2
28323,4076.0
28324,5816.0
28325,4683.4
28326,3904.4
28327,4227.6
28328,2124.0
28329,2900.0
28330,2993.2
28331,67720.8
28332,58021.8
28333,4857.0
28334,4496.0
28335,5955.0
28336,4656.0
28337,23484.0
28338,3090.0
28339,2025.6
28340,34410.4
28341,4291.2
28342,6214.0
28343,64567.0
28344,55983.0
28345,55301.0
28346,5820.6
28347,76026.6
28348,8477.2
28349,3464.8
28350,55983.0
28351,57981.4
28352,45257.0
28353,11457.2
28354,4098.2
28355,66300.6
28356,8668.8
28357,5727.2
28358,59469.0
28359,5756.6
28360,3550.4
28361,3620.0
28362,6843.2
28363,52063.0
28364,3646.0
28365,5082.2
28366,9500.2
28367,7312.6
28368,68370.2
28369,15358.8
28370,3397.0
28371,43392.6
28372,3104.6
28373,7700.8
28374,3999.0
28375,5949.0
28376,70832.8
28377,13967.4
28378,54105.0
28379,4099.0
28380,23898.0
28381,5641.4
28382,5381.0
28383,5475.8
28384,10165.0
28385,5942.0
28386,6736.2
28387,63109.8
28388,4499.0
28389,4512.6
28390,8078.6
28391,49725.0
28392,50271.0
28393,24122.0
28394,57472.0
28395,5638.6
28396,9392.6
28397,24234.0
28398,4349.6
28399,3020.6
28400,7097.6
28401,49725.0
28402,15190.0
28403,2203.0
28404,60441.0
28405,10596.0
28406,54337.8
28407,69481.8
28408,4337.2
28409,4827.0
28410,66251.4
28411,13503.8
28412,33223.2
28413,48851.0
28414,45883.0
28415,15183.2
28416,5764.4
28417,41403.4
28418,4896.0
28419,11520.0
28420,6684.8
28421,7397.2
28422,52581.8
28423,4050.4
28424,54306.4
28425,5632.0
28426,71234.2
28427,50600.0
28428,44069.0
28429,28658.4
28430,4971.2
28431,8561.4
28432,10848.0
28433,55871.4
28434,47722.0
28435,7147.8
28436,57117.0
28437,9820.0
28438,4888.8
28439,32923.0
28440,4739.6
28441,4795.4
28442,5759.4
28443,5526.0
28444,2812.4
28445,4397.0
28446,7473.8
28447,52118.4
28448,2547.6
28449,9589.6
28450,2336.0
28451,60508.0
28452,54684.0
28453,46411.4
28454,4308.4
28455,48383.4
28456,4867.8
28457,3418.6
28458,9864.0
28459,39855.6
28460,5374.2
28461,5681.4
28462,10671.4
28463,4839.4
28464,4173.0
28465,5459.6
28466,58513.0
28467,6388.0
28468,54119.4
28469,4499.0
28470,67676.0
28471,63375.0
28472,6043.8
28473,7322.2
28474,5954.0
28475,10240.0
28476,1105.0
28477,4013.4
28478,5949.0
28479,4962.4
28480,7398.6
28481,50394.2
28482,5691.6
28483,5725.6
28484,5486.0
28485,8044.6
28486,46676.0
28487,20916.0
28488,6302.0
28489,49553.0
28490,45712.6
28491,70882.6
28492,9779.2
28493,4528.4
28494,10207.2
28495,4129.2
28496,13038.6
28497,1714.0
28498,2410.0
28499,4741.8
28500,3449.0
28501,4577.8
28502,81845.4
28503,3839.0
28504,3475.0
28505,54389.4
28506,4500.0
28507,12915.0
28508,4577.6
28509,3282.0
28510,11783.0
28511,46845.2
28512,2201.0
28513,12517.6
28514,4412.2
28515,4149.0
28516,5873.2
28517,6641.0
28518,68518.4
28519,6812.8
28520,5339.4
28521,6493.6
28522,6691.4
28523,2433.0
28524,6586.6
28525,12044.2
28526,6755.6
28527,71993.8
28528,3959.2
28529,65053.0
28530,7341.8
28531,1603.0
28532,47503.2
28533,4665.0
28534,42651.8
28535,38458.6
28536,5581.2
28537,7012.4
28538,7856.0
28539,2619.0
28540,33800.4
28541,7605.0
28542,6861.0
28543,7467.2
28544,1890.0
28545,49146.8
28546,34460.0
28547,5847.2
28548,5809.6
28549,4499.0
28550,61471.0
28551,11861.8
28552,3443.0
28553,52892.2
28554,4111.0
28555,11307.4
28556,42555.8
28557,10459.4
28558,6994.8
28559,6932.8
28560,6057.6
28561,6177.8
28562,3185.8
28563,4000.0
28564,6324.6
28565,63277.0
28566,58647.0
28567,31134.4
28568,48686.4
28569,6430.6
28570,58536.6
28571,12807.2
28572,5955.0
28573,6435.0
28574,11646.2
28575,6018.4
28576,6425.8
28577,6395.0
28578,11345.4
28579,6184.6
28580,12687.8
28581,2547.4
28582,5452.0
28583,11311.0
28584,15015.0
28585,30526.0
28586,46246.2
28587,58277.0
28588,3986.6
28589,13690.8
28590,62908.2
28591,5441.0
28592,78352.0
28593,13049.8
28594,6909.8
28595,49142.6
28596,5220.2
28597,6502.0
28598,8732.6
28599,5261.8
28600,4797.6
28601,61187.0
28602,56702.0
28603,5888.0
28604,5249.6
28605,11870.8
28606,11423.0
28607,49039.4
28608,7489.0
28609,61933.0
28610,56049.0
28611,5954.0
28612,5028.6
28613,3114.4
28614,4819.0
28615,17430.8
28616,72468.2
28617,6439.8
28618,52090.2
28619,3124.8
28620,81669.2
28621,4587.6
28622,2968.0
28623,61305.8
28624,5959.0
28625,5133.8
28626,38798.8
28627,8307.0
28628,54193.4
28629,9730.6
28630,6217.6
28631,7011.2
28632,3650.6
28633,57902.8
28634,11820.6
28635,52238.0
28636,5632.0
28637,4262.8
28638,5983.4
28639,37832.0
28640,3393.0
28641,10144.6
28642,16885.0
28643,61632.2
28644,4110.0
28645,50753.8
28646,52175.0
28647,53387.0
28648,7652.6
28649,8903.6
28650,2166.4
28651,1604.0
28652,58503.6
28653,7704.2
28654,2993.2
28655,4618.0
28656,5355.0
28657,1891.4
28658,58769.8
28659,48992.8
28660,4320.0
28661,1816.4
28662,7508.2
28663,5177.0
28664,4896.0
28665,4502.0
28666,4167.0
28667,6461.0
28668,6333.0
28669,54964.4
28670,7240.2
28671,3253.2
28672,4050.4
28673,37985.0
28674,1998.0
28675,51417.0
28676,55694.4
28677,4293.6
28678,2476.0
28679,4640.2
28680,7129.4
28681,45540.2
28682,10147.2
28683,4000.0
28684,35268.2
28685,8428.6
28686,4891.6
28687,9624.0
28688,6816.6
28689,5953.0
28690,6908.0
28691,5949.0
28692,5949.0
28693,4260.2
28694,4672.0
28695,4672.0
28696,2871.8
28697,56588.0
28698,7160.2
28699,66061.0
28700,5177.0
28701,8122.0
28702,5242.6
28703,2111.0
28704,8576.6
28705,17170.6
28706,57036.8
28707,49725.0
28708,85755.2
28709,5129.2
28710,6733.8
28711,4755.0
28712,4585.2
28713,32859.0
28714,19725.6
28715,53209.0
28716,4556.0
28717,1776.0
28718,6696.8
28719,6568.0
28720,6933.8
28721,46575.4
28722,8862.2
28723,45221.2
28724,2477.0
28725,4891.6
28726,6944.2
28727,1506.0
28728,5525.0
28729,59226.8
28730,10646.8
28731,60508.0
28732,7877.0
28733,2050.0
28734,11104.6
28735,4148.6
28736,45540.2
28737,2402.6
28738,58645.6
28739,3454.6
28740,12801.0
28741,7032.4
28742,49564.8
28743,5680.2
28744,50528.0
28745,6397.2
28746,1551.0
28747,5823.0
28748,16716.0
28749,9892.0
28750,10526.2
28751,5694.6
28752,5588.8
28753,54608.0
28754,10134.0
28755,5936.8
28756,5954.0
28757,5904.2
28758,4961.0
28759,4332.6
28760,8274.6
28761,47869.4
28762,5949.0
28763,55661.0
28764,60721.0
28765,5177.0
28766,53784.6
28767,4171.6
28768,12381.8
28769,52238.0
28770,5451.2
28771,10845.6
28772,7412.0
28773,52063.0
28774,64173.0
28775,49260.8
28776,6461.0
28777,5808.6
28778,4889.8
28779,51794.0
28780,5444.8
28781,6067.0
28782,3393.0
28783,52005.4
28784,14567.4
28785,2074.0
28786,5742.2
28787,2410.0
28788,56953.8
28789,12360.0
28790,8819.8
28791,13369.0
28792,6554.2
28793,50590.4
28794,58635.8
28795,49786.2
28796,4020.2
28797,4564.0
28798,5236.2
28799,15888.4
28800,57903.0
28801,5449.2
28802,5694.0
28803,4612.4
28804,5949.0
28805,48569.0
28806,58791.2
28807,70982.6
28808,11944.8
28809,66301.0
28810,7827.8
28811,5110.0
28812,49725.0
28813,5176.0
28814,50593.2
28815,3662.4
28816,3028.4
28817,6578.2
28818,44280.0
28819,53735.4
28820,2321.4
28821,2738.0
28822,2193.2
28823,3090.0
28824,50271.0
28825,14968.4
28826,2050.0
28827,4868.0
28828,53263.8
28829,12415.6
28830,45540.2
28831,6846.0
28832,57281.2
28833,17367.0
28834,6488.0
28835,51928.0
28836,4606.4
28837,5177.0
28838,4453.0
28839,4424.8
28840,15226.0
28841,52287.0
28842,4167.0
28843,78188.0
28844,8730.2
28845,11299.8
28846,56300.0
28847,9394.6
28848,4385.0
28849,4452.2
28850,1998.0
28851,83160.2
28852,7628.4
28853,5701.6
28854,53555.2
28855,2628.0
28856,2244.2
28857,10963.0
28858,60978.0
28859,4659.0
28860,2754.2
28861,60611.4
28862,5425.4
28863,3705.8
28864,2760.2
28865,7993.8
28866,27976.0
28867,7733.6
28868,9654.6
28869,4684.2
28870,57703.6
28871,6793.4
28872,7311.2
28873,4236.6
28874,41269.0
28875,14460.6
28876,2340.4
28877,2555.0
28878,6239.0
28879,1550.0
28880,3379.0
28881,20760.0
28882,3096.0
28883,57516.8
28884,4500.0
28885,5546.2
28886,6961.4
28887,38340.8
28888,4764.0
28889,8601.6
28890,3008.6
28891,60611.4
28892,74193.0
28893,5944.8
28894,4038.0
28895,56272.2
28896,57367.6
28897,39422.4
28898,66009.8
28899,7161.4
28900,8668.2
28901,8740.0
28902,23740.0
28903,13202.8
28904,32347.0
28905,49853.8
28906,11760.0
28907,50271.0
28908,1890.0
28909,12449.4
28910,4173.0
28911,4827.0
28912,5038.6
28913,45693.0
28914,54961.8
28915,6257.4
28916,10218.0
28917,4384.4
28918,22596.0
28919,7846.4
28920,44144.0
28921,6734.0
28922,2572.2
28923,3858.6
28924,49725.0
28925,5312.0
28926,39499.0
28927,3393.0
28928,60204.8
28929,5909.0
28930,58075.4
28931,5458.2
28932,29718.6
28933,74992.2
28934,5545.8
28935,65845.8
28936,8136.0
28937,11557.4
28938,4748.0
28939,2228.0
28940,10596.8
28941,65505.4
28942,3931.6
28943,7603.2
28944,8763.0
28945,6769.6
28946,5446.0
28947,53813.6
28948,5904.2
28949,8129.6
28950,2124.0
28951,11307.2
28952,5952.2
28953,9338.4
28954,2201.0
28955,5134.0
28956,7334.2
28957,51868.8
28958,6034.8
28959,2074.0
28960,9444.0
28961,6140.0
28962,47549.6
28963,6450.0
28964,49048.4
28965,4500.0
28966,1998.0
28967,4420.8
28968,12265.0
28969,49171.2
28970,4496.0
28971,53164.0
28972,8770.2
28973,62617.0
28974,6597.4
28975,44520.8
28976,7535.0
28977,48359.4
28978,50271.0
28979,2812.0
28980,49800.6
28981,2006.8
28982,3644.0
28983,3906.0
28984,61216.2
28985,3639.8
28986,61374.4
28987,10783.4
28988,14439.0
28989,6133.0
28990,49613.0
28991,2343.0
28992,7624.4
28993,66760.0
28994,62145.4
28995,6331.0
28996,4357.0
28997,9210.2
28998,55983.0
28999,7058.4
29000,7993.0
29001,4357.0
29002,5991.0
29003,5468.0
29004,5414.2
29005,4278.6
29006,47549.8
29007,6461.0
29008,6052.0
29009,3999.0
29010,6568.0
29011,29544.0
29012,20606.0
29013,5238.6
29014,8211.0
29015,6691.2
29016,37207.2
29017,53855.0
29018,6102.0
29019,4684.6
29020,10216.8
29021,6461.8
29022,4081.6
29023,16124.2
29024,4601.0
29025,4539.4
29026,30278.4
29027,5749.0
29028,3556.6
29029,56031.8
29030,5864.0
29031,4953.2
29032,45257.0
29033,51009.6
29034,10483.8
29035,3623.4
29036,6324.2
29037,9277.0
29038,9848.6
29039,2112.0
29040,49187.0
29041,8043.0
29042,4996.8
29043,49725.0
29044,45995.2
29045,5904.0
29046,3501.2
29047,18816.6
29048,11501.2
29049,5561.0
29050,4460.6
29051,6076.0
29052,9368.8
29053,39367.8
29054,9956.4
29055,3827.4
29056,54684.0
29057,7384.2
29058,5130.4
29059,4627.8
29060,4741.4
29061,24056.0
29062,56810.6
29063,13137.0
29064,4268.2
29065,6961.4
29066,60978.0
29067,39963.2
29068,49207.0
29069,5167.6
29070,2629.0
29071,3357.0
29072,7881.4
29073,61933.0
29074,4471.0
29075,4002.0
29076,25828.4
29077,60977.0
29078,7947.0
29079,6136.6
29080,5142.8
29081,49613.0
29082,6946.8
29083,51319.6
29084,41269.0
29085,21607.0
29086,1830.0
29087,6488.0
29088,2124.0
29089,4736.0
29090,10253.8
29091,6033.0
29092,62941.0
29093,39499.0
29094,44280.0
29095,12298.0
29096,19122.0
29097,4452.0
29098,62045.0
29099,10815.6
29100,6985.0
29101,7484.0
29102,5146.0
29103,47953.0
29104,64061.0
29105,45426.2
29106,4502.0
29107,7790.8
29108,42993.4
29109,5826.4
29110,8757.0
29111,28431.6
29112,4499.0
29113,3097.4
29114,2336.0
29115,6924.4
29116,5484.2
29117,2552.8
29118,10566.0
29119,4178.4
29120,3177.0
29121,2250.0
29122,21757.0
29123,6581.0
29124,63321.8
29125,2409.0
29126,3065.2
29127,4727.0
29128,47372.0
29129,70150.8
29130,6131.0
29131,46026.8
29132,66054.4
29133,42078.0
29134,3759.8
29135,55377.0
29136,7289.8
29137,54553.0
29138,8929.0
29139,3349.0
29140,4358.0
29141,4319.8
29142,8234.2
29143,7157.2
29144,50036.2
29145,4417.0
29146,31134.4
29147,51868.8
29148,57501.6
29149,6075.0
29150,65213.2
29151,6274.4
29152,2402.6
29153,6771.4
29154,50726.4
29155,2074.0
29156,6099.8
29157,6091.0
29158,3457.8
29159,50075.4
29160,92136.6
29161,5206.0
29162,2623.0
29163,27792.0
29164,4155.6
29165,3228.8
29166,8208.4
29167,6052.0
29168,5943.0
29169,2201.0
29170,15516.6
29171,33147.0
29172,58075.4
29173,55629.4
29174,8429.4
29175,6158.0
29176,5230.4
29177,3961.0
29178,63256.6
29179,3228.8
29180,14601.4
29181,60978.0
29182,53571.8
29183,2621.0
29184,3842.6
29185,6461.0
29186,6133.0
29187,5616.4
29188,8296.8
29189,61204.6
29190,5154.6
29191,6482.0
29192,5829.2
29193,72380.0
29194,5510.4
29195,60396.0
29196,43289.6
29197,4572.6
29198,17147.0
29199,6716.4
29200,4310.4
29201,2410.0
29202,52287.0
29203,69781.4
29204,33371.0
29205,3474.0
29206,2647.0
29207,13500.6
29208,7613.6
29209,52726.2
29210,48170.4
29211,5177.0
29212,52789.4
29213,40340.2
29214,9421.0
29215,9042.4
29216,56702.0
29217,15886.0
29218,50528.0
29219,10605.0
29220,4375.0
29221,2276.0
29222,6132.0
29223,2625.0
29224,7729.8
29225,5379.4
29226,60978.0
29227,10271.8
29228,3457.8
29229,3466.0
29230,3999.0
29231,4452.0
29232,9924.0
29233,11281.0
29234,11410.6
29235,5221.0
29236,8985.8
29237,4496.0
29238,49613.0
29239,6961.4
29240,19092.2
29241,5738.4
29242,9924.2
29243,53064.0
29244,6382.0
29245,61910.6
29246,9020.2
29247,2551.8
29248,1995.6
29249,5955.0
29250,65775.4
29251,57992.0
29252,46918.0
29253,5876.0
29254,4049.8
29255,3335.4
29256,6691.2
29257,10770.4
29258,6890.8
29259,5733.0
29260,3988.0
29261,6452.0
29262,4020.0
29263,7269.0
29264,4535.2
29265,43027.8
29266,5712.0
29267,52249.6
29268,57200.6
29269,4043.6
29270,7317.8
29271,18437.8
29272,38099.0
29273,9596.0
29274,6079.6
29275,1654.0
29276,6382.8
29277,5823.0
29278,46710.8
29279,10943.6
29280,50271.0
29281,10575.0
29282,45877.4
29283,9570.4
29284,3961.0
29285,17250.2
29286,8485.0
29287,4853.0
29288,13002.4
29289,10722.0
29290,3726.4
29291,5134.0
29292,6106.0
29293,9336.8
29294,54684.0
29295,2201.0
29296,58900.0
29297,3424.2
29298,60396.0
29299,28510.0
29300,54325.8
29301,4541.0
29302,5140.8
29303,50943.4
29304,44405.0
29305,3757.0
29306,2056.0
29307,6274.6
29308,61202.0
29309,6314.0
29310,10486.0
29311,5519.6
29312,5176.8
29313,3578.8
29314,14563.2
29315,5423.0
29316,10729.2
29317,48798.0
29318,4924.0
29319,33743.0
29320,7970.8
29321,7297.8
29322,4926.0
29323,31622.0
29324,70655.4
29325,44144.0
29326,5102.8
29327,11801.8
29328,45310.2
29329,47927.0
29330,13118.2
29331,11886.0
29332,63644.0
29333,11977.4
29334,7295.2
29335,76578.8
29336,68968.0
29337,48872.6
29338,5083.2
29339,37985.0
29340,2948.6
29341,4111.0
29342,4841.6
29343,64352.2
29344,5293.0
29345,4422.0
29346,4500.4
29347,53813.6
29348,8538.4
29349,4962.8
29350,4596.0
29351,65550.2
29352,14950.8
29353,60492.2
29354,31982.0
29355,16926.0
29356,2074.0
29357,52190.4
29358,4022.6
29359,63265.4
29360,8313.0
29361,72634.2
29362,56702.0
29363,11928.0
29364,6571.2
29365,9277.0
29366,32859.0
29367,5923.8
29368,15877.0
29369,9122.6
29370,13889.0
29371,45883.0
29372,5326.2
29373,17604.0
29374,4907.6
29375,4256.2
29376,4917.0
29377,2203.0
29378,50726.4
29379,67545.0
29380,53455.4
29381,54684.0
29382,67546.0
29383,5206.0
29384,5441.0
29385,9489.2
29386,71835.0
29387,5178.0
29388,16798.0
29389,3916.0
29390,6782.6
29391,5869.0
29392,38635.0
29393,59021.0
29394,5178.0
29395,4761.6
29396,2476.0
29397,6045.8
29398,4139.2
29399,7412.0
29400,10004.6
29401,2203.0
29402,4650.2
29403,56431.4
29404,56523.0
29405,46584.4
29406,2817.0
29407,71129.0
29408,8051.4
29409,11970.0
29410,12013.0
29411,8337.4
29412,4022.2
29413,6561.2
29414,3356.6
29415,23898.0
29416,40949.6
29417,48235.4
29418,5995.6
29419,57903.0
29420,17492.4
29421,12577.0
29422,1830.0
29423,4794.6
29424,48568.0
29425,58573.0
29426,47449.0
29427,1998.0
29428,53891.2
29429,5312.8
29430,5701.4
29431,5032.0
29432,7628.0
29433,15729.0
29434,45693.0
29435,3090.0
29436,6961.4
29437,4385.0
29438,5293.0
29439,10812.0
29440,3535.6
29441,2826.0
29442,8168.2
29443,6879.8
29444,9252.4
29445,2548.0
29446,62941.0
29447,5250.8
29448,8324.6
29449,2772.2
29450,5832.8
29451,3978.0
29452,3804.8
29453,3185.2
29454,5434.2
29455,10582.4
29456,3960.6
29457,39131.2
29458,3227.2
29459,59212.2
29460,39622.0
29461,48657.4
29462,13728.4
29463,4830.2
29464,71234.2
29465,4265.2
29466,41064.0
29467,7857.2
29468,13443.6
29469,7474.0
29470,43392.6
29471,4181.6
29472,52063.0
29473,5369.6
29474,15610.2
29475,54181.2
29476,5485.6
29477,4129.2
29478,5738.4
29479,3020.0
29480,4585.2
29481,7665.6
29482,13243.0
29483,5886.0
29484,8734.0
29485,10320.2
29486,12862.4
29487,36050.4
29488,45540.2
29489,5719.6
29490,5102.0
29491,5574.0
29492,3186.0
29493,5539.4
29494,32923.0
29495,68742.6
29496,3868.2
29497,41314.0
29498,4427.0
29499,5484.2
29500,2723.4
29501,1105.0
29502,61933.0
29503,4165.0
29504,4500.0
29505,6837.4
29506,2812.0
29507,5976.0
29508,32376.0
29509,5162.8
29510,2871.8
29511,6061.2
29512,56569.0
29513,7227.8
29514,8005.8
29515,4040.0
29516,7617.8
29517,14441.6
29518,6450.0
29519,5648.0
29520,10971.8
29521,8153.0
29522,2738.0
29523,4753.4
29524,11172.2
29525,2278.0
29526,9828.2
29527,65024.2
29528,4134.4
29529,8686.0
29530,5949.0
29531,17232.0
29532,5656.0
29533,37385.2
29534,7424.0
29535,62941.0
29536,5270.4
29537,5660.4
29538,12578.8
29539,8154.0
29540,5292.0
29541,59715.4
29542,10764.0
29543,5865.2
29544,5260.0
29545,9919.4
29546,34346.4
29547,66689.0
29548,4188.8
29549,5158.0
29550,58566.4
29551,47225.0
29552,8208.4
29553,53835.0
29554,3369.8
29555,4281.0
29556,4089.0
29557,41257.8
29558,4298.6
29559,7058.8
29560,3336.8
29561,4882.0
29562,4733.0
29563,55795.4
29564,53261.8
29565,54684.0
29566,7509.0
29567,5546.0
29568,3598.4
29569,6009.6
29570,8283.0
29571,46411.4
29572,58657.8
29573,52981.4
29574,5567.2
29575,67455.0
29576,5754.0
29577,42649.6
29578,58685.0
29579,70228.2
29580,16267.0
29581,6394.6
29582,6384.6
29583,59883.0
29584,4048.0
29585,4173.0
29586,5545.8
29587,3558.0
29588,6894.0
29589,4612.0
29590,47561.2
29591,5377.0
29592,5186.2
29593,47153.0
29594,18523.6
29595,3862.0
29596,56633.0
29597,3609.8
29598,5838.8
29599,7182.4
29600,3126.6
29601,12044.4
29602,49516.2
29603,62829.0
29604,44081.0
29605,61731.4
29606,10749.4
29607,9328.0
29608,45221.2
29609,4230.0
29610,9744.0
29611,7487.0
29612,15538.8
29613,3498.0
29614,6324.0
29615,5650.6
29616,6966.0
29617,4577.4
29618,15277.6
29619,7046.2
29620,4589.0
29621,23484.0
29622,2201.0
29623,3999.0
29624,13054.0
29625,50271.0
29626,7596.6
29627,40015.2
29628,5886.0
29629,5794.2
29630,2665.8
29631,15216.2
29632,3128.2
29633,4756.6
29634,4380.0
29635,5344.0
29636,51707.0
29637,5716.0
29638,50214.6
29639,60755.0
29640,6578.0
29641,3962.4
29642,34298.8
29643,71139.2
29644,8217.0
29645,3305.6
29646,59784.0
29647,44144.0
29648,4452.6
29649,45301.0
29650,40269.8
29651,6450.0
29652,2201.0
29653,2767.0
29654,5396.2
29655,12843.0
29656,50726.4
29657,6682.8
29658,54684.0
29659,42659.8
29660,20356.0
29661,8219.2
29662,45693.0
29663,11303.6
29664,5293.0
29665,69340.6
29666,6198.8
29667,15141.0
29668,3578.4
29669,49786.2
29670,13041.2
29671,4498.0
29672,16257.2
29673,7034.8
29674,2201.0
29675,5808.4
29676,5120.2
29677,51707.0
29678,67313.2
29679,12957.0
29680,61650.0
29681,6959.6
29682,10389.8
29683,32859.0
29684,4656.0
29685,5322.0
29686,7017.4
29687,10018.0
29688,11877.0
29689,4564.0
29690,4740.0
29691,56386.8
29692,4366.0
29693,4896.0
29694,49833.0
29695,9865.0
29696,51595.0
29697,8773.6
29698,51345.0
29699,6389.0
29700,51972.2
29701,32923.0
29702,3775.0
29703,5360.2
29704,2074.0
29705,54684.0
29706,11422.2
29707,3096.0
29708,8162.6
29709,4500.0
29710,4906.4
29711,2619.0
29712,5751.8
29713,69266.4
29714,10176.0
29715,8583.4
29716,4403.8
29717,6926.8
29718,5980.6
29719,56131.4
29720,11250.8
29721,70501.8
29722,5527.8
29723,63599.0
29724,3667.6
29725,10381.8
29726,6561.0
29727,41127.6
29728,3986.6
29729,4621.4
29730,8028.0
29731,5953.0
29732,49272.6
29733,13511.2
29734,6565.8
29735,9043.2
29736,9980.0
29737,6976.4
29738,7004.0
29739,53813.6
29740,4474.0
29741,5910.4
29742,6103.4
29743,2464.0
29744,60406.4
29745,2212.0
29746,5834.4
29747,59585.0
29748,8087.8
29749,73774.8
29750,8349.0
29751,11017.2
29752,47503.2
29753,57117.2
29754,8377.4
29755,13717.0
29756,44432.0
29757,72221.8
29758,5702.6
29759,14731.6
29760,5712.4
29761,7909.6
29762,50631.8
29763,5649.0
29764,6747.6
29765,5050.4
29766,6894.4
29767,6775.2
29768,6178.4
29769,5051.6
29770,6323.0
29771,14203.8
29772,70543.0
29773,60260.0
29774,55184.6
29775,4523.0
29776,60530.6
29777,42526.6
29778,75440.2
29779,49564.4
29780,4510.0
29781,12932.4
29782,59715.4
29783,4165.0
29784,5865.0
29785,5171.0
29786,4815.6
29787,52323.4
29788,5835.8
29789,22152.0
29790,5414.2
29791,39847.0
29792,41638.4
29793,4742.2
29794,57790.4
29795,24375.2
29796,5419.8
29797,3291.2
29798,10848.0
29799,12005.4
29800,6028.2
29801,56673.4
29802,3765.0
29803,5583.2
29804,6183.8
29805,12334.4
29806,1277.2
29807,3725.0
29808,37985.0
29809,6637.0
29810,48237.4
29811,6586.6
29812,4170.6
29813,4155.0
29814,4971.0
29815,3393.0
29816,4337.0
29817,51707.0
29818,11666.0
29819,45540.2
29820,57036.8
29821,6452.0
29822,7117.0
29823,6597.8
29824,4486.4
29825,4979.0
29826,54684.0
29827,32923.0
29828,66421.4
29829,58125.0
29830,3986.6
29831,6725.6
29832,3393.0
29833,6044.8
29834,6733.4
29835,5991.0
29836,23664.8
29837,4827.0
29838,5701.4
29839,7124.6
29840,9550.4
29841,55018.6
29842,4780.6
29843,53911.8
29844,5977.8
29845,35532.0
29846,5138.8
29847,5979.6
29848,51481.0
29849,6258.0
29850,6820.4
29851,72364.0
29852,11129.0
29853,7798.8
29854,4022.2
29855,4499.0
29856,5135.0
29857,6067.2
29858,67600.2
29859,10622.0
29860,17305.6
29861,4702.0
29862,6169.6
29863,28510.0
29864,8774.4
29865,6173.6
29866,66063.0
29867,50528.0
29868,2621.0
29869,6599.2
29870,5366.0
29871,1788.0
29872,3423.0
29873,2552.6
29874,29746.4
29875,66895.4
29876,3953.2
29877,6578.0
29878,4979.0
29879,7385.6
29880,76764.8
29881,6565.8
29882,6586.6
29883,5773.0
29884,3000.0
29885,7363.0
29886,11532.2
29887,56075.0
29888,6725.2
29889,55424.4
29890,18973.0
29891,3484.8
29892,48274.0
29893,49516.2
29894,5507.0
29895,3969.2
29896,8945.6
29897,2578.4
29898,57274.4
29899,11109.0
29900,1965.6
29901,25370.8
29902,5817.6
29903,7037.2
29904,5609.0
29905,2703.0
29906,5363.6
29907,3604.8
29908,5322.0
29909,3269.0
29910,4808.6
29911,6154.8
29912,5101.4
29913,44280.0
29914,52063.0
29915,3282.0
29916,10042.2
29917,4273.0
29918,4665.0
29919,4501.0
29920,12360.8
29921,5206.0
29922,3130.4
29923,6725.6
29924,72192.2
29925,43428.6
29926,8554.0
29927,4093.4
29928,4149.0
29929,1714.0
29930,6665.8
29931,6385.4
29932,57396.6
29933,1694.0
29934,62381.0
29935,8021.0
29936,5457.0
29937,57999.0
29938,6587.0
29939,6067.0
29940,51998.2
29941,52985.0
29942,57903.0
29943,38213.2
29944,12171.0
29945,5948.6
29946,54391.4
29947,6990.2
29948,49725.0
29949,6497.2
29950,5539.4
29951,6501.4
29952,14766.0
29953,47385.0
29954,4424.8
29955,73789.8
29956,37517.8
29957,4357.0
29958,53813.6
29959,3466.0
29960,1694.0
29961,13188.0
29962,4500.0
29963,4485.0
29964,3619.2
29965,56992.8
29966,63340.8
29967,61083.2
29968,7615.2
29969,6916.0
29970,5842.8
29971,5561.6
29972,13095.0
29973,2444.4
29974,64464.0
29975,56588.0
29976,6688.6
29977,55983.0
29978,4500.0
29979,13073.2
29980,1842.8
29981,58931.4
29982,14893.8
29983,57524.4
29984,2913.4
29985,16067.4
29986,46786.2
29987,44280.0
29988,5041.2
29989,4052.8
29990,2867.8
29991,56588.0
29992,4175.6
29993,64764.0
29994,67653.4
29995,51677.8
29996,3865.0
29997,4395.8
29998,8100.0
29999,5322.0
30000,4967.2
30001,4242.2
30002,4677.0
30003,5953.0
30004,64705.8
30005,8944.6
30006,12013.2
30007,24504.0
30008,54684.0
30009,7062.2
30010,4687.0
30011,5283.2
30012,6568.0
30013,3070.0
30014,5584.4
30015,20454.0
30016,57859.2
30017,3971.0
30018,4337.0
30019,9321.8
30020,7180.0
30021,13118.0
30022,15099.6
30023,12138.6
30024,53743.4
30025,49725.0
30026,5857.8
30027,6091.6
30028,5703.6
30029,1714.0
30030,7491.6
30031,24122.0
30032,3992.2
30033,8653.2
30034,4432.6
30035,6913.2
30036,3999.0
30037,14348.0
30038,1714.0
30039,5962.8
30040,45185.0
30041,3862.0
30042,2700.0
30043,44280.0
30044,12916.6
30045,9696.4
30046,44173.2
30047,35554.0
30048,56702.0
30049,13280.6
30050,10690.0
30051,4275.6
30052,12515.8
30053,4000.0
30054,41314.0
30055,72719.4
30056,9700.8
30057,62721.0
30058,3090.0
30059,38099.0
30060,4640.8
30061,69207.2
30062,4656.0
30063,50214.6
30064,4172.2
30065,7194.0
30066,17107.0
30067,59253.4
30068,4748.0
30069,5449.0
30070,4502.0
30071,2723.0
30072,14355.4
30073,7573.2
30074,13284.0
30075,48042.8
30076,48398.8
30077,5849.0
30078,41063.6
30079,6720.0
30080,5152.2
30081,3461.4
30082,5866.0
30083,5292.2
30084,15130.6
30085,7426.0
30086,4501.0
30087,6642.6
30088,13851.0
30089,4902.6
30090,2528.0
30091,62535.4
30092,5364.8
30093,1891.4
30094,8484.0
30095,3862.0
30096,5206.0
30097,8672.0
30098,4422.2
30099,49613.0
30100,3916.0
30101,9163.2
30102,50710.2
30103,8154.0
30104,51853.0
30105,45693.0
30106,5956.2
30107,55982.0
30108,6356.2
30109,4124.8
30110,6295.4
30111,7422.6
30112,7029.0
30113,5261.8
30114,4877.4
30115,4262.0
30116,27864.0
30117,4755.0
30118,57145.4
30119,1603.0
30120,58180.8
30121,14544.0
30122,10827.0
30123,53813.6
30124,60396.0
30125,4411.4
30126,2201.0
30127,5646.4
30128,4227.8
30129,6012.0
30130,55982.0
30131,2418.8
30132,5156.2
30133,14880.0
30134,57072.0
30135,51706.8
30136,4096.0
30137,57262.6
30138,60260.0
30139,55983.0
30140,57005.0
30141,36640.0
30142,2738.0
30143,3090.0
30144,7303.8
30145,10753.0
30146,9496.0
30147,10793.6
30148,54608.0
30149,6727.6
30150,8985.2
30151,2935.6
30152,3923.4
30153,5124.0
30154,6708.8
30155,2637.0
30156,32923.0
30157,60508.0
30158,3826.0
30159,3999.0
30160,25548.8
30161,46918.0
30162,73540.2
30163,48410.8
30164,45257.0
30165,67027.8
30166,72147.6
30167,44594.0
30168,4740.0
30169,5354.6
30170,45883.0
30171,10498.4
30172,51972.2
30173,4553.6
30174,1443.0
30175,5949.0
30176,2699.8
30177,6033.0
30178,4352.6
30179,6357.0
30180,67710.0
30181,49725.0
30182,4622.2
30183,2584.4
30184,65225.8
30185,68351.4
30186,2025.8
30187,68121.6
30188,6803.8
30189,53041.0
30190,47385.0
30191,9951.8
30192,7814.4
30193,4106.6
30194,13803.6
30195,3944.0
30196,13291.8
30197,6902.4
30198,4171.2
30199,3444.0
30200,31436.0
30201,37985.0
30202,4926.4
30203,68202.6
30204,4942.8
30205,4421.0
30206,1712.2
30207,2871.8
30208,47225.0
30209,4711.2
30210,6557.0
30211,15632.0
30212,39127.4
30213,4868.0
30214,4687.0
30215,51457.0
30216,2700.0
30217,6067.0
30218,48975.4
30219,5113.0
30220,11069.0
30221,9422.6
30222,6757.8
30223,5632.0
30224,54988.6
30225,8434.0
30226,4514.4
30227,3862.0
30228,45257.0
30229,5992.6
30230,6650.0
30231,4879.2
30232,6395.0
30233,9344.4
30234,3999.0
30235,59390.4
30236,50634.2
30237,1694.0
30238,6624.2
30239,2409.0
30240,3924.8
30241,12815.0
30242,42521.0
30243,55705.4
30244,54608.0
30245,52650.0
30246,4662.0
30247,49913.0
30248,58768.6
30249,47367.2
30250,43000.4
30251,10072.0
30252,2132.0
30253,5431.6
30254,66598.6
30255,7493.6
30256,45693.0
30257,4454.2
30258,4417.0
30259,59257.0
30260,9246.0
30261,8006.4
30262,10878.2
30263,13685.8
30264,4323.0
30265,3162.0
30266,12531.8
30267,8082.4
30268,31432.0
30269,8971.4
30270,47996.8
30271,72214.6
30272,7730.8
30273,6123.0
30274,2124.0
30275,13601.2
30276,5227.4
30277,6450.0
30278,58091.0
30279,4121.6
30280,5242.0
30281,4829.4
30282,54256.0
30283,5791.0
30284,61362.6
30285,41064.0
30286,5836.4
30287,6126.4
30288,6306.0
30289,5344.2
30290,5982.6
30291,11176.8
30292,4800.8
30293,6221.0
30294,10210.0
30295,44280.0
30296,7426.0
30297,58532.4
30298,44583.0
30299,4500.0
30300,6476.8
30301,7752.2
30302,61399.6
30303,7191.2
30304,69400.6
30305,11940.2
30306,66876.4
30307,5025.6
30308,4359.6
30309,52197.8
30310,10975.2
30311,5205.2
30312,6293.0
30313,2523.4
30314,5589.2
30315,47585.0
30316,4672.0
30317,12297.0
30318,9064.0
30319,54882.8
30320,51794.0
30321,15636.2
30322,2078.8
30323,55983.0
30324,2476.0
30325,53835.0
30326,17697.8
30327,3854.8
30328,3090.0
30329,4169.2
30330,42521.0
30331,48004.6
30332,3362.0
30333,52313.0
30334,51595.0
30335,3710.8
30336,4214.8
30337,12780.0
30338,2723.0
30339,3144.2
30340,22140.0
30341,4502.0
30342,5942.0
30343,5855.2
30344,46181.8
30345,43027.8
30346,4971.2
30347,6238.2
30348,9105.0
30349,5769.8
30350,50812.8
30351,3126.6
30352,4716.6
30353,10292.8
30354,7083.2
30355,5689.8
30356,3052.4
30357,56200.0
30358,5238.4
30359,3875.6
30360,1603.0
30361,2250.0
30362,6254.4
30363,57081.0
30364,45257.0
30365,7006.2
30366,55073.8
30367,13221.8
30368,38219.4
30369,57005.0
30370,10710.6
30371,3827.8
30372,42521.0
30373,4262.2
30374,6144.4
30375,3461.6
30376,4337.0
30377,2394.0
30378,14616.0
30379,57847.2
30380,54684.0
30381,47503.2
30382,4500.0
30383,4235.4
30384,13984.8
30385,69782.0
30386,10786.6
30387,23484.0
30388,3390.2
30389,5568.0
30390,5009.2
30391,4099.0
30392,3983.2
30393,3662.4
30394,4644.4
30395,39321.0
30396,6414.0
30397,6319.0
30398,14682.6
30399,6739.8
30400,53209.0
30401,54154.2
30402,4352.6
30403,6091.6
30404,39880.8
30405,4933.8
30406,55506.0
30407,63737.0
30408,63065.0
30409,10354.4
30410,10554.0
30411,50051.0
30412,5177.0
30413,51732.8
30414,7369.0
30415,8307.4
30416,10543.8
30417,58671.0
30418,6482.0
30419,9060.6
30420,57432.6
30421,8388.4
30422,5049.2
30423,55377.0
30424,5448.8
30425,2410.0
30426,59383.6
30427,5085.8
30428,5606.2
30429,67205.4
30430,6039.0
30431,5284.6
30432,55886.8
30433,10408.0
30434,4644.0
30435,28188.0
30436,51865.0
30437,3371.6
30438,8200.0
30439,37985.0
30440,60978.0
30441,54702.0
30442,5552.2
30443,5676.2
30444,59365.8
30445,3393.0
30446,14260.8
30447,59791.0
30448,4999.6
30449,4874.6
30450,7411.0
30451,41314.0
30452,10379.0
30453,17787.0
30454,6371.8
30455,9937.6
30456,45883.0
30457,7349.6
30458,7053.0
30459,6954.6
30460,5566.4
30461,58573.0
30462,4231.2
30463,4348.2
30464,53743.0
30465,5381.4
30466,45143.8
30467,10783.4
30468,4485.0
30469,73002.6
30470,44144.0
30471,5875.0
30472,6999.8
30473,3193.4
30474,4661.6
30475,1998.0
30476,1714.0
30477,5384.6
30478,2339.0
30479,12432.2
30480,6615.6
30481,3048.6
30482,45257.0
30483,48269.0
30484,51929.8
30485,5696.0
30486,3186.4
30487,3805.8
30488,6760.4
30489,2646.4
30490,11074.6
30491,55790.6
30492,8216.0
30493,15806.2
30494,3487.0
30495,5892.0
30496,7167.0
30497,6051.0
30498,13270.6
30499,49613.0
30500,12438.4
30501,5453.2
30502,56476.0
30503,68594.4
30504,12380.2
30505,57779.4
30506,57859.2
30507,51333.4
30508,3001.0
30509,11617.0
30510,51595.0
30511,6913.0
30512,13667.2
30513,75098.2
30514,6167.8
30515,31982.0
30516,6210.6
30517,3126.6
30518,13364.2
30519,2334.0
30520,3575.6
30521,3193.4
30522,53943.4
30523,67824.0
30524,54608.0
30525,57703.6
30526,3916.0
30527,59267.4
30528,32923.0
30529,6546.8
30530,5333.2
30531,47549.8
30532,3622.2
30533,4348.0
30534,6133.0
30535,2661.6
30536,10597.8
30537,64293.4
30538,54275.2
30539,4916.0
30540,7249.2
30541,4530.6
30542,17100.4
30543,3424.6
30544,17548.0
30545,53813.6
30546,62000.0
30547,9201.0
30548,16526.2
30549,43865.0
30550,51040.6
30551,5798.4
30552,4111.0
30553,7114.0
30554,4618.4
30555,2577.2
30556,2772.2
30557,6299.6
30558,2356.0
30559,46947.0
30560,12734.6
30561,39622.0
30562,46918.0
30563,9449.4
30564,34380.0
30565,54608.0
30566,53465.4
30567,4490.6
30568,49233.0
30569,46840.8
30570,10018.0
30571,3647.4
30572,7352.0
30573,4272.8
30574,3611.8
30575,5110.8
30576,4498.0
30577,6310.4
30578,4855.0
30579,6502.0
30580,50271.0
30581,45693.0
30582,62762.0
30583,51595.0
30584,4491.0
30585,64185.0
30586,55184.6
30587,2476.0
30588,5024.8
30589,68594.4
30590,50318.2
30591,47630.2
30592,10693.2
30593,45883.0
30594,3783.6
30595,49272.6
30596,5526.2
30597,4406.0
30598,5786.0
30599,2619.0
30600,12065.4
30601,2860.0
30602,11388.4
30603,2477.0
30604,6623.4
30605,17833.0
30606,2984.6
30607,49613.0
30608,4892.8
30609,2105.0
30610,10764.0
30611,8790.8
30612,6131.0
30613,2464.0
30614,44626.2
30615,4827.0
30616,6568.0
30617,49849.0
30618,3008.6
30619,62524.0
30620,5989.6
30621,2935.6
30622,3381.6
30623,4723.6
30624,11858.2
30625,4532.4
30626,4242.4
30627,73763.2
30628,2410.0
30629,6287.0
30630,63261.8
30631,9914.8
30632,2528.2
30633,2726.8
30634,7605.0
30635,8111.0
30636,24122.0
30637,8303.4
30638,78386.6
30639,22152.0
30640,4744.6
30641,4165.0
30642,5323.6
30643,12969.0
30644,60396.0
30645,5654.0
30646,14325.2
30647,64381.0
30648,53855.0
30649,42044.0
30650,10606.8
30651,4344.8
30652,3876.0
30653,3572.0
30654,13688.0
30655,2124.0
30656,6123.8
30657,7024.2
30658,33800.4
30659,6021.8
30660,2480.0
30661,64229.8
30662,65550.2
30663,4140.8
30664,2250.0
30665,2640.0
30666,6601.2
30667,6195.2
30668,4860.4
30669,3238.6
30670,4656.0
30671,39127.4
30672,62617.0
30673,44209.8
30674,6638.8
30675,5936.4
30676,2214.8
30677,11396.8
30678,6324.0
30679,1464.0
30680,45463.2
30681,5502.0
30682,43392.6
30683,41839.0
30684,8290.4
30685,55293.4
30686,5428.6
30687,3629.0
30688,8016.8
30689,73400.6
30690,28510.0
30691,6128.0
30692,56476.0
30693,11129.0
30694,3572.0
30695,10008.0
30696,10018.0
30697,2641.6
30698,11675.0
30699,49411.0
30700,3099.0
30701,28510.0
30702,3000.0
30703,46525.0
30704,6090.0
30705,3788.4
30706,2979.6
30707,66130.4
30708,52175.0
30709,6236.8
30710,61189.0
30711,11115.0
30712,49517.4
30713,2901.0
30714,46315.2
30715,2723.0
30716,3999.0
30717,57125.8
30718,4531.0
30719,47299.8
30720,12138.0
30721,5868.6
30722,4327.0
30723,2074.0
30724,7487.0
30725,5053.4
30726,4695.2
30727,14293.2
30728,8596.4
30729,41786.4
30730,5534.4
30731,51853.0
30732,4979.0
30733,4589.0
30734,1714.0
30735,4896.0
30736,3572.0
30737,5991.0
30738,9198.4
30739,65853.0
30740,5502.0
30741,6009.0
30742,4600.4
30743,3493.8
30744,6378.4
30745,7425.0
30746,57904.2
30747,50590.4
30748,38845.6
30749,3578.8
30750,6325.0
30751,6209.2
30752,3343.6
30753,53813.6
30754,7144.2
30755,2150.0
30756,57874.8
30757,5823.0
30758,6450.0
30759,5020.2
30760,7635.0
30761,8927.0
30762,4272.0
30763,41705.6
30764,8210.4
30765,5870.2
30766,44209.8
30767,4111.0
30768,10608.8
30769,5614.8
30770,49913.8
30771,2294.2
30772,1996.0
30773,42457.0
30774,23944.0
30775,5901.4
30776,5942.0
30777,10273.8
30778,6551.8
30779,49048.4
30780,61671.4
30781,3780.2
30782,10365.2
30783,52650.0
30784,9845.8
30785,12159.0
30786,15225.0
30787,6820.8
30788,5943.0
30789,10069.0
30790,4280.6
30791,23898.0
30792,4642.0
30793,8475.6
30794,4871.8
30795,4699.0
30796,4501.0
30797,6450.0
30798,5955.0
30799,4341.0
30800,66435.8
30801,5177.0
30802,4212.0
30803,63043.6
30804,5102.0
30805,5062.2
30806,10208.6
30807,10596.2
30808,2359.0
30809,6648.4
30810,48962.4
30811,13946.0
30812,42521.0
30813,64633.0
30814,2679.4
30815,12934.2
30816,2836.0
30817,6696.8
30818,5805.4
30819,8227.4
30820,7599.8
30821,5862.8
30822,2477.0
30823,9855.0
30824,2476.0
30825,42612.8
30826,3090.0
30827,6901.8
30828,4043.8
30829,39735.4
30830,49725.0
30831,6067.0
30832,6067.0
30833,4500.0
30834,4775.4
30835,6105.6
30836,7590.2
30837,41087.2
30838,6684.8
30839,3662.4
30840,39321.0
30841,12774.2
30842,6099.4
30843,3623.8
30844,7496.0
30845,7575.8
30846,8864.6
30847,50271.0
30848,7121.4
30849,6848.2
30850,52825.0
30851,47470.0
30852,14167.6
30853,51457.0
30854,5823.0
30855,15629.6
30856,23424.0
30857,51707.0
30858,6032.4
30859,7132.4
30860,14672.6
30861,13125.2
30862,4499.0
30863,2191.4
30864,8158.6
30865,5583.0
30866,9450.0
30867,4417.0
30868,4672.0
30869,8490.0
30870,31134.4
30871,7584.0
30872,64316.0
30873,40542.4
30874,7351.4
30875,10478.2
30876,7951.4
30877,39241.8
30878,45221.2
30879,9736.0
30880,9793.8
30881,45185.0
30882,4971.0
30883,13984.8
30884,61941.4
30885,26697.8
30886,6082.2
30887,5602.4
30888,52650.0
30889,2074.0
30890,2078.8
30891,5304.2
30892,1830.0
30893,3405.6
30894,2726.4
30895,47731.4
30896,55763.4
30897,54481.0
30898,6748.6
30899,51313.2
30900,2584.4
30901,5101.2
30902,8700.8
30903,5353.6
30904,1830.0
30905,64040.6
30906,5984.4
30907,4994.4
30908,5206.0
30909,7879.0
30910,3014.0
30911,54608.0
30912,63432.0
30913,12790.6
30914,45422.4
30915,51707.0
30916,13231.4
30917,6961.4
30918,44144.0
30919,50271.0
30920,5377.2
30921,4695.0
30922,6324.0
30923,12734.2
30924,5104.0
30925,14512.6
30926,52440.0
30927,5329.8
30928,53366.6
30929,2327.0
30930,36947.4
30931,3000.0
30932,54105.0
30933,3588.8
30934,51658.4
30935,4323.0
30936,10785.0
30937,5277.6
30938,4915.0
30939,5949.0
30940,34460.0
30941,2641.6
30942,67855.0
30943,55232.0
30944,13398.4
30945,11340.2
30946,5177.0
30947,68594.4
30948,53022.0
30949,5660.0
30950,3998.8
30951,63590.4
30952,4504.4
30953,4387.2
30954,54684.0
30955,13324.6
30956,60406.4
30957,3381.0
30958,52771.0
30959,2976.4
30960,6033.4
30961,11521.2
30962,3535.8
30963,3671.0
30964,54684.0
30965,5849.0
30966,5697.6
30967,1603.0
30968,54183.4
30969,4606.4
30970,6342.0
30971,16323.6
30972,50726.4
30973,4990.8
30974,12633.0
30975,4718.8
30976,6308.0
30977,2723.0
30978,15309.0
30979,4589.6
30980,3060.2
30981,61955.4
30982,41144.4
30983,3150.0
30984,4050.4
30985,4591.0
30986,4721.0
30987,7952.4
30988,5102.0
30989,65167.0
30990,7945.8
30991,8867.0
30992,10934.0
30993,4149.0
30994,32923.0
30995,4417.0
30996,3015.0
30997,5861.6
30998,45043.6
30999,53756.6
31000,11389.2
31001,42457.0
31002,7918.8
31003,3924.6
31004,2553.6
31005,3862.0
31006,23740.0
31007,3947.2
31008,64316.0
31009,5225.0
31010,7978.0
31011,15761.0
31012,4993.2
31013,7593.0
31014,49553.0
31015,7749.0
31016,30350.4
31017,9978.2
31018,61735.6
31019,45257.0
31020,27864.0
31021,10185.0
31022,10597.8
31023,10176.0
31024,7635.0
31025,48337.0
31026,5870.6
31027,67653.4
31028,7784.8
31029,60365.0
31030,12350.4
31031,4363.0
31032,3332.2
31033,54025.2
31034,5388.0
31035,8245.8
31036,11009.0
31037,3090.0
31038,10965.0
31039,3861.0
31040,3678.2
31041,3981.8
31042,10373.4
31043,5930.2
31044,2578.4
31045,56952.0
31046,5206.0
31047,5970.0
31048,6461.8
31049,56590.0
31050,7584.0
31051,65704.8
31052,5228.8
31053,5953.0
31054,4501.0
31055,1714.0
31056,7155.8
31057,8731.6
31058,3283.0
31059,66816.8
31060,9201.0
31061,53071.4
31062,2382.0
31063,6177.0
31064,3289.4
31065,47647.0
31066,11129.0
31067,5879.4
31068,17947.0
31069,6568.0
31070,3559.0
31071,56476.0
31072,63644.0
31073,5308.2
31074,52287.0
31075,38148.8
31076,2339.0
31077,3862.0
31078,60485.4
31079,54034.2
31080,9716.2
31081,1776.0
31082,73070.0
31083,4363.0
31084,69392.2
31085,10175.0
31086,3915.6
31087,4767.2
31088,55827.0
31089,2167.2
31090,58689.4
31091,4727.2
31092,8503.0
31093,7929.4
31094,2957.0
31095,13776.0
31096,5218.2
31097,1776.0
31098,57954.6
31099,6578.0
31100,2124.0
31101,51671.8
31102,2294.2
31103,45347.8
31104,3240.0
31105,6793.2
31106,3090.0
31107,49725.0
31108,19153.0
31109,10094.0
31110,66914.2
31111,4838.4
31112,10040.6
31113,55377.0
31114,5053.2
31115,4680.4
31116,58008.2
31117,6652.8
31118,6325.6
31119,54841.0
31120,49821.4
31121,5042.0
31122,5805.2
31123,68554.0
31124,61497.0
31125,7508.4
31126,8456.6
31127,2576.8
31128,5172.4
31129,11212.2
31130,4611.0
31131,3751.0
31132,6386.6
31133,6323.8
31134,54608.0
31135,2871.8
31136,3811.0
31137,57629.0
31138,10075.2
31139,6981.4
31140,44864.2
31141,12219.4
31142,52175.0
31143,4645.6
31144,5310.0
31145,52772.0
31146,5517.2
31147,7734.0
31148,49521.6
31149,2396.8
31150,57775.4
31151,73002.6
31152,8630.6
31153,37207.2
31154,13336.8
31155,51868.8
31156,9190.6
31157,54632.0
31158,6359.4
31159,60122.8
31160,4145.0
31161,6954.2
31162,6501.0
31163,3867.6
31164,8442.0
31165,2723.0
31166,6221.0
31167,4668.0
31168,11025.0
31169,11451.2
31170,47299.8
31171,11030.0
31172,5212.4
31173,59097.0
31174,6317.4
31175,5699.2
31176,14566.0
31177,42521.0
31178,4194.0
31179,3153.0
31180,15204.0
31181,4400.6
31182,55694.4
31183,61597.0
31184,3735.8
31185,5112.4
31186,7274.2
31187,5099.8
31188,7426.0
31189,5893.6
31190,5640.2
31191,28424.0
31192,55965.4
31193,54684.0
31194,5308.6
31195,43652.4
31196,50542.2
31197,3329.4
31198,48995.6
31199,5291.6
31200,5738.8
31201,58671.4
31202,5942.0
31203,5596.6
31204,1714.0
31205,4452.0
31206,5482.4
31207,2022.4
31208,7747.8
31209,5955.0
31210,58106.6
31211,5823.0
31212,7263.6
31213,64113.0
31214,2658.2
31215,1890.0
31216,11392.2
31217,17647.6
31218,11390.2
31219,7884.4
31220,56993.0
31221,3532.0
31222,3397.0
31223,3868.8
31224,3005.4
31225,4204.0
31226,7420.8
31227,5964.4
31228,6194.0
31229,53387.0
31230,31982.0
31231,6060.2
31232,6533.4
31233,8295.2
31234,22140.0
31235,5640.2
31236,6157.8
31237,4576.0
31238,63666.4
31239,7033.6
31240,4277.6
31241,10762.6
31242,18556.0
31243,74777.0
31244,4120.4
31245,5766.0
31246,4108.4
31247,48864.8
31248,2490.4
31249,51417.0
31250,5894.4
31251,54684.0
31252,67488.2
31253,59469.0
31254,52036.0
31255,3572.0
31256,60508.0
31257,10300.2
31258,9208.2
31259,47270.6
31260,4294.8
31261,42983.2
31262,4901.0
31263,61485.0
31264,47225.0
31265,36095.6
31266,17725.2
31267,6699.2
31268,5852.0
31269,11238.0
31270,10165.0
31271,49568.2
31272,52610.2
31273,5857.0
31274,3789.2
31275,5236.2
31276,5942.0
31277,15155.0
31278,4916.2
31279,6825.6
31280,9480.0
31281,1550.0
31282,4437.0
31283,2504.0
31284,5767.0
31285,20684.0
31286,1714.0
31287,11063.4
31288,3639.8
31289,9059.6
31290,6167.8
31291,49233.0
31292,4711.2
31293,2712.6
31294,4287.0
31295,48697.6
31296,28510.0
31297,43432.0
31298,2955.6
31299,44253.0
31300,4432.0
31301,2646.4
31302,11109.0
31303,4020.0
31304,7971.8
31305,5973.4
31306,5758.2
31307,4564.0
31308,43745.0
31309,10701.0
31310,16476.0
31311,29788.0
31312,55983.0
31313,5484.2
31314,54608.0
31315,3451.6
31316,7727.8
31317,1839.8
31318,2276.0
31319,9569.4
31320,7169.6
31321,2203.0
31322,2203.0
31323,49725.0
31324,45257.0
31325,2078.6
31326,1449.4
31327,6416.8
31328,6529.2
31329,10825.6
31330,1830.0
31331,63178.4
31332,38874.0
31333,2078.8
31334,4559.8
31335,10835.0
31336,10450.4
31337,68688.8
31338,5805.2
31339,4491.4
31340,39399.4
31341,7382.6
31342,60365.0
31343,5610.4
31344,53891.2
31345,44146.4
31346,50823.4
31347,75130.6
31348,4499.0
31349,6053.0
31350,58046.2
31351,8711.4
31352,9372.2
31353,6336.0
31354,4896.0
31355,52287.0
31356,4202.0
31357,4647.4
31358,12213.4
31359,59727.4
31360,64961.2
31361,63218.2
31362,8796.2
31363,10063.8
31364,4500.0
31365,47545.0
31366,4222.4
31367,52992.0
31368,58469.4
31369,3971.0
31370,54807.4
31371,6884.8
31372,4745.2
31373,71787.4
31374,59264.0
31375,51953.8
31376,5739.4
31377,65203.4
31378,6568.0
31379,45471.2
31380,12372.0
31381,2905.2
31382,5949.0
31383,52745.0
31384,43190.4
31385,3018.6
31386,17548.0
31387,4586.0
31388,6400.8
31389,7257.8
31390,8175.0
31391,4779.2
31392,67096.0
31393,3096.0
31394,9805.2
31395,6410.2
31396,61212.0
31397,12234.0
31398,4069.0
31399,5687.0
31400,5217.0
31401,56049.0
31402,4567.0
31403,5128.6
31404,3903.6
31405,24122.0
31406,12414.2
31407,54608.0
31408,58573.0
31409,7360.6
31410,7733.6
31411,5949.0
31412,7580.8
31413,13263.0
31414,8664.0
31415,6532.4
31416,3362.0
31417,3092.0
31418,55468.2
31419,4499.0
31420,6983.4
31421,4364.0
31422,41567.2
31423,5593.4
31424,68503.0
31425,10184.2
31426,5025.4
31427,2944.6
31428,16016.8
31429,57482.6
31430,5102.0
31431,7107.2
31432,4896.0
31433,12000.0
31434,51595.0
31435,7518.0
31436,8328.6
31437,5011.4
31438,3342.0
31439,65875.4
31440,6336.4
31441,2074.0
31442,4502.0
31443,54728.6
31444,48054.8
31445,57677.0
31446,13062.0
31447,2339.0
31448,51224.6
31449,54684.0
31450,5942.0
31451,10236.4
31452,47670.8
31453,46181.8
31454,6240.8
31455,9433.2
31456,13531.6
31457,11246.6
31458,49260.8
31459,6568.0
31460,57005.0
31461,48413.0
31462,37760.0
31463,53164.0
31464,56321.4
31465,4417.0
31466,49713.8
31467,3000.0
31468,11502.4
31469,73912.2
31470,11307.2
31471,46452.8
31472,2438.0
31473,6684.4
31474,66173.0
31475,23898.0
31476,6986.0
31477,5556.8
31478,54337.8
31479,5326.6
31480,33944.0
31481,3739.2
31482,6404.2
31483,4130.6
31484,55377.0
31485,61870.0
31486,7977.8
31487,2124.0
31488,52712.6
31489,5246.6
31490,11382.2
31491,4755.0
31492,60055.6
31493,6292.0
31494,6002.8
31495,48213.0
31496,2524.6
31497,6008.0
31498,7439.2
31499,45790.6
31500,7610.0
31501,3716.2
31502,32859.0
31503,4933.0
31504,4699.0
31505,58113.4
31506,7197.2
31507,3334.0
31508,59666.0
31509,34410.4
31510,48975.4
31511,53743.0
31512,57367.6
31513,5177.0
31514,9031.2
31515,7840.0
31516,5645.8
31517,2339.0
31518,5475.2
31519,5406.2
31520,5176.0
31521,6328.0
31522,3770.8
31523,2960.0
31524,5178.2
31525,5823.0
31526,52175.0
31527,6262.0
31528,13001.6
31529,8051.2
31530,4491.0
31531,5936.6
31532,3379.0
31533,4923.0
31534,4348.0
31535,8543.8
31536,5130.2
31537,51303.8
31538,5988.4
31539,2477.0
31540,7489.0
31541,54181.2
31542,68149.8
31543,6488.0
31544,48627.4
31545,4704.2
31546,67452.0
31547,12362.6
31548,61955.4
31549,2568.0
31550,5060.0
31551,63602.6
31552,15905.6
31553,4337.4
31554,5026.4
31555,5763.4
31556,4367.0
31557,4719.0
31558,6966.0
31559,7326.4
31560,4170.0
31561,12566.2
31562,64496.4
31563,3100.0
31564,2723.0
31565,54599.2
31566,48657.2
31567,2923.8
31568,4272.0
31569,2524.6
31570,5736.4
31571,14294.8
31572,46304.8
31573,12706.2
31574,5943.0
31575,4696.0
31576,2464.0
31577,3609.8
31578,5322.0
31579,11822.2
31580,8584.4
31581,5042.8
31582,5463.6
31583,4725.2
31584,4702.2
31585,45471.2
31586,5761.0
31587,6488.0
31588,34472.0
31589,50528.0
31590,50943.4
31591,50271.0
31592,11924.0
31593,4496.0
31594,2464.0
31595,2214.8
31596,11352.0
31597,52313.0
31598,75471.6
31599,24790.8
31600,4969.8
31601,10328.2
31602,8820.4
31603,4454.0
31604,5984.6
31605,9069.8
31606,10633.6
31607,52981.4
31608,6568.0
31609,59536.0
31610,58664.0
31611,50733.0
31612,46904.2
31613,2142.6
31614,3598.2
31615,42650.0
31616,62770.0
31617,4864.4
31618,7425.0
31619,10437.0
31620,6861.8
31621,56588.0
31622,4434.0
31623,16332.2
31624,61255.8
31625,6018.6
31626,2522.0
31627,5441.0
31628,66061.2
31629,30893.2
31630,5621.4
31631,6067.0
31632,11890.2
31633,50858.0
31634,2476.0
31635,70031.2
31636,7426.0
31637,4271.6
31638,8693.4
31639,48319.0
31640,14376.0
31641,14316.8
31642,55280.8
31643,2476.0
31644,1776.0
31645,60721.0
31646,8283.0
31647,4179.4
31648,55661.0
31649,24056.0
31650,46855.2
31651,55184.6
31652,53949.6
31653,10887.2
31654,45693.0
31655,5313.0
31656,3398.0
31657,5317.6
31658,15768.4
31659,12458.4
31660,7076.0
31661,26863.6
31662,28958.0
31663,57509.8
31664,2584.4
31665,6052.6
31666,7495.2
31667,4841.6
31668,7958.0
31669,8401.6
31670,4410.2
31671,65794.2
31672,6035.0
31673,3562.8
31674,4612.0
31675,3999.0
31676,5760.0
31677,11269.0
31678,5853.0
31679,11467.6
31680,12158.0
31681,54608.0
31682,4379.4
31683,6489.0
31684,5919.0
31685,11488.0
31686,6218.2
31687,55186.0
31688,55762.6
31689,50271.0
31690,7245.2
31691,3330.0
31692,5130.2
31693,60508.0
31694,4179.6
31695,10141.6
31696,73324.2
31697,56648.0
31698,6565.8
31699,13088.4
31700,4656.0
31701,7409.0
31702,7183.0
31703,71976.8
31704,11323.0
31705,5932.0
31706,61135.0
31707,3362.0
31708,20425.6
31709,1551.0
31710,54103.8
31711,53033.2
31712,5849.0
31713,4123.8
31714,7790.2
31715,56588.0
31716,4896.0
31717,55982.0
31718,4458.8
31719,5824.0
31720,5902.6
31721,10807.0
31722,12784.2
31723,14118.8
31724,5177.0
31725,8637.2
31726,9357.8
31727,53813.6
31728,4637.0
31729,58113.4
31730,52190.4
31731,3028.0
31732,60601.0
31733,69325.0
31734,5491.6
31735,6321.4
31736,10508.4
31737,49581.2
31738,5823.0
31739,7361.6
31740,5339.0
31741,3090.0
31742,53064.0
31743,54684.0
31744,24122.0
31745,4644.6
31746,4656.8
31747,59517.6
31748,9748.4
31749,54684.0
31750,48537.4
31751,45693.0
31752,3742.0
31753,73939.4
31754,6944.4
31755,15523.2
31756,38099.0
31757,22152.0
31758,60508.0
31759,2625.0
31760,37985.0
31761,1604.0
31762,2457.4
31763,6055.4
31764,64611.6
31765,5772.0
31766,10171.4
31767,5085.6
31768,13020.0
31769,18329.0
31770,11342.4
31771,48106.2
31772,9803.0
31773,7424.0
31774,70699.8
31775,5955.0
31776,52063.0
31777,6584.0
31778,7212.0
31779,5973.2
31780,15516.4
31781,27116.8
31782,11308.6
31783,4072.0
31784,54191.4
31785,6733.6
31786,23838.0
31787,64540.0
31788,68303.0
31789,6215.2
31790,3511.0
31791,54809.4
31792,61473.4
31793,70694.2
31794,9119.0
31795,7774.0
31796,4363.0
31797,5294.2
31798,4877.2
31799,5065.8
31800,39241.4
31801,6101.8
31802,1526.0
31803,1776.0
31804,4258.6
31805,3393.0
31806,9204.4
31807,4341.2
31808,5231.8
31809,5772.2
31810,5597.2
31811,44144.0
31812,46947.0
31813,6414.6
31814,2402.0
31815,3096.0
31816,48697.6
31817,4840.0
31818,4837.0
31819,38845.6
31820,4203.0
31821,5476.6
31822,4644.6
31823,3136.4
31824,51417.0
31825,11032.8
31826,6067.0
31827,8799.0
31828,63065.0
31829,14499.8
31830,5964.0
31831,5397.0
31832,1788.0
31833,73496.2
31834,27976.0
31835,5183.0
31836,11872.8
31837,5278.4
31838,51707.0
31839,7413.0
31840,10457.0
31841,4017.2
31842,3875.2
31843,54105.0
31844,37244.0
31845,5420.0
31846,41653.0
31847,7352.0
31848,19256.0
31849,6951.2
31850,11017.0
31851,49849.0
31852,71234.2
31853,6039.0
31854,48398.8
31855,4848.4
31856,8276.2
31857,3862.0
31858,2105.0
31859,53433.0
31860,82158.2
31861,7375.6
31862,57405.0
31863,9531.4
31864,28658.4
31865,3393.0
31866,5102.8
31867,8426.8
31868,41116.4
31869,9190.8
31870,46034.2
31871,56702.0
31872,5969.6
31873,53152.0
31874,5936.0
31875,16003.0
31876,10450.6
31877,6334.0
31878,5960.0
31879,5933.6
31880,52712.6
31881,65113.8
31882,2886.0
31883,7743.8
31884,7758.6
31885,59264.0
31886,77093.0
31887,6400.6
31888,8766.2
31889,5421.4
31890,57903.0
31891,5955.0
31892,4443.0
31893,6630.8
31894,5932.0
31895,77065.0
31896,3812.0
31897,52175.0
31898,2966.0
31899,4359.0
31900,53519.4
31901,70150.8
31902,51707.0
31903,6586.6
31904,6681.6
31905,5516.8
31906,52410.2
31907,9105.0
31908,4179.4
31909,6488.0
31910,13502.4
31911,56222.4
31912,3415.4
31913,5384.4
31914,55502.0
31915,7961.8
31916,5332.2
31917,42555.8
31918,6502.0
31919,15657.0
31920,4414.4
31921,5013.2
31922,6951.0
31923,5507.4
31924,23484.0
31925,57005.0
31926,4165.0
31927,9924.0
31928,64995.2
31929,42555.8
31930,4096.0
31931,5539.4
31932,73506.2
31933,10557.4
31934,54882.8
31935,3456.2
31936,4990.4
31937,59536.0
31938,41064.0
31939,5732.0
31940,63238.8
31941,14603.0
31942,32923.0
31943,45693.0
31944,9656.8
31945,11430.6
31946,2868.0
31947,2410.0
31948,7221.4
31949,42457.0
31950,5102.0
31951,3601.8
31952,6395.0
31953,5857.0
31954,45043.6
31955,50271.0
31956,4357.0
31957,7504.0
31958,64371.2
31959,4974.4
31960,23838.0
31961,6517.2
31962,2675.8
31963,8801.6
31964,57992.0
31965,4777.4
31966,14149.6
31967,56300.0
31968,2348.8
31969,4737.2
31970,6494.0
31971,3167.6
31972,3325.0
31973,8783.6
31974,10744.0
31975,4120.4
31976,5913.0
31977,78647.4
31978,55760.4
31979,4921.4
31980,7382.6
31981,7265.6
31982,4499.0
31983,16720.0
31984,4500.0
31985,4501.0
31986,11965.8
31987,4111.0
31988,5551.4
31989,7508.6
31990,45883.0
31991,32923.0
31992,44483.0
31993,2106.2
31994,4391.2
31995,3550.0
31996,62010.0
31997,12021.4
31998,11336.0
31999,3090.0
32000,4369.0
32001,5991.0
32002,4727.4
32003,6406.4
32004,3220.0
32005,13410.0
32006,47205.0
32007,5199.2
32008,8557.6
32009,3828.2
32010,3389.0
32011,6021.8
32012,6215.0
32013,13536.0
32014,27792.0
32015,3900.4
32016,29656.0
32017,2208.0
32018,24056.0
32019,60396.0
32020,60925.6
32021,4500.0
32022,4979.0
32023,75071.4
32024,5497.8
32025,44533.6
32026,5339.0
32027,7050.2
32028,47586.0
32029,3839.2
32030,28510.0
32031,15351.0
32032,8519.0
32033,50271.0
32034,70713.8
32035,7677.0
32036,6012.0
32037,6086.0
32038,5796.6
32039,5823.0
32040,11802.4
32041,7757.8
32042,52175.0
32043,4289.8
32044,8000.6
32045,7672.8
32046,6510.0
32047,6263.0
32048,11045.0
32049,11006.4
32050,2621.0
32051,36980.0
32052,4772.4
32053,4417.0
32054,7425.0
32055,4303.6
32056,23838.0
32057,64464.0
32058,54115.4
32059,7877.0
32060,3898.0
32061,53209.0
32062,46525.0
32063,6382.0
32064,5884.8
32065,30350.4
32066,7877.0
32067,44604.6
32068,2080.0
32069,2105.0
32070,5823.0
32071,5805.2
32072,50979.0
32073,3573.6
32074,6869.2
32075,4857.6
32076,3090.0
32077,2966.0
32078,8043.0
32079,3282.4
32080,31436.0
32081,3734.0
32082,53064.0
32083,3090.0
32084,4176.8
32085,2727.0
32086,3988.0
32087,9135.0
32088,8342.6
32089,6568.0
32090,3644.0
32091,13201.8
32092,56984.0
32093,3655.0
32094,4993.8
32095,5102.0
32096,7129.2
32097,9241.8
32098,50634.2
32099,5954.0
32100,5147.4
32101,7442.6
32102,44035.4
32103,4212.0
32104,9192.8
32105,6069.6
32106,3689.8
32107,9015.0
32108,55138.6
32109,59383.6
32110,6633.0
32111,15099.6
32112,47225.0
32113,49553.0
32114,54906.8
32115,5688.4
32116,5943.0
32117,4097.2
32118,7059.0
32119,4653.0
32120,5848.8
32121,4500.0
32122,60396.0
32123,23838.0
32124,9902.8
32125,48569.0
32126,32859.0
32127,4103.6
32128,4413.0
32129,57117.2
32130,7978.6
32131,4828.2
32132,13532.0
32133,7098.4
32134,3973.4
32135,68357.0
32136,20000.0
32137,51875.0
32138,6067.0
32139,70005.8
32140,27864.0
32141,5859.0
32142,57274.6
32143,1604.0
32144,4619.2
32145,10994.6
32146,10680.0
32147,20356.0
32148,7297.4
32149,14974.6
32150,5736.2
32151,3696.8
32152,8086.6
32153,4361.6
32154,47549.8
32155,6260.8
32156,56128.0
32157,8667.4
32158,7397.2
32159,6096.0
32160,3000.0
32161,5941.8
32162,55502.0
32163,47657.0
32164,2973.8
32165,45883.0
32166,12737.8
32167,3817.4
32168,2336.0
32169,5347.4
32170,55790.6
32171,51457.0
32172,10237.4
32173,5922.8
32174,2022.4
32175,2167.4
32176,6395.0
32177,5955.0
32178,64931.2
32179,5977.8
32180,4250.0
32181,3912.6
32182,4582.0
32183,47549.8
32184,5018.4
32185,11488.0
32186,4111.0
32187,3362.0
32188,4556.0
32189,76742.2
32190,4637.0
32191,3742.0
32192,44685.0
32193,8100.0
32194,6338.0
32195,64285.0
32196,57253.2
32197,3916.0
32198,3709.6
32199,76199.2
32200,4417.0
32201,11635.6
32202,50137.0
32203,1712.2
32204,51972.2
32205,6754.4
32206,8627.8
32207,3379.0
32208,5661.8
32209,55186.0
32210,63635.4
32211,5465.0
32212,12700.2
32213,3968.4
32214,2022.4
32215,57320.0
32216,51595.0
32217,56590.0
32218,5688.6
32219,5422.8
32220,54631.4
32221,5857.8
32222,12858.6
32223,41113.0
32224,61731.4
32225,14774.8
32226,7233.0
32227,2499.2
32228,10039.0
32229,45043.6
32230,4748.0
32231,14141.2
32232,4711.0
32233,7059.8
32234,2960.0
32235,14741.2
32236,10433.6
32237,6636.0
32238,2239.0
32239,6483.6
32240,4656.0
32241,14067.0
32242,55661.0
32243,12072.6
32244,4000.0
32245,7988.6
32246,12143.4
32247,3218.0
32248,12485.4
32249,13459.2
32250,2145.2
32251,1776.0
32252,4500.0
32253,4498.0
32254,6626.6
32255,46403.2
32256,6324.0
32257,37179.2
32258,6539.6
32259,27792.0
32260,4738.6
32261,8778.0
32262,1604.0
32263,56953.8
32264,6515.8
32265,6265.0
32266,47824.8
32267,6342.6
32268,4896.0
32269,7573.2
32270,49875.0
32271,8591.8
32272,63961.0
32273,14960.4
32274,6510.4
32275,3397.0
32276,5996.4
32277,52522.0
32278,53164.0
32279,62994.2
32280,5636.8
32281,4453.0
32282,9963.0
32283,57031.6
32284,7440.6
32285,8719.0
32286,9654.2
32287,5828.4
32288,4159.0
32289,49233.0
32290,5898.6
32291,10516.2
32292,70834.4
32293,4028.0
32294,50565.8
32295,10660.6
32296,2228.0
32297,6790.0
32298,4466.2
32299,56945.0
32300,10345.2
32301,5886.0
32302,5558.6
32303,4145.6
32304,5870.4
32305,5718.6
32306,9511.4
32307,5761.0
32308,5493.6
32309,4499.0
32310,4054.2
32311,10040.2
32312,5698.6
32313,5943.0
32314,5845.0
32315,52809.0
32316,57536.6
32317,55184.6
32318,5991.0
32319,51929.8
32320,8073.0
32321,67465.8
32322,4152.6
32323,14157.2
32324,12633.0
32325,45257.0
32326,4576.0
32327,24056.0
32328,4567.8
32329,5723.4
32330,6328.0
32331,6116.0
32332,2409.0
32333,6553.6
32334,66740.8
32335,10285.4
32336,4640.4
32337,13232.2
32338,11123.6
32339,5649.2
32340,64831.0
32341,1543.0
32342,42737.6
32343,7133.2
32344,62076.0
32345,3957.6
32346,52867.4
32347,3759.4
32348,5424.6
32349,46315.2
32350,4920.2
32351,60396.0
32352,15285.6
32353,9213.4
32354,2464.0
32355,1551.0
32356,55511.6
32357,11719.6
32358,20684.0
32359,41269.0
32360,11724.4
32361,61735.6
32362,5181.0
32363,2699.8
32364,55816.2
32365,5143.0
32366,35188.8
32367,2568.0
32368,4661.8
32369,5943.0
32370,44173.2
32371,4730.0
32372,39713.8
32373,8410.0
32374,50590.4
32375,12508.0
32376,9277.0
32377,52118.4
32378,2530.6
32379,10018.0
32380,5203.0
32381,61802.8
32382,44144.0
32383,6443.2
32384,54306.4
32385,6186.0
32386,5487.6
32387,5870.2
32388,4030.6
32389,12747.0
32390,5853.0
32391,50823.4
32392,28188.0
32393,5749.0
32394,4499.0
32395,11824.6
32396,2568.0
32397,5674.8
32398,56534.2
32399,4063.6
32400,5015.2
32401,8186.6
32402,7743.8
32403,4668.6
32404,6639.2
32405,40337.8
32406,5242.4
32407,7352.0
32408,52063.0
32409,53263.8
32410,37985.0
32411,49194.6
32412,2439.4
32413,62645.0
32414,6237.0
32415,7379.0
32416,10480.4
32417,5051.6
32418,78858.4
32419,60978.0
32420,5177.0
32421,6837.0
32422,6564.6
32423,39422.4
32424,61135.0
32425,2518.0
32426,4896.0
32427,43991.0
32428,5790.6
32429,50038.2
32430,55983.0
32431,4510.6
32432,49568.2
32433,7071.8
32434,4417.0
32435,16186.6
32436,6886.0
32437,11965.4
32438,50063.4
32439,4673.2
32440,62829.0
32441,6389.0
32442,4499.0
32443,65828.2
32444,5375.6
32445,3513.6
32446,55057.0
32447,6126.0
32448,53163.0
32449,52323.4
32450,6231.8
32451,7425.0
32452,6450.0
32453,2832.0
32454,5181.8
32455,5102.0
32456,59491.4
32457,3128.8
32458,4500.0
32459,54684.0
32460,2407.2
32461,7612.8
32462,41064.0
32463,4759.0
32464,2410.0
32465,2410.0
32466,4913.2
32467,3934.8
32468,14739.6
32469,62045.0
32470,9570.8
32471,7958.0
32472,6985.0
32473,2836.0
32474,45461.8
32475,2124.0
32476,13536.0
32477,12015.6
32478,60508.0
32479,57775.0
32480,4755.0
32481,6026.6
32482,5098.0
32483,4621.0
32484,4166.6
32485,6483.6
32486,6489.0
32487,33147.0
32488,3999.0
32489,45883.0
32490,65225.8
32491,15702.2
32492,15940.0
32493,54541.0
32494,6601.8
32495,57806.6
32496,50745.0
32497,56588.0
32498,5323.2
32499,3346.0
32500,7162.4
32501,57501.6
32502,48343.6
32503,41314.0
32504,29992.0
32505,58120.2
32506,6495.2
32507,4550.0
32508,12579.4
32509,5658.6
32510,6231.0
32511,4921.0
32512,44604.6
32513,56588.0
32514,3293.0
32515,2837.0
32516,54204.4
32517,5099.8
32518,4564.0
32519,50038.2
32520,50733.0
32521,6009.6
32522,10084.2
32523,5783.6
32524,52377.0
32525,64712.0
32526,53064.0
32527,14868.6
32528,7149.0
32529,3193.4
32530,44280.0
32531,49707.4
32532,3418.0
32533,53346.6
32534,3916.0
32535,54093.0
32536,60847.4
32537,12247.2
32538,55377.0
32539,14713.0
32540,7110.2
32541,7650.4
32542,13795.8
32543,7425.0
32544,4695.0
32545,50590.4
32546,47367.2
32547,52287.0
32548,4590.6
32549,44280.0
32550,6789.6
32551,1650.6
32552,42650.0
32553,52175.0
32554,5953.0
32555,6488.0
32556,3952.2
32557,6067.0
32558,7584.2
32559,65405.0
32560,11640.6
32561,2056.0
32562,3029.8
32563,4557.4
32564,9315.0
32565,15489.2
32566,4979.0
32567,4895.8
32568,7413.0
32569,5941.8
32570,62120.6
32571,5865.0
32572,4453.0
32573,5761.0
32574,6059.0
32575,6408.0
32576,5292.0
32577,72513.0
32578,5336.0
32579,8600.6
32580,3855.8
32581,61471.0
32582,4450.0
32583,7375.6
32584,3556.6
32585,11168.8
32586,54896.0
32587,80438.6
32588,56648.0
32589,5178.0
32590,9106.2
32591,55790.6
32592,51707.0
32593,20760.0
32594,3862.0
32595,5050.8
32596,4021.8
32597,5635.8
32598,5438.8
32599,11246.6
32600,5815.4
32601,40000.0
32602,55073.8
32603,11981.2
32604,3999.0
32605,7425.0
32606,6495.0
32607,4048.0
32608,12936.0
32609,4969.8
32610,5770.8
32611,45039.0
32612,54204.4
32613,8907.4
32614,4733.0
32615,2339.0
32616,3612.0
32617,2827.6
32618,35510.0
32619,3461.6
32620,56588.0
32621,1924.6
32622,52287.0
32623,61328.2
32624,2700.0
32625,44144.0
32626,8020.6
32627,6177.0
32628,49516.2
32629,3014.0
32630,7438.6
32631,51707.0
32632,3283.0
32633,3500.4
32634,8829.6
32635,4715.0
32636,2150.0
32637,4827.0
32638,14469.0
32639,10542.6
32640,7650.2
32641,56049.0
32642,5660.0
32643,6578.0
32644,64912.0
32645,51776.4
32646,6572.0
32647,5949.6
32648,54955.0
32649,2759.8
32650,13622.6
32651,4792.0
32652,48269.0
32653,4402.6
32654,49725.0
32655,6248.6
32656,3677.0
32657,45883.0
32658,2410.0
32659,13311.6
32660,9736.0
32661,5785.8
32662,1443.0
32663,8857.2
32664,7329.4
32665,8147.6
32666,6324.0
32667,48975.4
32668,4181.6
32669,4150.8
32670,57501.6
32671,22844.0
32672,4170.0
32673,6122.0
32674,5963.2
32675,47549.8
32676,6568.0
32677,48851.0
32678,55983.0
32679,65211.8
32680,4221.2
32681,55661.0
32682,47327.8
32683,78952.2
32684,3754.0
32685,54608.0
32686,8372.4
32687,4625.8
32688,4193.0
32689,7378.4
32690,4896.2
32691,5666.8
32692,62321.0
32693,59191.0
32694,2901.8
32695,13138.0
32696,38263.8
32697,58671.0
32698,3664.8
32699,15645.0
32700,5658.4
32701,5949.0
32702,3696.8
32703,10768.0
32704,12180.0
32705,51595.0
32706,54325.8
32707,6000.2
32708,41705.6
32709,8935.4
32710,7116.0
32711,45693.0
32712,11111.0
32713,4245.6
32714,3840.0
32715,3488.0
32716,5484.2
32717,5427.8
32718,52063.0
32719,2476.0
32720,4719.0
32721,5221.0
32722,4262.0
32723,38290.4
32724,4192.8
32725,27976.0
32726,5949.0
32727,66077.0
32728,13996.0
32729,3855.0
32730,6306.0
32731,6833.6
32732,2250.0
32733,6338.0
32734,4970.0
32735,6808.8
32736,5056.0
32737,2339.0
32738,6330.0
32739,21119.2
32740,81093.6
32741,4485.0
32742,5478.4
32743,8453.8
32744,39736.8
32745,7893.2
32746,6370.6
32747,6582.2
32748,53022.0
32749,4268.8
32750,6060.0
32751,56702.0
32752,6518.0
32753,5393.6
32754,5628.0
32755,6258.2
32756,6553.4
32757,5578.0
32758,4348.0
32759,13819.0
32760,55965.4
32761,4878.2
32762,41819.6
32763,6314.0
32764,49457.0
32765,5350.8
32766,2935.6
32767,49553.0
32768,7702.8
32769,5616.6
32770,6451.2
32771,6450.0
32772,29544.0
32773,12717.0
32774,60260.0
32775,49564.4
32776,43731.8
32777,15372.0
32778,46981.2
32779,11794.0
32780,12207.6
32781,13381.8
32782,5322.0
32783,4062.6
32784,5875.2
32785,4537.0
32786,7095.6
32787,7157.4
32788,8941.4
32789,53978.2
32790,41064.0
32791,50600.0
32792,2678.0
32793,17167.6
32794,7539.0
32795,60508.0
32796,10070.2
32797,50414.2
32798,7411.0
32799,3862.0
32800,7048.8
32801,32923.0
32802,8970.0
32803,3165.4
32804,45441.4
32805,57880.4
32806,1105.0
32807,8442.2
32808,55983.0
32809,6067.0
32810,4481.6
32811,5927.6
32812,3318.0
32813,10006.8
32814,6133.0
32815,7334.6
32816,49613.0
32817,54608.0
32818,3461.0
32819,57779.4
32820,55763.4
32821,2568.0
32822,71129.0
32823,3445.8
32824,9300.2
32825,6319.0
32826,13273.0
32827,56817.8
32828,6001.2
32829,5061.2
32830,4499.0
32831,2244.2
32832,61486.8
32833,20425.6
32834,12129.0
32835,6776.4
32836,5389.2
32837,9956.8
32838,7593.6
32839,7950.0
32840,4896.0
32841,6609.4
32842,4853.2
32843,43349.4
32844,7935.4
32845,5993.0
32846,50726.4
32847,1449.4
32848,4571.8
32849,2584.4
32850,10003.4
32851,62668.8
32852,51481.0
32853,8452.4
32854,6325.0
32855,7140.0
32856,56590.0
32857,6995.2
32858,4188.8
32859,44483.0
32860,31122.4
32861,45471.2
32862,5912.0
32863,5177.0
32864,7215.2
32865,11396.8
32866,6473.6
32867,15235.0
32868,13721.2
32869,4825.8
32870,7687.4
32871,5091.2
32872,55628.2
32873,12508.0
32874,71787.4
32875,2700.0
32876,5753.8
32877,44144.0
32878,52190.4
32879,7471.0
32880,3228.8
32881,10919.6
32882,44361.0
32883,6599.4
32884,10284.0
32885,56590.0
32886,6024.0
32887,4834.0
32888,51169.4
32889,47107.2
32890,63065.0
32891,56200.0
32892,8952.8
32893,7480.4
32894,8735.4
32895,5441.0
32896,7485.6
32897,7460.0
32898,53209.0
32899,43278.6
32900,6966.0
32901,11614.8
32902,56192.6
32903,4126.6
32904,3096.0
32905,4126.0
32906,3830.8
32907,5177.0
32908,55018.6
32909,69737.0
32910,7200.0
32911,9201.0
32912,4732.8
32913,4601.0
32914,6580.2
32915,8164.6
32916,2228.0
32917,48639.2
32918,6021.8
32919,54684.0
32920,69404.2
32921,15831.8
32922,5296.4
32923,15132.0
32924,4260.6
32925,7272.8
32926,68989.0
32927,7959.4
32928,1976.2
32929,7160.2
32930,45693.0
32931,56431.4
32932,4357.0
32933,3901.0
32934,54631.4
32935,5556.2
32936,14543.0
32937,41062.4
32938,3005.4
32939,5353.6
32940,5067.4
32941,48410.8
32942,66063.0
32943,49233.0
32944,3943.0
32945,17822.2
32946,6200.0
32947,3393.0
32948,5949.0
32949,58664.0
32950,64855.8
32951,53743.0
32952,11295.0
32953,60978.0
32954,2133.0
32955,44406.4
32956,3126.6
32957,8284.0
32958,12978.0
32959,6032.0
32960,69244.0
32961,5487.4
32962,11772.0
32963,61507.4
32964,6398.2
32965,6529.2
32966,2519.2
32967,5441.0
32968,7651.8
32969,4979.0
32970,6488.0
32971,5985.8
32972,9974.4
32973,2477.0
32974,2339.0
32975,49613.0
32976,4371.0
32977,3260.0
32978,14076.8
32979,62513.0
32980,54964.4
32981,52772.0
32982,8478.0
32983,2124.0
32984,40542.4
32985,6693.6
32986,3638.0
32987,3625.0
32988,3114.4
32989,56200.0
32990,60406.4
32991,7580.0
32992,44280.0
32993,12415.8
32994,57117.2
32995,54315.4
32996,45471.2
32997,13537.6
32998,83373.8
32999,13041.0
33000,4567.0
33001,6480.0
33002,4496.0
33003,6896.0
33004,3381.0
33005,3071.0
33006,5619.0
33007,6742.4
33008,4348.0
33009,41752.4
33010,4572.6
33011,2882.4
33012,56992.8
33013,20684.0
33014,2074.0
33015,4017.8
33016,49260.8
33017,5973.8
33018,4596.2
33019,45784.2
33020,5121.8
33021,53825.8
33022,49553.0
33023,6755.6
33024,4291.6
33025,4648.0
33026,5462.6
33027,5971.8
33028,9945.0
33029,55983.0
33030,54911.4
33031,6338.0
33032,48652.0
33033,13390.0
33034,57117.0
33035,11064.4
33036,5624.8
33037,4505.8
33038,4232.0
33039,3298.4
33040,6499.4
33041,4416.8
33042,49875.8
33043,2715.2
33044,3570.6
33045,3365.2
33046,51473.0
33047,8166.4
33048,50271.0
33049,7950.0
33050,52796.0
33051,14322.2
33052,5801.0
33053,3646.0
33054,6287.0
33055,7225.0
33056,7877.0
33057,60396.0
33058,12229.2
33059,44280.0
33060,4094.0
33061,15489.0
33062,11896.2
33063,8112.0
33064,51595.0
33065,5221.0
33066,54608.0
33067,49260.8
33068,2393.0
33069,6463.8
33070,5015.0
33071,4273.8
33072,59784.0
33073,4289.2
33074,11532.0
33075,4018.6
33076,6835.2
33077,5322.0
33078,14081.6
33079,63837.0
33080,7875.6
33081,5202.8
33082,3100.0
33083,6212.8
33084,11656.0
33085,40527.2
33086,32859.0
33087,6437.0
33088,1443.0
33089,39321.0
33090,5260.0
33091,59666.0
33092,46246.2
33093,6450.0
33094,9232.6
33095,13996.6
33096,10277.4
33097,4694.6
33098,67264.2
33099,14896.6
33100,58671.0
33101,3193.4
33102,5949.0
33103,9119.0
33104,45257.0
33105,12777.0
33106,5302.0
33107,66760.0
33108,50419.4
33109,3585.6
33110,3666.0
33111,7412.0
33112,4501.0
33113,5939.8
33114,14112.0
33115,4979.0
33116,6317.4
33117,5515.8
33118,12307.0
33119,31982.0
33120,5990.4
33121,54906.8
33122,3646.0
33123,5720.0
33124,54191.0
33125,7012.8
33126,5823.0
33127,53219.0
33128,5109.2
33129,5025.4
33130,50271.0
33131,2585.6
33132,7865.2
33133,60163.4
33134,6660.0
33135,65136.2
33136,4499.8
33137,4827.0
33138,10894.6
33139,2339.0
33140,7094.6
33141,55138.6
33142,6461.0
33143,4500.0
33144,2878.4
33145,36050.4
33146,4979.0
33147,7489.0
33148,4511.2
33149,6032.0
33150,55661.0
33151,4491.0
33152,8689.4
33153,12381.0
33154,49457.0
33155,43364.2
33156,2327.0
33157,41064.0
33158,3282.0
33159,4432.0
33160,47586.0
33161,6565.8
33162,3824.0
33163,10180.4
33164,56183.6
33165,10552.6
33166,6112.0
33167,13302.6
33168,17794.0
33169,7071.8
33170,7538.4
33171,7124.4
33172,6734.6
33173,9988.0
33174,2590.6
33175,9986.4
33176,44622.0
33177,43729.0
33178,5998.8
33179,70991.0
33180,10567.8
33181,44950.0
33182,68961.8
33183,4874.6
33184,13774.8
33185,53209.0
33186,62608.4
33187,17604.0
33188,9386.4
33189,4556.0
33190,7832.0
33191,13024.4
33192,60709.4
33193,49613.0
33194,10285.8
33195,52643.8
33196,4052.2
33197,55138.6
33198,4000.0
33199,5174.8
33200,7945.8
33201,8019.6
33202,52983.8
33203,47449.0
33204,12264.0
33205,1543.0
33206,3735.8
33207,6300.0
33208,12071.0
33209,4962.6
33210,4486.8
33211,47585.0
33212,4790.0
33213,53263.8
33214,4979.0
33215,8718.2
33216,10638.2
33217,12537.2
33218,4672.0
33219,3916.0
33220,4683.0
33221,6488.0
33222,6497.0
33223,6633.0
33224,13746.6
33225,6052.0
33226,17604.0
33227,5688.8
33228,49613.0
33229,4258.0
33230,14122.2
33231,1694.0
33232,46525.0
33233,54684.0
33234,69563.0
33235,54608.0
33236,65210.6
33237,55080.0
33238,59195.4
33239,54684.0
33240,7958.0
33241,17241.0
33242,5725.0
33243,11730.0
33244,49599.6
33245,49853.8
33246,16135.2
33247,13692.6
33248,5265.6
33249,5865.0
33250,15236.4
33251,6488.0
33252,5863.0
33253,4547.4
33254,32859.0
33255,6936.6
33256,4673.4
33257,55001.0
33258,16299.0
33259,18549.0
33260,4972.0
33261,3581.0
33262,57859.2
33263,5939.0
33264,6599.8
33265,2871.8
33266,1891.4
33267,8631.0
33268,5955.0
33269,49146.8
33270,8063.0
33271,49553.0
33272,11960.6
33273,8948.0
33274,10588.8
33275,53209.0
33276,5205.2
33277,4695.0
33278,73648.0
33279,45428.6
33280,8335.6
33281,5386.6
33282,41484.4
33283,5698.6
33284,12125.4
33285,7218.0
33286,57923.4
33287,10247.6
33288,6014.6
33289,4003.0
33290,6037.6
33291,3862.0
33292,5888.0
33293,90624.0
33294,4808.0
33295,11184.0
33296,2336.0
33297,64562.6
33298,46151.0
33299,54191.0
33300,45883.0
33301,48627.4
33302,6634.0
33303,4345.0
33304,6622.0
33305,14120.4
33306,17526.6
33307,2433.8
33308,5490.2
33309,14341.2
33310,61695.0
33311,8893.4
33312,53813.6
33313,6961.4
33314,6534.0
33315,3445.0
33316,14135.2
33317,45185.0
33318,6252.4
33319,57081.0
33320,6306.0
33321,8244.8
33322,1839.8
33323,68787.0
33324,59818.2
33325,6688.6
33326,56476.0
33327,3435.2
33328,8565.0
33329,56058.0
33330,7007.4
33331,6038.4
33332,14167.8
33333,47337.2
33334,12386.2
33335,3360.0
33336,58212.2
33337,7412.0
33338,6568.0
33339,48697.6
33340,12369.0
33341,4237.0
33342,49613.0
33343,4748.8
33344,4084.4
33345,6568.0
33346,50590.4
33347,69244.0
33348,1714.0
33349,2193.2
33350,54684.0
33351,9957.0
33352,6435.0
33353,2250.0
33354,50658.4
33355,5646.4
33356,4429.6
33357,4510.0
33358,10966.8
33359,11283.0
33360,4348.2
33361,5760.0
33362,64857.0
33363,6502.0
33364,6847.0
33365,75232.8
33366,5991.0
33367,47586.0
33368,4831.2
33369,4002.0
33370,49817.6
33371,6067.0
33372,42457.0
33373,58685.0
33374,6541.6
33375,5068.6
33376,7375.6
33377,54391.4
33378,6590.0
33379,5088.4
33380,54684.0
33381,58447.0
33382,4524.0
33383,56476.0
33384,45257.0
33385,5688.4
33386,5546.0
33387,10529.6
33388,4670.4
33389,61002.0
33390,55661.0
33391,8127.0
33392,3345.2
33393,2700.0
33394,52287.0
33395,10737.4
33396,6845.8
33397,69168.0
33398,4548.0
33399,61740.2
33400,51124.6
33401,5236.2
33402,45883.0
33403,55502.0
33404,27700.8
33405,54337.8
33406,4500.0
33407,5890.6
33408,2581.0
33409,6111.2
33410,11290.2
33411,4771.8
33412,4686.2
33413,4500.0
33414,8384.4
33415,46568.6
33416,9487.2
33417,4063.0
33418,12522.2
33419,4977.2
33420,2516.0
33421,14027.8
33422,5972.0
33423,59319.2
33424,2410.0
33425,13483.4
33426,54608.0
33427,7006.2
33428,3389.0
33429,17548.0
33430,7902.2
33431,68303.0
33432,4755.0
33433,6132.0
33434,5576.4
33435,54639.4
33436,12612.2
33437,6107.8
33438,52287.0
33439,8442.0
33440,66928.0
33441,9840.0
33442,60743.4
33443,4041.0
33444,4370.6
33445,3999.0
33446,53197.0
33447,8441.0
33448,6759.0
33449,9277.0
33450,6678.8
33451,41064.0
33452,3902.8
33453,38832.0
33454,10394.0
33455,63263.0
33456,3916.0
33457,72559.6
33458,32859.0
33459,4313.0
33460,6068.0
33461,8506.2
33462,7562.0
33463,11773.0
33464,9511.4
33465,3905.8
33466,5465.6
33467,65425.0
33468,55528.0
33469,4787.6
33470,5153.0
33471,4294.8
33472,57992.0
33473,5656.0
33474,6144.6
33475,41127.6
33476,6174.0
33477,7352.0
33478,54115.0
33479,6132.0
33480,4644.0
33481,10287.2
33482,1443.0
33483,5949.0
33484,6394.6
33485,7102.4
33486,56431.4
33487,41116.4
33488,5179.6
33489,58542.4
33490,5704.2
33491,61045.8
33492,57645.4
33493,67545.0
33494,2410.0
33495,5177.0
33496,6112.0
33497,39670.2
33498,51257.0
33499,47503.2
33500,7171.0
33501,2409.0
33502,46013.2
33503,54599.2
33504,4972.4
33505,7133.6
33506,6028.0
33507,4969.8
33508,4339.0
33509,51121.4
33510,11094.0
33511,8431.8
33512,6023.8
33513,60508.0
33514,6051.0
33515,4499.0
33516,4919.2
33517,17794.0
33518,4262.0
33519,4464.6
33520,3096.0
33521,68630.4
33522,55506.0
33523,8021.2
33524,49057.2
33525,5174.0
33526,51707.0
33527,5798.0
33528,56198.2
33529,7745.6
33530,2339.0
33531,4086.6
33532,57661.8
33533,5225.0
33534,55827.0
33535,7052.6
33536,7827.8
33537,74084.8
33538,43376.0
33539,3695.0
33540,3206.8
33541,67763.4
33542,6067.0
33543,3611.2
33544,49849.0
33545,4512.0
33546,12176.2
33547,2201.0
33548,45221.2
33549,6195.8
33550,3153.0
33551,55504.2
33552,3556.6
33553,53881.0
33554,6415.8
33555,56590.0
33556,15616.6
33557,2363.8
33558,5629.0
33559,3417.4
33560,6118.2
33561,54608.0
33562,3971.0
33563,13984.8
33564,15931.0
33565,55905.0
33566,7078.0
33567,2983.0
33568,47367.2
33569,4913.6
33570,60480.0
33571,76762.4
33572,63065.0
33573,5867.0
33574,9877.8
33575,35520.0
33576,11270.6
33577,6067.0
33578,10201.4
33579,4619.4
33580,10608.8
33581,3068.4
33582,6188.4
33583,73357.6
33584,8337.6
33585,4628.0
33586,51707.0
33587,34460.0
33588,68027.8
33589,4179.6
33590,4072.6
33591,5078.6
33592,3757.8
33593,4841.6
33594,3916.0
33595,67824.0
33596,4857.0
33597,5742.6
33598,54582.4
33599,48793.0
33600,57148.0
33601,59021.0
33602,7785.8
33603,8742.8
33604,22152.0
33605,52297.2
33606,57833.8
33607,3646.0
33608,5437.6
33609,4188.6
33610,5888.0
33611,8737.0
33612,3791.8
33613,53967.4
33614,5009.4
33615,7227.8
33616,5636.8
33617,53907.0
33618,4911.2
33619,52992.0
33620,5943.0
33621,5790.6
33622,6141.8
33623,23424.0
33624,4022.2
33625,12281.8
33626,5882.6
33627,58075.4
33628,5375.8
33629,5991.0
33630,7427.6
33631,4437.8
33632,4715.2
33633,52983.8
33634,6601.2
33635,5032.6
33636,6461.0
33637,69244.0
33638,6847.0
33639,5410.0
33640,4496.0
33641,4642.4
33642,4402.8
33643,4710.4
33644,4500.0
33645,6109.0
33646,9206.6
33647,71223.2
33648,4745.4
33649,10155.0
33650,44921.0
33651,2124.0
33652,5481.4
33653,58383.4
33654,5239.0
33655,5116.0
33656,4499.0
33657,5052.8
33658,4858.0
33659,5441.0
33660,44280.0
33661,7735.4
33662,44173.2
33663,6261.4
33664,3855.6
33665,6410.4
33666,11634.0
33667,70793.0
33668,44985.0
33669,4719.0
33670,6107.4
33671,5035.0
33672,56476.0
33673,2124.0
33674,3813.2
33675,5944.8
33676,6507.0
33677,6480.6
33678,6916.0
33679,14289.4
33680,5943.0
33681,10365.0
33682,3377.8
33683,50649.0
33684,3623.0
33685,24234.0
33686,7425.0
33687,2700.0
33688,39384.0
33689,61870.0
33690,49489.8
33691,55377.0
33692,55150.0
33693,8609.2
33694,3015.0
33695,14291.2
33696,2836.0
33697,44144.0
33698,3572.0
33699,6579.0
33700,5955.0
33701,7959.0
33702,56905.8
33703,6496.0
33704,4827.0
33705,1998.0
33706,3020.6
33707,6754.6
33708,4755.0
33709,4532.8
33710,5532.4
33711,4001.0
33712,4338.0
33713,5017.0
33714,4029.6
33715,3142.0
33716,7000.4
33717,59239.8
33718,39499.0
33719,5418.0
33720,3511.4
33721,6122.0
33722,2339.0
33723,39880.8
33724,70009.0
33725,5763.2
33726,4496.0
33727,19999.6
33728,56435.8
33729,8728.0
33730,11340.2
33731,56758.6
33732,5590.2
33733,3126.6
33734,2409.0
33735,3098.0
33736,10273.2
33737,24056.0
33738,50083.0
33739,4405.2
33740,57229.0
33741,6500.6
33742,6046.8
33743,4173.0
33744,14382.0
33745,6139.0
33746,4702.4
33747,1694.0
33748,6065.0
33749,66201.0
33750,3751.6
33751,3916.0
33752,32923.0
33753,5975.2
33754,13505.6
33755,46579.8
33756,4417.0
33757,5772.0
33758,5980.2
33759,4669.0
33760,10744.0
33761,4463.4
33762,5339.8
33763,8650.6
33764,4230.0
33765,6976.8
33766,4339.0
33767,14658.0
33768,5945.8
33769,27864.0
33770,57501.6
33771,18209.4
33772,5636.8
33773,13143.6
33774,2410.0
33775,17182.2
33776,57776.4
33777,67004.0
33778,6835.6
33779,71039.4
33780,6510.0
33781,13276.2
33782,2290.0
33783,1998.0
33784,23944.0
33785,50696.8
33786,5427.8
33787,1105.0
33788,5261.8
33789,60601.0
33790,10664.8
33791,12400.4
33792,4814.8
33793,4134.0
33794,38952.0
33795,12307.0
33796,7878.2
33797,45426.2
33798,6568.0
33799,6437.0
33800,55763.4
33801,2410.0
33802,13005.6
33803,10763.0
33804,8215.8
33805,60396.0
33806,3026.6
33807,6360.0
33808,9692.0
33809,48398.8
33810,13059.4
33811,12021.4
33812,5960.0
33813,6898.6
33814,7587.0
33815,6827.2
33816,5955.2
33817,51972.2
33818,42457.0
33819,7726.2
33820,3916.0
33821,4827.0
33822,5257.6
33823,18795.0
33824,51671.8
33825,51595.0
33826,5501.0
33827,40269.8
33828,20760.0
33829,3929.6
33830,4993.2
33831,12591.0
33832,60185.8
33833,7854.4
33834,12763.6
33835,54090.0
33836,12852.4
33837,12133.0
33838,6587.0
33839,10257.2
33840,11129.0
33841,5061.4
33842,59612.0
33843,3153.0
33844,65875.4
33845,9863.8
33846,54608.0
33847,65714.2
33848,61135.0
33849,29992.0
33850,49516.2
33851,4672.0
33852,5955.0
33853,45693.0
33854,49536.4
33855,7993.2
33856,14899.2
33857,50419.4
33858,9166.2
33859,8138.4
33860,22140.0
33861,57607.4
33862,11709.0
33863,55983.0
33864,4108.4
33865,10379.6
33866,28510.0
33867,6195.0
33868,5142.6
33869,50346.2
33870,53891.2
33871,61883.4
33872,7151.6
33873,5949.0
33874,51972.2
33875,52751.2
33876,23838.0
33877,48826.0
33878,50419.4
33879,7782.8
33880,23838.0
33881,4333.2
33882,4778.4
33883,57024.0
33884,3843.6
33885,45693.0
33886,3553.8
33887,8135.4
33888,60485.4
33889,6021.8
33890,45257.0
33891,3326.8
33892,8932.0
33893,58075.4
33894,6873.0
33895,3888.4
33896,3408.6
33897,6724.0
33898,4432.6
33899,53209.0
33900,4389.8
33901,4956.0
33902,4163.0
33903,54570.4
33904,4543.0
33905,50787.4
33906,53891.2
33907,60389.2
33908,6673.0
33909,38099.0
33910,10190.4
33911,49725.0
33912,52249.6
33913,4936.2
33914,5360.8
33915,6123.8
33916,4627.0
33917,64316.0
33918,2050.0
33919,63475.2
33920,51671.8
33921,7234.0
33922,7958.0
33923,53064.0
33924,8522.6
33925,48359.4
33926,59735.6
33927,54608.0
33928,7425.0
33929,5914.6
33930,52809.0
33931,3981.8
33932,6704.4
33933,10121.0
33934,6185.0
33935,5709.2
33936,41314.0
33937,4404.6
33938,41922.2
33939,2780.0
33940,9788.0
33941,70162.4
33942,5761.0
33943,13410.0
33944,35144.0
33945,7657.6
33946,39499.0
33947,4829.4
33948,49613.0
33949,60015.0
33950,4123.6
33951,12444.0
33952,6126.0
33953,3860.0
33954,8349.2
33955,7352.0
33956,4896.0
33957,40871.4
33958,49187.0
33959,1694.0
33960,5912.8
33961,6568.0
33962,14670.0
33963,67321.0
33964,4499.0
33965,7344.6
33966,6246.0
33967,61151.8
33968,16779.0
33969,42733.8
33970,6315.4
33971,2410.0
33972,5494.8
33973,2074.0
33974,6488.0
33975,3379.0
33976,5054.8
33977,5160.0
33978,11436.6
33979,4760.4
33980,7091.4
33981,7614.2
33982,55138.6
33983,4896.0
33984,4464.8
33985,4689.0
33986,3090.0
33987,13910.4
33988,49553.0
33989,57999.0
33990,56198.4
33991,47449.0
33992,3999.0
33993,6032.0
33994,2871.8
33995,4604.2
33996,7012.4
33997,43000.4
33998,3714.6
33999,65439.4
34000,61996.8
34001,1776.0
34002,7081.0
34003,2418.8
34004,6513.0
34005,26708.6
34006,4547.8
34007,4637.0
34008,57031.4
34009,3898.6
34010,62000.0
34011,53064.0
34012,4452.0
34013,10425.0
34014,56333.0
34015,4891.8
34016,5494.2
34017,60260.0
34018,4590.4
34019,7584.0
34020,5823.0
34021,3511.4
34022,3275.8
34023,4339.0
34024,8106.6
34025,6806.6
34026,68124.0
34027,10987.8
34028,13301.4
34029,8618.4
34030,2410.0
34031,3999.0
34032,39399.4
34033,10116.0
34034,60508.0
34035,41484.4
34036,7046.0
34037,67376.0
34038,37652.8
34039,6551.4
34040,6825.6
34041,61419.2
34042,7704.2
34043,50271.0
34044,5177.0
34045,7219.8
34046,40121.4
34047,5360.8
34048,4759.8
34049,2871.8
34050,4056.0
34051,7950.0
34052,6716.6
34053,8633.6
34054,13184.2
34055,5102.0
34056,62994.0
34057,4101.2
34058,3372.8
34059,3485.2
34060,51595.0
34061,48488.6
34062,2124.0
34063,53209.0
34064,6530.4
34065,13082.2
34066,6811.0
34067,31982.0
34068,4431.4
34069,12505.0
34070,4457.6
34071,55087.0
34072,4111.0
34073,3588.4
34074,5158.0
34075,5691.6
34076,4862.4
34077,1776.0
34078,46786.2
34079,4931.2
34080,50726.4
34081,5438.8
34082,44604.6
34083,60396.0
34084,5360.8
34085,5612.0
34086,64764.0
34087,57607.4
34088,6174.2
34089,60127.0
34090,9171.2
34091,10786.0
34092,24122.0
34093,4501.0
34094,12997.2
34095,5904.0
34096,11240.6
34097,35520.0
34098,60006.6
34099,4561.0
34100,4912.8
34101,9436.0
34102,3416.2
34103,5823.0
34104,55983.0
34105,9869.4
34106,3988.0
34107,58393.2
34108,5544.6
34109,5392.2
34110,44280.0
34111,4912.8
34112,50353.0
34113,2979.6
34114,63949.0
34115,10855.4
34116,4607.6
34117,14273.6
34118,8111.0
34119,5438.8
34120,56523.0
34121,48337.0
34122,6587.0
34123,36437.4
34124,3754.0
34125,4168.0
34126,71699.4
34127,4831.8
34128,20000.0
34129,5018.0
34130,59264.0
34131,59469.0
34132,49884.0
34133,3980.8
34134,51875.0
34135,52287.0
34136,4902.6
34137,4089.6
34138,52063.0
34139,3861.0
34140,9643.0
34141,8103.0
34142,8285.6
34143,60071.4
34144,3559.6
34145,54481.0
34146,6948.0
34147,71039.4
34148,4508.8
34149,15573.0
34150,4576.0
34151,39321.0
34152,13638.6
34153,11406.8
34154,49725.0
34155,10593.0
34156,4389.2
34157,8832.0
34158,6344.4
34159,51595.0
34160,50061.0
34161,11464.0
34162,2490.0
34163,4337.0
34164,5328.0
34165,5322.0
34166,4391.2
34167,10250.0
34168,57274.4
34169,61597.0
34170,3818.6
34171,6955.6
34172,4564.4
34173,6158.0
34174,10197.4
34175,6225.4
34176,4499.0
34177,22152.0
34178,10018.0
34179,6414.6
34180,52550.0
34181,4170.6
34182,55153.0
34183,69288.8
34184,49725.0
34185,12001.6
34186,7942.6
34187,6020.8
34188,3623.8
34189,48975.4
34190,32923.0
34191,6271.0
34192,5379.4
34193,6895.4
34194,7802.0
34195,5245.8
34196,3379.0
34197,7752.0
34198,4406.0
34199,70532.8
34200,2078.8
34201,13209.0
34202,3032.6
34203,6479.6
34204,2420.8
34205,57005.0
34206,5918.0
34207,53212.4
34208,56590.0
34209,9659.2
34210,53813.6
34211,66740.8
34212,11298.0
34213,3587.0
34214,3186.4
34215,1998.0
34216,43645.6
34217,6551.6
34218,12484.6
34219,52444.0
34220,6021.8
34221,6369.2
34222,15918.6
34223,2968.6
34224,2336.0
34225,66061.0
34226,3279.8
34227,6247.6
34228,3870.0
34229,3062.4
34230,60396.2
34231,59195.4
34232,57104.4
34233,5953.0
34234,47722.0
34235,49581.2
34236,50271.0
34237,69340.6
34238,49613.0
34239,3891.8
34240,59648.8
34241,41354.6
34242,4510.0
34243,6992.0
34244,8153.0
34245,51847.0
34246,5521.4
34247,8895.2
34248,5691.4
34249,44305.0
34250,3819.4
34251,5654.6
34252,41064.0
34253,4464.8
34254,3126.6
34255,53030.6
34256,4106.2
34257,66175.2
34258,3371.6
34259,10870.0
34260,5658.2
34261,3482.8
34262,71650.2
34263,5582.6
34264,45542.0
34265,5817.0
34266,5653.6
34267,64148.2
34268,66511.0
34269,42944.2
34270,7572.2
34271,5812.0
34272,2124.0
34273,63091.8
34274,12445.6
34275,58075.4
34276,4356.6
34277,4227.6
34278,2568.0
34279,23944.0
34280,11425.0
34281,56685.4
34282,66354.4
34283,45678.2
34284,51481.0
34285,67545.0
34286,4994.2
34287,5763.4
34288,10163.8
34289,7233.0
34290,59332.0
34291,67147.4
34292,7016.0
34293,5565.4
34294,56702.0
34295,53209.0
34296,4001.2
34297,3674.8
34298,2723.4
34299,1443.0
34300,3928.0
34301,4528.4
34302,7049.6
34303,66928.0
34304,6384.4
34305,4947.8
34306,14147.6
34307,5760.0
34308,58452.0
34309,5407.4
34310,68966.4
34311,8736.6
34312,11164.6
34313,55553.8
34314,4374.2
34315,6842.0
34316,3709.0
34317,62940.8
34318,12432.0
34319,2973.8
34320,5676.2
34321,2228.0
34322,3980.4
34323,17784.2
34324,60579.6
34325,49613.0
34326,57172.8
34327,54956.0
34328,13966.8
34329,61425.0
34330,49613.0
34331,6700.8
34332,6871.4
34333,7137.2
34334,8118.8
34335,6065.0
34336,41269.0
34337,8719.0
34338,10447.0
34339,7554.4
34340,11856.0
34341,58120.4
34342,55333.8
34343,5258.6
34344,70170.2
34345,15897.6
34346,4202.6
34347,4319.8
34348,3999.0
34349,49355.2
34350,2250.0
34351,13380.4
34352,11651.2
34353,31432.0
34354,5697.6
34355,2410.0
34356,6688.8
34357,5621.4
34358,65633.2
34359,6723.8
34360,5162.0
34361,5781.2
34362,60232.0
34363,12454.4
34364,60396.0
34365,46769.0
34366,4635.0
34367,4976.2
34368,15111.0
34369,5904.4
34370,54329.0
34371,5942.0
34372,4127.4
34373,11994.8
34374,7727.8
34375,6247.6
34376,53826.4
34377,45426.2
34378,5663.8
34379,6730.2
34380,2413.4
34381,8136.8
34382,1654.0
34383,46769.0
34384,2098.0
34385,4357.0
34386,12632.0
34387,11709.0
34388,67196.6
34389,4846.8
34390,58937.8
34391,3393.0
34392,54608.0
34393,5917.0
34394,12392.8
34395,11707.8
34396,67891.4
34397,38099.0
34398,6513.4
34399,6410.4
34400,6202.0
34401,18372.2
34402,53743.0
34403,13618.6
34404,11461.8
34405,4481.2
34406,53647.6
34407,3060.0
34408,5879.0
34409,4499.0
34410,56945.0
34411,11697.0
34412,60365.0
34413,4289.8
34414,4517.2
34415,10134.0
34416,6386.6
34417,5645.8
34418,11138.2
34419,60396.0
34420,66514.6
34421,13945.6
34422,4500.0
34423,5356.4
34424,10531.4
34425,4464.8
34426,10773.6
34427,4165.0
34428,54882.8
34429,6941.6
34430,5497.2
34431,12695.8
34432,4384.6
34433,9358.2
34434,47367.2
34435,48959.0
34436,49613.0
34437,11783.6
34438,65182.4
34439,4404.6
34440,2901.0
34441,11488.0
34442,8683.8
34443,59687.0
34444,4717.0
34445,3529.2
34446,6052.0
34447,5367.6
34448,2336.0
34449,4970.4
34450,4963.2
34451,9353.0
34452,5528.6
34453,54014.2
34454,13033.6
34455,5954.0
34456,67376.0
34457,7575.0
34458,3885.4
34459,9136.0
34460,5177.0
34461,12936.0
34462,4981.2
34463,41922.2
34464,51345.0
34465,5152.2
34466,5736.8
34467,5344.6
34468,4299.2
34469,2804.2
34470,52452.0
34471,5636.8
34472,49553.0
34473,1776.0
34474,7584.0
34475,60160.0
34476,10618.2
34477,5942.0
34478,9724.6
34479,5761.0
34480,3537.4
34481,5364.8
34482,11710.6
34483,10734.0
34484,5685.0
34485,10817.0
34486,4653.8
34487,57117.2
34488,49613.0
34489,13608.0
34490,49849.0
34491,4657.4
34492,64688.2
34493,5646.4
34494,3356.6
34495,55624.6
34496,51929.8
34497,7487.0
34498,4650.0
34499,2836.0
34500,9291.8
34501,10386.0
34502,4499.0
34503,54314.4
34504,4086.0
34505,4020.0
34506,49057.2
34507,6998.2
34508,55088.4
34509,77092.2
34510,4262.8
34511,3471.8
34512,14397.2
34513,4963.2
34514,11257.6
34515,5292.0
34516,7341.8
34517,6306.0
34518,9035.8
34519,4417.0
34520,45540.2
34521,10257.0
34522,5850.8
34523,2278.0
34524,35520.0
34525,4337.4
34526,35897.8
34527,2871.8
34528,55983.0
34529,10659.6
34530,6772.4
34531,4735.0
34532,23424.0
34533,46934.4
34534,54955.0
34535,5838.8
34536,53752.4
34537,7085.0
34538,55983.0
34539,58017.0
34540,3860.0
34541,8998.4
34542,54684.0
34543,54955.0
34544,51595.0
34545,7424.0
34546,78174.8
34547,5425.8
34548,4250.8
34549,10553.8
34550,6262.0
34551,49505.2
34552,7448.4
34553,60127.0
34554,49207.0
34555,55983.0
34556,62770.0
34557,6032.0
34558,16396.6
34559,50271.0
34560,5150.8
34561,5713.8
34562,57405.0
34563,6267.4
34564,8736.6
34565,4131.0
34566,60365.0
34567,5954.0
34568,4152.6
34569,10383.6
34570,9261.4
34571,55502.0
34572,51865.0
34573,8163.2
34574,7364.6
34575,50590.4
34576,11140.2
34577,12221.2
34578,5895.8
34579,6568.0
34580,61216.2
34581,53209.0
34582,5769.8
34583,60767.8
34584,5177.0
34585,57081.0
34586,37985.0
34587,5670.2
34588,5452.0
34589,60160.0
34590,47503.2
34591,6879.8
34592,70667.4
34593,14722.2
34594,2476.0
34595,7657.8
34596,38099.0
34597,5096.2
34598,2754.2
34599,15364.6
34600,56648.0
34601,6884.8
34602,45461.8
34603,7431.6
34604,4354.4
34605,6524.0
34606,7896.0
34607,4969.8
34608,3450.0
34609,5000.8
34610,60508.0
34611,5616.6
34612,59332.0
34613,6801.2
34614,39387.4
34615,2590.0
34616,48569.0
34617,6676.8
34618,2613.0
34619,4746.4
34620,7107.8
34621,37985.0
34622,10862.0
34623,11762.2
34624,49800.6
34625,46710.4
34626,4711.2
34627,4111.0
34628,10148.2
34629,12612.2
34630,68124.0
34631,4997.4
34632,60260.0
34633,8565.0
34634,54684.0
34635,68347.8
34636,65368.6
34637,5168.2
34638,5809.2
34639,6568.0
34640,61955.4
34641,5656.0
34642,4746.6
34643,6025.2
34644,60306.6
34645,9605.4
34646,8409.8
34647,65660.0
34648,12621.8
34649,6324.0
34650,51707.0
34651,13582.0
34652,5130.2
34653,41012.8
34654,47549.6
34655,10744.0
34656,9701.2
34657,29226.8
34658,4413.0
34659,3715.2
34660,4687.0
34661,2476.0
34662,3090.0
34663,5742.4
34664,6438.0
34665,54608.0
34666,19032.8
34667,10247.4
34668,7853.4
34669,2124.0
34670,4448.8
34671,38845.6
34672,57939.0
34673,6691.2
34674,7327.6
34675,2836.0
34676,53455.4
34677,4292.8
34678,56109.0
34679,5177.0
34680,5784.2
34681,5983.0
34682,5612.2
34683,53813.6
34684,7190.0
34685,5553.0
34686,5548.0
34687,11739.0
34688,20760.0
34689,55184.6
34690,56476.0
34691,5823.0
34692,9112.0
34693,50787.4
34694,10890.0
34695,6297.8
34696,7007.4
34697,4313.0
34698,11882.4
34699,52063.0
34700,4979.0
34701,5980.4
34702,54512.0
34703,6057.6
34704,49553.0
34705,45883.0
34706,51595.0
34707,4896.0
34708,6775.2
34709,54377.6
34710,4611.2
34711,64912.2
34712,13732.6
34713,58763.0
34714,1650.6
34715,5502.0
34716,49207.0
34717,9475.0
34718,31982.0
34719,5942.0
34720,11614.2
34721,2339.0
34722,7824.0
34723,14888.0
34724,54329.0
34725,60260.0
34726,47471.2
34727,5249.0
34728,13692.0
34729,3709.0
34730,31214.4
34731,6734.6
34732,7532.0
34733,3979.0
34734,59377.0
34735,9537.0
34736,6195.8
34737,12689.4
34738,3318.0
34739,6472.0
34740,5619.8
34741,46845.2
34742,10292.4
34743,4827.2
34744,64989.2
34745,56333.0
34746,38099.0
34747,3916.0
34748,7584.0
34749,3389.2
34750,7171.0
34751,9745.6
34752,10687.0
34753,13754.2
34754,7863.6
34755,6086.0
34756,4558.2
34757,6253.0
34758,1603.0
34759,58534.4
34760,5942.0
34761,66108.0
34762,5134.8
34763,67272.8
34764,8745.4
34765,22140.0
34766,4597.0
34767,3999.0
34768,3961.0
34769,3760.2
34770,44280.0
34771,28510.0
34772,12192.0
34773,7523.4
34774,6531.0
34775,6575.4
34776,2189.6
34777,6319.0
34778,2276.0
34779,6595.0
34780,45461.8
34781,6502.0
34782,4544.0
34783,56754.8
34784,5881.0
34785,25717.8
34786,68518.4
34787,6133.0
34788,64316.0
34789,64454.0
34790,16435.4
34791,50353.0
34792,50271.0
34793,16102.4
34794,5183.2
34795,13420.6
34796,6012.0
34797,6044.0
34798,49613.0
34799,6846.0
34800,64225.4
34801,53421.0
34802,8810.8
34803,4328.8
34804,4173.0
34805,6086.0
34806,6637.6
34807,13980.2
34808,56648.0
34809,22152.0
34810,6309.6
34811,5291.2
34812,10521.4
34813,37207.2
34814,5832.0
34815,3450.0
34816,15561.0
34817,4179.6
34818,7024.6
34819,9904.0
34820,54171.0
34821,54896.0
34822,4315.6
34823,52586.0
34824,47019.8
34825,4872.8
34826,16775.2
34827,17784.2
34828,9158.2
34829,13139.2
34830,52745.0
34831,21902.4
34832,13031.4
34833,7813.0
34834,12753.0
34835,12887.0
34836,12696.0
34837,5347.4
34838,5769.8
34839,5177.0
34840,14091.0
34841,11184.0
34842,8206.4
34843,47294.2
34844,57405.0
34845,7013.8
34846,7856.4
34847,5630.2
34848,4755.0
34849,8747.4
34850,7329.0
34851,56987.0
34852,30211.2
34853,5177.0
34854,4170.0
34855,6309.6
34856,3639.8
34857,4572.6
34858,6568.6
34859,4111.0
34860,6135.8
34861,41922.2
34862,5063.2
34863,4262.0
34864,7382.4
34865,50271.0
34866,10869.6
34867,5647.6
34868,60141.0
34869,4192.8
34870,53022.0
34871,5903.0
34872,50409.8
34873,5521.4
34874,8187.8
34875,7605.2
34876,10121.2
34877,7961.8
34878,11763.2
34879,7746.0
34880,5927.6
34881,58277.0
34882,5102.0
34883,4680.6
34884,2201.0
34885,53421.0
34886,2200.0
34887,4637.0
34888,3528.8
34889,43165.0
34890,62000.0
34891,58180.8
34892,48569.0
34893,3971.0
34894,14372.0
34895,5250.8
34896,5280.0
34897,4712.4
34898,3004.8
34899,7318.0
34900,15736.0
34901,8290.4
34902,7169.6
34903,6020.2
34904,6182.8
34905,10069.0
34906,7878.2
34907,13390.0
34908,5130.8
34909,6067.0
34910,16133.2
34911,11772.4
34912,43645.6
34913,56867.2
34914,3550.8
34915,60396.0
34916,2708.0
34917,5072.6
34918,24056.0
34919,50271.0
34920,5129.6
34921,5132.2
34922,4173.6
34923,46947.0
34924,54977.4
34925,2339.0
34926,48101.2
34927,6023.6
34928,6949.2
34929,6139.2
34930,60978.0
34931,3690.2
34932,48537.4
34933,3835.6
34934,5832.6
34935,70056.0
34936,6029.2
34937,4551.0
34938,4012.6
34939,58039.6
34940,2481.8
34941,4048.0
34942,5892.0
34943,51655.4
34944,10384.0
34945,44167.6
34946,12929.6
34947,49725.0
34948,2339.0
34949,13313.0
34950,14038.6
34951,11700.2
34952,6788.8
34953,65450.4
34954,5542.0
34955,56702.0
34956,41819.6
34957,3473.8
34958,4236.6
34959,7677.0
34960,6236.2
34961,9670.2
34962,6461.0
34963,6623.0
34964,4612.0
34965,4873.8
34966,12461.4
34967,6324.6
34968,41063.6
34969,1890.0
34970,7517.6
34971,49913.8
34972,10185.6
34973,48359.4
34974,6980.6
34975,5583.2
34976,6810.6
34977,24606.4
34978,47205.0
34979,4085.0
34980,6630.6
34981,11129.0
34982,2966.0
34983,4248.0
34984,8903.0
34985,5225.0
34986,56780.8
34987,7133.6
34988,9917.2
34989,12551.8
34990,54765.0
34991,6324.6
34992,12024.0
34993,3595.2
34994,5949.0
34995,64285.0
34996,5167.2
34997,56341.4
34998,5881.6
34999,6819.0
35000,4356.8
35001,5103.0
35002,44089.0
35003,45693.0
35004,2050.0
35005,29544.0
35006,45257.0
35007,55377.0
35008,56476.0
35009,5817.0
35010,3000.0
35011,6502.0
35012,12024.0
35013,10428.2
35014,5508.2
35015,5454.8
35016,2929.2
35017,4819.2
35018,61305.8
35019,42555.8
35020,6133.0
35021,5670.6
35022,5892.0
35023,45995.2
35024,31214.4
35025,41127.6
35026,53813.6
35027,51595.0
35028,5689.8
35029,11268.0
35030,2480.0
35031,13986.8
35032,58943.8
35033,6100.6
35034,12118.0
35035,48002.6
35036,4111.0
35037,3848.0
35038,59347.6
35039,6267.8
35040,6284.0
35041,4612.0
35042,55778.0
35043,65875.4
35044,4405.2
35045,5102.0
35046,54684.0
35047,46181.8
35048,52577.2
35049,8459.0
35050,6488.0
35051,10869.0
35052,5103.0
35053,6049.0
35054,6520.0
35055,3863.6
35056,6932.4
35057,45665.0
35058,49913.0
35059,53421.0
35060,8089.4
35061,72140.6
35062,57767.4
35063,60508.0
35064,5425.6
35065,6354.0
35066,55661.0
35067,53197.0
35068,5761.0
35069,6635.8
35070,7165.2
35071,6789.6
35072,10141.4
35073,17946.2
35074,30776.0
35075,51972.2
35076,13798.4
35077,6500.0
35078,10701.0
35079,3379.0
35080,5507.0
35081,3992.8
35082,8911.0
35083,14019.0
35084,50297.0
35085,60396.0
35086,5306.8
35087,6394.6
35088,8743.8
35089,6052.8
35090,6635.8
35091,60508.0
35092,51817.0
35093,3882.0
35094,9027.8
35095,6386.6
35096,21902.4
35097,12713.0
35098,4417.2
35099,5530.8
35100,5657.0
35101,28510.0
35102,10541.0
35103,7052.8
35104,5829.0
35105,10608.8
35106,5610.0
35107,8307.6
35108,5772.0
35109,48826.0
35110,50898.2
35111,10919.4
35112,60555.0
35113,9522.6
35114,2640.4
35115,6452.2
35116,7297.4
35117,37517.8
35118,3339.4
35119,3014.0
35120,51943.4
35121,60160.0
35122,30278.4
35123,4131.0
35124,58513.0
35125,9310.4
35126,55694.4
35127,5090.0
35128,5290.2
35129,2201.0
35130,2480.0
35131,40732.0
35132,69257.8
35133,2197.8
35134,7677.6
35135,31982.0
35136,5065.8
35137,3096.6
35138,11245.4
35139,6524.4
35140,11842.8
35141,2464.0
35142,5153.4
35143,8041.4
35144,8825.4
35145,2404.2
35146,4755.0
35147,54154.2
35148,45221.2
35149,5899.4
35150,5545.0
35151,4633.6
35152,7424.0
35153,41408.0
35154,8176.2
35155,54512.0
35156,3126.6
35157,13797.0
35158,4629.4
35159,9414.6
35160,5954.0
35161,1788.0
35162,17738.0
35163,3814.0
35164,3731.6
35165,59382.2
35166,60377.0
35167,4408.4
35168,53465.4
35169,5809.0
35170,8284.6
35171,71609.8
35172,40369.0
35173,7665.6
35174,2276.0
35175,5101.4
35176,14976.0
35177,57204.2
35178,62045.0
35179,4299.2
35180,4951.8
35181,46918.0
35182,57565.0
35183,4373.0
35184,12497.4
35185,62045.0
35186,7538.8
35187,45471.2
35188,12474.4
35189,3300.4
35190,6586.6
35191,43711.0
35192,6650.0
35193,61374.4
35194,6133.0
35195,5056.6
35196,4218.4
35197,63680.2
35198,53708.8
35199,4501.0
35200,47044.2
35201,4214.2
35202,51707.0
35203,4634.6
35204,62000.0
35205,45883.0
35206,3478.6
35207,9972.8
35208,4627.4
35209,66565.0
35210,4672.8
35211,6091.6
35212,34264.4
35213,56075.0
35214,17119.8
35215,66129.4
35216,9169.8
35217,4622.0
35218,59254.0
35219,67710.0
35220,5544.0
35221,11490.2
35222,5322.0
35223,5039.6
35224,5142.6
35225,2477.0
35226,3884.2
35227,4977.2
35228,16749.2
35229,5394.2
35230,15136.4
35231,27864.0
35232,8859.0
35233,56984.0
35234,4247.6
35235,64540.0
35236,50631.8
35237,3698.6
35238,5288.8
35239,3015.2
35240,6859.6
35241,8397.6
35242,5288.8
35243,3439.0
35244,52618.4
35245,61695.0
35246,2276.0
35247,3551.6
35248,56702.0
35249,57251.4
35250,5918.0
35251,50787.4
35252,4790.0
35253,12425.4
35254,5185.0
35255,55293.4
35256,57744.8
35257,60978.0
35258,5156.0
35259,3390.0
35260,6641.2
35261,6490.8
35262,4930.2
35263,4896.0
35264,15957.6
35265,2719.2
35266,45257.0
35267,7425.0
35268,2124.0
35269,4672.0
35270,63037.8
35271,65081.0
35272,8337.0
35273,6067.0
35274,12435.8
35275,7524.2
35276,2738.0
35277,43392.6
35278,49048.4
35279,63165.0
35280,11205.0
35281,58949.0
35282,46862.6
35283,4308.4
35284,57920.0
35285,2790.2
35286,5109.6
35287,58021.8
35288,5147.2
35289,51562.4
35290,10428.2
35291,53004.2
35292,6969.6
35293,1600.8
35294,54955.0
35295,60081.0
35296,7128.2
35297,5476.6
35298,49207.0
35299,7813.0
35300,5499.6
35301,47657.0
35302,6568.0
35303,5692.2
35304,42089.0
35305,3547.0
35306,13543.8
35307,5838.4
35308,2555.0
35309,41064.0
35310,44305.0
35311,58513.0
35312,4357.0
35313,56590.0
35314,7958.0
35315,6132.0
35316,5520.2
35317,2339.0
35318,1890.0
35319,50898.2
35320,49725.0
35321,2410.0
35322,49849.0
35323,5660.0
35324,8333.0
35325,11853.2
35326,3755.0
35327,6067.0
35328,4831.0
35329,3979.0
35330,50726.4
35331,4536.2
35332,3071.4
35333,60166.4
35334,6437.0
35335,67183.2
35336,46034.2
35337,1776.0
35338,6158.0
35339,5565.2
35340,57784.4
35341,61059.4
35342,11781.8
35343,2133.0
35344,6065.0
35345,5090.0
35346,60920.2
35347,5954.0
35348,50353.0
35349,1890.0
35350,4755.0
35351,4496.0
35352,45540.2
35353,6289.4
35354,3709.6
35355,58671.0
35356,60611.4
35357,9778.8
35358,7366.0
35359,6564.8
35360,6568.0
35361,45883.0
35362,54608.0
35363,3839.0
35364,6426.0
35365,4589.0
35366,4499.0
35367,2476.0
35368,5235.6
35369,6395.8
35370,14847.2
35371,6628.0
35372,2960.0
35373,58685.0
35374,8719.0
35375,70009.0
35376,4111.0
35377,15487.0
35378,12783.6
35379,60396.0
35380,50528.0
35381,54608.0
35382,5288.6
35383,36050.4
35384,33576.0
35385,49725.0
35386,68146.4
35387,28431.6
35388,3537.4
35389,9540.6
35390,4452.0
35391,7162.0
35392,4612.0
35393,53387.0
35394,6122.0
35395,4149.0
35396,14772.0
35397,6489.0
35398,4227.6
35399,6274.6
35400,6183.8
35401,6450.0
35402,8121.8
35403,24453.2
35404,6086.0
35405,56590.0
35406,5559.8
35407,5749.6
35408,4683.0
35409,28510.0
35410,8081.2
35411,4023.2
35412,15918.0
35413,45693.0
35414,66054.6
35415,66995.4
35416,3655.0
35417,6636.2
35418,17633.4
35419,1694.0
35420,2105.0
35421,50726.4
35422,53209.0
35423,56476.0
35424,55983.0
35425,3979.0
35426,2167.4
35427,46918.0
35428,56588.0
35429,5909.6
35430,3186.4
35431,6026.6
35432,55535.4
35433,63957.4
35434,5808.6
35435,50590.4
35436,4933.0
35437,5912.0
35438,55661.0
35439,6033.4
35440,5199.0
35441,9834.0
35442,53164.0
35443,7798.8
35444,6128.0
35445,6880.2
35446,41063.6
35447,5470.4
35448,6940.6
35449,4452.0
35450,6324.6
35451,11143.6
35452,8990.2
35453,7928.2
35454,7966.4
35455,5352.6
35456,6120.2
35457,47385.0
35458,2923.4
35459,12979.0
35460,4877.0
35461,56767.0
35462,7126.0
35463,60396.0
35464,10249.8
35465,48337.0
35466,4627.4
35467,9764.6
35468,11246.6
35469,5783.2
35470,69145.8
35471,32859.0
35472,6430.8
35473,7487.0
35474,50271.0
35475,54955.0
35476,5525.6
35477,11844.4
35478,5949.0
35479,8208.4
35480,6067.0
35481,58573.0
35482,45693.0
35483,6841.4
35484,6274.0
35485,2336.0
35486,3360.0
35487,49613.0
35488,7094.2
35489,3609.8
35490,2805.0
35491,3862.0
35492,6450.0
35493,6995.2
35494,1998.0
35495,36050.4
35496,7489.0
35497,4094.0
35498,9885.8
35499,5431.4
35500,83932.6
35501,57663.0
35502,52063.0
35503,7784.0
35504,3456.6
35505,3947.2
35506,7950.0
35507,43523.2
35508,27792.0
35509,15324.6
35510,57081.0
35511,5464.0
35512,4155.6
35513,4753.4
35514,78174.8
35515,3032.6
35516,4028.0
35517,5582.8
35518,63568.0
35519,2124.0
35520,4162.0
35521,53197.0
35522,4337.2
35523,73958.0
35524,12054.0
35525,67147.4
35526,8002.6
35527,3096.0
35528,10008.0
35529,6581.0
35530,3862.0
35531,7902.2
35532,55763.4
35533,4589.0
35534,10339.4
35535,4495.6
35536,4755.0
35537,7743.8
35538,4604.2
35539,6435.8
35540,8568.6
35541,4650.2
35542,6954.4
35543,6367.0
35544,54482.6
35545,5677.0
35546,67545.0
35547,10889.2
35548,3014.0
35549,56162.8
35550,45257.0
35551,5960.0
35552,49146.8
35553,4889.4
35554,13460.8
35555,56588.0
35556,5969.0
35557,10605.4
35558,12932.8
35559,6721.8
35560,4501.0
35561,76474.6
35562,53783.6
35563,6896.0
35564,7988.4
35565,6900.0
35566,7958.0
35567,2476.0
35568,12074.2
35569,52985.0
35570,8043.0
35571,61695.0
35572,13840.6
35573,2480.0
35574,4463.6
35575,53030.6
35576,7130.0
35577,11496.2
35578,5946.6
35579,4500.0
35580,11821.6
35581,4932.6
35582,37985.0
35583,1551.0
35584,4124.0
35585,31436.0
35586,6459.0
35587,6340.4
35588,5864.0
35589,4772.6
35590,11664.6
35591,3862.0
35592,6228.6
35593,50565.8
35594,39499.0
35595,8623.6
35596,50745.0
35597,69414.4
35598,5289.0
35599,56590.0
35600,7957.0
35601,60365.0
35602,65382.6
35603,9129.6
35604,58685.0
35605,71787.4
35606,6045.8
35607,47503.2
35608,4818.0
35609,4776.2
35610,5203.4
35611,68618.0
35612,64110.0
35613,13156.8
35614,53022.0
35615,5156.8
35616,5015.2
35617,3943.0
35618,5114.4
35619,63442.4
35620,6060.0
35621,29992.0
35622,12107.4
35623,78095.4
35624,50394.2
35625,4042.0
35626,12004.6
35627,12150.0
35628,48627.4
35629,48437.8
35630,65113.8
35631,45426.2
35632,5462.6
35633,40887.8
35634,5882.4
35635,6607.2
35636,5553.0
35637,2446.0
35638,5733.2
35639,9882.0
35640,5526.4
35641,4332.2
35642,13303.8
35643,61352.6
35644,4669.0
35645,5878.6
35646,54549.4
35647,59078.0
35648,51595.0
35649,2410.0
35650,58595.4
35651,10687.0
35652,4111.0
35653,5803.2
35654,5634.8
35655,48537.4
35656,4899.6
35657,3096.0
35658,5597.8
35659,5383.0
35660,5954.0
35661,8358.6
35662,12135.0
35663,71234.2
35664,51865.0
35665,54882.8
35666,11606.6
35667,2124.0
35668,4478.4
35669,11044.4
35670,7586.0
35671,5657.0
35672,5177.0
35673,5360.8
35674,2966.0
35675,11080.6
35676,3334.0
35677,3788.4
35678,2727.0
35679,70009.0
35680,54608.0
35681,8168.2
35682,4425.4
35683,60396.0
35684,62829.0
35685,14122.0
35686,53525.0
35687,2339.0
35688,6450.0
35689,8970.0
35690,13273.0
35691,60508.0
35692,7522.0
35693,55983.0
35694,3393.0
35695,3072.0
35696,48959.0
35697,13166.6
35698,49378.4
35699,63415.6
35700,20760.0
35701,11676.0
35702,8896.0
35703,4073.8
35704,13375.2
35705,51595.0
35706,13799.2
35707,10561.2
35708,63617.0
35709,2437.0
35710,62465.4
35711,49553.0
35712,62600.2
35713,57172.8
35714,12053.6
35715,4736.8
35716,3398.0
35717,2476.0
35718,57501.6
35719,5824.0
35720,4152.0
35721,36700.0
35722,62746.4
35723,4548.8
35724,5738.6
35725,4502.0
35726,4322.6
35727,4357.0
35728,8831.4
35729,6509.2
35730,51817.0
35731,5019.4
35732,49377.0
35733,5910.4
35734,3223.4
35735,7489.0
35736,5067.4
35737,6614.0
35738,56476.0
35739,4078.8
35740,2899.6
35741,5435.4
35742,4179.6
35743,57116.8
35744,6584.6
35745,4015.8
35746,46275.6
35747,4968.4
35748,44056.0
35749,52273.0
35750,14981.2
35751,1694.0
35752,62472.0
35753,5103.0
35754,8034.8
35755,6067.0
35756,2124.0
35757,5290.8
35758,56041.2
35759,11508.0
35760,6067.0
35761,67600.2
35762,7425.0
35763,2132.0
35764,45309.8
35765,4499.8
35766,2490.0
35767,9770.2
35768,63314.8
35769,3862.0
35770,47549.8
35771,5884.8
35772,5017.0
35773,4727.8
35774,3305.4
35775,2471.4
35776,3549.6
35777,44209.8
35778,61478.4
35779,45883.0
35780,11508.0
35781,85123.4
35782,7902.4
35783,5153.8
35784,7488.0
35785,63352.6
35786,7953.8
35787,66292.8
35788,2641.6
35789,50954.2
35790,5463.2
35791,3219.0
35792,69619.4
35793,68233.8
35794,6580.2
35795,5194.4
35796,11836.2
35797,21192.0
35798,4615.0
35799,69042.4
35800,3805.8
35801,3850.2
35802,8826.4
35803,5092.2
35804,75572.2
35805,8734.0
35806,7066.8
35807,49260.8
35808,9393.4
35809,5857.6
35810,4455.8
35811,45257.0
35812,6319.0
35813,4061.4
35814,4262.0
35815,54481.0
35816,7885.6
35817,5267.6
35818,56093.8
35819,6278.8
35820,13200.4
35821,7579.4
35822,4338.0
35823,6403.0
35824,55763.4
35825,5874.6
35826,4452.0
35827,9141.0
35828,4240.8
35829,5939.0
35830,3702.0
35831,2150.0
35832,47385.0
35833,58005.8
35834,6354.0
35835,46769.0
35836,13223.4
35837,32542.0
35838,5110.0
35839,27976.0
35840,11520.0
35841,9105.0
35842,7877.0
35843,3393.0
35844,3379.0
35845,2568.0
35846,3000.0
35847,57939.0
35848,51449.8
35849,6025.2
35850,73858.2
35851,38939.2
35852,6844.8
35853,6996.8
35854,3100.4
35855,54087.0
35856,18188.2
35857,9256.6
35858,4224.2
35859,56588.0
35860,56198.4
35861,6734.6
35862,52063.0
35863,53041.0
35864,7665.6
35865,4355.2
35866,12193.6
35867,71787.4
35868,5012.2
35869,5954.0
35870,4576.0
35871,52749.0
35872,6684.6
35873,6970.4
35874,3424.6
35875,8777.8
35876,7375.6
35877,53813.6
35878,5743.2
35879,6195.8
35880,6018.6
35881,5102.0
35882,8737.8
35883,12528.0
35884,52717.4
35885,5958.0
35886,5886.0
35887,19092.2
35888,4956.8
35889,4966.8
35890,7890.2
35891,7554.4
35892,54608.0
35893,3379.0
35894,68346.6
35895,5155.6
35896,15978.0
35897,4089.0
35898,5133.4
35899,6032.0
35900,7066.6
35901,2098.0
35902,61128.0
35903,54684.0
35904,5858.8
35905,42457.0
35906,79570.2
35907,51595.0
35908,4827.0
35909,3150.0
35910,12969.2
35911,17548.0
35912,2407.2
35913,70931.0
35914,10743.0
35915,7584.0
35916,5269.0
35917,64144.8
35918,16420.0
35919,6898.2
35920,2984.0
35921,56702.0
35922,6292.2
35923,5393.6
35924,14710.6
35925,8227.8
35926,9938.4
35927,3799.2
35928,14777.6
35929,45895.4
35930,5633.0
35931,8846.2
35932,6801.4
35933,5005.0
35934,3999.0
35935,44942.6
35936,4500.0
35937,3694.4
35938,2410.0
35939,7425.0
35940,7446.2
35941,27864.0
35942,5206.0
35943,5892.0
35944,3847.8
35945,62542.0
35946,15011.2
35947,47272.8
35948,3150.0
35949,64173.0
35950,52586.0
35951,3317.0
35952,6046.2
35953,62631.6
35954,62551.0
35955,6082.0
35956,2361.0
35957,41064.0
35958,4582.6
35959,5412.0
35960,5322.0
35961,10774.2
35962,6432.4
35963,40130.8
35964,37044.4
35965,4173.0
35966,47367.2
35967,4601.8
35968,6723.4
35969,6932.4
35970,3495.0
35971,20000.0
35972,7394.4
35973,49725.0
35974,9163.2
35975,8163.2
35976,63590.4
35977,2336.0
35978,51707.0
35979,1945.6
35980,32923.0
35981,32923.0
35982,48976.0
35983,6128.0
35984,7312.0
35985,4263.0
35986,49553.0
35987,10787.8
35988,9201.0
35989,6100.6
35990,7155.8
35991,38558.8
35992,60260.0
35993,5847.6
35994,6023.8
35995,10655.8
35996,12114.0
35997,51707.0
35998,12008.4
35999,5384.8
36000,27792.0
36001,26911.2
36002,7584.0
36003,67761.0
36004,2723.0
36005,2480.0
36006,11688.0
36007,8625.6
36008,4732.4
36009,65500.0
36010,69893.4
36011,15854.8
36012,40949.6
36013,59185.0
36014,13084.0
36015,12695.0
36016,63261.0
36017,4575.0
36018,59182.0
36019,13293.0
36020,6192.0
36021,3216.8
36022,24122.0
36023,9198.4
36024,5446.8
36025,50600.0
36026,7404.0
36027,3972.6
36028,45693.0
36029,6377.2
36030,6833.4
36031,7958.8
36032,7700.0
36033,6568.0
36034,5225.0
36035,6212.8
36036,5413.4
36037,6587.0
36038,5084.0
36039,62055.6
36040,3330.0
36041,4125.0
36042,4823.6
36043,6576.6
36044,39127.4
36045,10267.8
36046,5316.0
36047,8209.8
36048,6275.6
36049,4622.2
36050,6181.8
36051,2208.0
36052,57005.0
36053,51707.0
36054,5780.0
36055,7397.2
36056,5991.0
36057,10224.4
36058,9277.0
36059,6049.6
36060,15957.6
36061,11066.6
36062,56476.0
36063,10828.0
36064,5327.6
36065,4951.6
36066,7165.6
36067,71372.6
36068,6077.8
36069,6688.0
36070,45693.0
36071,56465.0
36072,16429.8
36073,46312.8
36074,2468.6
36075,57565.0
36076,50745.0
36077,6500.6
36078,9095.0
36079,70057.8
36080,4977.2
36081,4877.2
36082,6502.0
36083,6450.0
36084,10408.0
36085,7584.0
36086,65629.0
36087,6027.0
36088,6630.8
36089,7727.8
36090,3241.2
36091,55712.2
36092,9158.0
36093,47544.2
36094,13251.0
36095,46786.2
36096,2361.0
36097,6160.4
36098,53943.4
36099,38458.6
36100,57250.8
36101,3186.4
36102,3899.8
36103,54608.0
36104,7727.8
36105,6100.6
36106,2982.2
36107,6811.4
36108,9809.2
36109,60869.8
36110,13124.8
36111,4979.0
36112,5270.4
36113,8545.2
36114,44144.0
36115,11966.2
36116,4175.6
36117,3531.0
36118,4640.2
36119,57249.2
36120,7223.4
36121,52586.0
36122,7717.6
36123,42457.0
36124,64831.0
36125,4362.0
36126,45113.6
36127,6195.0
36128,2810.6
36129,54654.4
36130,50051.0
36131,1998.0
36132,50038.2
36133,8306.8
36134,53949.6
36135,4036.6
36136,3000.0
36137,4684.2
36138,4815.6
36139,12093.0
36140,60508.0
36141,40337.8
36142,5632.0
36143,2639.8
36144,2621.0
36145,5774.2
36146,52201.4
36147,43796.8
36148,13592.6
36149,6589.8
36150,2924.0
36151,6475.2
36152,5370.8
36153,44144.0
36154,6509.2
36155,10230.0
36156,7172.2
36157,13118.6
36158,5727.8
36159,13885.2
36160,27792.0
36161,73984.8
36162,3999.0
36163,6271.0
36164,5309.2
36165,2453.6
36166,44305.0
36167,5375.8
36168,7575.8
36169,12055.4
36170,5316.0
36171,3592.0
36172,3149.6
36173,63473.8
36174,14079.8
36175,8048.2
36176,63185.0
36177,2336.0
36178,4989.4
36179,3535.6
36180,57711.4
36181,52038.0
36182,41253.8
36183,6607.2
36184,8127.0
36185,70767.0
36186,44402.4
36187,6931.0
36188,5177.0
36189,6772.8
36190,61851.8
36191,2396.0
36192,2929.2
36193,3140.0
36194,44483.0
36195,7405.2
36196,5102.0
36197,5155.4
36198,5270.8
36199,16917.2
36200,39321.0
36201,5533.0
36202,4422.6
36203,6208.2
36204,49553.0
36205,45257.0
36206,64102.4
36207,7465.4
36208,12460.2
36209,8129.4
36210,8977.6
36211,5833.0
36212,4589.0
36213,64237.8
36214,53152.0
36215,54809.4
36216,9927.2
36217,13329.0
36218,40337.8
36219,56476.0
36220,48269.0
36221,60877.8
36222,7997.6
36223,3861.0
36224,5366.0
36225,3403.4
36226,7140.4
36227,42521.0
36228,6390.6
36229,55293.4
36230,4265.4
36231,32923.0
36232,6157.6
36233,3999.0
36234,61463.2
36235,51673.4
36236,9665.0
36237,11709.0
36238,6489.4
36239,30924.0
36240,65909.8
36241,59854.2
36242,64419.4
36243,2789.6
36244,4344.0
36245,4152.6
36246,2689.8
36247,6138.2
36248,45693.0
36249,52175.0
36250,6067.0
36251,50361.0
36252,47449.0
36253,52377.0
36254,5843.2
36255,6663.4
36256,6461.0
36257,10649.8
36258,68735.4
36259,9557.2
36260,5598.6
36261,2903.0
36262,8006.2
36263,70834.4
36264,5892.0
36265,3096.0
36266,11852.0
36267,2836.0
36268,62679.2
36269,6394.6
36270,3683.4
36271,7135.0
36272,3794.0
36273,13737.2
36274,51457.0
36275,13499.2
36276,4111.0
36277,56181.4
36278,44385.4
36279,11833.6
36280,10230.0
36281,5522.0
36282,5551.0
36283,4764.4
36284,4487.4
36285,4827.0
36286,2193.2
36287,5065.8
36288,5267.6
36289,3858.6
36290,7877.0
36291,66740.8
36292,7716.0
36293,11457.2
36294,65682.4
36295,6797.0
36296,6238.6
36297,64801.6
36298,6963.8
36299,4106.2
36300,47299.8
36301,4263.0
36302,2203.0
36303,6155.4
36304,11929.8
36305,44144.0
36306,4587.2
36307,60978.0
36308,49725.0
36309,5954.0
36310,55983.0
36311,9300.4
36312,12411.0
36313,58072.0
36314,4488.4
36315,6091.8
36316,7706.6
36317,55018.6
36318,54608.0
36319,4950.0
36320,4612.0
36321,53449.4
36322,3379.0
36323,7344.6
36324,6067.0
36325,2150.0
36326,5322.0
36327,10537.8
36328,13200.0
36329,58987.0
36330,8635.4
36331,9971.0
36332,59517.6
36333,6327.2
36334,5559.4
36335,3483.0
36336,4418.4
36337,16091.8
36338,4915.4
36339,6128.0
36340,7297.4
36341,48359.4
36342,6093.8
36343,5160.0
36344,3916.0
36345,55983.0
36346,4337.0
36347,54303.0
36348,45693.0
36349,4781.0
36350,6734.0
36351,2174.8
36352,6497.6
36353,13381.8
36354,2124.0
36355,4227.8
36356,14084.2
36357,28510.0
36358,6758.8
36359,6165.8
36360,5287.0
36361,49564.4
36362,55783.8
36363,61000.6
36364,4500.0
36365,3293.0
36366,8141.2
36367,5239.4
36368,46246.2
36369,54181.2
36370,55267.6
36371,34460.0
36372,9883.8
36373,5943.0
36374,8114.0
36375,5935.6
36376,49833.0
36377,10426.6
36378,62524.0
36379,38671.6
36380,8377.4
36381,4499.0
36382,46918.0
36383,5611.2
36384,6133.0
36385,57629.0
36386,6420.6
36387,7238.6
36388,7397.2
36389,2723.0
36390,2074.0
36391,7821.8
36392,5949.0
36393,5102.0
36394,8972.8
36395,4979.0
36396,9764.0
36397,5292.0
36398,63814.4
36399,14468.6
36400,6026.0
36401,5712.4
36402,3307.6
36403,3014.0
36404,4799.2
36405,54393.0
36406,50957.0
36407,57703.6
36408,4335.0
36409,70009.0
36410,5177.0
36411,8225.2
36412,45257.0
36413,4827.0
36414,27864.0
36415,4417.0
36416,50297.0
36417,2327.0
36418,4371.8
36419,50575.8
36420,4390.8
36421,3726.2
36422,62524.0
36423,4176.0
36424,39499.0
36425,4891.8
36426,4611.8
36427,2050.0
36428,5954.0
36429,28510.0
36430,55088.4
36431,60508.0
36432,6914.6
36433,2327.0
36434,9868.2
36435,4683.0
36436,43289.6
36437,6265.0
36438,3072.0
36439,54684.0
36440,4389.4
36441,55748.0
36442,56333.0
36443,5574.0
36444,10460.8
36445,15897.6
36446,6274.2
36447,51495.4
36448,5248.8
36449,7538.4
36450,1654.0
36451,50649.0
36452,51859.2
36453,10447.2
36454,66671.4
36455,4391.2
36456,6414.6
36457,49725.0
36458,49036.6
36459,3689.2
36460,73970.2
36461,1714.0
36462,49725.0
36463,5350.4
36464,5275.2
36465,10007.6
36466,5892.0
36467,5824.0
36468,13090.6
36469,57710.4
36470,63635.4
36471,11718.0
36472,51707.0
36473,11394.2
36474,6306.0
36475,38099.0
36476,5129.2
36477,7278.6
36478,51439.4
36479,49457.0
36480,61515.6
36481,52118.4
36482,16324.4
36483,4757.0
36484,44280.0
36485,3000.0
36486,6308.0
36487,6177.0
36488,53967.4
36489,7958.0
36490,7584.0
36491,11954.6
36492,4911.4
36493,43935.2
36494,5104.4
36495,5322.0
36496,5331.0
36497,68518.4
36498,55088.4
36499,7514.0
36500,57031.6
36501,43376.0
36502,60014.2
36503,4452.0
36504,27976.0
36505,45693.0
36506,5982.0
36507,51595.0
36508,54896.0
36509,3237.2
36510,13242.0
36511,11140.8
36512,3239.0
36513,5556.4
36514,1830.0
36515,10302.0
36516,5233.4
36517,15499.2
36518,4827.0
36519,41269.0
36520,5761.0
36521,6568.0
36522,44627.0
36523,9743.0
36524,8796.2
36525,64831.0
36526,6453.4
36527,5843.8
36528,6489.2
36529,6028.6
36530,59918.8
36531,7591.6
36532,3963.0
36533,5743.8
36534,11027.8
36535,7010.8
36536,2901.8
36537,56648.0
36538,4339.0
36539,6578.0
36540,3504.8
36541,54608.0
36542,46145.0
36543,6296.0
36544,5402.0
36545,2410.0
36546,6322.0
36547,60530.8
36548,3398.4
36549,11280.2
36550,53209.0
36551,5857.6
36552,5628.4
36553,60253.0
36554,10680.0
36555,11520.0
36556,6092.2
36557,5337.8
36558,2431.2
36559,9801.2
36560,5404.0
36561,62247.2
36562,3900.2
36563,57542.2
36564,3999.0
36565,3385.6
36566,3658.0
36567,5186.2
36568,8043.8
36569,10785.0
36570,3818.0
36571,68496.8
36572,55377.0
36573,4272.0
36574,66525.0
36575,51853.0
36576,3515.6
36577,3450.0
36578,1998.0
36579,5289.0
36580,56476.0
36581,42521.0
36582,7027.0
36583,6706.4
36584,4246.4
36585,12790.8
36586,3652.0
36587,10235.6
36588,8112.0
36589,4229.6
36590,51124.6
36591,59469.0
36592,5120.6
36593,55983.0
36594,7394.4
36595,4905.0
36596,2250.0
36597,6395.0
36598,33147.0
36599,10514.2
36600,11038.0
36601,10848.0
36602,13356.0
36603,5942.0
36604,6972.0
36605,9641.0
36606,9275.0
36607,15025.0
36608,58535.4
36609,15548.8
36610,8444.4
36611,4771.0
36612,12692.6
36613,62100.6
36614,3014.0
36615,3179.4
36616,5102.0
36617,7809.6
36618,52533.4
36619,51055.4
36620,63644.0
36621,6992.4
36622,54337.8
36623,52084.0
36624,84897.2
36625,56272.2
36626,3573.2
36627,5130.6
36628,7550.8
36629,6298.0
36630,3622.8
36631,49260.8
36632,60337.2
36633,59715.4
36634,20760.0
36635,12265.0
36636,5156.6
36637,4896.0
36638,6039.0
36639,49875.8
36640,5194.4
36641,8006.2
36642,9398.8
36643,10425.0
36644,4991.0
36645,63644.0
36646,4209.0
36647,3587.8
36648,4308.4
36649,11266.0
36650,4566.6
36651,68518.4
36652,6696.8
36653,12616.8
36654,4250.8
36655,61516.0
36656,54025.2
36657,4331.0
36658,5761.0
36659,7422.6
36660,14418.0
36661,6587.0
36662,13076.2
36663,7508.6
36664,32859.0
36665,7068.8
36666,54833.8
36667,5594.8
36668,4000.0
36669,9573.8
36670,7727.8
36671,52175.0
36672,11404.2
36673,60821.8
36674,13043.8
36675,54684.0
36676,4123.8
36677,41705.6
36678,5339.0
36679,5793.2
36680,42511.2
36681,7059.4
36682,47731.4
36683,4687.0
36684,11912.2
36685,13255.6
36686,9774.8
36687,2723.0
36688,8126.2
36689,6760.4
36690,2418.2
36691,54110.4
36692,43910.0
36693,41387.4
36694,5547.4
36695,49613.0
36696,46918.0
36697,7081.6
36698,3744.6
36699,46822.6
36700,3903.8
36701,11542.0
36702,5872.0
36703,56300.0
36704,6069.6
36705,69462.4
36706,32923.0
36707,6426.8
36708,2124.0
36709,6513.0
36710,51865.0
36711,5761.0
36712,5672.4
36713,4524.0
36714,4896.0
36715,5465.0
36716,4973.8
36717,64381.0
36718,4499.0
36719,10102.0
36720,7958.0
36721,6033.0
36722,4612.0
36723,4898.0
36724,52752.2
36725,6109.2
36726,4691.6
36727,23838.0
36728,6427.0
36729,9504.2
36730,5631.2
36731,55983.0
36732,11129.8
36733,6166.2
36734,3862.0
36735,5267.6
36736,47503.2
36737,4295.4
36738,6522.8
36739,11713.4
36740,52118.4
36741,5126.0
36742,69042.4
36743,55293.4
36744,12474.4
36745,56590.0
36746,61933.0
36747,7971.8
36748,5381.6
36749,11076.6
36750,10962.4
36751,4030.6
36752,6039.0
36753,58535.4
36754,6078.0
36755,6854.4
36756,2056.0
36757,8674.0
36758,7657.4
36759,5808.6
36760,53835.0
36761,5364.8
36762,12658.6
36763,10575.2
36764,5177.0
36765,5567.8
36766,1998.0
36767,2678.0
36768,57005.0
36769,4969.6
36770,51595.0
36771,48683.2
36772,71775.2
36773,2418.8
36774,49905.0
36775,10680.0
36776,4263.0
36777,54608.0
36778,7488.0
36779,3014.0
36780,6260.4
36781,9532.6
36782,1443.0
36783,7693.0
36784,3121.4
36785,41113.0
36786,6132.0
36787,6165.8
36788,17794.0
36789,3831.0
36790,7950.0
36791,11099.8
36792,6199.8
36793,49639.8
36794,6609.0
36795,2840.2
36796,3404.0
36797,3393.0
36798,63389.0
36799,3423.0
36800,4447.0
36801,45257.0
36802,14651.2
36803,1714.0
36804,5910.4
36805,3863.4
36806,12376.8
36807,8033.4
36808,57342.4
36809,7981.0
36810,9113.0
36811,3721.4
36812,3740.6
36813,54608.0
36814,4230.0
36815,54896.0
36816,4919.8
36817,3100.0
36818,64240.2
36819,61852.0
36820,9614.8
36821,52828.2
36822,44173.2
36823,4568.4
36824,4111.0
36825,4000.0
36826,55790.6
36827,3940.0
36828,6654.4
36829,4448.4
36830,65225.8
36831,4146.6
36832,48959.0
36833,8229.2
36834,7496.0
36835,6078.0
36836,58132.8
36837,2350.8
36838,47549.8
36839,55377.0
36840,54093.0
36841,7126.4
36842,4975.6
36843,3807.4
36844,49553.0
36845,3198.4
36846,53913.8
36847,51345.0
36848,26685.6
36849,6108.0
36850,8208.4
36851,2409.0
36852,12103.4
36853,49913.8
36854,23424.0
36855,49725.0
36856,4331.0
36857,51853.0
36858,3228.6
36859,53164.0
36860,71124.2
36861,51249.0
36862,12185.0
36863,10586.8
36864,6651.0
36865,5239.0
36866,7487.0
36867,6777.2
36868,45221.2
36869,3393.4
36870,5198.0
36871,42078.0
36872,4071.0
36873,48930.0
36874,6488.0
36875,54684.0
36876,6450.0
36877,6435.0
36878,64999.6
36879,47343.6
36880,15285.8
36881,2900.0
36882,10579.0
36883,10921.4
36884,4896.0
36885,5937.0
36886,56702.0
36887,27792.0
36888,12489.0
36889,4130.4
36890,10236.4
36891,55460.0
36892,4885.4
36893,10018.0
36894,5932.8
36895,6825.8
36896,3465.2
36897,6514.0
36898,4485.0
36899,59633.0
36900,47780.6
36901,4028.0
36902,5851.0
36903,6587.0
36904,6082.0
36905,4272.0
36906,4445.0
36907,5817.0
36908,51817.0
36909,7036.0
36910,11226.0
36911,5418.6
36912,60260.0
36913,7328.8
36914,55499.6
36915,3662.4
36916,4529.6
36917,45185.0
36918,6200.2
36919,6324.6
36920,3999.0
36921,2688.0
36922,6037.8
36923,64314.6
36924,65973.8
36925,1714.0
36926,3020.0
36927,1965.6
36928,6553.2
36929,4413.6
36930,5467.0
36931,6499.2
36932,6556.4
36933,44626.2
36934,49613.0
36935,6075.0
36936,50726.4
36937,5823.0
36938,4126.6
36939,7722.4
36940,5931.4
36941,2723.0
36942,49725.0
36943,4012.2
36944,57405.0
36945,5066.4
36946,7029.0
36947,49553.0
36948,6784.0
36949,8043.0
36950,9415.2
36951,6228.6
36952,3999.0
36953,45540.2
36954,50542.2
36955,3737.4
36956,15099.0
36957,6167.6
36958,52354.2
36959,5438.2
36960,3949.2
36961,5034.6
36962,3393.0
36963,15703.8
36964,11898.0
36965,8783.0
36966,5632.6
36967,10129.0
36968,11436.0
36969,13880.0
36970,54608.0
36971,54684.0
36972,8898.0
36973,13158.2
36974,11563.8
36975,1548.0
36976,52377.0
36977,68490.4
36978,3393.0
36979,4149.0
36980,5645.0
36981,72808.6
36982,4672.0
36983,6247.6
36984,35490.0
36985,13158.0
36986,58550.4
36987,3477.0
36988,5443.4
36989,2738.0
36990,18335.8
36991,8065.6
36992,3387.4
36993,71313.8
36994,6568.0
36995,3808.2
36996,46132.8
36997,32923.0
36998,11985.8
36999,44144.0
37000,59441.8
37001,58539.0
37002,56859.0
37003,3862.0
37004,7185.0
37005,8296.0
37006,4089.0
37007,6025.0
37008,67791.4
37009,57031.6
37010,6639.2
37011,5293.4
37012,5041.0
37013,7076.0
37014,11479.6
37015,2939.6
37016,4066.2
37017,68665.0
37018,49613.0
37019,4755.0
37020,57031.6
37021,1776.0
37022,5510.2
37023,4374.8
37024,5179.0
37025,70009.0
37026,2111.0
37027,4970.8
37028,47385.0
37029,48573.6
37030,54765.0
37031,5986.4
37032,62437.8
37033,7320.2
37034,13001.8
37035,67734.6
37036,10836.0
37037,6049.2
37038,69257.8
37039,7080.0
37040,1443.0
37041,49613.0
37042,6413.8
37043,63016.6
37044,2339.0
37045,6583.4
37046,6348.8
37047,55932.6
37048,10741.8
37049,71139.4
37050,5655.4
37051,55475.0
37052,5173.0
37053,53622.6
37054,7412.0
37055,2276.0
37056,64912.0
37057,58180.8
37058,9639.4
37059,68639.0
37060,3090.0
37061,57031.6
37062,11462.4
37063,6443.4
37064,5822.4
37065,50590.4
37066,4564.0
37067,5604.4
37068,70162.4
37069,2124.0
37070,7438.0
37071,49553.0
37072,4889.4
37073,3695.0
37074,6354.8
37075,56702.0
37076,12915.0
37077,4887.4
37078,3617.4
37079,10933.6
37080,50590.4
37081,12327.6
37082,6476.6
37083,5102.0
37084,40402.0
37085,3965.2
37086,56216.4
37087,4216.8
37088,4499.0
37089,57501.6
37090,46156.4
37091,12817.4
37092,5985.0
37093,49146.8
37094,5788.6
37095,54896.0
37096,71124.2
37097,7665.6
37098,5742.4
37099,5597.4
37100,10462.2
37101,5783.2
37102,12054.0
37103,3862.0
37104,8411.4
37105,4337.0
37106,3985.6
37107,8357.2
37108,4996.8
37109,7758.6
37110,5670.8
37111,3988.0
37112,2623.0
37113,65198.8
37114,7412.0
37115,73557.2
37116,5441.0
37117,5622.6
37118,4781.2
37119,47956.4
37120,10137.2
37121,57274.4
37122,4052.8
37123,5985.2
37124,5564.8
37125,6268.2
37126,7728.0
37127,27864.0
37128,71524.4
37129,45995.2
37130,4111.0
37131,7530.2
37132,32923.0
37133,7488.0
37134,4488.4
37135,5260.0
37136,6043.0
37137,9336.4
37138,17305.4
37139,5266.2
37140,61852.0
37141,10722.0
37142,10018.0
37143,5354.4
37144,4351.6
37145,48269.0
37146,52287.0
37147,4694.4
37148,5206.0
37149,7066.6
37150,4321.8
37151,55694.4
37152,5383.0
37153,7156.2
37154,4564.0
37155,7044.2
37156,2464.0
37157,70246.6
37158,51865.0
37159,13310.2
37160,9941.6
37161,5942.0
37162,2860.0
37163,57981.4
37164,4422.0
37165,2464.0
37166,67376.0
37167,6520.2
37168,4623.8
37169,6565.8
37170,4496.0
37171,6067.0
37172,52025.2
37173,60508.0
37174,6462.8
37175,58300.8
37176,4111.0
37177,10025.0
37178,4094.0
37179,60978.0
37180,9017.0
37181,4319.4
37182,4867.0
37183,32859.0
37184,11105.6
37185,49725.0
37186,15949.6
37187,11019.4
37188,54513.8
37189,3695.0
37190,5761.0
37191,3839.0
37192,6883.0
37193,2276.0
37194,5029.0
37195,6711.4
37196,4464.8
37197,1714.0
37198,10749.0
37199,7352.0
37200,13451.0
37201,5625.0
37202,57031.6
37203,3862.0
37204,6324.6
37205,13451.6
37206,4633.4
37207,50600.0
37208,4940.8
37209,8102.4
37210,4991.4
37211,54025.2
37212,3677.0
37213,10732.6
37214,10373.4
37215,3900.4
37216,52271.6
37217,12220.2
37218,1776.0
37219,7352.0
37220,49725.0
37221,3668.2
37222,5754.4
37223,5915.2
37224,54115.0
37225,6461.0
37226,7956.2
37227,52063.0
37228,36700.0
37229,9147.4
37230,15540.4
37231,15679.4
37232,6791.0
37233,5647.6
37234,37805.2
37235,6626.6
37236,5408.0
37237,10529.2
37238,66256.0
37239,5293.4
37240,23424.0
37241,4576.8
37242,2409.0
37243,67600.2
37244,45221.2
37245,4821.4
37246,4338.0
37247,53017.4
37248,60008.0
37249,24234.0
37250,75452.2
37251,4498.0
37252,58039.6
37253,7672.4
37254,13734.6
37255,5444.2
37256,5949.0
37257,1830.0
37258,4655.6
37259,5277.6
37260,7159.0
37261,12216.8
37262,8151.0
37263,6445.6
37264,11892.6
37265,2410.0
37266,60396.0
37267,3096.0
37268,49613.0
37269,5250.0
37270,2457.4
37271,32739.4
37272,6586.0
37273,44013.0
37274,10542.0
37275,2201.0
37276,48826.0
37277,19944.4
37278,49725.0
37279,4618.8
37280,6450.0
37281,5848.8
37282,5440.0
37283,2201.0
37284,43388.2
37285,5698.6
37286,2577.2
37287,3288.0
37288,2098.0
37289,49146.8
37290,69882.6
37291,3092.4
37292,6814.2
37293,5012.2
37294,6303.2
37295,10152.4
37296,7958.0
37297,4496.0
37298,5272.6
37299,57031.6
37300,5763.4
37301,15273.8
37302,2738.0
37303,9885.8
37304,64553.8
37305,5943.0
37306,3185.8
37307,67376.0
37308,6051.6
37309,44187.6
37310,4589.0
37311,29544.0
37312,57661.8
37313,5681.4
37314,4941.8
37315,10098.2
37316,9032.2
37317,5949.4
37318,9695.6
37319,12592.6
37320,4500.0
37321,7107.2
37322,2339.0
37323,13742.0
37324,7870.6
37325,57473.0
37326,10744.0
37327,5242.0
37328,44468.6
37329,60660.0
37330,54809.4
37331,6117.2
37332,4499.0
37333,3334.0
37334,4746.8
37335,12642.0
37336,3526.4
37337,3964.4
37338,3365.8
37339,11414.6
37340,4333.2
37341,15529.2
37342,6212.0
37343,4961.6
37344,6158.0
37345,53655.8
37346,5949.0
37347,3999.0
37348,13704.0
37349,13956.0
37350,11463.8
37351,12092.8
37352,41269.0
37353,2839.8
37354,47585.0
37355,11140.4
37356,3330.0
37357,7496.0
37358,17794.0
37359,41269.0
37360,10668.0
37361,2228.0
37362,8730.2
37363,3862.0
37364,7900.0
37365,10690.6
37366,1788.0
37367,63644.0
37368,11005.2
37369,50590.4
37370,4173.0
37371,3979.0
37372,27976.0
37373,6753.2
37374,7958.0
37375,71234.2
37376,30278.4
37377,58606.0
37378,15168.2
37379,8111.0
37380,58671.4
37381,7769.2
37382,12578.8
37383,7425.0
37384,52901.4
37385,53813.6
37386,3254.6
37387,44144.0
37388,6553.4
37389,6847.0
37390,5273.0
37391,4888.0
37392,3826.0
37393,9167.0
37394,4471.0
37395,4565.0
37396,32923.0
37397,40337.8
37398,44144.0
37399,53780.8
37400,7587.4
37401,46389.8
37402,11539.6
37403,7238.6
37404,4885.4
37405,64583.0
37406,6970.4
37407,8946.4
37408,46181.8
37409,13200.2
37410,3393.0
37411,51595.0
37412,2766.0
37413,6218.2
37414,3868.8
37415,66612.2
37416,37207.2
37417,9511.4
37418,4402.8
37419,73274.8
37420,64531.4
37421,3326.8
37422,4865.8
37423,49553.0
37424,11686.0
37425,5814.6
37426,6985.0
37427,13977.2
37428,3423.0
37429,7903.6
37430,22152.0
37431,55763.4
37432,4084.0
37433,6369.6
37434,6324.0
37435,8730.2
37436,4399.6
37437,55502.0
37438,13347.0
37439,10676.0
37440,3955.4
37441,3929.0
37442,45693.0
37443,66230.2
37444,6676.2
37445,58747.4
37446,4842.6
37447,4499.0
37448,54787.4
37449,2418.8
37450,9420.2
37451,6248.4
37452,5949.0
37453,2619.0
37454,18063.2
37455,5768.0
37456,57117.2
37457,48289.0
37458,3592.8
37459,23484.0
37460,6548.0
37461,3865.0
37462,7186.0
37463,2888.2
37464,65629.0
37465,41269.0
37466,5206.0
37467,9297.6
37468,6070.0
37469,4445.6
37470,12034.6
37471,7965.2
37472,6325.0
37473,10547.6
37474,6639.0
37475,5888.0
37476,7507.4
37477,6316.0
37478,2313.0
37479,3797.4
37480,57578.2
37481,3780.6
37482,50147.0
37483,2480.0
37484,7178.0
37485,6109.0
37486,61623.6
37487,2767.0
37488,56093.8
37489,8281.0
37490,60160.0
37491,5845.4
37492,57036.8
37493,54684.0
37494,4969.8
37495,55377.0
37496,24056.0
37497,3106.0
37498,59652.4
37499,59021.0
37500,6091.6
37501,48742.8
37502,11776.2
37503,7444.2
37504,4254.0
37505,2208.8
37506,6053.0
37507,53959.4
37508,6017.4
37509,62967.6
37510,66869.2
37511,8570.4
37512,4983.8
37513,3998.2
37514,3096.0
37515,3096.0
37516,5292.0
37517,4545.0
37518,7519.4
37519,40938.4
37520,49418.8
37521,70131.4
37522,3891.2
37523,13863.2
37524,6316.6
37525,10354.6
37526,5782.2
37527,72364.0
37528,61000.6
37529,7514.6
37530,65615.0
37531,15027.0
37532,17604.0
37533,4702.8
37534,11247.0
37535,7546.2
37536,5475.4
37537,2899.2
37538,5024.6
37539,4111.0
37540,9179.4
37541,6172.6
37542,64643.4
37543,6342.4
37544,6728.0
37545,6846.0
37546,18187.6
37547,5102.0
37548,15544.4
37549,2901.8
37550,5606.0
37551,10217.8
37552,6450.0
37553,5438.8
37554,5672.4
37555,6039.0
37556,7777.2
37557,47503.2
37558,57005.0
37559,13494.0
37560,8922.8
37561,4411.0
37562,67791.4
37563,11747.4
37564,5591.0
37565,14341.2
37566,15109.8
37567,2421.0
37568,44133.0
37569,3090.0
37570,53197.0
37571,2966.0
37572,60847.4
37573,7864.8
37574,3754.0
37575,3172.8
37576,11500.6
37577,5124.2
37578,3647.4
37579,4337.0
37580,6502.0
37581,20815.4
37582,5366.0
37583,5153.4
37584,29992.0
37585,1551.0
37586,11735.6
37587,55506.0
37588,47722.0
37589,10711.8
37590,5727.2
37591,57790.4
37592,42116.2
37593,11899.0
37594,1714.0
37595,25818.8
37596,2723.0
37597,2336.0
37598,49725.0
37599,61135.0
37600,15328.4
37601,48410.8
37602,6587.0
37603,4771.6
37604,5761.0
37605,52297.2
37606,6075.0
37607,4443.0
37608,11810.0
37609,2336.0
37610,1839.6
37611,4252.8
37612,3964.4
37613,2607.4
37614,40337.8
37615,5954.0
37616,10164.2
37617,50748.2
37618,4061.8
37619,5133.4
37620,5126.8
37621,5762.6
37622,12576.8
37623,6587.0
37624,3433.0
37625,3020.0
37626,6867.6
37627,4343.0
37628,4787.6
37629,8143.4
37630,53164.0
37631,54582.4
37632,46578.6
37633,5761.0
37634,52211.4
37635,5892.0
37636,5393.4
37637,4001.0
37638,11184.0
37639,5293.0
37640,6394.4
37641,48359.4
37642,51372.0
37643,46769.0
37644,4717.4
37645,59773.4
37646,8418.8
37647,4711.2
37648,4979.0
37649,9522.8
37650,5063.2
37651,9049.8
37652,4417.0
37653,7423.0
37654,4501.0
37655,4434.0
37656,7181.8
37657,4453.0
37658,10606.8
37659,63644.0
37660,59581.0
37661,1830.0
37662,61735.6
37663,49713.8
37664,16858.2
37665,49725.0
37666,16247.8
37667,4572.2
37668,8186.0
37669,4080.0
37670,49505.2
37671,3003.0
37672,4665.2
37673,4995.0
37674,12365.8
37675,4449.0
37676,14397.4
37677,46145.0
37678,38477.2
37679,36050.4
37680,5702.8
37681,12408.8
37682,5180.2
37683,20684.0
37684,54481.0
37685,3961.0
37686,5959.0
37687,53209.0
37688,50038.2
37689,65975.8
37690,4335.0
37691,5858.2
37692,4323.0
37693,17230.0
37694,59377.0
37695,6151.2
37696,5132.2
37697,4472.2
37698,50683.6
37699,47367.2
37700,5712.4
37701,57081.0
37702,16299.0
37703,9228.0
37704,54654.4
37705,6770.6
37706,3908.8
37707,60253.0
37708,4510.0
37709,9201.0
37710,7525.6
37711,6776.0
37712,49553.0
37713,51595.0
37714,38099.0
37715,3265.2
37716,5070.4
37717,2674.6
37718,2772.4
37719,3766.8
37720,44626.2
37721,6212.8
37722,3855.8
37723,31436.0
37724,3879.0
37725,5102.0
37726,3014.0
37727,55694.4
37728,4296.2
37729,58685.0
37730,7061.0
37731,7425.0
37732,52287.0
37733,7563.2
37734,4576.0
37735,55967.0
37736,7465.4
37737,3475.4
37738,63545.8
37739,6871.4
37740,2203.0
37741,44144.0
37742,5247.4
37743,5715.0
37744,58595.4
37745,3126.6
37746,4452.0
37747,3365.8
37748,15764.2
37749,56652.8
37750,4759.0
37751,4500.0
37752,35490.0
37753,8734.0
37754,54541.0
37755,49959.8
37756,6607.4
37757,7352.0
37758,45665.0
37759,60396.2
37760,4780.6
37761,49725.0
37762,4447.8
37763,61843.4
37764,4056.0
37765,4896.0
37766,15552.0
37767,46127.4
37768,57253.2
37769,1830.0
37770,45422.4
37771,5177.0
37772,56476.0
37773,26922.6
37774,6997.6
37775,6298.0
37776,4075.2
37777,54608.0
37778,5888.0
37779,7514.0
37780,4902.0
37781,50775.4
37782,52462.2
37783,22832.0
37784,58021.8
37785,67321.0
37786,51732.8
37787,2361.0
37788,7875.8
37789,12918.0
37790,67824.0
37791,10828.0
37792,12579.6
37793,3114.0
37794,7446.0
37795,7658.0
37796,5232.0
37797,56075.0
37798,5982.4
37799,3862.0
37800,3787.8
37801,6453.6
37802,9116.6
37803,43000.4
37804,53033.2
37805,57081.0
37806,51707.0
37807,67891.4
37808,5465.6
37809,6923.6
37810,13450.4
37811,83168.2
37812,2327.0
37813,2706.2
37814,8719.6
37815,73988.2
37816,13163.2
37817,16024.0
37818,2439.4
37819,53263.8
37820,3140.0
37821,44144.0
37822,60396.0
37823,3616.6
37824,5413.6
37825,6578.0
37826,4993.2
37827,5287.2
37828,2213.0
37829,2343.0
37830,4390.2
37831,2276.0
37832,4514.4
37833,13999.6
37834,4114.6
37835,3798.2
37836,4827.0
37837,6567.6
37838,6186.0
37839,63545.8
37840,53205.8
37841,43731.4
37842,6607.8
37843,50902.8
37844,4568.6
37845,9014.2
37846,38143.4
37847,5900.0
37848,6509.8
37849,5843.6
37850,3854.8
37851,7025.6
37852,4513.6
37853,52063.2
37854,6082.0
37855,54256.0
37856,15960.0
37857,4755.0
37858,59066.0
37859,4095.8
37860,6461.0
37861,5949.0
37862,6963.8
37863,7010.0
37864,59264.0
37865,4106.0
37866,2343.0
37867,3354.0
37868,61426.0
37869,12729.2
37870,3551.0
37871,45883.0
37872,12148.8
37873,10425.8
37874,56588.0
37875,5315.6
37876,43554.6
37877,60508.0
37878,3498.2
37879,6461.0
37880,4896.0
37881,6223.0
37882,44209.8
37883,5322.0
37884,10614.6
37885,6365.6
37886,7958.0
37887,11520.0
37888,3000.0
37889,9362.4
37890,46525.0
37891,5769.8
37892,10470.0
37893,3622.2
37894,55023.4
37895,7027.2
37896,12086.8
37897,4998.8
37898,7569.0
37899,8968.8
37900,5473.6
37901,6378.6
37902,3432.6
37903,7649.8
37904,6502.0
37905,5307.8
37906,2339.0
37907,5910.4
37908,10691.0
37909,58481.0
37910,13481.6
37911,8864.6
37912,12441.2
37913,4173.0
37914,50355.4
37915,23838.0
37916,5167.4
37917,5701.4
37918,4847.0
37919,2476.0
37920,57903.0
37921,1788.0
37922,13425.6
37923,45693.0
37924,6035.6
37925,3499.0
37926,43149.2
37927,57501.6
37928,7044.0
37929,57859.2
37930,7410.0
37931,2480.0
37932,54608.0
37933,4511.0
37934,44164.2
37935,4313.6
37936,16581.0
37937,4780.4
37938,2921.4
37939,3092.4
37940,11864.4
37941,4896.0
37942,7140.2
37943,5764.2
37944,15144.6
37945,51707.0
37946,80537.0
37947,7335.8
37948,6665.8
37949,53743.0
37950,3716.2
37951,46947.0
37952,55424.4
37953,6639.0
37954,7154.6
37955,9023.8
37956,61695.0
37957,13268.8
37958,4022.8
37959,71402.4
37960,23898.0
37961,23944.0
37962,2936.0
37963,3605.0
37964,4757.8
37965,3771.8
37966,6473.4
37967,8829.0
37968,6015.4
37969,7364.6
37970,53209.0
37971,4124.0
37972,3813.6
37973,65475.4
37974,6115.0
37975,10800.6
37976,5498.8
37977,2758.2
37978,5327.2
37979,41314.0
37980,2339.0
37981,54684.0
37982,4827.0
37983,5760.0
37984,23868.0
37985,68130.8
37986,6129.0
37987,10414.8
37988,7212.2
37989,4724.4
37990,56009.0
37991,5322.0
37992,54256.6
37993,12683.8
37994,4000.0
37995,4343.0
37996,47503.2
37997,5462.6
37998,18639.0
37999,5499.0
38000,10794.4
38001,1998.0
38002,4984.0
38003,4843.6
38004,5102.0
38005,3393.0
38006,11211.8
38007,1277.2
38008,45043.6
38009,6062.2
38010,5632.0
38011,3999.0
38012,44483.0
38013,2124.0
38014,5827.4
38015,45185.0
38016,56075.0
38017,11530.2
38018,10420.6
38019,6488.0
38020,12453.0
38021,7213.0
38022,4548.0
38023,5817.0
38024,2022.4
38025,13620.4
38026,9141.0
38027,7612.8
38028,33223.2
38029,67004.0
38030,4511.0
38031,5244.0
38032,2652.4
38033,5779.4
38034,55952.8
38035,10006.0
38036,1977.0
38037,5585.8
38038,2464.0
38039,3873.4
38040,52491.0
38041,3393.0
38042,62032.2
38043,2940.0
38044,45540.2
38045,44144.0
38046,6310.8
38047,64419.4
38048,6488.0
38049,14996.2
38050,9295.6
38051,10533.8
38052,6471.2
38053,4551.2
38054,7053.0
38055,6634.0
38056,54393.0
38057,6746.4
38058,4658.0
38059,6568.0
38060,6437.0
38061,59596.8
38062,6289.4
38063,20684.0
38064,52948.4
38065,55377.0
38066,8893.0
38067,10637.8
38068,4566.0
38069,4007.0
38070,5462.0
38071,4500.0
38072,59428.4
38073,55143.6
38074,4920.2
38075,6069.6
38076,5953.0
38077,7805.2
38078,1924.0
38079,12917.2
38080,3908.6
38081,5525.0
38082,15689.4
38083,13076.2
38084,7990.6
38085,7036.0
38086,3785.2
38087,6570.0
38088,6308.0
38089,52999.4
38090,5955.0
38091,4000.0
38092,4083.2
38093,6586.6
38094,37985.0
38095,8990.4
38096,6247.6
38097,5441.6
38098,43566.2
38099,3475.0
38100,10021.8
38101,5911.6
38102,9252.4
38103,6747.8
38104,62120.6
38105,62000.0
38106,50075.4
38107,3151.4
38108,7412.0
38109,4527.0
38110,8891.4
38111,52175.0
38112,69840.2
38113,70108.8
38114,49260.8
38115,24056.0
38116,6167.6
38117,3858.0
38118,71510.8
38119,49800.6
38120,51031.0
38121,60978.0
38122,6578.0
38123,7443.0
38124,11635.2
38125,55143.4
38126,3862.8
38127,67851.6
38128,5949.0
38129,5090.0
38130,57031.6
38131,10900.6
38132,5296.2
38133,3000.0
38134,59312.0
38135,5613.8
38136,4105.6
38137,60396.0
38138,8258.2
38139,52522.0
38140,2201.0
38141,14045.6
38142,4312.2
38143,3988.0
38144,2260.8
38145,48645.6
38146,11479.6
38147,7950.0
38148,4423.8
38149,3664.4
38150,4881.6
38151,57903.0
38152,9509.2
38153,22140.0
38154,13260.8
38155,8218.0
38156,75872.8
38157,6685.2
38158,54684.0
38159,5712.6
38160,42578.6
38161,5219.6
38162,6568.0
38163,4002.0
38164,3528.8
38165,13311.4
38166,24211.4
38167,44280.0
38168,6476.6
38169,3911.0
38170,65906.4
38171,56196.2
38172,4173.0
38173,57393.0
38174,16212.0
38175,4050.4
38176,5831.4
38177,3106.0
38178,41547.0
38179,6871.4
38180,9869.4
38181,4177.0
38182,5373.6
38183,5771.0
38184,12102.0
38185,4416.0
38186,6319.0
38187,45665.0
38188,52773.6
38189,17208.6
38190,22483.6
38191,2098.0
38192,4452.0
38193,4506.0
38194,5493.2
38195,6949.2
38196,6280.0
38197,55763.4
38198,54157.4
38199,6412.8
38200,53939.4
38201,47449.0
38202,5949.0
38203,5843.0
38204,39063.4
38205,5263.2
38206,3289.0
38207,13398.0
38208,63523.4
38209,6502.0
38210,11653.6
38211,17367.0
38212,5895.8
38213,7425.0
38214,5196.4
38215,4501.0
38216,3869.0
38217,7663.6
38218,6570.2
38219,5986.4
38220,2749.6
38221,50590.4
38222,16653.0
38223,63720.2
38224,5280.6
38225,5853.0
38226,53813.6
38227,38099.0
38228,51496.0
38229,50353.0
38230,2339.0
38231,3683.0
38232,3020.6
38233,4491.0
38234,5985.8
38235,8782.0
38236,7021.0
38237,7487.0
38238,59469.0
38239,5966.2
38240,6473.0
38241,4830.6
38242,5162.2
38243,12096.0
38244,10182.2
38245,55293.4
38246,44402.4
38247,39321.0
38248,12490.4
38249,6047.0
38250,5127.8
38251,6769.6
38252,12847.6
38253,45257.0
38254,11164.6
38255,8925.2
38256,47367.2
38257,17256.4
38258,6450.0
38259,6115.2
38260,29532.0
38261,5042.0
38262,4787.6
38263,4001.0
38264,63592.0
38265,2715.6
38266,2924.0
38267,8286.2
38268,66399.4
38269,58469.4
38270,8042.4
38271,6091.6
38272,63592.0
38273,2457.4
38274,4910.2
38275,25316.0
38276,5578.8
38277,54283.4
38278,5178.0
38279,8016.8
38280,67393.8
38281,56527.8
38282,63463.4
38283,3313.6
38284,52867.4
38285,8227.4
38286,50576.2
38287,50590.4
38288,6389.2
38289,32859.0
38290,6472.6
38291,4896.0
38292,10495.8
38293,2201.0
38294,6568.0
38295,7729.8
38296,65113.8
38297,17409.0
38298,13339.6
38299,5632.8
38300,47330.8
38301,4756.0
38302,5014.6
38303,2903.0
38304,5800.8
38305,7092.4
38306,44280.0
38307,56272.2
38308,7151.8
38309,54183.4
38310,60601.0
38311,68272.0
38312,12386.4
38313,3988.0
38314,6870.0
38315,64316.0
38316,2758.0
38317,4577.0
38318,50987.8
38319,6076.6
38320,6146.6
38321,5483.4
38322,29532.0
38323,4792.0
38324,7412.0
38325,53421.0
38326,41064.0
38327,5213.0
38328,14712.2
38329,56207.0
38330,4918.4
38331,4437.8
38332,32008.0
38333,5429.8
38334,73401.8
38335,61517.6
38336,2567.4
38337,4508.8
38338,7334.4
38339,4111.0
38340,50394.2
38341,68177.8
38342,10230.6
38343,69130.6
38344,4979.0
38345,6320.2
38346,58348.8
38347,5292.6
38348,10710.6
38349,6620.4
38350,11150.4
38351,5952.4
38352,8208.4
38353,3000.0
38354,5454.6
38355,4913.4
38356,5955.0
38357,5020.0
38358,49853.8
38359,1551.0
38360,50733.0
38361,3572.0
38362,40015.8
38363,2464.0
38364,66612.2
38365,1714.0
38366,60396.2
38367,6190.4
38368,5564.6
38369,5358.6
38370,5080.4
38371,57031.6
38372,52522.6
38373,4656.0
38374,63635.4
38375,57920.0
38376,7767.2
38377,2074.0
38378,6425.8
38379,11544.0
38380,59231.0
38381,53030.6
38382,17634.6
38383,6395.0
38384,76817.6
38385,8230.0
38386,1551.0
38387,5900.0
38388,63025.8
38389,54736.6
38390,64851.4
38391,5581.6
38392,6519.0
38393,17604.0
38394,4452.0
38395,6335.6
38396,53195.4
38397,55456.0
38398,6450.0
38399,2480.0
38400,6414.0
38401,14027.6
38402,57920.0
38403,44239.6
38404,56207.0
38405,50590.4
38406,65158.4
38407,7888.0
38408,5756.2
38409,57367.6
38410,3156.4
38411,27792.0
38412,5668.2
38413,9579.4
38414,68840.6
38415,17703.6
38416,54337.8
38417,57024.0
38418,11273.0
38419,60508.0
38420,11523.4
38421,5408.4
38422,41063.6
38423,49725.0
38424,8039.0
38425,5505.4
38426,2105.0
38427,8244.4
38428,11560.4
38429,7487.0
38430,5102.0
38431,1551.0
38432,9637.2
38433,16188.8
38434,4103.4
38435,13566.0
38436,4327.2
38437,23859.2
38438,57229.0
38439,6287.2
38440,3020.6
38441,16077.0
38442,3000.0
38443,3381.0
38444,4575.4
38445,6333.0
38446,69244.0
38447,13252.8
38448,5829.2
38449,44144.0
38450,5441.0
38451,33223.2
38452,48683.2
38453,48697.6
38454,14404.6
38455,3379.0
38456,3988.0
38457,5518.8
38458,50590.4
38459,44230.8
38460,2261.8
38461,4417.0
38462,7123.6
38463,3690.4
38464,51595.0
38465,11108.2
38466,9121.6
38467,2245.4
38468,2767.0
38469,3709.4
38470,12860.4
38471,7487.0
38472,4678.8
38473,2477.0
38474,5886.0
38475,52084.0
38476,53764.2
38477,45693.0
38478,40732.0
38479,7278.6
38480,4209.4
38481,62725.4
38482,27864.0
38483,58906.8
38484,4392.2
38485,6450.0
38486,52313.0
38487,8111.0
38488,45185.0
38489,49146.8
38490,2250.0
38491,2723.0
38492,8606.0
38493,53743.0
38494,53835.0
38495,5778.6
38496,37526.0
38497,8275.0
38498,6436.6
38499,3449.4
38500,60113.8
38501,6460.0
38502,13199.4
38503,6451.0
38504,6252.8
38505,6502.0
38506,3701.8
38507,6067.0
38508,3814.4
38509,3716.2
38510,3298.4
38511,11709.0
38512,48509.6
38513,4843.8
38514,60389.2
38515,48659.6
38516,4139.2
38517,7478.0
38518,47342.8
38519,3329.4
38520,1913.4
38521,6109.0
38522,6206.4
38523,6734.6
38524,5563.6
38525,3393.0
38526,5483.8
38527,5467.4
38528,56713.6
38529,50967.8
38530,17494.6
38531,5892.0
38532,7412.0
38533,3847.0
38534,10834.4
38535,75364.6
38536,8728.0
38537,49378.4
38538,3375.8
38539,2477.0
38540,6866.0
38541,67119.4
38542,48959.0
38543,5175.8
38544,5949.0
38545,8452.2
38546,56183.4
38547,12621.4
38548,1714.0
38549,54608.0
38550,5014.4
38551,5642.2
38552,64777.8
38553,10134.8
38554,48269.0
38555,4499.0
38556,7721.8
38557,53813.6
38558,28510.0
38559,70333.0
38560,59469.0
38561,6193.2
38562,4094.0
38563,8982.8
38564,7735.0
38565,5011.0
38566,13703.8
38567,6639.6
38568,4135.2
38569,4499.0
38570,72544.8
38571,6086.0
38572,5746.0
38573,42089.0
38574,9894.4
38575,7588.8
38576,2201.0
38577,10249.8
38578,3393.0
38579,5507.8
38580,3916.0
38581,5154.4
38582,59239.8
38583,3709.4
38584,8587.4
38585,6161.0
38586,45695.8
38587,6879.8
38588,51707.0
38589,4048.0
38590,8568.6
38591,7697.4
38592,55905.0
38593,60220.2
38594,49884.0
38595,11541.0
38596,2150.0
38597,6994.4
38598,4485.0
38599,5991.8
38600,5636.8
38601,3318.0
38602,5942.0
38603,5550.8
38604,4501.0
38605,58039.6
38606,3988.0
38607,85423.8
38608,4966.0
38609,50528.0
38610,67813.8
38611,3900.2
38612,9391.8
38613,2966.0
38614,4677.0
38615,14094.6
38616,4804.0
38617,2201.0
38618,6376.8
38619,4959.2
38620,5688.2
38621,4916.0
38622,3000.0
38623,6117.8
38624,3999.0
38625,11426.0
38626,6108.4
38627,4497.0
38628,6274.6
38629,8174.4
38630,3533.2
38631,48945.2
38632,56671.0
38633,25035.2
38634,7160.8
38635,5185.2
38636,60977.0
38637,4695.2
38638,5499.4
38639,44144.0
38640,13602.0
38641,5882.6
38642,3516.0
38643,37985.0
38644,4658.0
38645,66973.0
38646,4850.0
38647,1714.0
38648,10092.2
38649,13309.0
38650,4851.2
38651,50726.4
38652,6067.0
38653,37671.6
38654,3971.0
38655,72808.6
38656,13230.0
38657,47585.0
38658,5076.0
38659,48413.0
38660,49725.0
38661,58125.0
38662,2124.0
38663,6109.0
38664,4754.0
38665,2318.4
38666,47449.0
38667,4042.0
38668,6395.0
38669,3535.0
38670,7434.2
38671,55983.0
38672,30350.4
38673,4510.0
38674,3645.6
38675,4040.0
38676,7626.2
38677,9498.0
38678,9139.4
38679,4248.0
38680,7999.8
38681,63075.4
38682,3100.0
38683,54608.0
38684,51595.0
38685,4851.6
38686,6166.4
38687,5328.6
38688,17085.6
38689,6985.0
38690,53813.6
38691,5177.0
38692,4165.0
38693,4499.0
38694,6085.0
38695,1105.0
38696,5605.0
38697,4496.0
38698,37832.0
38699,6375.2
38700,49707.4
38701,52083.2
38702,3459.8
38703,3373.6
38704,7075.2
38705,5448.4
38706,6186.0
38707,22152.0
38708,45426.2
38709,6195.8
38710,1980.0
38711,5388.0
38712,9848.6
38713,7205.6
38714,7401.6
38715,11246.6
38716,4662.4
38717,4990.2
38718,45895.4
38719,7774.0
38720,7551.0
38721,2413.4
38722,7492.4
38723,3986.0
38724,6568.0
38725,7902.2
38726,4962.4
38727,4496.0
38728,4229.6
38729,45422.4
38730,46710.4
38731,4856.4
38732,58573.0
38733,2074.0
38734,5102.0
38735,5510.8
38736,52410.2
38737,2901.0
38738,56476.0
38739,2410.0
38740,4410.8
38741,4308.2
38742,54608.0
38743,7425.0
38744,45693.0
38745,68333.2
38746,6476.6
38747,2796.2
38748,4636.6
38749,2454.2
38750,55705.4
38751,3124.8
38752,54553.0
38753,9726.6
38754,2464.0
38755,5316.4
38756,6082.0
38757,8288.2
38758,2518.0
38759,11303.2
38760,1998.0
38761,10513.0
38762,61471.0
38763,44109.2
38764,62367.0
38765,75578.6
38766,54989.0
38767,4499.0
38768,3536.4
38769,13406.2
38770,57800.0
38771,6502.0
38772,22152.0
38773,10883.0
38774,13536.0
38775,57671.0
38776,14191.6
38777,15644.4
38778,6027.2
38779,73653.8
38780,7776.8
38781,4262.0
38782,10954.0
38783,60601.0
38784,60601.0
38785,10764.0
38786,9113.0
38787,5513.0
38788,3185.0
38789,49613.0
38790,7469.4
38791,3000.0
38792,7545.4
38793,10231.8
38794,5975.2
38795,59218.0
38796,3083.6
38797,4447.0
38798,10963.8
38799,4162.0
38800,7446.0
38801,70144.4
38802,54765.0
38803,7083.0
38804,2623.0
38805,48170.4
38806,7644.4
38807,5960.0
38808,59254.0
38809,3866.0
38810,14627.8
38811,5937.4
38812,6509.8
38813,5955.0
38814,12391.6
38815,12034.0
38816,47205.0
38817,6091.6
38818,11520.0
38819,15360.0
38820,54684.0
38821,3096.6
38822,3862.0
38823,3984.2
38824,52313.0
38825,4915.6
38826,3070.0
38827,61473.4
38828,46686.2
38829,51457.0
38830,72719.4
38831,24056.0
38832,54582.4
38833,4829.4
38834,51707.0
38835,52175.0
38836,13465.2
38837,6578.0
38838,6383.6
38839,12958.0
38840,4499.0
38841,13959.6
38842,54896.0
38843,44144.0
38844,10831.6
38845,2410.0
38846,4683.0
38847,27864.0
38848,49553.0
38849,7169.6
38850,9375.8
38851,55425.4
38852,6127.6
38853,5836.8
38854,54956.0
38855,6956.0
38856,5352.0
38857,7248.6
38858,1998.0
38859,6132.0
38860,10606.2
38861,64316.0
38862,6247.6
38863,2614.0
38864,6861.6
38865,60351.0
38866,4750.0
38867,6901.2
38868,57089.8
38869,11236.8
38870,54896.0
38871,7212.0
38872,2481.8
38873,3988.0
38874,49725.0
38875,65234.4
38876,52725.2
38877,49207.0
38878,28577.8
38879,5876.8
38880,5225.8
38881,49613.0
38882,5083.8
38883,18976.6
38884,14409.8
38885,71992.0
38886,5500.0
38887,26620.0
38888,57081.0
38889,5375.2
38890,5968.2
38891,3393.0
38892,4564.0
38893,9739.4
38894,4222.8
38895,87581.0
38896,53209.0
38897,16291.2
38898,64665.8
38899,41839.0
38900,3536.6
38901,4634.6
38902,6755.2
38903,3090.0
38904,39905.4
38905,6420.4
38906,10149.8
38907,41063.6
38908,14901.2
38909,12133.0
38910,8207.8
38911,6105.6
38912,12311.6
38913,7153.0
38914,66300.6
38915,2729.4
38916,4502.0
38917,58438.2
38918,53743.0
38919,2878.2
38920,5177.0
38921,13109.6
38922,6826.6
38923,45693.0
38924,5103.0
38925,3673.4
38926,7973.8
38927,59234.6
38928,3516.0
38929,2640.4
38930,4054.0
38931,60439.0
38932,51817.0
38933,7721.0
38934,2637.0
38935,6455.0
38936,11770.8
38937,4321.0
38938,52891.8
38939,2913.4
38940,10941.8
38941,65703.4
38942,65503.0
38943,9962.2
38944,4108.4
38945,47657.0
38946,6887.4
38947,7562.6
38948,14937.2
38949,7295.0
38950,61135.0
38951,12918.0
38952,4896.0
38953,6568.0
38954,4284.8
38955,4748.0
38956,4672.0
38957,13997.0
38958,4656.8
38959,6623.4
38960,57031.6
38961,4425.0
38962,6926.2
38963,66035.2
38964,53813.6
38965,3024.0
38966,5694.8
38967,2410.0
38968,6202.4
38969,3275.8
38970,8208.4
38971,4612.0
38972,5075.8
38973,5419.8
38974,2340.4
38975,2625.0
38976,6711.0
38977,4310.4
38978,2982.2
38979,56058.0
38980,60519.6
38981,6067.0
38982,39412.2
38983,12717.0
38984,45426.2
38985,59421.6
38986,8528.6
38987,5410.0
38988,4054.4
38989,48697.6
38990,6109.0
38991,6484.6
38992,6921.2
38993,62703.0
38994,6928.6
38995,6533.4
38996,47657.0
38997,9020.2
38998,16548.6
38999,7288.2
39000,5808.6
39001,71655.4
39002,66780.0
39003,7122.8
39004,3096.0
39005,61033.6
39006,12831.6
39007,65548.0
39008,45221.2
39009,8667.6
39010,6578.2
39011,52839.4
39012,8640.8
39013,4401.0
39014,51707.0
39015,3265.0
39016,58315.2
39017,45883.0
39018,5020.6
39019,57536.6
39020,54350.2
39021,4176.8
39022,7275.0
39023,12578.8
39024,4395.8
39025,54684.0
39026,6030.6
39027,59648.2
39028,5824.0
39029,5852.0
39030,6205.4
39031,42457.0
39032,3891.2
39033,5490.8
39034,49553.0
39035,61653.8
39036,56207.0
39037,7874.2
39038,4672.0
39039,53064.0
39040,6755.2
39041,3843.6
39042,6300.4
39043,5177.0
39044,53813.6
39045,48274.0
39046,4327.4
39047,6756.0
39048,5090.0
39049,4209.0
39050,6890.8
39051,64655.4
39052,6963.8
39053,6113.0
39054,69714.4
39055,5069.2
39056,55763.4
39057,11928.0
39058,12831.0
39059,6133.0
39060,5144.0
39061,6032.0
39062,10745.2
39063,49553.0
39064,6684.6
39065,6686.4
39066,49725.0
39067,2150.0
39068,44280.0
39069,5634.4
39070,6023.6
39071,4204.0
39072,12523.4
39073,42566.0
39074,3839.2
39075,52440.0
39076,5954.0
39077,20760.0
39078,62381.0
39079,54684.0
39080,8097.4
39081,52467.0
39082,5099.8
39083,4979.0
39084,7834.8
39085,59510.4
39086,57733.8
39087,55514.0
39088,68249.8
39089,1890.0
39090,7395.6
39091,4632.4
39092,4607.2
39093,8834.2
39094,7412.0
39095,3490.2
39096,5314.6
39097,8788.8
39098,5823.0
39099,5333.6
39100,9510.0
39101,5586.2
39102,4499.0
39103,5787.0
39104,40593.0
39105,9473.2
39106,5667.6
39107,6013.8
39108,4702.2
39109,10231.6
39110,4549.0
39111,6132.0
39112,45471.2
39113,72719.4
39114,5344.6
39115,9113.0
39116,3039.6
39117,5968.6
39118,12564.8
39119,4704.8
39120,2476.0
39121,49853.8
39122,6786.4
39123,63321.8
39124,42763.2
39125,4414.8
39126,5918.0
39127,49146.8
39128,4048.0
39129,67114.6
39130,43841.4
39131,2422.6
39132,61701.8
39133,4008.6
39134,4756.0
39135,7047.8
39136,6710.2
39137,5955.0
39138,3393.0
39139,4111.0
39140,8111.0
39141,5291.6
39142,52491.0
39143,4165.0
39144,6903.0
39145,8112.0
39146,31902.0
39147,4500.0
39148,7800.0
39149,7001.4
39150,7454.4
39151,37985.0
39152,11479.6
39153,3509.6
39154,4463.2
39155,7386.0
39156,8669.0
39157,63817.6
39158,6489.0
39159,12066.0
39160,2201.0
39161,5955.6
39162,1776.0
39163,6904.6
39164,3862.0
39165,3859.6
39166,4893.8
39167,45693.0
39168,4500.0
39169,58644.0
39170,49725.0
39171,36437.4
39172,47367.2
39173,6354.0
39174,4623.4
39175,13326.8
39176,6009.0
39177,5461.0
39178,5124.2
39179,4755.0
39180,4096.0
39181,11844.4
39182,44997.0
39183,56702.0
39184,4331.2
39185,8015.0
39186,45257.0
39187,3839.2
39188,5780.4
39189,6212.8
39190,4794.6
39191,7092.4
39192,4071.0
39193,7425.0
39194,10176.0
39195,10680.0
39196,2738.0
39197,4856.4
39198,5123.8
39199,5847.6
39200,6146.6
39201,9880.4
39202,34410.4
39203,56702.0
39204,3876.0
39205,5093.0
39206,47585.0
39207,3721.2
39208,2124.0
39209,3245.4
39210,56702.0
39211,7376.0
39212,4827.0
39213,5112.6
39214,12841.4
39215,61675.0
39216,13205.6
39217,4526.4
39218,14713.0
39219,6430.8
39220,5531.6
39221,56623.8
39222,1105.0
39223,3922.0
39224,13707.2
39225,3282.0
39226,4500.0
39227,60232.4
39228,13357.4
39229,7141.2
39230,19337.2
39231,5451.2
39232,6586.6
39233,6599.6
39234,58998.0
39235,49377.4
39236,55087.0
39237,1776.0
39238,7447.2
39239,45471.2
39240,63420.0
39241,6092.4
39242,12696.0
39243,5441.2
39244,4132.4
39245,5077.4
39246,5772.0
39247,5332.0
39248,5193.2
39249,52581.8
39250,6955.2
39251,54720.2
39252,50212.6
39253,41144.4
39254,11770.8
39255,32444.0
39256,7706.4
39257,6109.0
39258,45883.0
39259,5060.8
39260,32232.0
39261,14418.0
39262,5943.0
39263,4807.0
39264,3621.0
39265,2339.0
39266,10903.4
39267,72192.2
39268,4507.0
39269,4500.0
39270,5761.0
39271,10422.0
39272,45043.4
39273,5888.0
39274,57081.0
39275,5740.8
39276,6916.0
39277,63590.4
39278,7958.8
39279,6096.6
39280,4387.6
39281,4357.0
39282,13285.8
39283,13924.0
39284,6626.6
39285,8036.6
39286,11129.0
39287,74844.2
39288,58671.4
39289,39321.0
39290,54684.0
39291,5949.0
39292,5075.2
39293,7488.0
39294,2723.4
39295,5042.0
39296,6695.4
39297,4825.8
39298,49351.4
39299,7066.8
39300,10849.0
39301,13239.6
39302,11651.2
39303,8237.8
39304,14840.2
39305,44744.0
39306,4366.8
39307,2723.0
39308,11592.0
39309,3361.0
39310,63737.0
39311,30350.4
39312,54684.0
39313,6256.0
39314,5557.0
39315,9141.0
39316,14309.2
39317,11709.0
39318,7083.2
39319,13284.0
39320,41064.0
39321,12209.6
39322,3688.4
39323,62494.4
39324,10770.4
39325,3059.8
39326,4279.8
39327,2519.2
39328,4591.6
39329,70669.0
39330,59239.8
39331,60978.0
39332,56018.4
39333,57501.6
39334,4498.0
39335,66727.2
39336,65037.6
39337,16068.0
39338,4332.2
39339,20000.0
39340,8211.4
39341,61776.4
39342,4222.8
39343,6055.4
39344,50600.0
39345,2489.0
39346,6464.8
39347,54631.4
39348,2336.0
39349,57031.6
39350,4708.6
39351,54628.2
39352,2214.8
39353,50087.4
39354,15323.0
39355,8605.4
39356,18569.0
39357,51457.0
39358,2145.2
39359,2410.0
39360,49725.0
39361,5754.0
39362,11763.0
39363,53219.0
39364,10532.8
39365,4571.2
39366,4954.2
39367,3656.6
39368,12517.8
39369,7126.0
39370,5823.0
39371,65584.8
39372,55986.6
39373,45883.0
39374,29656.0
39375,4658.0
39376,5971.4
39377,3010.4
39378,49146.8
39379,60508.0
39380,10239.0
39381,14880.0
39382,22152.0
39383,10891.0
39384,64062.4
39385,5267.8
39386,3623.4
39387,51817.0
39388,51595.0
39389,4454.0
39390,4612.0
39391,2056.0
39392,6954.0
39393,7436.0
39394,5875.0
39395,60925.0
39396,57117.2
39397,42555.8
39398,8034.0
39399,10561.2
39400,5018.0
39401,5012.6
39402,6394.6
39403,6842.6
39404,4502.0
39405,50664.4
39406,8788.8
39407,4227.6
39408,10891.8
39409,5179.0
39410,62829.0
39411,5931.4
39412,8684.4
39413,5842.6
39414,46614.8
39415,3245.2
39416,49725.0
39417,7982.0
39418,10085.2
39419,23898.0
39420,62524.0
39421,8647.2
39422,53855.0
39423,40497.8
39424,18925.0
39425,56588.0
39426,6067.0
39427,3360.0
39428,10070.0
39429,5194.4
39430,52985.0
39431,3979.0
39432,2621.0
39433,61704.4
39434,1776.0
39435,6231.6
39436,60166.4
39437,6182.2
39438,52190.4
39439,4149.0
39440,5216.8
39441,52287.0
39442,35671.6
39443,7231.0
39444,49553.0
39445,4716.6
39446,48106.2
39447,5735.2
39448,4098.0
39449,2124.0
39450,59377.0
39451,44280.0
39452,9377.8
39453,10060.4
39454,3334.0
39455,11657.6
39456,55087.0
39457,60978.0
39458,37244.0
39459,6453.6
39460,56183.0
39461,55789.8
39462,61171.4
39463,2339.0
39464,60160.0
39465,6450.0
39466,4240.8
39467,53064.0
39468,2793.4
39469,14303.4
39470,49613.0
39471,3965.4
39472,5901.4
39473,5817.0
39474,22152.0
39475,41064.0
39476,53197.0
39477,40843.0
39478,8829.6
39479,4308.4
39480,6605.6
39481,36712.0
39482,64271.0
39483,12114.0
39484,5965.0
39485,1788.0
39486,7248.6
39487,12574.8
39488,56767.0
39489,5961.0
39490,10798.8
39491,5943.0
39492,6320.2
39493,3245.4
39494,7538.8
39495,3197.4
39496,7798.8
39497,13558.6
39498,54575.4
39499,6954.8
39500,41064.0
39501,7484.0
39502,60978.0
39503,78271.0
39504,52063.0
39505,13202.2
39506,2315.0
39507,51853.0
39508,60599.8
39509,3000.0
39510,4582.4
39511,49553.0
39512,4582.0
39513,62679.2
39514,4683.0
39515,53465.4
39516,4998.8
39517,55209.6
39518,15405.8
39519,6489.0
39520,5362.0
39521,1105.0
39522,3437.0
39523,12266.4
39524,4614.0
39525,38418.8
39526,5441.0
39527,3000.0
39528,7319.6
39529,46769.0
39530,4010.4
39531,5442.4
39532,6494.0
39533,11747.4
39534,35490.0
39535,3290.0
39536,5441.0
39537,5306.8
39538,5899.0
39539,56177.0
39540,6492.8
39541,5914.0
39542,6160.8
39543,38413.0
39544,47299.8
39545,3381.6
39546,41922.2
39547,15236.4
39548,2124.0
39549,5142.6
39550,65828.2
39551,62882.4
39552,4097.0
39553,14664.0
39554,6422.0
39555,7194.8
39556,4403.8
39557,61135.0
39558,45186.2
39559,5565.2
39560,14787.2
39561,8173.8
39562,4161.0
39563,6961.4
39564,52929.0
39565,6507.0
39566,50271.0
39567,57253.2
39568,1890.0
39569,7768.8
39570,47176.0
39571,5187.6
39572,4569.0
39573,9201.0
39574,45426.2
39575,9547.6
39576,5755.8
39577,7899.4
39578,1891.4
39579,7270.4
39580,2464.0
39581,10077.8
39582,3365.8
39583,6195.0
39584,9491.8
39585,3532.2
39586,6079.6
39587,12040.4
39588,6106.0
39589,4979.0
39590,55377.0
39591,49707.4
39592,54684.0
39593,7007.4
39594,4412.2
39595,50943.4
39596,5444.0
39597,5107.6
39598,38099.0
39599,6871.4
39600,9256.2
39601,14670.0
39602,49613.0
39603,4359.6
39604,63635.4
39605,11240.6
39606,6235.0
39607,5255.8
39608,14251.8
39609,8463.2
39610,5177.0
39611,2056.0
39612,2339.0
39613,55184.6
39614,49809.8
39615,47586.0
39616,2838.6
39617,4544.2
39618,27864.0
39619,56590.0
39620,53197.0
39621,12549.2
39622,63915.0
39623,4452.0
39624,48426.6
39625,8473.4
39626,9024.6
39627,4387.0
39628,7743.8
39629,4124.0
39630,60978.0
39631,60252.8
39632,4690.4
39633,50271.0
39634,45895.4
39635,5829.2
39636,5932.8
39637,8859.8
39638,4874.8
39639,9283.8
39640,59431.4
39641,51994.6
39642,45185.0
39643,5229.4
39644,14616.0
39645,46614.8
39646,65113.8
39647,11129.0
39648,2499.2
39649,1464.2
39650,55508.4
39651,6840.0
39652,2201.0
39653,32646.0
39654,11782.0
39655,62381.0
39656,6464.0
39657,2407.2
39658,5362.4
39659,2477.0
39660,8044.6
39661,4589.0
39662,4501.0
39663,4750.0
39664,3932.6
39665,5539.4
39666,60081.0
39667,4499.0
39668,5943.0
39669,48569.0
39670,7425.4
39671,5731.8
39672,33371.0
39673,3993.4
39674,5286.0
39675,5639.0
39676,5021.8
39677,51868.8
39678,4881.6
39679,7227.8
39680,5983.4
39681,4337.0
39682,3941.4
39683,5942.0
39684,7897.0
39685,10548.0
39686,61518.4
39687,7785.8
39688,8302.8
39689,5458.8
39690,7950.0
39691,36437.4
39692,51427.0
39693,43199.2
39694,6324.0
39695,7133.6
39696,11950.2
39697,3187.2
39698,6680.0
39699,5127.8
39700,6414.6
39701,13327.8
39702,10069.8
39703,5502.4
39704,60508.0
39705,4591.6
39706,9932.2
39707,5955.0
39708,7182.0
39709,5645.0
39710,6247.6
39711,2124.0
39712,12551.8
39713,4848.0
39714,3719.8
39715,4048.0
39716,53003.8
39717,51639.8
39718,15820.4
39719,5281.2
39720,6132.0
39721,5039.6
39722,6936.6
39723,6172.0
39724,2566.2
39725,5970.8
39726,6029.8
39727,7120.2
39728,11487.4
39729,60328.6
39730,5220.4
39731,74156.6
39732,52591.8
39733,8527.0
39734,61941.4
39735,54706.6
39736,4796.0
39737,7950.0
39738,12377.0
39739,4755.0
39740,10414.8
39741,4780.6
39742,7621.6
39743,49800.6
39744,9434.0
39745,74094.8
39746,3623.0
39747,8451.4
39748,49171.2
39749,6133.2
39750,3838.8
39751,70834.4
39752,31982.0
39753,4896.0
39754,6740.8
39755,45185.0
39756,5189.8
39757,4619.4
39758,52063.0
39759,8263.4
39760,57920.0
39761,49959.8
39762,6387.0
39763,5949.0
39764,9516.0
39765,32646.0
39766,42457.0
39767,58937.8
39768,4491.0
39769,40938.4
39770,5845.4
39771,4979.0
39772,5214.4
39773,5892.0
39774,2349.0
39775,6502.0
39776,4885.4
39777,60926.4
39778,4732.0
39779,54032.2
39780,25470.0
39781,6251.2
39782,49233.0
39783,8381.4
39784,13410.0
39785,53764.2
39786,4111.0
39787,14376.0
39788,5441.0
39789,4178.2
39790,13709.6
39791,5289.0
39792,2212.0
39793,5757.0
39794,6580.2
39795,56200.0
39796,12128.6
39797,2588.0
39798,57172.8
39799,5552.0
39800,68518.4
39801,53164.0
39802,10226.6
39803,6389.6
39804,58042.6
39805,52262.4
39806,67510.6
39807,9337.8
39808,5653.0
39809,12682.8
39810,4920.0
39811,5849.8
39812,5329.6
39813,7948.0
39814,1714.0
39815,60261.4
39816,10710.6
39817,4687.0
39818,9956.4
39819,67376.0
39820,9705.4
39821,5506.6
39822,5459.4
39823,6898.6
39824,59469.0
39825,5388.6
39826,12276.0
39827,3020.6
39828,6977.2
39829,59021.0
39830,7971.8
39831,5674.0
39832,13242.0
39833,7521.0
39834,3362.0
39835,13818.0
39836,3888.2
39837,70832.8
39838,5375.8
39839,2410.0
39840,4499.0
39841,4378.8
39842,12088.0
39843,60933.8
39844,3803.2
39845,5778.0
39846,55965.4
39847,38099.0
39848,7485.2
39849,6215.2
39850,43000.4
39851,5388.0
39852,63265.4
39853,5910.6
39854,3861.0
39855,60396.0
39856,9966.0
39857,54608.0
39858,53571.8
39859,11353.4
39860,6524.0
39861,57903.0
39862,4084.0
39863,60261.8
39864,6278.0
39865,7007.4
39866,5949.0
39867,6652.2
39868,3516.0
39869,5972.0
39870,3555.4
39871,3858.6
39872,3090.0
39873,2723.0
39874,4022.4
39875,55763.4
39876,4392.2
39877,11129.0
39878,5519.6
39879,60508.2
39880,5669.0
39881,7488.0
39882,14267.8
39883,6082.0
39884,28577.8
39885,8172.6
39886,5949.0
39887,2528.0
39888,57172.8
39889,26405.6
39890,88802.8
39891,3090.0
39892,49613.0
39893,45600.0
39894,4273.4
39895,7133.6
39896,55377.0
39897,2646.4
39898,6038.2
39899,4007.0
39900,5773.4
39901,27976.0
39902,5733.2
39903,5118.4
39904,4202.0
39905,39529.0
39906,5206.0
39907,6195.0
39908,11016.0
39909,50419.4
39910,15081.0
39911,54684.0
39912,5102.0
39913,3535.0
39914,2976.8
39915,4472.2
39916,9999.4
39917,10103.8
39918,9840.0
39919,55079.4
39920,8610.4
39921,5322.0
39922,31622.0
39923,5548.0
39924,50923.0
39925,6192.0
39926,4028.0
39927,63026.0
39928,9645.0
39929,6453.4
39930,58087.4
39931,7741.8
39932,1788.0
39933,1694.0
39934,5312.6
39935,4154.6
39936,52096.0
39937,5046.2
39938,7412.0
39939,32859.0
39940,53197.0
39941,55150.0
39942,49358.8
39943,28510.0
39944,10848.0
39945,13303.8
39946,2339.0
39947,47586.0
39948,13184.2
39949,45257.0
39950,24122.0
39951,6941.6
39952,5079.8
39953,12307.0
39954,51853.0
39955,15226.8
39956,54157.4
39957,3988.0
39958,54684.0
39959,3310.2
39960,3999.0
39961,6256.0
39962,3775.0
39963,70153.8
39964,4417.0
39965,44777.2
39966,2993.2
39967,4644.0
39968,6902.0
39969,12236.8
39970,47114.0
39971,15888.4
39972,5070.6
39973,4707.0
39974,4580.0
39975,61851.8
39976,10925.0
39977,63267.6
39978,7920.6
39979,5407.4
39980,3247.6
39981,61404.0
39982,4496.0
39983,7332.8
39984,4452.0
39985,55983.0
39986,5169.4
39987,4979.0
39988,55661.0
39989,4338.2
39990,3522.0
39991,14754.0
39992,5630.2
39993,12760.0
39994,1714.0
39995,55026.8
39996,71787.4
39997,5204.2
39998,5378.4
39999,6291.0
40000,6012.0
40001,4612.0
40002,49378.4
40003,45657.0
40004,4658.0
40005,42665.2
40006,4768.8
40007,8766.6
40008,2518.8
40009,14390.4
40010,5954.0
40011,9901.4
40012,61126.4
40013,2712.0
40014,6023.0
40015,11521.0
40016,12054.0
40017,5766.2
40018,3455.0
40019,34410.4
40020,9516.4
40021,3498.0
40022,49378.0
40023,80783.6
40024,6324.0
40025,5772.4
40026,50954.2
40027,4735.2
40028,6394.6
40029,6291.6
40030,3665.4
40031,44209.8
40032,7144.2
40033,51141.2
40034,5120.6
40035,52537.0
40036,4056.0
40037,15228.2
40038,53949.6
40039,62796.4
40040,8663.8
40041,5840.2
40042,4028.0
40043,3287.8
40044,3769.6
40045,2313.0
40046,4133.0
40047,54391.4
40048,6488.0
40049,24616.0
40050,1890.0
40051,5602.2
40052,7490.6
40053,10116.4
40054,60686.2
40055,60530.8
40056,7269.0
40057,5215.2
40058,50271.0
40059,5441.0
40060,9606.2
40061,51817.0
40062,52286.0
40063,4889.4
40064,9457.4
40065,13471.8
40066,7889.4
40067,47675.4
40068,6102.0
40069,52287.0
40070,45426.2
40071,2871.8
40072,6457.8
40073,2900.0
40074,4002.0
40075,5486.4
40076,6442.2
40077,5782.2
40078,4975.4
40079,57903.0
40080,5954.8
40081,31436.0
40082,13076.2
40083,11886.0
40084,9259.2
40085,4491.0
40086,45257.0
40087,9082.4
40088,11276.2
40089,4179.2
40090,6819.0
40091,9113.0
40092,8736.6
40093,5177.0
40094,6127.4
40095,67222.4
40096,42457.0
40097,3861.8
40098,60508.0
40099,71923.4
40100,5225.0
40101,58595.4
40102,59336.0
40103,5536.0
40104,71497.8
40105,5823.0
40106,7344.6
40107,7774.0
40108,5290.8
40109,9710.8
40110,6132.0
40111,1443.0
40112,2836.0
40113,9586.4
40114,5848.8
40115,61010.2
40116,3833.6
40117,12178.8
40118,4380.0
40119,6218.6
40120,56200.0
40121,4499.0
40122,11238.0
40123,8663.0
40124,31982.0
40125,67293.0
40126,25548.8
40127,10152.6
40128,62524.0
40129,5988.4
40130,7981.6
40131,6454.0
40132,46568.6
40133,2480.0
40134,5459.6
40135,60732.0
40136,9526.8
40137,2982.0
40138,64385.4
40139,11510.2
40140,60396.0
40141,85814.6
40142,4417.0
40143,3999.0
40144,9840.0
40145,6383.6
40146,9766.8
40147,51569.8
40148,5097.0
40149,5303.6
40150,4463.4
40151,60978.0
40152,52143.8
40153,3167.6
40154,3754.4
40155,6195.8
40156,58594.8
40157,13084.0
40158,6403.8
40159,2410.0
40160,7014.2
40161,4134.0
40162,58304.8
40163,5543.8
40164,7507.6
40165,47739.8
40166,6424.8
40167,4502.0
40168,4678.8
40169,3658.2
40170,58917.8
40171,53967.4
40172,5101.6
40173,4000.0
40174,7425.0
40175,52610.2
40176,41269.0
40177,6266.4
40178,27864.0
40179,61128.0
40180,47225.0
40181,9183.0
40182,57501.6
40183,9700.8
40184,6286.0
40185,6449.2
40186,4218.4
40187,4452.2
40188,5739.4
40189,5632.8
40190,11951.6
40191,12891.0
40192,49913.0
40193,8745.6
40194,8089.2
40195,8191.0
40196,6807.6
40197,9423.8
40198,47281.2
40199,74578.6
40200,50787.4
40201,56569.0
40202,63635.4
40203,4108.0
40204,8268.8
40205,51457.0
40206,5242.0
40207,57949.6
40208,4000.0
40209,68303.0
40210,5294.0
40211,4920.2
40212,2361.0
40213,15250.2
40214,13703.6
40215,4150.0
40216,5177.0
40217,5645.0
40218,4501.0
40219,6008.0
40220,4111.0
40221,60601.0
40222,59377.0
40223,10984.0
40224,5441.0
40225,56041.2
40226,56049.0
40227,73496.2
40228,8594.2
40229,3310.0
40230,39847.0
40231,5252.8
40232,58348.8
40233,2703.0
40234,71656.0
40235,5613.4
40236,5888.0
40237,11310.0
40238,4028.0
40239,2022.0
40240,8967.8
40241,6239.4
40242,3860.0
40243,5960.0
40244,7155.8
40245,36688.4
40246,7014.6
40247,58469.4
40248,53911.8
40249,7007.4
40250,3884.2
40251,5677.8
40252,7800.2
40253,4051.6
40254,9286.4
40255,9688.2
40256,3935.0
40257,53164.0
40258,7823.6
40259,7584.0
40260,5482.2
40261,3450.0
40262,4499.0
40263,5646.4
40264,59133.0
40265,4409.0
40266,8344.0
40267,7935.2
40268,4896.0
40269,5968.8
40270,31982.0
40271,3588.8
40272,3979.0
40273,53949.6
40274,56333.0
40275,14187.6
40276,6798.0
40277,49725.0
40278,2050.0
40279,9277.0
40280,46769.0
40281,7400.4
40282,6069.2
40283,30893.2
40284,12135.0
40285,7015.4
40286,6967.6
40287,60978.0
40288,2723.0
40289,56476.0
40290,4439.0
40291,25159.2
40292,4564.4
40293,12664.6
40294,6133.0
40295,2836.0
40296,2700.0
40297,3164.4
40298,7631.4
40299,16073.4
40300,3572.0
40301,5833.6
40302,8591.4
40303,4048.4
40304,50063.4
40305,45693.0
40306,9822.8
40307,4474.0
40308,6697.6
40309,54481.0
40310,51707.0
40311,6405.8
40312,5392.2
40313,4312.2
40314,38189.0
40315,60601.0
40316,11205.0
40317,5942.0
40318,7337.4
40319,4877.0
40320,55520.6
40321,30526.0
40322,5954.0
40323,5201.6
40324,1965.6
40325,3996.8
40326,57661.8
40327,7751.0
40328,5949.0
40329,6124.6
40330,3008.6
40331,5543.4
40332,49849.0
40333,44626.2
40334,8407.8
40335,6951.2
40336,7950.0
40337,76537.8
40338,3941.0
40339,6752.2
40340,4968.0
40341,11150.8
40342,5489.0
40343,55951.8
40344,5097.0
40345,2068.8
40346,7193.4
40347,3754.0
40348,57779.4
40349,68682.6
40350,1966.0
40351,5174.6
40352,20760.0
40353,9711.6
40354,55520.6
40355,51819.0
40356,57253.2
40357,4779.2
40358,2201.0
40359,6540.8
40360,2339.0
40361,8150.0
40362,4155.0
40363,6037.6
40364,4979.0
40365,3609.8
40366,6406.6
40367,4448.2
40368,5167.4
40369,7575.0
40370,69414.4
40371,61597.0
40372,45693.0
40373,11866.0
40374,5954.0
40375,35532.0
40376,4058.6
40377,5052.4
40378,3499.6
40379,5817.0
40380,6888.6
40381,2658.2
40382,52569.4
40383,45286.4
40384,47657.0
40385,8225.6
40386,6757.0
40387,20066.0
40388,76657.0
40389,43392.6
40390,61933.0
40391,55073.8
40392,60601.0
40393,10282.0
40394,35532.0
40395,5205.6
40396,60759.0
40397,48213.0
40398,3393.0
40399,12551.8
40400,55673.0
40401,10849.8
40402,46947.0
40403,70310.4
40404,4792.8
40405,6133.0
40406,8299.4
40407,68572.0
40408,2318.2
40409,1998.0
40410,60508.0
40411,6993.0
40412,4664.2
40413,7560.0
40414,50271.0
40415,11271.8
40416,6072.0
40417,7374.2
40418,6108.4
40419,35655.6
40420,5663.4
40421,5378.8
40422,50271.0
40423,6514.0
40424,5949.0
40425,7441.4
40426,73496.2
40427,8774.4
40428,10495.8
40429,55528.0
40430,3246.6
40431,7344.6
40432,4598.0
40433,3283.0
40434,55267.6
40435,7501.0
40436,4916.0
40437,8164.2
40438,4590.0
40439,54025.2
40440,48210.0
40441,47027.6
40442,53813.6
40443,5965.0
40444,6871.4
40445,60365.0
40446,5172.4
40447,6670.2
40448,1714.0
40449,4693.2
40450,49725.0
40451,9581.6
40452,1600.8
40453,2394.0
40454,45693.0
40455,12779.0
40456,5243.2
40457,5949.0
40458,10766.8
40459,4563.0
40460,6657.0
40461,2504.0
40462,3330.0
40463,7328.8
40464,2738.0
40465,54608.0
40466,6835.8
40467,65212.0
40468,13135.6
40469,5496.2
40470,8092.4
40471,22140.0
40472,3498.0
40473,9914.0
40474,16182.0
40475,6338.0
40476,67376.0
40477,56590.0
40478,45461.8
40479,17065.2
40480,6078.0
40481,37717.4
40482,47105.2
40483,54025.2
40484,11541.0
40485,9433.0
40486,4531.0
40487,46918.0
40488,60396.0
40489,8000.2
40490,6489.0
40491,10292.8
40492,55293.4
40493,10492.0
40494,4794.6
40495,3424.6
40496,6325.0
40497,3828.8
40498,52153.0
40499,5761.0
40500,6583.6
40501,66599.4
40502,7709.4
40503,10009.8
40504,49613.0
40505,46918.0
40506,4836.8
40507,7702.8
40508,64851.4
40509,10960.6
40510,50868.0
40511,5087.0
40512,7778.6
40513,6395.0
40514,4918.0
40515,3999.0
40516,20000.0
40517,70108.8
40518,1830.0
40519,61750.4
40520,3986.0
40521,5841.0
40522,5859.8
40523,52175.0
40524,2361.0
40525,51595.0
40526,48269.0
40527,5021.2
40528,5176.0
40529,62703.0
40530,17021.0
40531,59950.4
40532,51595.0
40533,6086.0
40534,8976.0
40535,4732.6
40536,64464.0
40537,45883.0
40538,4827.0
40539,6626.6
40540,50391.2
40541,4611.4
40542,3241.2
40543,65893.0
40544,2477.0
40545,8913.0
40546,59207.4
40547,6729.0
40548,4902.0
40549,4833.0
40550,5518.6
40551,2754.0
40552,4245.0
40553,4872.6
40554,11777.0
40555,44081.0
40556,49039.4
40557,5209.2
40558,4858.0
40559,10241.8
40560,7017.4
40561,4256.8
40562,62224.0
40563,50271.0
40564,54841.0
40565,3319.0
40566,5772.0
40567,10725.6
40568,10129.0
40569,5396.6
40570,3392.2
40571,4827.0
40572,6930.4
40573,5820.4
40574,8527.0
40575,6685.4
40576,7024.6
40577,3869.0
40578,8682.8
40579,61578.6
40580,4496.0
40581,7752.2
40582,48959.0
40583,46918.0
40584,53433.0
40585,18675.6
40586,5659.0
40587,66455.4
40588,70310.6
40589,54570.4
40590,4337.0
40591,6450.0
40592,7425.0
40593,8216.0
40594,4502.0
40595,49146.8
40596,7172.6
40597,15659.0
40598,10690.0
40599,10460.4
40600,9298.0
40601,45257.0
40602,4268.2
40603,3596.2
40604,50346.2
40605,12454.0
40606,31436.0
40607,6638.2
40608,13120.8
40609,4329.6
40610,10066.4
40611,8541.2
40612,58113.4
40613,8307.0
40614,13740.6
40615,72057.6
40616,57367.6
40617,4883.0
40618,4341.0
40619,5949.0
40620,2410.0
40621,3365.8
40622,13860.0
40623,11716.2
40624,48473.8
40625,13461.0
40626,2821.0
40627,8411.4
40628,5521.8
40629,62535.4
40630,7593.0
40631,52983.8
40632,2625.0
40633,3804.8
40634,11129.0
40635,1714.0
40636,6381.4
40637,55760.4
40638,63715.6
40639,3809.4
40640,9401.4
40641,4658.0
40642,2339.0
40643,44505.8
40644,4609.0
40645,4058.4
40646,4345.4
40647,49187.0
40648,12337.2
40649,6941.6
40650,49505.2
40651,8664.4
40652,5193.6
40653,64867.4
40654,6651.0
40655,2807.2
40656,53883.4
40657,5296.0
40658,10467.2
40659,37985.0
40660,9016.0
40661,2498.6
40662,4960.4
40663,2900.6
40664,69135.0
40665,70798.8
40666,32859.0
40667,4460.0
40668,12712.4
40669,57903.0
40670,4745.0
40671,5246.4
40672,62000.0
40673,53813.6
40674,57711.4
40675,31560.0
40676,5350.8
40677,64347.6
40678,4672.0
40679,17794.0
40680,11156.8
40681,4337.0
40682,1891.4
40683,52175.0
40684,4799.2
40685,4254.0
40686,5713.8
40687,7753.8
40688,6657.8
40689,5848.8
40690,5267.0
40691,12125.0
40692,5178.8
40693,9498.6
40694,5475.2
40695,2871.8
40696,10533.0
40697,66402.6
40698,54608.0
40699,14145.0
40700,75364.6
40701,45257.0
40702,7119.0
40703,9201.0
40704,27961.4
40705,3726.2
40706,56588.0
40707,4421.0
40708,12149.8
40709,2339.0
40710,5459.4
40711,4759.0
40712,48826.0
40713,4203.8
40714,50787.4
40715,8378.8
40716,5743.0
40717,2250.0
40718,52509.0
40719,5134.4
40720,7730.4
40721,3051.0
40722,20141.4
40723,42521.0
40724,6437.0
40725,45883.0
40726,5179.0
40727,3012.0
40728,2464.0
40729,10804.8
40730,5588.0
40731,55983.0
40732,10584.0
40733,5292.0
40734,53490.0
40735,7315.4
40736,51648.0
40737,13349.2
40738,8044.4
40739,2022.4
40740,2632.8
40741,56687.6
40742,3000.0
40743,6037.6
40744,49725.0
40745,2794.4
40746,5102.0
40747,10482.6
40748,48851.0
40749,10313.8
40750,54127.4
40751,8486.0
40752,58223.4
40753,6930.4
40754,5731.4
40755,5544.2
40756,2410.0
40757,5093.6
40758,61374.4
40759,3060.8
40760,4706.4
40761,37929.0
40762,1464.2
40763,6749.4
40764,9248.8
40765,4594.8
40766,6091.6
40767,58257.2
40768,43376.0
40769,8102.4
40770,5311.0
40771,3915.6
40772,6019.6
40773,11780.0
40774,2393.0
40775,6466.0
40776,54841.0
40777,4071.0
40778,4683.4
40779,4111.0
40780,60508.0
40781,45143.8
40782,65875.4
40783,65503.0
40784,41064.0
40785,39127.4
40786,16203.0
40787,14385.0
40788,4020.0
40789,55520.6
40790,5273.4
40791,2522.0
40792,6142.6
40793,5116.2
40794,6354.0
40795,6052.6
40796,1788.0
40797,59727.4
40798,4111.0
40799,13827.0
40800,7958.0
40801,5943.0
40802,4317.6
40803,56588.0
40804,3840.4
40805,4500.0
40806,7232.0
40807,60555.0
40808,46918.0
40809,54090.0
40810,56187.0
40811,3862.0
40812,53835.0
40813,37805.2
40814,2723.0
40815,53197.0
40816,41269.0
40817,63281.2
40818,5103.0
40819,6607.8
40820,33576.0
40821,20392.0
40822,51707.0
40823,5467.0
40824,4942.0
40825,4471.0
40826,66609.8
40827,7976.0
40828,5678.8
40829,3393.0
40830,5339.6
40831,5312.8
40832,11488.0
40833,3961.6
40834,4638.0
40835,3294.8
40836,4193.4
40837,5102.0
40838,10890.0
40839,45693.0
40840,5984.2
40841,3000.0
40842,3111.8
40843,73992.8
40844,5144.8
40845,8170.6
40846,45310.2
40847,51201.2
40848,4519.2
40849,7254.6
40850,13567.8
40851,6429.4
40852,5523.2
40853,2679.4
40854,4462.8
40855,5565.4
40856,9707.0
40857,5937.2
40858,39734.2
40859,6961.4
40860,40144.0
40861,4439.0
40862,72775.2
40863,4582.4
40864,50726.4
40865,48042.8
40866,46954.2
40867,9282.4
40868,64086.4
40869,5322.0
40870,6849.0
40871,6818.6
40872,6568.0
40873,51658.4
40874,4417.0
40875,4420.8
40876,5897.4
40877,3000.0
40878,23944.0
40879,6498.6
40880,49260.8
40881,14468.6
40882,53219.0
40883,6160.0
40884,11389.4
40885,6200.0
40886,6188.4
40887,3578.8
40888,3999.0
40889,47586.0
40890,11038.0
40891,6908.2
40892,7282.0
40893,64775.4
40894,6721.8
40895,49406.8
40896,63366.6
40897,3999.0
40898,5954.0
40899,57393.0
40900,56476.0
40901,4778.6
40902,5999.4
40903,9900.6
40904,37985.0
40905,5224.4
40906,49832.0
40907,3169.4
40908,4627.0
40909,5197.0
40910,4480.0
40911,8164.2
40912,54391.4
40913,11336.8
40914,6032.0
40915,6661.8
40916,6488.0
40917,4990.0
40918,11032.8
40919,7467.2
40920,1694.0
40921,65270.6
40922,6934.2
40923,4499.0
40924,12209.2
40925,9554.0
40926,3602.6
40927,3578.8
40928,4397.0
40929,2836.0
40930,2049.0
40931,4248.0
40932,14217.2
40933,1105.0
40934,6497.6
40935,20606.0
40936,71814.2
40937,4337.0
40938,5200.0
40939,59043.4
40940,6324.6
40941,70109.0
40942,2766.0
40943,4028.0
40944,6054.0
40945,57586.8
40946,11932.4
40947,4582.0
40948,13748.0
40949,6067.0
40950,44305.0
40951,7375.6
40952,68160.2
40953,7426.0
40954,5953.0
40955,9201.0
40956,4620.0
40957,4807.0
40958,60396.0
40959,53813.6
40960,6694.0
40961,7923.0
40962,6881.4
40963,64570.0
40964,4682.8
40965,3144.2
40966,5059.6
40967,3393.0
40968,2361.0
40969,44483.0
40970,46127.4
40971,9366.0
40972,9087.6
40973,83160.2
40974,8952.8
40975,5507.0
40976,45693.0
40977,6278.4
40978,14768.6
40979,6319.0
40980,60967.4
40981,6565.8
40982,17951.0
40983,17103.4
40984,51084.4
40985,78579.6
40986,9277.0
40987,2485.4
40988,63523.4
40989,6186.0
40990,1924.0
40991,4500.0
40992,89002.2
40993,5177.0
40994,73731.8
40995,78174.8
40996,51707.0
40997,12083.0
40998,33083.0
40999,4498.2
41000,6650.4
41001,6531.2
41002,54608.0
41003,4882.0
41004,3547.4
41005,51201.2
41006,5179.0
41007,10034.0
41008,6342.0
41009,57117.2
41010,20375.2
41011,11434.6
41012,6249.2
41013,41281.0
41014,2491.6
41015,3622.0
41016,5104.4
41017,15027.6
41018,5978.0
41019,56200.0
41020,4798.4
41021,6630.4
41022,51707.0
41023,5263.2
41024,3185.2
41025,66816.2
41026,56073.0
41027,7284.4
41028,4819.4
41029,4080.0
41030,6903.4
41031,5375.6
41032,61917.8
41033,3060.8
41034,20356.0
41035,42993.4
41036,7658.0
41037,32923.0
41038,2940.0
41039,4568.0
41040,2985.0
41041,12469.6
41042,4892.8
41043,44483.0
41044,6887.6
41045,14607.0
41046,4274.6
41047,6211.4
41048,4190.0
41049,5640.8
41050,45693.0
41051,13340.8
41052,54608.0
41053,10123.0
41054,50850.4
41055,8385.2
41056,10645.8
41057,6675.2
41058,3228.8
41059,3646.0
41060,31982.0
41061,48826.0
41062,6587.6
41063,53945.0
41064,6338.8
41065,52063.0
41066,9802.0
41067,65322.6
41068,10842.4
41069,44280.0
41070,10483.8
41071,4988.8
41072,9859.6
41073,55737.0
41074,9277.0
41075,5438.8
41076,53007.4
41077,5799.4
41078,53743.0
41079,57031.6
41080,48269.0
41081,51417.0
41082,10934.4
41083,5206.0
41084,45335.0
41085,12002.0
41086,10611.8
41087,10116.0
41088,5168.2
41089,25548.8
41090,6795.4
41091,5219.6
41092,6438.2
41093,6450.0
41094,4111.0
41095,6410.4
41096,7979.6
41097,12982.8
41098,49725.0
41099,7344.6
41100,4268.2
41101,5914.6
41102,5530.4
41103,4420.8
41104,11845.6
41105,9885.8
41106,5910.4
41107,48569.0
41108,50346.2
41109,44144.0
41110,57796.2
41111,7594.6
41112,43149.2
41113,3859.8
41114,10654.4
41115,4881.0
41116,4499.0
41117,60396.0
41118,12540.8
41119,3150.0
41120,68706.6
41121,2477.0
41122,6244.6
41123,58647.0
41124,7833.0
41125,7405.4
41126,10307.8
41127,39499.0
41128,2650.4
41129,7488.0
41130,61650.2
41131,2898.2
41132,5960.0
41133,3092.4
41134,62472.0
41135,63837.0
41136,2477.0
41137,46382.8
41138,3999.0
41139,10729.2
41140,5886.0
41141,3000.0
41142,63680.2
41143,3755.4
41144,32420.0
41145,5246.4
41146,3147.2
41147,62763.8
41148,6730.0
41149,80783.6
41150,49171.2
41151,54025.2
41152,5912.0
41153,56685.4
41154,5505.2
41155,4001.0
41156,5949.0
41157,5684.2
41158,2336.0
41159,4539.4
41160,5593.4
41161,3647.4
41162,65629.0
41163,5980.6
41164,7782.0
41165,3743.8
41166,4341.0
41167,57117.2
41168,4784.0
41169,5438.6
41170,59241.6
41171,49800.6
41172,61955.4
41173,3999.0
41174,30526.0
41175,5710.2
41176,4453.0
41177,6597.8
41178,60647.0
41179,2336.0
41180,4827.0
41181,53064.0
41182,54684.0
41183,9450.2
41184,42457.0
41185,4637.0
41186,69414.4
41187,12000.0
41188,58705.0
41189,6570.2
41190,60396.0
41191,5459.2
41192,8851.4
41193,64585.4
41194,5142.2
41195,4485.0
41196,6972.6
41197,3275.0
41198,5310.0
41199,3461.4
41200,6205.2
41201,56476.0
41202,56911.2
41203,6565.8
41204,45426.2
41205,7810.4
41206,6282.4
41207,3014.0
41208,4272.0
41209,4090.0
41210,1890.0
41211,47343.6
41212,3285.6
41213,50394.2
41214,46304.8
41215,61865.8
41216,2339.0
41217,52153.0
41218,6497.8
41219,11697.2
41220,11396.8
41221,4259.6
41222,2836.0
41223,49613.0
41224,5712.0
41225,13688.0
41226,16329.0
41227,5364.8
41228,3331.2
41229,6199.8
41230,5817.8
41231,10423.6
41232,60631.0
41233,3907.0
41234,2900.0
41235,55088.4
41236,5928.8
41237,4946.8
41238,68056.4
41239,54977.4
41240,24755.2
41241,4608.6
41242,27864.0
41243,7850.8
41244,9257.4
41245,5841.8
41246,5955.0
41247,54882.8
41248,2738.0
41249,58348.8
41250,6055.0
41251,12502.4
41252,45883.0
41253,5219.4
41254,6780.0
41255,4970.4
41256,18697.8
41257,52090.4
41258,6790.0
41259,48269.0
41260,1998.0
41261,5569.0
41262,5818.6
41263,8623.6
41264,62000.0
41265,6461.0
41266,48934.4
41267,2339.0
41268,53783.6
41269,6222.0
41270,6742.4
41271,5267.6
41272,62649.8
41273,7270.4
41274,4511.2
41275,4500.0
41276,5103.0
41277,50063.4
41278,67527.0
41279,5081.4
41280,11532.0
41281,12763.4
41282,4606.6
41283,64592.8
41284,6526.6
41285,5364.8
41286,9751.8
41287,3632.2
41288,12894.0
41289,69840.2
41290,9343.8
41291,4165.0
41292,4156.8
41293,2124.0
41294,45693.0
41295,48527.4
41296,5754.0
41297,12835.2
41298,4076.8
41299,59372.6
41300,60508.0
41301,20684.0
41302,5250.0
41303,53645.0
41304,68736.8
41305,51595.0
41306,45666.2
41307,4111.0
41308,9848.6
41309,49260.8
41310,2706.2
41311,5520.8
41312,3090.0
41313,7844.2
41314,1830.0
41315,2336.0
41316,10413.4
41317,6067.0
41318,66044.2
41319,6449.2
41320,5910.4
41321,15837.4
41322,52175.0
41323,12627.0
41324,16685.6
41325,57172.8
41326,8634.8
41327,7540.0
41328,6062.8
41329,49725.0
41330,8234.4
41331,4371.4
41332,2859.0
41333,10356.2
41334,12066.0
41335,52063.0
41336,14718.0
41337,10949.8
41338,13718.4
41339,9050.4
41340,9066.6
41341,8965.8
41342,5597.0
41343,5388.8
41344,3014.0
41345,4387.0
41346,62381.0
41347,5949.0
41348,10659.2
41349,14276.0
41350,45257.0
41351,6734.6
41352,55377.0
41353,10640.6
41354,3799.2
41355,55520.6
41356,31982.0
41357,70220.0
41358,4282.0
41359,4672.0
41360,7433.8
41361,6128.6
41362,55691.8
41363,6706.6
41364,7004.8
41365,14790.4
41366,24056.0
41367,3396.6
41368,50987.8
41369,5658.4
41370,11718.0
41371,44280.0
41372,6568.0
41373,5914.2
41374,2712.0
41375,12192.0
41376,2979.6
41377,5534.8
41378,5510.2
41379,10496.6
41380,3323.0
41381,7958.0
41382,29544.0
41383,53319.8
41384,4526.0
41385,45693.0
41386,27792.0
41387,2477.0
41388,47657.0
41389,49655.4
41390,4222.4
41391,5493.4
41392,51972.2
41393,10052.6
41394,2339.0
41395,4248.0
41396,4371.4
41397,6067.0
41398,44818.2
41399,5441.4
41400,4896.0
41401,6021.8
41402,4395.0
41403,55520.6
41404,7570.2
41405,3715.4
41406,7496.0
41407,2723.0
41408,64540.0
41409,11205.0
41410,11709.0
41411,5646.2
41412,11731.4
41413,2074.0
41414,51595.0
41415,7426.0
41416,4357.0
41417,4778.0
41418,59239.8
41419,8298.2
41420,77277.0
41421,2410.0
41422,4486.2
41423,47133.2
41424,58684.8
41425,6435.0
41426,13127.0
41427,6217.0
41428,4376.6
41429,3981.0
41430,3928.6
41431,7349.6
41432,6243.2
41433,11211.8
41434,4260.2
41435,27864.0
41436,4334.8
41437,7021.0
41438,6013.8
41439,4471.0
41440,27792.0
41441,7866.4
41442,6247.2
41443,44305.0
41444,12454.0
41445,34472.0
41446,50353.0
41447,7285.4
41448,45426.2
41449,7661.0
41450,43190.4
41451,3484.8
41452,7877.0
41453,7014.4
41454,7093.0
41455,6436.0
41456,45257.0
41457,6146.6
41458,3000.0
41459,6041.6
41460,6367.0
41461,4151.0
41462,12142.4
41463,54684.0
41464,4291.6
41465,60861.8
41466,4849.0
41467,5970.0
41468,51707.0
41469,62591.0
41470,47163.0
41471,7424.0
41472,5241.4
41473,1998.0
41474,4463.6
41475,62826.4
41476,5333.4
41477,63232.2
41478,51394.6
41479,6312.0
41480,8147.6
41481,5588.8
41482,64406.6
41483,2140.2
41484,6554.2
41485,5885.4
41486,7354.4
41487,57036.8
41488,6296.0
41489,4983.6
41490,4724.4
41491,9084.8
41492,4044.2
41493,5104.0
41494,45257.0
41495,11026.6
41496,51707.0
41497,50954.2
41498,6395.0
41499,3621.6
41500,4663.4
41501,4591.6
41502,50618.8
41503,7768.8
41504,4499.0
41505,13459.2
41506,5223.6
41507,7920.4
41508,2489.0
41509,54608.0
41510,4504.0
41511,4452.0
41512,49171.2
41513,55661.0
41514,6057.2
41515,6624.8
41516,5943.0
41517,3947.8
41518,4969.0
41519,3862.0
41520,4167.4
41521,60185.6
41522,7781.8
41523,54684.0
41524,2723.0
41525,6300.2
41526,9253.0
41527,55983.0
41528,5177.0
41529,18336.0
41530,49553.0
41531,4736.0
41532,3179.4
41533,3040.2
41534,5897.4
41535,62679.2
41536,4111.0
41537,14955.4
41538,11520.0
41539,9837.0
41540,42551.0
41541,82933.8
41542,53041.0
41543,13311.6
41544,9736.0
41545,4272.0
41546,8112.0
41547,5675.6
41548,10640.6
41549,12840.2
41550,60978.0
41551,71954.4
41552,44144.0
41553,14834.4
41554,45257.0
41555,31112.0
41556,55892.6
41557,58503.6
41558,3973.4
41559,5861.6
41560,4111.0
41561,6550.0
41562,11016.0
41563,51473.0
41564,3421.8
41565,5590.4
41566,5832.6
41567,78927.6
41568,5534.8
41569,57779.4
41570,3397.0
41571,6734.6
41572,2828.8
41573,6850.2
41574,47630.2
41575,5549.0
41576,9488.8
41577,4957.0
41578,43669.0
41579,8243.4
41580,47337.2
41581,4520.8
41582,2074.0
41583,10864.4
41584,5199.2
41585,5441.0
41586,4969.0
41587,8974.2
41588,10723.0
41589,41281.0
41590,65031.4
41591,27792.0
41592,13118.2
41593,68281.0
41594,6053.0
41595,2421.0
41596,4162.6
41597,10240.0
41598,13445.6
41599,4569.8
41600,5849.8
41601,5039.6
41602,4254.0
41603,63568.0
41604,7912.6
41605,4546.6
41606,7425.0
41607,5008.2
41608,6027.4
41609,10123.6
41610,7146.8
41611,4951.0
41612,63874.8
41613,65279.0
41614,2014.4
41615,2617.2
41616,58075.4
41617,38276.8
41618,4829.6
41619,5012.6
41620,29992.0
41621,8627.2
41622,2359.4
41623,4348.0
41624,5553.2
41625,4036.4
41626,7497.0
41627,6049.6
41628,45471.2
41629,52063.0
41630,7810.4
41631,12026.2
41632,2145.2
41633,3477.0
41634,6151.2
41635,51249.0
41636,51712.8
41637,49444.6
41638,3685.6
41639,5124.0
41640,6158.0
41641,5102.0
41642,12003.4
41643,48106.2
41644,9039.6
41645,3172.8
41646,12915.0
41647,10813.8
41648,14986.6
41649,2438.0
41650,4483.0
41651,54481.0
41652,4754.6
41653,4697.6
41654,5759.0
41655,5150.0
41656,3598.4
41657,3334.0
41658,2543.2
41659,12888.2
41660,3388.8
41661,6794.4
41662,3882.0
41663,1714.0
41664,11205.0
41665,4778.8
41666,4097.0
41667,32859.0
41668,11205.0
41669,54608.0
41670,6090.8
41671,52287.0
41672,4348.0
41673,14440.8
41674,57501.6
41675,71049.8
41676,57501.6
41677,9169.8
41678,58708.8
41679,2903.0
41680,13123.0
41681,3578.8
41682,55694.4
41683,74015.0
41684,2467.8
41685,6232.0
41686,3393.0
41687,5271.4
41688,10996.0
41689,5746.0
41690,4417.0
41691,4498.0
41692,1966.0
41693,4564.0
41694,4230.0
41695,4588.2
41696,37526.0
41697,23740.0
41698,49146.8
41699,6436.8
41700,11129.0
41701,56131.4
41702,4849.8
41703,4313.0
41704,55377.0
41705,4819.2
41706,3627.6
41707,44101.6
41708,4134.8
41709,13208.2
41710,55983.0
41711,7958.0
41712,9563.4
41713,7344.6
41714,6461.0
41715,49212.4
41716,5384.6
41717,5697.2
41718,7550.4
41719,5441.0
41720,3898.0
41721,49849.0
41722,63065.0
41723,4716.6
41724,6684.4
41725,22152.0
41726,5484.2
41727,3651.0
41728,5277.2
41729,52960.2
41730,6800.6
41731,60978.0
41732,57005.0
41733,6067.0
41734,3275.8
41735,75578.6
41736,49207.0
41737,4520.6
41738,18661.0
41739,6227.6
41740,4040.4
41741,5095.0
41742,5018.0
41743,54608.0
41744,6360.0
41745,5793.6
41746,11151.8
41747,56476.0
41748,65748.2
41749,49853.8
41750,2339.0
41751,8741.4
41752,3362.0
41753,55197.8
41754,3399.4
41755,7665.6
41756,60396.0
41757,5102.8
41758,4857.0
41759,56967.0
41760,52175.0
41761,55535.4
41762,55325.0
41763,6193.0
41764,52238.0
41765,8210.8
41766,5438.8
41767,6238.8
41768,4363.0
41769,4725.2
41770,2410.0
41771,5638.2
41772,5636.8
41773,4731.4
41774,14712.0
41775,65629.0
41776,9987.0
41777,5952.4
41778,70839.2
41779,1543.0
41780,3483.8
41781,50733.0
41782,6579.0
41783,1664.8
41784,80426.2
41785,64207.4
41786,5545.2
41787,1714.0
41788,51425.4
41789,69244.0
41790,4363.0
41791,42056.0
41792,14233.8
41793,4526.2
41794,6488.0
41795,4926.6
41796,7960.6
41797,4574.4
41798,55983.0
41799,7676.2
41800,64464.2
41801,59510.4
41802,12156.8
41803,5227.6
41804,13324.8
41805,6179.0
41806,42650.2
41807,48515.0
41808,3862.0
41809,44402.4
41810,1849.2
41811,12078.0
41812,5885.6
41813,5765.4
41814,5901.0
41815,49725.0
41816,2201.0
41817,6549.0
41818,13109.6
41819,49613.0
41820,5393.2
41821,3646.0
41822,3572.0
41823,58671.0
41824,6760.0
41825,5213.4
41826,49786.2
41827,54608.0
41828,6195.0
41829,55983.0
41830,64316.0
41831,71129.0
41832,60339.2
41833,3456.8
41834,5485.6
41835,5176.0
41836,7285.2
41837,61171.4
41838,9500.2
41839,12389.8
41840,22609.0
41841,50923.0
41842,2901.0
41843,39670.2
41844,7818.2
41845,54684.0
41846,56953.8
41847,8043.0
41848,50600.0
41849,37985.0
41850,12146.0
41851,55377.0
41852,4239.4
41853,4268.2
41854,6568.0
41855,7341.0
41856,27068.0
41857,5477.2
41858,5720.0
41859,4531.0
41860,47385.0
41861,4354.6
41862,47503.2
41863,12117.0
41864,13608.0
41865,38099.0
41866,6249.2
41867,7081.0
41868,60396.0
41869,58039.6
41870,5669.4
41871,4784.0
41872,4200.0
41873,4580.2
41874,12057.0
41875,7425.0
41876,9401.4
41877,3072.0
41878,4659.8
41879,9840.0
41880,1540.0
41881,3104.6
41882,45257.0
41883,5636.2
41884,28501.6
41885,4020.0
41886,13703.2
41887,6332.0
41888,2464.0
41889,45471.2
41890,55983.0
41891,14007.0
41892,2723.4
41893,55694.4
41894,5817.0
41895,4291.6
41896,63065.0
41897,50154.6
41898,42521.0
41899,4562.4
41900,60377.0
41901,6288.8
41902,10782.2
41903,58535.4
41904,10820.0
41905,4500.0
41906,71004.8
41907,40746.6
41908,55919.4
41909,68630.6
41910,10606.8
41911,4501.0
41912,54193.4
41913,5236.2
41914,50609.8
41915,5895.6
41916,48643.8
41917,4919.2
41918,5817.4
41919,4836.2
41920,12443.2
41921,12916.0
41922,8283.0
41923,23898.0
41924,4139.2
41925,6244.0
41926,14826.0
41927,54181.2
41928,12775.0
41929,4357.0
41930,51029.6
41931,2706.2
41932,6573.0
41933,10302.2
41934,6206.6
41935,10166.6
41936,10349.4
41937,4866.6
41938,2056.0
41939,61717.4
41940,3091.0
41941,5925.0
41942,52063.0
41943,3832.8
41944,50271.0
41945,54090.0
41946,62855.2
41947,48985.8
41948,12054.0
41949,4071.0
41950,4337.0
41951,6322.2
41952,4250.8
41953,4581.2
41954,5632.0
41955,5548.0
41956,11488.0
41957,47739.8
41958,4331.0
41959,5949.0
41960,4788.2
41961,10597.0
41962,12528.0
41963,48295.4
41964,4554.6
41965,3129.6
41966,13735.0
41967,4896.0
41968,3020.6
41969,5922.6
41970,5189.0
41971,15871.4
41972,6132.0
41973,6206.2
41974,53209.0
41975,5575.0
41976,6493.6
41977,45693.0
41978,7375.6
41979,45121.6
41980,49905.0
41981,4311.8
41982,10247.0
41983,41488.6
41984,4873.8
41985,14638.0
41986,3971.2
41987,5569.2
41988,6826.4
41989,4825.6
41990,6183.8
41991,11266.2
41992,92634.2
41993,13728.2
41994,41269.0
41995,8254.0
41996,4802.6
41997,57520.2
41998,5477.6
41999,7232.8
42000,5463.4
42001,11875.6
42002,6648.6
42003,4913.6
42004,5419.4
42005,6373.4
42006,5659.0
42007,4556.0
42008,4453.0
42009,10812.4
42010,6488.0
42011,2647.0
42012,8816.6
42013,7857.2
42014,12655.4
42015,6473.4
42016,2098.0
42017,9478.2
42018,10684.6
42019,44144.0
42020,3827.6
42021,12981.2
42022,7411.0
42023,4507.0
42024,6391.8
42025,52581.8
42026,26620.0
42027,15330.0
42028,4637.0
42029,5580.2
42030,63070.8
42031,6109.0
42032,5109.8
42033,2266.8
42034,6576.2
42035,53813.6
42036,7833.0
42037,15707.2
42038,47367.2
42039,3831.0
42040,5689.4
42041,25172.8
42042,5710.0
42043,52063.0
42044,11576.2
42045,57263.4
42046,13062.0
42047,6173.2
42048,68043.4
42049,2124.0
42050,4776.2
42051,24122.0
42052,6450.0
42053,57498.0
42054,62703.0
42055,5441.0
42056,1844.6
42057,49613.0
42058,7971.4
42059,5942.0
42060,3296.6
42061,3058.2
42062,6420.4
42063,2828.4
42064,6734.0
42065,1776.0
42066,12179.6
42067,69840.2
42068,49505.2
42069,1830.0
42070,5556.0
42071,7412.0
42072,5110.0
42073,56588.0
42074,2901.2
42075,69087.0
42076,3330.0
42077,10710.4
42078,50063.4
42079,9378.2
42080,31982.0
42081,12533.4
42082,6371.0
42083,4815.4
42084,71016.8
42085,38606.6
42086,5949.0
42087,27976.0
42088,4843.4
42089,5769.8
42090,7704.4
42091,5347.8
42092,6887.6
42093,53813.6
42094,8321.8
42095,1714.0
42096,12777.0
42097,4746.6
42098,5376.8
42099,49553.0
42100,2477.0
42101,3376.6
42102,11918.6
42103,58137.0
42104,2464.0
42105,3822.2
42106,11205.0
42107,68336.8
42108,7140.8
42109,5459.4
42110,3988.0
42111,4803.8
42112,46304.8
42113,5902.0
42114,57903.0
42115,6012.2
42116,5329.6
42117,69176.6
42118,10918.0
42119,3578.6
42120,64821.0
42121,1443.0
42122,6252.8
42123,8295.0
42124,45855.0
42125,16128.4
42126,14218.8
42127,69168.0
42128,3090.0
42129,12894.0
42130,7813.0
42131,11913.2
42132,53813.6
42133,32008.0
42134,4337.0
42135,12374.8
42136,5196.6
42137,9586.4
42138,3387.0
42139,5554.4
42140,3892.0
42141,2973.2
42142,49725.0
42143,4549.6
42144,51638.2
42145,54337.0
42146,48398.8
42147,6811.4
42148,5955.0
42149,65629.8
42150,47408.0
42151,3999.0
42152,5942.0
42153,47657.0
42154,4587.2
42155,6067.0
42156,27976.0
42157,49613.0
42158,5096.2
42159,56588.0
42160,7061.0
42161,49260.8
42162,52769.2
42163,3373.6
42164,14374.8
42165,11488.0
42166,6834.6
42167,5954.2
42168,4615.2
42169,4337.0
42170,13112.6
42171,5823.0
42172,6363.0
42173,3929.6
42174,3999.0
42175,6760.0
42176,11546.2
42177,60508.0
42178,48337.0
42179,13129.2
42180,6630.4
42181,13952.6
42182,3022.0
42183,7763.2
42184,45140.6
42185,49567.8
42186,56192.6
42187,4374.0
42188,8409.6
42189,11152.0
42190,6438.2
42191,6885.2
42192,5269.4
42193,12029.4
42194,5374.6
42195,4230.0
42196,4243.6
42197,41269.0
42198,5102.0
42199,5102.0
42200,65973.4
42201,5551.4
42202,4262.0
42203,2477.0
42204,6666.0
42205,6689.2
42206,10967.0
42207,4488.4
42208,13148.0
42209,6285.0
42210,6114.0
42211,5793.2
42212,5102.0
42213,50813.2
42214,4708.6
42215,66402.6
42216,8791.4
42217,5346.6
42218,10343.8
42219,4729.8
42220,6930.0
42221,8507.2
42222,5857.0
42223,50726.4
42224,2336.0
42225,52867.4
42226,17808.0
42227,3862.0
42228,1842.6
42229,6745.8
42230,2303.0
42231,4827.0
42232,4569.0
42233,41839.0
42234,60061.2
42235,7296.8
42236,4874.0
42237,4601.0
42238,5707.0
42239,10621.4
42240,7109.0
42241,3106.0
42242,6436.6
42243,51868.8
42244,49725.0
42245,6122.8
42246,5955.0
42247,51313.2
42248,8835.0
42249,4273.4
42250,56367.4
42251,36688.4
42252,20760.0
42253,2621.0
42254,9965.6
42255,46679.4
42256,5156.8
42257,54849.4
42258,6740.4
42259,48269.0
42260,49849.0
42261,6090.8
42262,4668.6
42263,43000.4
42264,59715.4
42265,80265.4
42266,5720.6
42267,2393.0
42268,6711.0
42269,3148.2
42270,5348.0
42271,3910.8
42272,3988.0
42273,4161.0
42274,8674.0
42275,27864.0
42276,6719.4
42277,2124.0
42278,6775.2
42279,7533.6
42280,64316.0
42281,4761.8
42282,59377.0
42283,55508.2
42284,4637.0
42285,7124.4
42286,6450.6
42287,6989.0
42288,4959.2
42289,4984.0
42290,5769.8
42291,4800.2
42292,62748.0
42293,67844.0
42294,6760.0
42295,5811.2
42296,4968.0
42297,50075.4
42298,55088.4
42299,44743.6
42300,49613.0
42301,4786.0
42302,7389.0
42303,9230.0
42304,5313.4
42305,5322.0
42306,56915.4
42307,7270.2
42308,3363.0
42309,11562.2
42310,10298.6
42311,48537.4
42312,8381.2
42313,2476.0
42314,9206.0
42315,9128.8
42316,8131.0
42317,49553.0
42318,49613.0
42319,5954.0
42320,52522.0
42321,49036.6
42322,51562.4
42323,5624.0
42324,14040.0
42325,44404.0
42326,5042.0
42327,2905.2
42328,7243.6
42329,11645.2
42330,4282.0
42331,47904.6
42332,7658.8
42333,6926.6
42334,6892.6
42335,6248.6
42336,10236.0
42337,4892.8
42338,4971.0
42339,5854.0
42340,6347.8
42341,5178.8
42342,12938.6
42343,4363.0
42344,4214.0
42345,5446.0
42346,43865.0
42347,49146.8
42348,6963.8
42349,53478.6
42350,46118.0
42351,4395.4
42352,3379.0
42353,53764.2
42354,51047.4
42355,5407.4
42356,5284.2
42357,56879.4
42358,2239.4
42359,4672.0
42360,6002.6
42361,65315.4
42362,7981.6
42363,7256.6
42364,3998.0
42365,60508.0
42366,29544.0
42367,3497.0
42368,7690.2
42369,7042.8
42370,48568.0
42371,6186.6
42372,8121.8
42373,3393.0
42374,52827.0
42375,59264.0
42376,7481.8
42377,6917.4
42378,49146.8
42379,47337.2
42380,14518.2
42381,11067.6
42382,60396.0
42383,11327.6
42384,3773.2
42385,57263.4
42386,57320.0
42387,9003.8
42388,2886.0
42389,6195.0
42390,1604.0
42391,6450.0
42392,12341.4
42393,7514.4
42394,8369.8
42395,4501.0
42396,10833.4
42397,4222.8
42398,5133.4
42399,63487.0
42400,2336.0
42401,50868.0
42402,47281.2
42403,6064.0
42404,3578.4
42405,32923.0
42406,11295.2
42407,63635.4
42408,64426.6
42409,10236.6
42410,69337.0
42411,6451.0
42412,3754.0
42413,5790.4
42414,1714.0
42415,6427.6
42416,2410.0
42417,7412.0
42418,5046.8
42419,8195.0
42420,59727.6
42421,6324.0
42422,3965.4
42423,17556.6
42424,44173.2
42425,3573.2
42426,11547.8
42427,3121.8
42428,11586.4
42429,3016.0
42430,11488.0
42431,1796.0
42432,6803.8
42433,31982.0
42434,8484.4
42435,2343.0
42436,47936.0
42437,50787.4
42438,6029.6
42439,55456.0
42440,57901.0
42441,9840.0
42442,5322.0
42443,55763.4
42444,5954.0
42445,2410.0
42446,45257.0
42447,45461.8
42448,14157.2
42449,5765.4
42450,46244.8
42451,4805.8
42452,58125.0
42453,16045.4
42454,53429.4
42455,16707.2
42456,14243.6
42457,6811.2
42458,10574.4
42459,4838.8
42460,3693.6
42461,57574.8
42462,52511.0
42463,1551.0
42464,4979.0
42465,4821.6
42466,6385.2
42467,53967.4
42468,3096.0
42469,29992.0
42470,57665.4
42471,64817.8
42472,4376.6
42473,10195.4
42474,7341.2
42475,10755.2
42476,5177.0
42477,58671.4
42478,47141.4
42479,49553.0
42480,5195.2
42481,46449.6
42482,4034.6
42483,55763.4
42484,4149.0
42485,5949.0
42486,2694.0
42487,55983.0
42488,58335.0
42489,4774.2
42490,54684.0
42491,5823.0
42492,51707.0
42493,5441.0
42494,6321.4
42495,3433.4
42496,10880.6
42497,52216.8
42498,57396.6
42499,4658.0
42500,11178.6
42501,5646.4
42502,2276.0
42503,54582.4
42504,4248.0
42505,6832.6
42506,64585.4
42507,9739.2
42508,16052.0
42509,10636.8
42510,7379.0
42511,7445.6
42512,65775.4
42513,3884.2
42514,16213.8
42515,11358.2
42516,56588.0
42517,7141.2
42518,53949.6
42519,13273.6
42520,51141.2
42521,49959.8
42522,40340.2
42523,5849.0
42524,47586.0
42525,4041.8
42526,53387.0
42527,5963.6
42528,6329.8
42529,6300.2
42530,20760.0
42531,45693.0
42532,70364.0
42533,44280.0
42534,12394.4
42535,5656.0
42536,3514.6
42537,6130.6
42538,54512.0
42539,3731.6
42540,6408.0
42541,4330.2
42542,11846.6
42543,6133.0
42544,5322.0
42545,5081.6
42546,2859.0
42547,7284.8
42548,7481.6
42549,6985.0
42550,3843.6
42551,4518.0
42552,6560.6
42553,54393.0
42554,14754.0
42555,6002.4
42556,56476.0
42557,4075.2
42558,6095.8
42559,5984.8
42560,50590.4
42561,59239.8
42562,55694.4
42563,4667.4
42564,6620.4
42565,39975.0
42566,49725.0
42567,10650.6
42568,6450.0
42569,6150.0
42570,53152.0
42571,4556.8
42572,53743.0
42573,58573.0
42574,15162.4
42575,51132.2
42576,8332.4
42577,1544.0
42578,12026.2
42579,17747.2
42580,4376.4
42581,2410.0
42582,4756.0
42583,7653.4
42584,5641.2
42585,13259.2
42586,4149.0
42587,12285.0
42588,12495.0
42589,3710.8
42590,68840.6
42591,54087.0
42592,8202.0
42593,3667.8
42594,4611.4
42595,4032.4
42596,45471.2
42597,45471.2
42598,11865.4
42599,51417.0
42600,3519.0
42601,52600.6
42602,3193.4
42603,6984.2
42604,6841.8
42605,6332.8
42606,8064.2
42607,57545.8
42608,3862.0
42609,47299.8
42610,52063.0
42611,7032.2
42612,12383.0
42613,6323.2
42614,46733.4
42615,9641.0
42616,12138.0
42617,4499.0
42618,60508.0
42619,7501.8
42620,48725.0
42621,54684.0
42622,5415.0
42623,57501.6
42624,15312.8
42625,7416.6
42626,54765.0
42627,29992.0
42628,65270.6
42629,15141.0
42630,5433.4
42631,68718.0
42632,15215.2
42633,3000.0
42634,77106.4
42635,7489.0
42636,12585.2
42637,5932.2
42638,57779.4
42639,12391.0
42640,4338.2
42641,2519.4
42642,4755.0
42643,56610.6
42644,60064.2
42645,56459.6
42646,2661.6
42647,4827.0
42648,5944.6
42649,5437.4
42650,3862.0
42651,6319.0
42652,57992.0
42653,48882.0
42654,59513.8
42655,7112.6
42656,4522.0
42657,7950.0
42658,9585.6
42659,5886.8
42660,3363.0
42661,34346.4
42662,9640.0
42663,5928.2
42664,2250.0
42665,5632.0
42666,58223.0
42667,53647.6
42668,5522.2
42669,6082.6
42670,12433.2
42671,11007.4
42672,65977.0
42673,5500.0
42674,8049.4
42675,9169.6
42676,5246.8
42677,16611.6
42678,9640.6
42679,6578.0
42680,13945.2
42681,69041.6
42682,2719.8
42683,7131.6
42684,45422.4
42685,63644.0
42686,15374.0
42687,25370.8
42688,3096.0
42689,10960.6
42690,7317.0
42691,57320.0
42692,5111.2
42693,6032.0
42694,11718.0
42695,53209.0
42696,10165.0
42697,49613.0
42698,5910.4
42699,2460.6
42700,48876.4
42701,3999.0
42702,7029.4
42703,8732.6
42704,6273.0
42705,6268.6
42706,3862.0
42707,6881.0
42708,61967.4
42709,68048.2
42710,10936.4
42711,3805.0
42712,58788.0
42713,5618.0
42714,3980.6
42715,2477.0
42716,6456.4
42717,12251.2
42718,5615.2
42719,13411.0
42720,11068.6
42721,4814.6
42722,9848.6
42723,3398.0
42724,6621.4
42725,5441.0
42726,3759.8
42727,2193.2
42728,5771.6
42729,6497.6
42730,5364.2
42731,61485.0
42732,5238.6
42733,3860.0
42734,4462.0
42735,5976.0
42736,63599.0
42737,5813.4
42738,48170.4
42739,6342.0
42740,4780.6
42741,2201.0
42742,51562.4
42743,8095.4
42744,2150.0
42745,4008.4
42746,7851.2
42747,20000.0
42748,55856.6
42749,6450.0
42750,4525.6
42751,60965.0
42752,7756.0
42753,66480.0
42754,4394.2
42755,35790.4
42756,54553.0
42757,51217.8
42758,6643.2
42759,24925.4
42760,3219.0
42761,12316.4
42762,6615.6
42763,10787.8
42764,12423.0
42765,71787.4
42766,5161.4
42767,5177.2
42768,39734.2
42769,80773.2
42770,46913.6
42771,3542.6
42772,5156.6
42773,8057.4
42774,4641.2
42775,7426.0
42776,12464.6
42777,5001.4
42778,44148.8
42779,7375.6
42780,4798.0
42781,57496.2
42782,11488.0
42783,5646.4
42784,3015.0
42785,60396.0
42786,3464.0
42787,10644.6
42788,8225.2
42789,5885.8
42790,3650.8
42791,15081.0
42792,60396.0
42793,2477.0
42794,6323.2
42795,8294.0
42796,23838.0
42797,32923.0
42798,7092.8
42799,2244.2
42800,5897.4
42801,11382.0
42802,23728.0
42803,6574.6
42804,49913.0
42805,3330.0
42806,5388.0
42807,32859.0
42808,1776.0
42809,6086.2
42810,6791.0
42811,16432.6
42812,55018.6
42813,50590.4
42814,6584.0
42815,4971.0
42816,3716.6
42817,6386.2
42818,32859.0
42819,6696.8
42820,4417.0
42821,4361.6
42822,5584.0
42823,54890.0
42824,49849.0
42825,65771.8
42826,1755.0
42827,2906.2
42828,14999.8
42829,8937.0
42830,4506.0
42831,7375.0
42832,4577.6
42833,46201.2
42834,15085.2
42835,4111.0
42836,3343.2
42837,51972.2
42838,6092.0
42839,27080.0
42840,11811.4
42841,4252.8
42842,39847.0
42843,7967.0
42844,6597.8
42845,6262.8
42846,6654.4
42847,22962.2
42848,32923.0
42849,55088.4
42850,5445.8
42851,4263.0
42852,5937.6
42853,3090.0
42854,6444.0
42855,13081.4
42856,5703.8
42857,54608.0
42858,11205.0
42859,6042.2
42860,2812.0
42861,11129.0
42862,58949.0
42863,74571.0
42864,6195.0
42865,48537.4
42866,7392.6
42867,6724.0
42868,2477.0
42869,11129.0
42870,66556.0
42871,11477.8
42872,10864.4
42873,10996.2
42874,6594.2
42875,3962.8
42876,5823.0
42877,6454.8
42878,2339.0
42879,5693.4
42880,5018.6
42881,20823.0
42882,7088.6
42883,5792.0
42884,57744.0
42885,35554.0
42886,70798.8
42887,5308.4
42888,2276.0
42889,45185.0
42890,5177.0
42891,6458.8
42892,6994.4
42893,6002.8
42894,22140.0
42895,8817.8
42896,60396.0
42897,4936.2
42898,15548.2
42899,43392.6
42900,6432.0
42901,9487.0
42902,52867.4
42903,60396.0
42904,5914.2
42905,6187.2
42906,5479.0
42907,38288.4
42908,6788.6
42909,5955.0
42910,5460.0
42911,60926.4
42912,13385.6
42913,4655.2
42914,2836.0
42915,32859.0
42916,5563.2
42917,6555.0
42918,4099.0
42919,60490.2
42920,54275.2
42921,49853.8
42922,4494.4
42923,9007.8
42924,5229.8
42925,6616.0
42926,6033.0
42927,3169.4
42928,2150.0
42929,6556.4
42930,11914.2
42931,63841.0
42932,63613.0
42933,4589.4
42934,5935.6
42935,6348.4
42936,6052.0
42937,4605.4
42938,1776.0
42939,5110.2
42940,53860.8
42941,5954.0
42942,44305.0
42943,4978.2
42944,63621.4
42945,42457.0
42946,57703.6
42947,3535.4
42948,2250.0
42949,4896.0
42950,4099.0
42951,1650.6
42952,5443.8
42953,34472.0
42954,72671.0
42955,52220.2
42956,10640.6
42957,39075.4
42958,53764.2
42959,5829.0
42960,1606.0
42961,50274.0
42962,9136.0
42963,57710.4
42964,11371.2
42965,43097.0
42966,6554.0
42967,49553.0
42968,5943.0
42969,46148.8
42970,3393.0
42971,2418.8
42972,12817.4
42973,13084.0
42974,65158.4
42975,6401.0
42976,27068.0
42977,9201.0
42978,6035.2
42979,4586.0
42980,2098.0
42981,6377.6
42982,11841.2
42983,39321.0
42984,2201.0
42985,10398.2
42986,4963.2
42987,8111.0
42988,4154.8
42989,5990.2
42990,2869.8
42991,7591.4
42992,4838.6
42993,8035.0
42994,3666.2
42995,4461.2
42996,73917.8
42997,38263.8
42998,6319.0
42999,50366.8
43000,41064.0
43001,7381.2
43002,7379.8
43003,59218.0
43004,2480.0
43005,6500.4
43006,7344.2
43007,6082.0
43008,22140.0
43009,2531.0
43010,3498.2
43011,2410.0
43012,4860.2
43013,62309.0
43014,53813.6
43015,11860.8
43016,6033.0
43017,57718.4
43018,17920.6
43019,6256.0
43020,5607.0
43021,8913.0
43022,4029.6
43023,70676.2
43024,4896.4
43025,57031.6
43026,13326.0
43027,4032.8
43028,3966.0
43029,54866.4
43030,8247.4
43031,58473.0
43032,13860.0
43033,48569.0
43034,6329.2
43035,20684.0
43036,7081.6
43037,6067.0
43038,5579.6
43039,4896.0
43040,11605.0
43041,3336.0
43042,3519.0
43043,6098.6
43044,2875.0
43045,8739.4
43046,4896.0
43047,4387.0
43048,5720.8
43049,16247.8
43050,58513.0
43051,55694.4
43052,57703.6
43053,62770.0
43054,4597.4
43055,3000.0
43056,49725.0
43057,8206.4
43058,6139.2
43059,57779.4
43060,52593.0
43061,9840.0
43062,44483.0
43063,53813.6
43064,6052.6
43065,47337.2
43066,7174.0
43067,2407.2
43068,3413.2
43069,48959.0
43070,63568.0
43071,70333.0
43072,11415.8
43073,5506.0
43074,68966.4
43075,5774.6
43076,55377.0
43077,7046.8
43078,10659.2
43079,6424.8
43080,4979.8
43081,66121.8
43082,50787.4
43083,7668.0
43084,7149.0
43085,46918.0
43086,5823.0
43087,9665.6
43088,7425.0
43089,5619.0
43090,3802.4
43091,5986.4
43092,7958.0
43093,4896.0
43094,6461.0
43095,50289.2
43096,16744.8
43097,3597.4
43098,51169.0
43099,9848.2
43100,22140.0
43101,2846.8
43102,53664.2
43103,9864.4
43104,5156.2
43105,53910.0
43106,8683.8
43107,54575.4
43108,12013.0
43109,24056.0
43110,3020.6
43111,53813.6
43112,2971.8
43113,4717.2
43114,4283.6
43115,31436.0
43116,6702.6
43117,4627.8
43118,57263.4
43119,7509.0
43120,7258.8
43121,7007.4
43122,6377.8
43123,5717.8
43124,54684.0
43125,3379.0
43126,4001.8
43127,56613.8
43128,6812.6
43129,4694.6
43130,8907.0
43131,82147.8
43132,21902.4
43133,54136.2
43134,5909.4
43135,50590.4
43136,64083.4
43137,54608.0
43138,46022.2
43139,49613.0
43140,51819.0
43141,6029.6
43142,79972.8
43143,6245.0
43144,57005.0
43145,63321.8
43146,6319.0
43147,5943.0
43148,5565.0
43149,51972.2
43150,5573.0
43151,10744.0
43152,49985.8
43153,63590.4
43154,46918.0
43155,7014.2
43156,23424.0
43157,6843.2
43158,9372.6
43159,5123.2
43160,51707.0
43161,3627.4
43162,3350.0
43163,6002.4
43164,2228.0
43165,4298.6
43166,3971.0
43167,5630.0
43168,11856.0
43169,42578.6
43170,47657.0
43171,7410.0
43172,4442.4
43173,54992.2
43174,6849.0
43175,58656.8
43176,3149.6
43177,57779.4
43178,4483.0
43179,49553.0
43180,36005.0
43181,45257.0
43182,7053.0
43183,86135.0
43184,6628.0
43185,2675.8
43186,3911.0
43187,5383.4
43188,5029.0
43189,5853.0
43190,5543.8
43191,76474.6
43192,18458.8
43193,5004.6
43194,10575.0
43195,6082.0
43196,12687.4
43197,47171.0
43198,5097.6
43199,6883.4
43200,44305.0
43201,49725.0
43202,55208.6
43203,6590.8
43204,10319.0
43205,12486.0
43206,4988.4
43207,2409.0
43208,9412.0
43209,5591.6
43210,7075.0
43211,7220.4
43212,10722.0
43213,2602.8
43214,13914.6
43215,2394.0
43216,11155.6
43217,4850.2
43218,41064.0
43219,6023.4
43220,54306.4
43221,71251.4
43222,5402.0
43223,72544.8
43224,7219.6
43225,64186.0
43226,4452.0
43227,9840.0
43228,5368.0
43229,49725.0
43230,4531.0
43231,2603.0
43232,7368.6
43233,5969.0
43234,5421.2
43235,6630.8
43236,5782.0
43237,6302.0
43238,5028.8
43239,3000.0
43240,51929.8
43241,40058.0
43242,32859.0
43243,54765.0
43244,3826.6
43245,70009.0
43246,64163.6
43247,10678.0
43248,6402.4
43249,36191.8
43250,51707.0
43251,11045.6
43252,2228.0
43253,4106.0
43254,2974.0
43255,6849.4
43256,3597.4
43257,72661.2
43258,3152.0
43259,13001.6
43260,5892.0
43261,52452.0
43262,54582.4
43263,3096.0
43264,10270.2
43265,10180.4
43266,3790.8
43267,2323.0
43268,6107.0
43269,45781.6
43270,56771.8
43271,4281.2
43272,5514.2
43273,13923.0
43274,2637.0
43275,4746.2
43276,50987.8
43277,5177.0
43278,62524.0
43279,5610.2
43280,5020.0
43281,3729.6
43282,11864.6
43283,70109.0
43284,46769.0
43285,8554.0
43286,6266.4
43287,38276.8
43288,41610.0
43289,7426.0
43290,43289.6
43291,71787.4
43292,6212.8
43293,6067.0
43294,12717.0
43295,17604.0
43296,5068.8
43297,55983.0
43298,8519.0
43299,4341.0
43300,5781.0
43301,5879.4
43302,3393.0
43303,5949.0
43304,17604.0
43305,5388.8
43306,4208.8
43307,5331.2
43308,5954.0
43309,2410.0
43310,3719.8
43311,48721.0
43312,8050.4
43313,57327.4
43314,4015.8
43315,3628.8
43316,3917.4
43317,12396.4
43318,14340.0
43319,57005.0
43320,3691.8
43321,58958.0
43322,52351.8
43323,19197.0
43324,3702.0
43325,11623.6
43326,57501.6
43327,6354.6
43328,4499.0
43329,5949.0
43330,2339.0
43331,7425.0
43332,3893.8
43333,54391.4
43334,2261.8
43335,8293.2
43336,3966.2
43337,53465.4
43338,4351.6
43339,8216.0
43340,5651.0
43341,8444.8
43342,47330.8
43343,50733.0
43344,51345.0
43345,81420.8
43346,11871.2
43347,5341.6
43348,49444.6
43349,3342.0
43350,63545.8
43351,31660.0
43352,14344.2
43353,5213.8
43354,7731.4
43355,2339.0
43356,2901.0
43357,70229.8
43358,2203.0
43359,2462.0
43360,65425.0
43361,47045.8
43362,31243.6
43363,6448.4
43364,37432.0
43365,49613.0
43366,4496.0
43367,5177.0
43368,65651.4
43369,5901.4
43370,4485.0
43371,56476.0
43372,4763.4
43373,69683.4
43374,5375.8
43375,4417.0
43376,6354.2
43377,2444.0
43378,6191.2
43379,4755.0
43380,1550.0
43381,12831.6
43382,53585.0
43383,8762.8
43384,49613.0
43385,7364.6
43386,2860.0
43387,6800.0
43388,5817.0
43389,17604.0
43390,4803.2
43391,11838.8
43392,52063.2
43393,42457.0
43394,50787.4
43395,3589.6
43396,5057.2
43397,13746.6
43398,4735.2
43399,6436.0
43400,5102.0
43401,11561.6
43402,4637.0
43403,1891.4
43404,1839.6
43405,5366.0
43406,3683.8
43407,7025.0
43408,58125.0
43409,12957.0
43410,60589.0
43411,6717.4
43412,6435.0
43413,60490.4
43414,11021.6
43415,1776.0
43416,3393.0
43417,60377.0
43418,6054.0
43419,2124.0
43420,71234.2
43421,11184.0
43422,5021.2
43423,1830.0
43424,45249.8
43425,7123.6
43426,7842.8
43427,4414.6
43428,4379.4
43429,16669.2
43430,6067.0
43431,11088.0
43432,3888.0
43433,6460.2
43434,9937.6
43435,5271.8
43436,6242.0
43437,2937.0
43438,5179.0
43439,12408.0
43440,4947.0
43441,4236.6
43442,13641.0
43443,4957.8
43444,13356.0
43445,56759.6
43446,49913.8
43447,2339.0
43448,5567.0
43449,4532.0
43450,10412.8
43451,14262.4
43452,51201.2
43453,22152.0
43454,2669.8
43455,2646.4
43456,12948.8
43457,51972.2
43458,49553.0
43459,8126.2
43460,3487.8
43461,41387.4
43462,5125.4
43463,3715.2
43464,7487.0
43465,3185.8
43466,7402.2
43467,4695.0
43468,5656.0
43469,5943.0
43470,5323.4
43471,41127.6
43472,5362.2
43473,16833.2
43474,11150.8
43475,2633.2
43476,4567.0
43477,6060.0
43478,5949.0
43479,6008.6
43480,9172.2
43481,3334.0
43482,2078.4
43483,4730.6
43484,4356.0
43485,51853.0
43486,49581.2
43487,10743.0
43488,6581.0
43489,2823.8
43490,11931.4
43491,7567.6
43492,4063.0
43493,63644.0
43494,59879.4
43495,4417.0
43496,4306.0
43497,4621.0
43498,8742.8
43499,5214.6
43500,6407.6
43501,36050.4
43502,10721.8
43503,2637.0
43504,85327.0
43505,5429.0
43506,18374.2
43507,3344.0
43508,61847.8
43509,59616.8
43510,53891.2
43511,4939.0
43512,4063.2
43513,4504.8
43514,49959.8
43515,49613.0
43516,3753.2
43517,8347.0
43518,58595.4
43519,48170.8
43520,6318.8
43521,7776.8
43522,44982.6
43523,58671.0
43524,3183.8
43525,12747.6
43526,48930.0
43527,3046.6
43528,5103.0
43529,11467.6
43530,3824.0
43531,50726.4
43532,5656.0
43533,7417.6
43534,6015.0
43535,6003.2
43536,73984.8
43537,5233.4
43538,27792.0
43539,68966.4
43540,7946.4
43541,4248.0
43542,55150.0
43543,8737.8
43544,5102.0
43545,2074.0
43546,15515.8
43547,5873.4
43548,15183.0
43549,65284.0
43550,7620.6
43551,3789.2
43552,5764.2
43553,2409.0
43554,32859.0
43555,12297.2
43556,54068.4
43557,5725.2
43558,7488.6
43559,60396.0
43560,54507.0
43561,58186.4
43562,3099.0
43563,4637.0
43564,13892.4
43565,75575.2
43566,4702.4
43567,4263.0
43568,59257.0
43569,3423.0
43570,5420.0
43571,45257.0
43572,6956.6
43573,5057.4
43574,45310.2
43575,7690.0
43576,58973.0
43577,5385.0
43578,4404.6
43579,6249.2
43580,5375.6
43581,12052.0
43582,6395.0
43583,10277.2
43584,4452.0
43585,10408.0
43586,5456.4
43587,54684.0
43588,8926.2
43589,60978.0
43590,2074.0
43591,4659.8
43592,6511.4
43593,6825.0
43594,55520.6
43595,66482.2
43596,56026.8
43597,6613.2
43598,4499.0
43599,7053.0
43600,1838.8
43601,6002.0
43602,7751.4
43603,5949.0
43604,6626.4
43605,9935.2
43606,59616.2
43607,6568.0
43608,5551.4
43609,45143.8
43610,5365.0
43611,44280.0
43612,10355.4
43613,48464.6
43614,4056.2
43615,64840.2
43616,5441.0
43617,15741.4
43618,57925.8
43619,4268.2
43620,1788.0
43621,29544.0
43622,12817.4
43623,23838.0
43624,7593.0
43625,9516.0
43626,4873.0
43627,7021.6
43628,5961.4
43629,3690.8
43630,51353.2
43631,10722.0
43632,5492.0
43633,3629.0
43634,12000.2
43635,3000.0
43636,52063.0
43637,5701.4
43638,6126.0
43639,66671.4
43640,5177.0
43641,1694.0
43642,4687.0
43643,6975.0
43644,50271.0
43645,4163.0
43646,3996.4
43647,53743.0
43648,5657.0
43649,4658.8
43650,67452.0
43651,3269.0
43652,7082.2
43653,8391.4
43654,15926.8
43655,66054.4
43656,6145.0
43657,54608.0
43658,11452.0
43659,2343.0
43660,3450.0
43661,5960.0
43662,4498.0
43663,46564.8
43664,5840.4
43665,5817.0
43666,5822.2
43667,7561.8
43668,57249.2
43669,64898.2
43670,52367.8
43671,51707.0
43672,54608.0
43673,60854.4
43674,6524.6
43675,55088.4
43676,18764.0
43677,41652.0
43678,67470.0
43679,46769.0
43680,3999.0
43681,13109.2
43682,3743.8
43683,12675.2
43684,11448.0
43685,60508.0
43686,4644.0
43687,45429.0
43688,4778.0
43689,3802.2
43690,8466.6
43691,2339.0
43692,2124.0
43693,9545.0
43694,10617.2
43695,7694.8
43696,5308.2
43697,5245.6
43698,4222.4
43699,6696.8
43700,9755.4
43701,6252.6
43702,68316.6
43703,10408.0
43704,44385.4
43705,4969.8
43706,8423.6
43707,3015.0
43708,4851.0
43709,60508.0
43710,11216.4
43711,54684.0
43712,60854.4
43713,2678.0
43714,8782.0
43715,6636.8
43716,11542.8
43717,56945.0
43718,11383.0
43719,20194.2
43720,52452.0
43721,4075.2
43722,8316.8
43723,16286.0
43724,4165.0
43725,3393.0
43726,13202.4
43727,5052.8
43728,2343.0
43729,2276.0
43730,53913.8
43731,5830.0
43732,60727.2
43733,60601.0
43734,57405.0
43735,5394.2
43736,5393.6
43737,9936.2
43738,64867.4
43739,7119.0
43740,7397.2
43741,11520.0
43742,60601.0
43743,37985.0
43744,62855.2
43745,57367.6
43746,9277.2
43747,5829.2
43748,7425.0
43749,5504.0
43750,6145.6
43751,60166.4
43752,2673.8
43753,6129.0
43754,32859.0
43755,64464.0
43756,3389.2
43757,14069.6
43758,4827.0
43759,41255.8
43760,6551.8
43761,11780.6
43762,11718.0
43763,11983.2
43764,7361.2
43765,5653.8
43766,6844.8
43767,67376.0
43768,6524.0
43769,6570.0
43770,4912.8
43771,45257.0
43772,48643.8
43773,3805.0
43774,3261.4
43775,6829.8
43776,4235.0
43777,44148.8
43778,9659.8
43779,4613.2
43780,4542.0
43781,55377.0
43782,56588.0
43783,60049.0
43784,48537.4
43785,6991.6
43786,5870.2
43787,7307.6
43788,7344.6
43789,5555.6
43790,44109.2
43791,80982.8
43792,11570.8
43793,4672.0
43794,5949.0
43795,3393.0
43796,5654.8
43797,5470.8
43798,6651.8
43799,14526.0
43800,3926.0
43801,49260.8
43802,3477.4
43803,62829.0
43804,5120.0
43805,39321.0
43806,4978.6
43807,7467.0
43808,6728.0
43809,67871.0
43810,59771.0
43811,4338.6
43812,7059.6
43813,57117.2
43814,50038.2
43815,16685.6
43816,57081.0
43817,10911.0
43818,51345.0
43819,5864.0
43820,4825.8
43821,2229.2
43822,6731.2
43823,10772.0
43824,52377.0
43825,47107.2
43826,6131.6
43827,5525.6
43828,5037.0
43829,2723.0
43830,63185.0
43831,41063.6
43832,37832.0
43833,5837.2
43834,6132.0
43835,5317.2
43836,7760.6
43837,2962.6
43838,2361.0
43839,5322.0
43840,49875.8
43841,4007.0
43842,12001.6
43843,3999.6
43844,4086.0
43845,7834.6
43846,12203.0
43847,4427.0
43848,10124.0
43849,12452.6
43850,3236.8
43851,57768.0
43852,63456.2
43853,9937.8
43854,50075.4
43855,6962.0
43856,7349.6
43857,9136.0
43858,6262.0
43859,55983.0
43860,6994.4
43861,51673.4
43862,4357.0
43863,5818.0
43864,4212.2
43865,6082.2
43866,5564.4
43867,2723.0
43868,4501.0
43869,47154.2
43870,7181.2
43871,4658.0
43872,3457.0
43873,3289.0
43874,45347.8
43875,57501.6
43876,7305.6
43877,5464.0
43878,4568.6
43879,6158.0
43880,59254.0
43881,5994.6
43882,42371.4
43883,7288.2
43884,5275.4
43885,12757.6
43886,2454.0
43887,50271.0
43888,57999.0
43889,5714.0
43890,3637.2
43891,46568.6
43892,13318.8
43893,45257.0
43894,62222.4
43895,7358.0
43896,11200.2
43897,2203.0
43898,4683.0
43899,7975.6
43900,3401.4
43901,8244.6
43902,11562.0
43903,8829.6
43904,11184.4
43905,7950.0
43906,5497.8
43907,2420.8
43908,3569.4
43909,4438.6
43910,6067.0
43911,39499.0
43912,6897.4
43913,57710.4
43914,46769.0
43915,4453.0
43916,12057.4
43917,5065.8
43918,7364.6
43919,4579.8
43920,51707.0
43921,8684.4
43922,9712.2
43923,4724.0
43924,45883.0
43925,5452.4
43926,5045.4
43927,59712.0
43928,66303.0
43929,58513.0
43930,59453.8
43931,4847.2
43932,5644.4
43933,1839.8
43934,23944.0
43935,6132.0
43936,8805.4
43937,5954.0
43938,5032.2
43939,11288.2
43940,54608.0
43941,4711.4
43942,44604.6
43943,7425.0
43944,5932.0
43945,3916.0
43946,7425.0
43947,10917.0
43948,4672.0
43949,16775.2
43950,8112.0
43951,2410.0
43952,2080.0
43953,27976.0
43954,5786.0
43955,23944.0
43956,3456.6
43957,5942.0
43958,52260.2
43959,56590.0
43960,12145.8
43961,5880.8
43962,4003.6
43963,5376.6
43964,4151.4
43965,5645.8
43966,59239.8
43967,3177.8
43968,63971.0
43969,5654.6
43970,53813.6
43971,5986.0
43972,9919.4
43973,5646.4
43974,5146.8
43975,5725.2
43976,57031.6
43977,55763.4
43978,64383.0
43979,7895.0
43980,3954.6
43981,5743.2
43982,50137.0
43983,4556.0
43984,45693.0
43985,6998.2
43986,2124.0
43987,5949.0
43988,10387.4
43989,7918.6
43990,7221.8
43991,5067.2
43992,12896.0
43993,55668.8
43994,6981.0
43995,10461.0
43996,57501.6
43997,7856.2
43998,68124.0
43999,6599.8
44000,4815.6
44001,5042.0
44002,6995.2
44003,57501.6
44004,4348.0
44005,56516.4
44006,44144.0
44007,4028.0
44008,4184.0
44009,11489.2
44010,17604.0
44011,12292.8
44012,3584.0
44013,2357.2
44014,9721.8
44015,49711.4
44016,9335.6
44017,13306.0
44018,11448.0
44019,6322.2
44020,4743.6
44021,2439.0
44022,11731.0
44023,7682.4
44024,3496.0
44025,6043.0
44026,5955.0
44027,6139.2
44028,4812.6
44029,6243.4
44030,9781.4
44031,6577.0
44032,4314.0
44033,62645.0
44034,2050.0
44035,6615.0
44036,6442.6
44037,5283.8
44038,10680.0
44039,2074.0
44040,12082.6
44041,57999.0
44042,62396.6
44043,50271.0
44044,50346.2
44045,6637.6
44046,5817.0
44047,1776.0
44048,6568.0
44049,56177.0
44050,5991.4
44051,3391.6
44052,50726.4
44053,61538.6
44054,37985.0
44055,39622.0
44056,7083.2
44057,66547.4
44058,10056.0
44059,6248.0
44060,4149.0
44061,6580.6
44062,6867.2
44063,6630.8
44064,51417.0
44065,4230.0
44066,4896.0
44067,3872.0
44068,54282.0
44069,59612.0
44070,6018.4
44071,10101.0
44072,50631.8
44073,5172.0
44074,44209.8
44075,15275.2
44076,41101.0
44077,46918.0
44078,5767.0
44079,1998.0
44080,5090.0
44081,6434.0
44082,6757.8
44083,50271.0
44084,5896.0
44085,65682.4
44086,31982.0
44087,3258.2
44088,4524.2
44089,11038.8
44090,16060.2
44091,72721.4
44092,6418.0
44093,9734.8
44094,1776.0
44095,11838.8
44096,34460.0
44097,6164.6
44098,63065.0
44099,3519.0
44100,20141.4
44101,58277.0
44102,6223.0
44103,3365.8
44104,47869.4
44105,5885.8
44106,47953.0
44107,7796.6
44108,5531.2
44109,53813.6
44110,4671.0
44111,64113.0
44112,64979.4
44113,55333.8
44114,5400.2
44115,13744.4
44116,55232.0
44117,4337.2
44118,52175.0
44119,5648.8
44120,5889.8
44121,15249.2
44122,3980.6
44123,5892.0
44124,8106.6
44125,53813.6
44126,49800.6
44127,13329.0
44128,57933.6
44129,29544.0
44130,42457.0
44131,7198.8
44132,42457.0
44133,60801.8
44134,5960.0
44135,5008.0
44136,37985.0
44137,9178.0
44138,6860.0
44139,1543.0
44140,14933.2
44141,49253.0
44142,7628.0
44143,11209.6
44144,60160.0
44145,12487.0
44146,52106.8
44147,10039.2
44148,62567.4
44149,5102.0
44150,4498.0
44151,41063.6
44152,50542.2
44153,7853.4
44154,48962.4
44155,4499.0
44156,4499.2
44157,61135.0
44158,5641.4
44159,50629.8
44160,6183.2
44161,29764.0
44162,4996.0
44163,4273.4
44164,5758.4
44165,15397.0
44166,5119.6
44167,15145.4
44168,11807.4
44169,2402.6
44170,2336.0
44171,6742.0
44172,5308.0
44173,43729.0
44174,16097.6
44175,2586.0
44176,54608.0
44177,12403.4
44178,5691.4
44179,4681.2
44180,14343.2
44181,31061.2
44182,41314.0
44183,6954.4
44184,57718.4
44185,13026.0
44186,64102.4
44187,37652.8
44188,3821.4
44189,3193.4
44190,9059.6
44191,15210.6
44192,66321.0
44193,6604.2
44194,6994.4
44195,5925.4
44196,59612.0
44197,5392.6
44198,4687.0
44199,6585.0
44200,10151.8
44201,5069.2
44202,5255.2
44203,3860.0
44204,3878.2
44205,6461.0
44206,7688.8
44207,56476.0
44208,5322.0
44209,5441.0
44210,14930.6
44211,10437.0
44212,3958.8
44213,4343.2
44214,3643.0
44215,52999.4
44216,3421.6
44217,3807.4
44218,7805.2
44219,7705.4
44220,5145.2
44221,55694.4
44222,3847.6
44223,60260.0
44224,7515.4
44225,4648.0
44226,3902.8
44227,3269.0
44228,54033.0
44229,7497.0
44230,7375.6
44231,10282.2
44232,7599.6
44233,47367.2
44234,78431.4
44235,8913.0
44236,5465.6
44237,58473.0
44238,2124.0
44239,7891.0
44240,5829.0
44241,4194.0
44242,5964.0
44243,52287.0
44244,7161.4
44245,60049.0
44246,50271.0
44247,45877.4
44248,2514.4
44249,5130.6
44250,7424.0
44251,24056.0
44252,5767.8
44253,10437.0
44254,5888.0
44255,51201.2
44256,43000.4
44257,23728.0
44258,4725.4
44259,5010.0
44260,4656.6
44261,62829.0
44262,9809.8
44263,5969.6
44264,6915.6
44265,8043.0
44266,2344.8
44267,2812.0
44268,23898.0
44269,49613.0
44270,2105.0
44271,60508.0
44272,3000.8
44273,5278.2
44274,4827.0
44275,16823.2
44276,6109.0
44277,6205.2
44278,2783.6
44279,56075.0
44280,44700.4
44281,3381.0
44282,2839.8
44283,6511.0
44284,6365.2
44285,3563.2
44286,10404.6
44287,5388.4
44288,6611.4
44289,3282.4
44290,60978.0
44291,5219.4
44292,3185.8
44293,3912.6
44294,54337.8
44295,27792.0
44296,7394.2
44297,55001.0
44298,5438.8
44299,55983.0
44300,3551.6
44301,4846.4
44302,11960.6
44303,5087.0
44304,63971.0
44305,7916.2
44306,2410.0
44307,44946.6
44308,51677.8
44309,3275.4
44310,15162.0
44311,6100.6
44312,55293.4
44313,5955.0
44314,6173.2
44315,49781.0
44316,52287.0
44317,5103.0
44318,5194.2
44319,49207.0
44320,4129.6
44321,34043.0
44322,49194.6
44323,79829.2
44324,9736.0
44325,9192.0
44326,5954.0
44327,54034.6
44328,5896.6
44329,11519.0
44330,7519.4
44331,4877.6
44332,41701.4
44333,4498.0
44334,12643.2
44335,63568.0
44336,4296.0
44337,5223.0
44338,1924.0
44339,5292.0
44340,4978.6
44341,6449.0
44342,4545.2
44343,52992.0
44344,50347.6
44345,5129.2
44346,6489.0
44347,4877.0
44348,2074.0
44349,4787.2
44350,65081.0
44351,69063.4
44352,45310.2
44353,6594.2
44354,14305.8
44355,52440.0
44356,17637.4
44357,9767.2
44358,32646.0
44359,6095.8
44360,75452.2
44361,56953.8
44362,5777.0
44363,11256.2
44364,48367.6
44365,2276.0
44366,5951.8
44367,11665.6
44368,9595.8
44369,2607.4
44370,2467.8
44371,6410.2
44372,6909.8
44373,63218.2
44374,5549.0
44375,3100.0
44376,10375.2
44377,8412.2
44378,55951.8
44379,6054.0
44380,9035.8
44381,1714.0
44382,75081.6
44383,47257.4
44384,7643.2
44385,9812.4
44386,11700.2
44387,47503.2
44388,8728.8
44389,2461.8
44390,55983.0
44391,15679.4
44392,55983.0
44393,3454.4
44394,2477.0
44395,5857.0
44396,4832.2
44397,3980.0
44398,11773.2
44399,57125.8
44400,4259.6
44401,3216.8
44402,5888.0
44403,4872.6
44404,4790.4
44405,58087.0
44406,4979.0
44407,5565.2
44408,59239.8
44409,12490.0
44410,10450.6
44411,52452.0
44412,3754.0
44413,6059.6
44414,1924.0
44415,11813.2
44416,4008.2
44417,5590.2
44418,10605.8
44419,20684.0
44420,62267.6
44421,7635.2
44422,8830.8
44423,6319.0
44424,3860.0
44425,9249.2
44426,43796.8
44427,6696.8
44428,56588.0
44429,5283.8
44430,4221.4
44431,5468.4
44432,4841.6
44433,65213.2
44434,3954.8
44435,2228.0
44436,14461.6
44437,52063.0
44438,4485.0
44439,6082.0
44440,8123.4
44441,67545.0
44442,5238.0
44443,68463.4
44444,4959.6
44445,54890.8
44446,8054.8
44447,57775.4
44448,4795.0
44449,4206.8
44450,39499.0
44451,3792.8
44452,54684.0
44453,13969.2
44454,12515.8
44455,13380.4
44456,61126.4
44457,4755.0
44458,12071.0
44459,2578.4
44460,13547.6
44461,56476.0
44462,50271.0
44463,10529.2
44464,2140.4
44465,5547.4
44466,4363.0
44467,55799.8
44468,54684.0
44469,4271.8
44470,4000.6
44471,4706.6
44472,12939.6
44473,4123.0
44474,5733.2
44475,10543.0
44476,6184.8
44477,6839.6
44478,37985.0
44479,49853.8
44480,12885.8
44481,2321.4
44482,60978.0
44483,8090.8
44484,15405.6
44485,48825.8
44486,53197.0
44487,6696.8
44488,3016.0
44489,55088.4
44490,5796.2
44491,58039.6
44492,44144.0
44493,46918.0
44494,40938.4
44495,11781.0
44496,5531.6
44497,5712.2
44498,4730.8
44499,53209.0
44500,3012.4
44501,9825.8
44502,5991.0
44503,5280.8
44504,4348.0
44505,44483.0
44506,5954.0
44507,3500.4
44508,8112.0
44509,5574.0
44510,6965.2
44511,49725.0
44512,72416.8
44513,11458.4
44514,5588.0
44515,61516.0
44516,56908.4
44517,6430.0
44518,10907.0
44519,14170.4
44520,6549.2
44521,10261.0
44522,3104.8
44523,14496.2
44524,48860.6
44525,54728.6
44526,65999.4
44527,5670.6
44528,14107.4
44529,12883.2
44530,3000.0
44531,43134.6
44532,5883.4
44533,8697.4
44534,5823.0
44535,22152.0
44536,66905.8
44537,10835.0
44538,10506.6
44539,58589.4
44540,2410.0
44541,5981.4
44542,5464.0
44543,5824.0
44544,9971.2
44545,23898.0
44546,6004.0
44547,7344.6
44548,62987.6
44549,5761.0
44550,13578.0
44551,6112.4
44552,52830.0
44553,3028.8
44554,6573.0
44555,31982.0
44556,2913.4
44557,8290.4
44558,6165.8
44559,14343.0
44560,4672.0
44561,51457.0
44562,6816.0
44563,77272.4
44564,3500.0
44565,6395.0
44566,5761.0
44567,12930.0
44568,3000.0
44569,6975.6
44570,7884.4
44571,4000.0
44572,6932.4
44573,71887.2
44574,64285.0
44575,42078.0
44576,4031.0
44577,11205.0
44578,9865.4
44579,60551.4
44580,8328.0
44581,5832.8
44582,16332.6
44583,9991.6
44584,2739.6
44585,9871.4
44586,61083.2
44587,62444.8
44588,54882.8
44589,54608.0
44590,2966.6
44591,4206.2
44592,12232.6
44593,6808.8
44594,12848.2
44595,5489.8
44596,10207.2
44597,2464.0
44598,5604.2
44599,6502.0
44600,58524.2
44601,50137.0
44602,15940.4
44603,4994.8
44604,2600.2
44605,45693.0
44606,3914.0
44607,52954.8
44608,58008.2
44609,52766.6
44610,55983.0
44611,5012.4
44612,55965.4
44613,14958.2
44614,5636.8
44615,41064.0
44616,8112.0
44617,11256.0
44618,4339.0
44619,2585.6
44620,57661.8
44621,6192.0
44622,40746.6
44623,8529.4
44624,6172.0
44625,6390.2
44626,4229.0
44627,6881.0
44628,4999.0
44629,12060.2
44630,9277.0
44631,60904.0
44632,64605.8
44633,56670.4
44634,6169.0
44635,6755.2
44636,2150.0
44637,2078.4
44638,5474.6
44639,48343.6
44640,66094.0
44641,5360.8
44642,1604.0
44643,2050.0
44644,4178.0
44645,6292.6
44646,63026.0
44647,10212.2
44648,9751.8
44649,54651.4
44650,39241.4
44651,4032.0
44652,57332.0
44653,42078.0
44654,5818.4
44655,52712.6
44656,8799.0
44657,4755.0
44658,12792.2
44659,3999.0
44660,5344.0
44661,8179.8
44662,35490.0
44663,71267.8
44664,15224.6
44665,5761.0
44666,43645.6
44667,7472.2
44668,8219.8
44669,4134.4
44670,37985.0
44671,4500.0
44672,50726.4
44673,5797.4
44674,5441.0
44675,2993.2
44676,7789.0
44677,5914.2
44678,6437.0
44679,9879.0
44680,5802.6
44681,4882.2
44682,5731.2
44683,53647.6
44684,5120.0
44685,55499.6
44686,12414.2
44687,83259.6
44688,12003.4
44689,2208.0
44690,2124.0
44691,8779.8
44692,10723.4
44693,1776.0
44694,4463.0
44695,62829.0
44696,4676.0
44697,7182.4
44698,4056.0
44699,80611.2
44700,13309.4
44701,2960.0
44702,12050.8
44703,42555.8
44704,7573.2
44705,9443.2
44706,9959.6
44707,9608.8
44708,4576.0
44709,1998.0
44710,51124.6
44711,4055.8
44712,10103.0
44713,47503.2
44714,6062.8
44715,2339.0
44716,50528.0
44717,56702.0
44718,38099.0
44719,11329.8
44720,4000.0
44721,14563.4
44722,6852.8
44723,54684.0
44724,5104.0
44725,5441.0
44726,3729.4
44727,5164.2
44728,41064.0
44729,6025.2
44730,5438.6
44731,4353.8
44732,4582.0
44733,73289.8
44734,6450.0
44735,43376.0
44736,49628.4
44737,6273.0
44738,5179.0
44739,56476.0
44740,67321.0
44741,5557.8
44742,5886.0
44743,5714.6
44744,11505.8
44745,6015.0
44746,2426.0
44747,5017.0
44748,4501.0
44749,9418.8
44750,51457.0
44751,12579.0
44752,8831.2
44753,6165.8
44754,45883.0
44755,2911.2
44756,61926.4
44757,6404.4
44758,15257.0
44759,9053.6
44760,4667.4
44761,20000.0
44762,6321.8
44763,6250.0
44764,6334.4
44765,12784.0
44766,36763.0
44767,31436.0
44768,4077.0
44769,2228.0
44770,8831.8
44771,47549.8
44772,59715.4
44773,64453.8
44774,42457.0
44775,49207.0
44776,57703.6
44777,6569.0
44778,4253.6
44779,45257.0
44780,4726.2
44781,6079.6
44782,3000.0
44783,12170.6
44784,58796.8
44785,15782.6
44786,2074.0
44787,53674.8
44788,51817.0
44789,49553.0
44790,10239.2
44791,9136.0
44792,6152.4
44793,2723.0
44794,2953.0
44795,5584.6
44796,3000.0
44797,55150.0
44798,55377.0
44799,5479.8
44800,1998.0
44801,10399.8
44802,4976.2
44803,5712.0
44804,2289.8
44805,70001.2
44806,5688.6
44807,7851.6
44808,61135.0
44809,3769.6
44810,3393.0
44811,4921.0
44812,55665.0
44813,4780.2
44814,6071.2
44815,3824.6
44816,7407.4
44817,2409.0
44818,11520.0
44819,41667.6
44820,5117.4
44821,5168.0
44822,2835.0
44823,50271.0
44824,45693.0
44825,16906.8
44826,3621.0
44827,57046.4
44828,9481.8
44829,5888.0
44830,52313.0
44831,3013.2
44832,2150.0
44833,6563.4
44834,8629.2
44835,11864.4
44836,9364.4
44837,7278.4
44838,4992.0
44839,12688.8
44840,20760.0
44841,4656.0
44842,6524.0
44843,55186.0
44844,7856.2
44845,3943.0
44846,6769.6
44847,64655.4
44848,6661.2
44849,4868.0
44850,7135.0
44851,8216.0
44852,3188.6
44853,45257.0
44854,55018.6
44855,3607.8
44856,43729.0
44857,52262.4
44858,4912.0
44859,5071.8
44860,5588.8
44861,7668.4
44862,6275.0
44863,17471.8
44864,61751.6
44865,57806.6
44866,3657.0
44867,7086.4
44868,12048.6
44869,51972.2
44870,67295.0
44871,7810.6
44872,3895.8
44873,50271.0
44874,8504.6
44875,4425.0
44876,2519.4
44877,4051.6
44878,51562.4
44879,3239.6
44880,6787.0
44881,51707.0
44882,6715.4
44883,5949.0
44884,4452.0
44885,5767.0
44886,44280.0
44887,3789.2
44888,52175.0
44889,51141.2
44890,44622.0
44891,6154.4
44892,6524.8
44893,52751.2
44894,55694.4
44895,62554.4
44896,7103.0
44897,10068.4
44898,4189.4
44899,4491.0
44900,6354.0
44901,17239.4
44902,2700.0
44903,60508.0
44904,12582.8
44905,60508.0
44906,7711.0
44907,6573.0
44908,63644.0
44909,9816.8
44910,69145.4
44911,4131.0
44912,52063.0
44913,7724.4
44914,5102.0
44915,5567.8
44916,54269.8
44917,47015.6
44918,53049.0
44919,55150.0
44920,54684.0
44921,5793.2
44922,4532.4
44923,7467.0
44924,2409.0
44925,5634.4
44926,12000.0
44927,61917.8
44928,17115.6
44929,67720.4
44930,55983.0
44931,5573.0
44932,24234.0
44933,2361.0
44934,3746.6
44935,15531.8
44936,6972.8
44937,45693.0
44938,5548.0
44939,11079.2
44940,60116.4
44941,49194.6
44942,52175.0
44943,51457.0
44944,46918.0
44945,55919.4
44946,5661.6
44947,7743.8
44948,46580.8
44949,32923.0
44950,6797.0
44951,65525.8
44952,3915.0
44953,62882.4
44954,13273.0
44955,9218.2
44956,4637.0
44957,7175.6
44958,42457.0
44959,49884.0
44960,3461.4
44961,4783.6
44962,10291.6
44963,9696.4
44964,4041.0
44965,17604.0
44966,4658.0
44967,5800.4
44968,6082.0
44969,4139.2
44970,8135.4
44971,12661.2
44972,55661.0
44973,2480.0
44974,3014.0
44975,54212.6
44976,7774.0
44977,8896.4
44978,47449.0
44979,71327.0
44980,53835.0
44981,4591.8
44982,59885.2
44983,6207.8
44984,2658.2
44985,1891.4
44986,4979.0
44987,2738.2
44988,5224.0
44989,3986.0
44990,8026.2
44991,58769.8
44992,4239.0
44993,8000.4
44994,6302.0
44995,50898.2
44996,27976.0
44997,3352.2
44998,58733.0
44999,72096.8
45000,5438.2
45001,5040.2
45002,5949.0
45003,3748.8
45004,3999.0
45005,6076.2
45006,11532.0
45007,50397.0
45008,3015.0
45009,61481.4
45010,37985.0
45011,11122.6
45012,5100.2
45013,7092.4
45014,42021.4
45015,4259.6
45016,53813.6
45017,8127.0
45018,54885.4
45019,6333.0
45020,6224.0
45021,6468.0
45022,2409.0
45023,7103.2
45024,49613.0
45025,65529.0
45026,65884.0
45027,7461.8
45028,2339.0
45029,5978.8
45030,63613.6
45031,60978.0
45032,6681.2
45033,69462.4
45034,12810.0
45035,49553.0
45036,45883.0
45037,55553.8
45038,2547.6
45039,50063.4
45040,7167.2
45041,48361.0
45042,10077.8
45043,6057.6
45044,4170.6
45045,4375.6
45046,6568.0
45047,4295.6
45048,45540.2
45049,4842.2
45050,11260.4
45051,44305.0
45052,61941.4
45053,3736.0
45054,8863.0
45055,7315.4
45056,65271.4
45057,42457.0
45058,4816.0
45059,6067.0
45060,17854.2
45061,4453.0
45062,4356.8
45063,2453.0
45064,9422.6
45065,4013.2
45066,16683.4
45067,20000.0
45068,4672.0
45069,3999.0
45070,67824.0
45071,50775.4
45072,5783.2
45073,8676.0
45074,2966.0
45075,58412.8
45076,60601.0
45077,64157.8
45078,2410.0
45079,2418.8
45080,45540.2
45081,6132.0
45082,6132.0
45083,51817.0
45084,11434.6
45085,57297.0
45086,52645.8
45087,52118.4
45088,7540.6
45089,37508.2
45090,56590.0
45091,5296.6
45092,5949.0
45093,4935.2
45094,3516.0
45095,2477.0
45096,3208.2
45097,3818.2
45098,45657.0
45099,84793.0
45100,68966.4
45101,57005.0
45102,10512.0
45103,57017.0
45104,4576.0
45105,6451.6
45106,10319.0
45107,46809.6
45108,4900.8
45109,61485.0
45110,45693.0
45111,5334.6
45112,41064.0
45113,2339.0
45114,5783.6
45115,53064.0
45116,30350.4
45117,18389.2
45118,11287.8
45119,55088.4
45120,54765.0
45121,6027.0
45122,60254.4
45123,3522.0
45124,5761.6
45125,7033.2
45126,74297.6
45127,29992.0
45128,13753.8
45129,5961.2
45130,4052.2
45131,60396.0
45132,52418.4
45133,6004.4
45134,4393.0
45135,4670.8
45136,63182.2
45137,50271.0
45138,60978.0
45139,7000.2
45140,65861.4
45141,6139.6
45142,6698.8
45143,16345.8
45144,13402.6
45145,1714.0
45146,35520.0
45147,5097.0
45148,6450.0
45149,4808.0
45150,2357.6
45151,23728.0
45152,52313.0
45153,55460.0
45154,52286.0
45155,5236.2
45156,6244.6
45157,37233.0
45158,14585.6
45159,4349.4
45160,44385.4
45161,39448.0
45162,63644.0
45163,4449.0
45164,7554.4
45165,50733.0
45166,10596.0
45167,4535.2
45168,42682.2
45169,2457.4
45170,4145.8
45171,11943.2
45172,6608.0
45173,8887.4
45174,58153.8
45175,6710.0
45176,52772.0
45177,4368.2
45178,48435.0
45179,2410.0
45180,6216.8
45181,7328.0
45182,6960.4
45183,52063.0
45184,14783.0
45185,41819.6
45186,6207.0
45187,6729.0
45188,69459.4
45189,12066.0
45190,68303.0
45191,12654.0
45192,5720.8
45193,51457.0
45194,3988.4
45195,4563.6
45196,5520.0
45197,13496.0
45198,8237.0
45199,5942.0
45200,10461.8
45201,58617.8
45202,12725.2
45203,14831.0
45204,6882.8
45205,7232.0
45206,13753.0
45207,52077.8
45208,30308.2
45209,3398.4
45210,55592.4
45211,3456.8
45212,6396.2
45213,38099.0
45214,5757.6
45215,3258.6
45216,5942.0
45217,53148.0
45218,10148.8
45219,4417.0
45220,48210.0
45221,7489.0
45222,32859.0
45223,3571.6
45224,6755.2
45225,4032.8
45226,49613.0
45227,14733.6
45228,3816.6
45229,4627.4
45230,6710.8
45231,5178.0
45232,7186.6
45233,4263.0
45234,4656.0
45235,4994.2
45236,10311.0
45237,2553.0
45238,7964.2
45239,3689.8
45240,5257.6
45241,5939.0
45242,48383.4
45243,7114.8
45244,36050.4
45245,5097.0
45246,3762.2
45247,5280.6
45248,5937.0
45249,4369.0
45250,4419.0
45251,5932.0
45252,17602.2
45253,5382.8
45254,1830.0
45255,50291.2
45256,4822.8
45257,16888.0
45258,51064.2
45259,4177.4
45260,71016.8
45261,3320.4
45262,54608.0
45263,7921.8
45264,68518.4
45265,61180.0
45266,6999.8
45267,5823.0
45268,57260.0
45269,13345.6
45270,8111.0
45271,4111.0
45272,52323.4
45273,18187.0
45274,64271.0
45275,6001.4
45276,6488.0
45277,39499.0
45278,8153.0
45279,49725.0
45280,14513.4
45281,3662.4
45282,5570.0
45283,53743.4
45284,13043.8
45285,43000.4
45286,12808.6
45287,10890.0
45288,48269.0
45289,35976.4
45290,7437.0
45291,5955.0
45292,7752.0
45293,8911.4
45294,3605.8
45295,12357.6
45296,5308.0
45297,58492.2
45298,12654.0
45299,4198.8
45300,48281.0
45301,14382.0
45302,5565.8
45303,5101.2
45304,5173.6
45305,3008.6
45306,12862.4
45307,2480.0
45308,8073.6
45309,11035.8
45310,40593.0
45311,64316.0
45312,42665.2
45313,6970.6
45314,63375.0
45315,20684.0
45316,32542.0
45317,4550.0
45318,52511.0
45319,50590.4
45320,11032.8
45321,57405.0
45322,17691.0
45323,5949.0
45324,12045.2
45325,4211.0
45326,65685.0
45327,2124.0
45328,53049.0
45329,6531.0
45330,10929.8
45331,60508.0
45332,4551.6
45333,57081.0
45334,48269.0
45335,45313.8
45336,5733.2
45337,7370.4
45338,6438.0
45339,7981.6
45340,11140.2
45341,4173.0
45342,11053.2
45343,4335.0
45344,5876.8
45345,7669.4
45346,4208.8
45347,5459.8
45348,4149.0
45349,6488.0
45350,4666.0
45351,4569.8
45352,45906.6
45353,7425.0
45354,5658.6
45355,7727.6
45356,63334.8
45357,2339.0
45358,5667.0
45359,7013.2
45360,41127.6
45361,4477.8
45362,3832.4
45363,5335.8
45364,3946.0
45365,2516.0
45366,49725.0
45367,61083.2
45368,5770.8
45369,4827.0
45370,3790.2
45371,52524.8
45372,4471.0
45373,10401.4
45374,6133.0
45375,11045.6
45376,69078.6
45377,44173.2
45378,3000.0
45379,13536.0
45380,5713.8
45381,51345.0
45382,3479.0
45383,5555.6
45384,13285.8
45385,5812.6
45386,4356.6
45387,2955.6
45388,53571.8
45389,5625.8
45390,6752.8
45391,20684.0
45392,44305.0
45393,4471.0
45394,50816.2
45395,53387.0
45396,52233.4
45397,56648.0
45398,1776.0
45399,6091.6
45400,10723.8
45401,5950.0
45402,6306.0
45403,12894.0
45404,3126.6
45405,32859.0
45406,59660.2
45407,7911.2
45408,3989.0
45409,19060.2
45410,29493.2
45411,55121.0
45412,50271.0
45413,7514.6
45414,7358.0
45415,6279.6
45416,6578.0
45417,4571.2
45418,4589.0
45419,6681.0
45420,21902.4
45421,4988.8
45422,1890.0
45423,2027.0
45424,41064.0
45425,3662.8
45426,7575.8
45427,63352.4
45428,10908.6
45429,60396.0
45430,5292.0
45431,55600.2
45432,5018.0
45433,45257.0
45434,4289.4
45435,58581.4
45436,2719.2
45437,7473.8
45438,1998.0
45439,5901.4
45440,3862.0
45441,7267.6
45442,2960.0
45443,52892.2
45444,8532.6
45445,3000.0
45446,5867.8
45447,5039.6
45448,74279.8
45449,4028.0
45450,52269.0
45451,12453.4
45452,2862.4
45453,4165.0
45454,63545.8
45455,6052.0
45456,5480.4
45457,4600.6
45458,5498.6
45459,5407.2
45460,4230.0
45461,52772.0
45462,54977.4
45463,5060.8
45464,7785.8
45465,9700.8
45466,44005.6
45467,5937.2
45468,48210.0
45469,8719.0
45470,57405.0
45471,5497.8
45472,8568.0
45473,3967.4
45474,58769.8
45475,5970.4
45476,44505.8
45477,6353.8
45478,5023.0
45479,5067.2
45480,5835.8
45481,2413.0
45482,68272.0
45483,12248.0
45484,6494.0
45485,4735.2
45486,3716.2
45487,4979.0
45488,3805.0
45489,2132.0
45490,9622.0
45491,4945.0
45492,42490.4
45493,5949.0
45494,7630.2
45495,65062.8
45496,51928.0
45497,38099.0
45498,2278.0
45499,4384.8
45500,8182.4
45501,12297.4
45502,66130.4
45503,6757.8
45504,4633.6
45505,4129.0
45506,4409.0
45507,4843.8
45508,5837.0
45509,5124.2
45510,10034.4
45511,10001.6
45512,6055.2
45513,48269.0
45514,6051.0
45515,4912.6
45516,4546.6
45517,9180.8
45518,4165.0
45519,54684.0
45520,10401.2
45521,7090.4
45522,8790.4
45523,8835.0
45524,2700.0
45525,4501.0
45526,5813.0
45527,20237.4
45528,5177.0
45529,57920.0
45530,9986.4
45531,20760.0
45532,12920.0
45533,54025.2
45534,3389.2
45535,6615.6
45536,4387.2
45537,2464.0
45538,55983.0
45539,59719.6
45540,11874.8
45541,7068.6
45542,36050.4
45543,52610.2
45544,2111.0
45545,2343.0
45546,64912.0
45547,4562.6
45548,7117.2
45549,1105.0
45550,43289.6
45551,5808.6
45552,5261.8
45553,5798.6
45554,49725.0
45555,11068.6
45556,2336.0
45557,7657.2
45558,4861.0
45559,6654.6
45560,4809.6
45561,62795.0
45562,5126.2
45563,6568.0
45564,13458.0
45565,15006.0
45566,54684.0
45567,3779.2
45568,55377.0
45569,8789.0
45570,56590.0
45571,49725.0
45572,12612.0
45573,5563.0
45574,27864.0
45575,68007.6
45576,4401.2
45577,4095.0
45578,5270.4
45579,5267.6
45580,3153.8
45581,5330.0
45582,4071.0
45583,64464.0
45584,5716.0
45585,3999.0
45586,13200.0
45587,50787.4
45588,5949.6
45589,7163.2
45590,6279.2
45591,6271.0
45592,6082.0
45593,3456.8
45594,7076.8
45595,3937.8
45596,59996.2
45597,49260.8
45598,23044.8
45599,5646.4
45600,3360.2
45601,4578.0
45602,2339.0
45603,11802.4
45604,47968.4
45605,4172.2
45606,6909.0
45607,4774.8
45608,5949.0
45609,42555.8
45610,5168.2
45611,9817.0
45612,4682.8
45613,47462.2
45614,3862.0
45615,4403.0
45616,39387.4
45617,6014.2
45618,4800.8
45619,6912.0
45620,4792.0
45621,2518.0
45622,48537.4
45623,57903.0
45624,53813.6
45625,55784.8
45626,4937.2
45627,60978.0
45628,5185.2
45629,6502.0
45630,51707.0
45631,4731.0
45632,18492.0
45633,4357.8
45634,10390.4
45635,4127.2
45636,4499.0
45637,6901.8
45638,49916.2
45639,6856.4
45640,61533.6
45641,56476.0
45642,4498.0
45643,11205.0
45644,8647.8
45645,53433.0
45646,3529.8
45647,5179.0
45648,58535.4
45649,11236.0
45650,41063.6
45651,7637.8
45652,14120.0
45653,58039.6
45654,2133.0
45655,4417.0
45656,4415.2
45657,5840.2
45658,4166.8
45659,66426.0
45660,61202.4
45661,4611.6
45662,9428.2
45663,53949.6
45664,6444.0
45665,3381.2
45666,6142.8
45667,13193.6
45668,56588.0
45669,43428.6
45670,3090.0
45671,6067.0
45672,49725.0
45673,3751.6
45674,7950.0
45675,47549.8
45676,5521.2
45677,2476.0
45678,4125.0
45679,4337.0
45680,11046.8
45681,68840.6
45682,7593.0
45683,44405.0
45684,5194.4
45685,3096.0
45686,45426.2
45687,3227.2
45688,47471.2
45689,53594.4
45690,12768.0
45691,40520.4
45692,7958.0
45693,4337.0
45694,5828.6
45695,65384.6
45696,12218.0
45697,4547.0
45698,12080.6
45699,63263.0
45700,12246.0
45701,4263.0
45702,4440.0
45703,6290.2
45704,66173.0
45705,7857.2
45706,11994.0
45707,5468.4
45708,2477.0
45709,53949.6
45710,6384.4
45711,60081.0
45712,45461.8
45713,1776.0
45714,13062.0
45715,10751.6
45716,5493.6
45717,2339.0
45718,6771.6
45719,64720.4
45720,3100.0
45721,67176.2
45722,50271.0
45723,62524.0
45724,66887.6
45725,5128.6
45726,1755.0
45727,55694.4
45728,45693.0
45729,67967.4
45730,67824.0
45731,4500.0
45732,13657.2
45733,57117.2
45734,4209.6
45735,38962.6
45736,5660.0
45737,3371.6
45738,2503.8
45739,2948.6
45740,48826.0
45741,50353.0
45742,9833.0
45743,65429.6
45744,54171.0
45745,9943.8
45746,51439.4
45747,10950.2
45748,4267.0
45749,4242.4
45750,51488.2
45751,62823.8
45752,6510.0
45753,62941.0
45754,9349.0
45755,2201.0
45756,5645.2
45757,7958.0
45758,56476.0
45759,51972.2
45760,7697.2
45761,5926.0
45762,4640.8
45763,60336.0
45764,1839.8
45765,5632.0
45766,10806.0
45767,5949.0
45768,47271.0
45769,57393.0
45770,3631.8
45771,4462.4
45772,54684.0
45773,53490.0
45774,5308.4
45775,47272.8
45776,54393.0
45777,6609.0
45778,6114.6
45779,55032.4
45780,2452.8
45781,10319.0
45782,14577.4
45783,5681.0
45784,2098.0
45785,2339.0
45786,58137.0
45787,3029.8
45788,82288.6
45789,7528.4
45790,43190.4
45791,2503.2
45792,7460.0
45793,2410.0
45794,2477.0
45795,6501.8
45796,5177.0
45797,15502.2
45798,4051.0
45799,18666.8
45800,7540.0
45801,45540.2
45802,4145.0
45803,12886.0
45804,47733.2
45805,62202.4
45806,2203.0
45807,9307.0
45808,12955.2
45809,58708.8
45810,51853.0
45811,7103.8
45812,27976.0
45813,58075.4
45814,6488.0
45815,7697.4
45816,13998.0
45817,5102.0
45818,6389.2
45819,50297.0
45820,61653.8
45821,5321.4
45822,41314.0
45823,11094.2
45824,4770.6
45825,3988.0
45826,55661.0
45827,4385.0
45828,3961.6
45829,63949.0
45830,50575.8
45831,4345.0
45832,5342.6
45833,39321.0
45834,15898.0
45835,5576.8
45836,54684.0
45837,6067.0
45838,4672.0
45839,42521.0
45840,6568.0
45841,49581.2
45842,2266.8
45843,5074.4
45844,5943.0
45845,48237.4
45846,2625.0
45847,48851.0
45848,4149.0
45849,6500.6
45850,7774.0
45851,49707.4
45852,44144.0
45853,7497.0
45854,3917.6
45855,62795.0
45856,6067.0
45857,58401.0
45858,5646.4
45859,27961.4
45860,7584.0
45861,2539.0
45862,4496.0
45863,5823.8
45864,5020.0
45865,58125.0
45866,5761.0
45867,3625.0
45868,58932.8
45869,6089.8
45870,4873.0
45871,7525.2
45872,56333.0
45873,3922.6
45874,53949.6
45875,54654.4
45876,38143.4
45877,39499.0
45878,51595.0
45879,50528.0
45880,5702.8
45881,5555.6
45882,1972.4
45883,15541.8
45884,2901.0
45885,5892.0
45886,79317.2
45887,4881.4
45888,63414.2
45889,2836.0
45890,6976.4
45891,4294.0
45892,2056.0
45893,4070.8
45894,54843.0
45895,32859.0
45896,4864.0
45897,65182.4
45898,2124.0
45899,5257.6
45900,58535.4
45901,3862.0
45902,2464.0
45903,7442.4
45904,6455.0
45905,6773.6
45906,44069.0
45907,48291.0
45908,6914.4
45909,5314.6
45910,5162.0
45911,13611.0
45912,3683.4
45913,4672.0
45914,11488.0
45915,74499.4
45916,7367.8
45917,24952.0
45918,55790.6
45919,5687.8
45920,10361.2
45921,6000.0
45922,1788.0
45923,21295.2
45924,45693.0
45925,4099.0
45926,5952.2
45927,14285.6
45928,6765.0
45929,16713.6
45930,13923.0
45931,5807.0
45932,51707.0
45933,52286.0
45934,4467.0
45935,5598.2
45936,56588.0
45937,49924.0
45938,48763.2
45939,27976.0
45940,4075.0
45941,7246.2
45942,15930.2
45943,50987.8
45944,7418.6
45945,5924.8
45946,3203.6
45947,17784.2
45948,29756.0
45949,7005.0
45950,66413.0
45951,4417.0
45952,6095.8
45953,7958.0
45954,4001.0
45955,3306.4
45956,5798.0
45957,61485.0
45958,5210.8
45959,4655.6
45960,4266.0
45961,3119.2
45962,58708.8
45963,45257.0
45964,4191.6
45965,5725.0
45966,5793.2
45967,4337.0
45968,48287.8
45969,14889.0
45970,3988.0
45971,58998.2
45972,1890.0
45973,8592.4
45974,60900.0
45975,32923.0
45976,31622.0
45977,5887.0
45978,5482.2
45979,2173.6
45980,6626.0
45981,12567.4
45982,45693.0
45983,5441.0
45984,4823.4
45985,4730.0
45986,3334.0
45987,55445.4
45988,8742.8
45989,7106.0
45990,54660.2
45991,4756.0
45992,10638.0
45993,10028.6
45994,4951.8
45995,4075.2
45996,14285.4
45997,3550.2
45998,7728.2
45999,42521.0
46000,4711.2
46001,4217.8
46002,54651.4
46003,60208.8
46004,7304.0
46005,55793.8
46006,22152.0
46007,9016.0
46008,4960.6
46009,2140.4
46010,4784.2
46011,8571.4
46012,2516.2
46013,86611.8
46014,45257.0
46015,4433.8
46016,6443.2
46017,6786.2
46018,59239.8
46019,5829.2
46020,8245.4
46021,12391.6
46022,52287.0
46023,5192.2
46024,46575.4
46025,7304.8
46026,6230.8
46027,57482.6
46028,3028.4
46029,7135.0
46030,4644.6
46031,11205.0
46032,58769.8
46033,4797.0
46034,11129.0
46035,6686.6
46036,4338.0
46037,10877.4
46038,56590.0
46039,9070.0
46040,6346.4
46041,52594.4
46042,5032.8
46043,3058.4
46044,5920.2
46045,4499.0
46046,6488.0
46047,5824.0
46048,7877.0
46049,4024.0
46050,6335.8
46051,2150.0
46052,4080.0
46053,12354.0
46054,52586.0
46055,9201.0
46056,24122.0
46057,2193.2
46058,65053.0
46059,8645.2
46060,3570.0
46061,4453.0
46062,12536.2
46063,3183.2
46064,10681.6
46065,11283.0
46066,2477.0
46067,6959.0
46068,14364.0
46069,3849.0
46070,60978.0
46071,5162.8
46072,6586.0
46073,55997.8
46074,2673.8
46075,4106.2
46076,49725.0
46077,41064.0
46078,7141.2
46079,4500.0
46080,12898.4
46081,62169.0
46082,49613.0
46083,5377.0
46084,5441.0
46085,4338.0
46086,5271.4
46087,59239.8
46088,3637.4
46089,5720.0
46090,59715.4
46091,5441.0
46092,6790.6
46093,13263.0
46094,2276.0
46095,56435.8
46096,22152.0
46097,49613.0
46098,73133.8
46099,56579.4
46100,2145.2
46101,2900.6
46102,10553.4
46103,7052.6
46104,50710.2
46105,52377.0
46106,47272.8
46107,2074.0
46108,5028.8
46109,6262.4
46110,2074.0
46111,10292.8
46112,55694.4
46113,3342.2
46114,4235.4
46115,2439.0
46116,46918.0
46117,3126.6
46118,52677.6
46119,4502.0
46120,10006.0
46121,4499.0
46122,6470.4
46123,4272.0
46124,42521.0
46125,51473.0
46126,59562.8
46127,65368.4
46128,4569.8
46129,39862.0
46130,5658.6
46131,5944.6
46132,3282.0
46133,5982.0
46134,5034.4
46135,4827.0
46136,4417.0
46137,7614.0
46138,47503.2
46139,50657.6
46140,3823.0
46141,4015.4
46142,56953.8
46143,65529.0
46144,11520.0
46145,5500.6
46146,3260.0
46147,41314.0
46148,4499.0
46149,1714.0
46150,5985.4
46151,2361.0
46152,5267.6
46153,6732.6
46154,60978.0
46155,63702.4
46156,70834.4
46157,2434.0
46158,6450.0
46159,53783.6
46160,56742.4
46161,50419.4
46162,62524.0
46163,6045.8
46164,2219.0
46165,7743.8
46166,3323.0
46167,4858.4
46168,22140.0
46169,4690.2
46170,5187.2
46171,4195.8
46172,4979.0
46173,4139.0
46174,2987.0
46175,2394.0
46176,54673.8
46177,6030.4
46178,5338.2
46179,4390.0
46180,6351.0
46181,5644.0
46182,32859.0
46183,4910.2
46184,18569.0
46185,4447.0
46186,13567.0
46187,11709.0
46188,52063.0
46189,64655.4
46190,42555.8
46191,4547.8
46192,45422.4
46193,2643.6
46194,4896.0
46195,9599.0
46196,42680.8
46197,5990.0
46198,54168.8
46199,27976.0
46200,8410.6
46201,5888.0
46202,8195.2
46203,48337.0
46204,59231.0
46205,67653.4
46206,1998.0
46207,72321.8
46208,36763.0
46209,60945.0
46210,73984.8
46211,47272.8
46212,3988.0
46213,70431.2
46214,4687.0
46215,52726.2
46216,5646.4
46217,5002.6
46218,2339.0
46219,54608.0
46220,52892.2
46221,2244.2
46222,4155.4
46223,50271.0
46224,11773.2
46225,5105.4
46226,45693.0
46227,54654.4
46228,1776.0
46229,7488.0
46230,6273.6
46231,65234.4
46232,8447.2
46233,56702.0
46234,12007.0
46235,3689.0
46236,7402.6
46237,67824.0
46238,11171.6
46239,5416.2
46240,6107.0
46241,7352.2
46242,56465.0
46243,60864.4
46244,2201.0
46245,5354.2
46246,4501.0
46247,12403.8
46248,7415.4
46249,55673.0
46250,10207.0
46251,4920.2
46252,11218.4
46253,2547.6
46254,8759.2
46255,4496.0
46256,62472.0
46257,6757.8
46258,6211.4
46259,7553.8
46260,5792.6
46261,47217.0
46262,5097.8
46263,3519.4
46264,11634.0
46265,5912.8
46266,3861.0
46267,52647.8
46268,6209.6
46269,3983.4
46270,15858.8
46271,46435.6
46272,23728.0
46273,59257.0
46274,6457.0
46275,2464.0
46276,39243.2
46277,6052.6
46278,51072.8
46279,53209.0
46280,4817.6
46281,4660.8
46282,3547.8
46283,22152.0
46284,72821.4
46285,6680.4
46286,2504.0
46287,6302.6
46288,4654.0
46289,7593.0
46290,49444.6
46291,11704.8
46292,5955.8
46293,2627.6
46294,11865.0
46295,5355.0
46296,56181.4
46297,10843.4
46298,2203.0
46299,11226.0
46300,17784.2
46301,4139.2
46302,5634.8
46303,14931.8
46304,9074.4
46305,5913.0
46306,14881.6
46307,4508.8
46308,5274.4
46309,3445.2
46310,61597.0
46311,7657.2
46312,7353.0
46313,5314.6
46314,5096.2
46315,5221.8
46316,64540.0
46317,6146.8
46318,53433.0
46319,14637.0
46320,12549.2
46321,55983.0
46322,50967.8
46323,3379.0
46324,56588.0
46325,5892.0
46326,6394.6
46327,4588.6
46328,5441.0
46329,5441.0
46330,36712.0
46331,6897.4
46332,57327.4
46333,32712.8
46334,2965.8
46335,14335.0
46336,62224.0
46337,61854.2
46338,4896.0
46339,5344.6
46340,6067.0
46341,5167.4
46342,4000.0
46343,59469.0
46344,60081.0
46345,17794.0
46346,55001.0
46347,6000.6
46348,5605.4
46349,8244.2
46350,10585.0
46351,71793.4
46352,16212.0
46353,4584.0
46354,15513.2
46355,3665.0
46356,48732.6
46357,13394.0
46358,13260.8
46359,4260.2
46360,52892.2
46361,60555.0
46362,8701.8
46363,7053.0
46364,44985.0
46365,5823.0
46366,6961.4
46367,10258.0
46368,3289.4
46369,2607.4
46370,57903.0
46371,7183.0
46372,2723.0
46373,9765.0
46374,4269.6
46375,3860.0
46376,5293.0
46377,49800.6
46378,3150.4
46379,60377.0
46380,5079.6
46381,49707.4
46382,16073.4
46383,13547.6
46384,5133.4
46385,13569.2
46386,6623.4
46387,53465.4
46388,51124.6
46389,58671.0
46390,4020.0
46391,5760.0
46392,56588.0
46393,56431.4
46394,4032.2
46395,4499.0
46396,52262.4
46397,54481.0
46398,4539.4
46399,4462.8
46400,52038.0
46401,4258.0
46402,3853.4
46403,5645.8
46404,4831.4
46405,7256.8
46406,4683.4
46407,5656.0
46408,5575.0
46409,5954.0
46410,31739.2
46411,2132.0
46412,4861.2
46413,3050.0
46414,45257.0
46415,1485.0
46416,6034.8
46417,6657.6
46418,6829.6
46419,3646.0
46420,2056.0
46421,1548.2
46422,4007.0
46423,4901.0
46424,5531.2
46425,14595.0
46426,5907.0
46427,5238.2
46428,5083.6
46429,5029.0
46430,6067.4
46431,10743.0
46432,4928.8
46433,56942.0
46434,5733.0
46435,3992.8
46436,61305.8
46437,2359.4
46438,50898.2
46439,22502.4
46440,13459.8
46441,2022.0
46442,6195.8
46443,4272.0
46444,6150.4
46445,5315.8
46446,7829.2
46447,47503.2
46448,15237.0
46449,45657.0
46450,3090.0
46451,7203.0
46452,37244.0
46453,24122.0
46454,52440.0
46455,51707.0
46456,6029.4
46457,75829.4
46458,52063.0
46459,9912.0
46460,60396.0
46461,4065.4
46462,45185.0
46463,62251.6
46464,11488.0
46465,5206.0
46466,28193.6
46467,8307.0
46468,40383.8
46469,51313.2
46470,5949.0
46471,5395.8
46472,4308.4
46473,5528.4
46474,57999.0
46475,3965.6
46476,3381.0
46477,11448.0
46478,4015.0
46479,5764.2
46480,5688.6
46481,7272.2
46482,3578.8
46483,3198.2
46484,9099.8
46485,11949.2
46486,47164.6
46487,6613.2
46488,4530.6
46489,4986.4
46490,11501.2
46491,60260.0
46492,55169.6
46493,54684.0
46494,5767.6
46495,4411.2
46496,10870.8
46497,2201.0
46498,8446.0
46499,6267.2
46500,9508.2
46501,6178.4
46502,47449.0
46503,8378.0
46504,5019.6
46505,12496.6
46506,45257.0
46507,6202.4
46508,63702.4
46509,2700.0
46510,55186.0
46511,10589.4
46512,4294.0
46513,54608.0
46514,5954.0
46515,4417.0
46516,5050.2
46517,55456.0
46518,27976.0
46519,5539.6
46520,7281.4
46521,39321.0
46522,2583.0
46523,47657.0
46524,3393.0
46525,27792.0
46526,7682.6
46527,54654.4
46528,66018.2
46529,10750.0
46530,29047.6
46531,5919.8
46532,2734.6
46533,3790.6
46534,6994.6
46535,5737.2
46536,6454.4
46537,9450.0
46538,6283.4
46539,7339.2
46540,28658.4
46541,12193.2
46542,45185.0
46543,6177.8
46544,11124.6
46545,4822.8
46546,4788.4
46547,55017.8
46548,59633.0
46549,60819.4
46550,5464.0
46551,52063.0
46552,5823.0
46553,32923.0
46554,11984.8
46555,32859.0
46556,57405.0
46557,12949.2
46558,5177.0
46559,5332.4
46560,47281.2
46561,12477.6
46562,55121.0
46563,9651.6
46564,9682.0
46565,6955.2
46566,62076.0
46567,71804.6
46568,54654.4
46569,40337.8
46570,27864.0
46571,5802.4
46572,4720.0
46573,3008.0
46574,12337.2
46575,6837.0
46576,7690.2
46577,6345.4
46578,6948.0
46579,3556.6
46580,54608.0
46581,5942.0
46582,7599.8
46583,7278.2
46584,1776.0
46585,20760.0
46586,2410.0
46587,7347.4
46588,5409.0
46589,53270.4
46590,8470.8
46591,14264.6
46592,46564.8
46593,4099.0
46594,59739.0
46595,5106.6
46596,10368.2
46597,49913.8
46598,55662.4
46599,9731.2
46600,71540.2
46601,87474.4
46602,8393.2
46603,12900.4
46604,56071.4
46605,45143.8
46606,63653.0
46607,63456.8
46608,5954.0
46609,4499.0
46610,4277.2
46611,6204.4
46612,3662.6
46613,52287.0
46614,5949.0
46615,10711.6
46616,1626.2
46617,2199.2
46618,4319.4
46619,4032.2
46620,4411.0
46621,5935.6
46622,7349.4
46623,4872.6
46624,5486.8
46625,3579.4
46626,14319.8
46627,12851.8
46628,5224.8
46629,59784.0
46630,2871.8
46631,74244.0
46632,6543.2
46633,4202.0
46634,3999.0
46635,53209.0
46636,12612.0
46637,44402.4
46638,6614.6
46639,3943.0
46640,5540.8
46641,53197.0
46642,11129.0
46643,5093.0
46644,49171.2
46645,4501.0
46646,44385.4
46647,12537.6
46648,62278.2
46649,2105.0
46650,55816.2
46651,2201.0
46652,57902.8
46653,51187.2
46654,20961.0
46655,48398.8
46656,34233.2
46657,62045.0
46658,6172.0
46659,8778.0
46660,4637.0
46661,3949.4
46662,4398.2
46663,33223.2
46664,3096.0
46665,55983.0
46666,2464.0
46667,3129.4
46668,8073.0
46669,2871.8
46670,43234.4
46671,45693.0
46672,3690.2
46673,4019.0
46674,6665.8
46675,73540.2
46676,6608.0
46677,23484.0
46678,5126.4
46679,2476.0
46680,3275.8
46681,7584.0
46682,22152.0
46683,69414.4
46684,6142.6
46685,4836.2
46686,8473.4
46687,55983.0
46688,7394.6
46689,2570.8
46690,59517.6
46691,6587.6
46692,6909.6
46693,5389.6
46694,8328.0
46695,7202.6
46696,48826.0
46697,3083.6
46698,44798.4
46699,23044.8
46700,54684.0
46701,54970.8
46702,7698.0
46703,6650.0
46704,6368.0
46705,2150.0
46706,52063.0
46707,2360.0
46708,3704.6
46709,7377.6
46710,50353.0
46711,44622.0
46712,61187.0
46713,53813.6
46714,7135.8
46715,6037.6
46716,49146.8
46717,10576.0
46718,6306.0
46719,50291.2
46720,4771.2
46721,6395.0
46722,5722.6
46723,3860.0
46724,5349.4
46725,68625.4
46726,12171.0
46727,4502.0
46728,49613.0
46729,61996.8
46730,5956.8
46731,10407.0
46732,42715.8
46733,4411.0
46734,4607.4
46735,6543.4
46736,50923.0
46737,38099.0
46738,58223.4
46739,50271.0
46740,9882.0
46741,41144.4
46742,2759.8
46743,54608.0
46744,65893.0
46745,13486.8
46746,5020.0
46747,9407.4
46748,60623.4
46749,4739.6
46750,4359.0
46751,10165.0
46752,5732.6
46753,6796.0
46754,1890.0
46755,2056.0
46756,60847.4
46757,58535.4
46758,9121.6
46759,10533.0
46760,56476.0
46761,5519.2
46762,6502.0
46763,3916.0
46764,12692.4
46765,6322.2
46766,2627.8
46767,74832.8
46768,4731.8
46769,8926.8
46770,3563.0
46771,62524.0
46772,5803.8
46773,4496.0
46774,57229.0
46775,13225.2
46776,58595.4
46777,6580.2
46778,19154.0
46779,4692.4
46780,6455.0
46781,65539.4
46782,32094.0
46783,62000.0
46784,6488.0
46785,4390.0
46786,6020.6
46787,5869.6
46788,7958.0
46789,3865.0
46790,10807.0
46791,14265.2
46792,10454.0
46793,55059.6
46794,41354.6
46795,5692.4
46796,5800.6
46797,7127.6
46798,57081.0
46799,54608.0
46800,3090.0
46801,4582.4
46802,52287.0
46803,6326.0
46804,6262.0
46805,58125.0
46806,55983.0
46807,66760.0
46808,4656.0
46809,46947.0
46810,39499.0
46811,34346.4
46812,68638.6
46813,4979.0
46814,51257.0
46815,6489.0
46816,56476.0
46817,39499.0
46818,6568.0
46819,2889.0
46820,57031.4
46821,8892.8
46822,6450.0
46823,8273.6
46824,5997.4
46825,5821.8
46826,1714.0
46827,5646.4
46828,10907.6
46829,5766.2
46830,2480.0
46831,3166.8
46832,60508.0
46833,5764.2
46834,6067.0
46835,5413.6
46836,6078.0
46837,2414.2
46838,13109.8
46839,56648.0
46840,3432.2
46841,12007.0
46842,5137.6
46843,3789.2
46844,57367.6
46845,3999.0
46846,7412.2
46847,19256.0
46848,55377.0
46849,6024.0
46850,5997.0
46851,5242.0
46852,4613.4
46853,30211.2
46854,42879.4
46855,8192.6
46856,7615.0
46857,36712.0
46858,12402.0
46859,9567.2
46860,2074.0
46861,4452.0
46862,4466.2
46863,12317.6
46864,4822.6
46865,5430.0
46866,55232.0
46867,2477.0
46868,4417.0
46869,3662.8
46870,4672.0
46871,47385.0
46872,69789.4
46873,10103.0
46874,5269.4
46875,5829.2
46876,5991.0
46877,2991.0
46878,2250.0
46879,4100.4
46880,4265.2
46881,13472.6
46882,3847.6
46883,4600.2
46884,40340.2
46885,10860.2
46886,5865.0
46887,10829.0
46888,7958.0
46889,53645.0
46890,54805.0
46891,11284.6
46892,2738.0
46893,28510.0
46894,49613.0
46895,5325.0
46896,4077.0
46897,41776.0
46898,2380.0
46899,61135.0
46900,49613.0
46901,62588.0
46902,14721.2
46903,54673.8
46904,5760.6
46905,5125.0
46906,4496.0
46907,5955.0
46908,7580.8
46909,75852.0
46910,6489.0
46911,11428.8
46912,2409.0
46913,17127.0
46914,5252.4
46915,2336.0
46916,72550.2
46917,2410.0
46918,5949.0
46919,4452.0
46920,14408.2
46921,55425.4
46922,3465.8
46923,14607.0
46924,5073.2
46925,55001.0
46926,54797.2
46927,60141.0
46928,9143.8
46929,6073.0
46930,6573.4
46931,5955.0
46932,1975.6
46933,5939.0
46934,67392.8
46935,5366.0
46936,5502.0
46937,2276.0
46938,5838.4
46939,2399.0
46940,39847.0
46941,49725.0
46942,3126.6
46943,12094.6
46944,60396.0
46945,7585.8
46946,4706.2
46947,35520.0
46948,7365.0
46949,9840.0
46950,2833.0
46951,3047.0
46952,49905.0
46953,54275.2
46954,54608.0
46955,53614.4
46956,4979.0
46957,5387.0
46958,2663.4
46959,22252.0
46960,2738.0
46961,5466.8
46962,2637.0
46963,6310.2
46964,6580.6
46965,5991.0
46966,6133.0
46967,50600.0
46968,59182.0
46969,3015.0
46970,5645.0
46971,50787.4
46972,8685.4
46973,60508.0
46974,60377.0
46975,7353.0
46976,73873.6
46977,4502.0
46978,14366.8
46979,11941.0
46980,4576.0
46981,67917.8
46982,3241.2
46983,59021.0
46984,3980.8
46985,2124.0
46986,6488.0
46987,6215.4
46988,52513.4
46989,4612.0
46990,11184.0
46991,67452.0
46992,6314.0
46993,1890.0
46994,6441.2
46995,57872.6
46996,5177.0
46997,4700.6
46998,4620.2
46999,55138.6
47000,7073.4
47001,4656.0
47002,10346.0
47003,61045.8
47004,10063.6
47005,6514.2
47006,7703.2
47007,12229.0
47008,4032.6
47009,6223.0
47010,8730.2
47011,4357.0
47012,17039.4
47013,6012.0
47014,6691.8
47015,64764.0
47016,9119.0
47017,62071.6
47018,43091.0
47019,5647.8
47020,60508.0
47021,8211.0
47022,4500.0
47023,6650.0
47024,45471.2
47025,48959.0
47026,56476.0
47027,56945.0
47028,4896.0
47029,12701.0
47030,3998.0
47031,4841.8
47032,6426.0
47033,4416.0
47034,6635.0
47035,9332.0
47036,47657.0
47037,7397.2
47038,6158.0
47039,5991.0
47040,39432.0
47041,5608.8
47042,1890.0
47043,4442.6
47044,5396.4
47045,4272.0
47046,49260.8
47047,3537.8
47048,48319.0
47049,12354.6
47050,9475.0
47051,2250.0
47052,7893.2
47053,5647.2
47054,67040.2
47055,6398.0
47056,58613.2
47057,4783.0
47058,46145.0
47059,4612.0
47060,45868.4
47061,3792.0
47062,15988.0
47063,7594.6
47064,48851.0
47065,5006.0
47066,3342.0
47067,20000.0
47068,5773.4
47069,11988.8
47070,4397.0
47071,44173.2
47072,5227.0
47073,55983.0
47074,4243.4
47075,5931.4
47076,5509.2
47077,13324.6
47078,4422.0
47079,4391.4
47080,13611.2
47081,57207.4
47082,5332.0
47083,6191.6
47084,51707.0
47085,34460.0
47086,6374.0
47087,4416.0
47088,29532.0
47089,2625.0
47090,6450.0
47091,57133.4
47092,2464.0
47093,54608.0
47094,8309.2
47095,63442.4
47096,3979.8
47097,6206.6
47098,50590.4
47099,58223.4
47100,2679.8
47101,42614.0
47102,4173.0
47103,6803.0
47104,55088.4
47105,4221.4
47106,5388.0
47107,58447.0
47108,4417.2
47109,5041.0
47110,13835.2
47111,6633.0
47112,4273.6
47113,45482.6
47114,14012.8
47115,4163.0
47116,6012.0
47117,44743.8
47118,7639.0
47119,10197.4
47120,5758.6
47121,5868.4
47122,70667.4
47123,10379.6
47124,5242.6
47125,3911.0
47126,6100.6
47127,7161.0
47128,4282.0
47129,4453.0
47130,6043.6
47131,2343.0
47132,4499.0
47133,3769.8
47134,7030.2
47135,71787.4
47136,55694.4
47137,8487.6
47138,63389.0
47139,5465.2
47140,5954.0
47141,9809.8
47142,3522.0
47143,4827.0
47144,50271.0
47145,5669.0
47146,3475.8
47147,7490.6
47148,59777.8
47149,2461.8
47150,6528.6
47151,4315.2
47152,4111.0
47153,55949.8
47154,4369.2
47155,3885.2
47156,9201.0
47157,5205.0
47158,2025.6
47159,12837.4
47160,8035.2
47161,41724.4
47162,5430.0
47163,6804.8
47164,3946.4
47165,4171.6
47166,44627.0
47167,32923.0
47168,38099.0
47169,57788.8
47170,61021.0
47171,4755.0
47172,3690.8
47173,2438.0
47174,32923.0
47175,4086.0
47176,4735.2
47177,15067.4
47178,10590.4
47179,69767.0
47180,4501.0
47181,53974.4
47182,6735.8
47183,57528.6
47184,5440.0
47185,5326.6
47186,7478.4
47187,5441.0
47188,3662.4
47189,49553.0
47190,4295.4
47191,7764.4
47192,57024.0
47193,5435.0
47194,5909.2
47195,6300.8
47196,3479.0
47197,53555.2
47198,48210.0
47199,46523.0
47200,50590.4
47201,8366.4
47202,6067.0
47203,11535.4
47204,22152.0
47205,2877.6
47206,3655.0
47207,4761.8
47208,6696.8
47209,51817.0
47210,7393.0
47211,8127.0
47212,7102.4
47213,18124.8
47214,58816.0
47215,60260.0
47216,4861.0
47217,5549.0
47218,4500.0
47219,11037.6
47220,53997.8
47221,7424.0
47222,48506.2
47223,50271.0
47224,6696.8
47225,9840.0
47226,49260.8
47227,47586.0
47228,2920.0
47229,3275.4
47230,7352.0
47231,6637.2
47232,11406.8
47233,3862.0
47234,28193.6
47235,3555.2
47236,6015.0
47237,4111.0
47238,13160.2
47239,59582.4
47240,41064.0
47241,7584.6
47242,58729.6
47243,7165.2
47244,7127.2
47245,5583.8
47246,11425.6
47247,4067.2
47248,2944.8
47249,73513.8
47250,4497.2
47251,1890.0
47252,4778.0
47253,5699.2
47254,8337.4
47255,41705.8
47256,35386.8
47257,43376.0
47258,9744.0
47259,56196.2
47260,1714.0
47261,5792.4
47262,7682.6
47263,4499.0
47264,4629.4
47265,11036.8
47266,3685.0
47267,28193.6
47268,62718.4
47269,12926.8
47270,9009.4
47271,5637.6
47272,6728.0
47273,4040.6
47274,56281.4
47275,57703.6
47276,66108.0
47277,37615.2
47278,2836.0
47279,61216.2
47280,13131.2
47281,2694.0
47282,53730.4
47283,1105.0
47284,6810.6
47285,66197.4
47286,12638.0
47287,5438.6
47288,8186.2
47289,10815.0
47290,9211.6
47291,52175.0
47292,45883.0
47293,8873.6
47294,51817.0
47295,3403.2
47296,65136.0
47297,18820.4
47298,3423.0
47299,39127.4
47300,54608.0
47301,8515.6
47302,45426.2
47303,11403.4
47304,8756.0
47305,60978.0
47306,6181.0
47307,68966.4
47308,5793.8
47309,6827.2
47310,71004.8
47311,50600.0
47312,4329.0
47313,6360.0
47314,8112.0
47315,61955.4
47316,52290.6
47317,12430.0
47318,42449.0
47319,3775.2
47320,61831.8
47321,5087.0
47322,8887.4
47323,39499.0
47324,55018.8
47325,6329.2
47326,3398.4
47327,3608.6
47328,5657.8
47329,75872.8
47330,9415.2
47331,6554.0
47332,7304.0
47333,3916.0
47334,40593.0
47335,3999.0
47336,6033.0
47337,17604.0
47338,6829.2
47339,5082.0
47340,13246.0
47341,7748.8
47342,7124.0
47343,27792.0
47344,3294.0
47345,7877.4
47346,52919.2
47347,4972.0
47348,5645.2
47349,45693.0
47350,4202.6
47351,57263.4
47352,6961.4
47353,6656.2
47354,5360.8
47355,4581.8
47356,8173.4
47357,7020.8
47358,3408.0
47359,8298.2
47360,3335.4
47361,6699.8
47362,4635.0
47363,5462.0
47364,4792.0
47365,39321.0
47366,6132.0
47367,54025.2
47368,8056.4
47369,4879.4
47370,4490.6
47371,5571.6
47372,53866.6
47373,5551.2
47374,3646.0
47375,3572.0
47376,2022.4
47377,6053.0
47378,4094.2
47379,8079.4
47380,3803.2
47381,37244.0
47382,6542.0
47383,3719.8
47384,4827.0
47385,51481.0
47386,64385.4
47387,13287.8
47388,4227.2
47389,5602.2
47390,79317.2
47391,39847.0
47392,5037.0
47393,6248.6
47394,8254.0
47395,50419.4
47396,58871.8
47397,14700.0
47398,4755.0
47399,51772.4
47400,2124.0
47401,4503.6
47402,55598.2
47403,4326.2
47404,6214.6
47405,6044.0
47406,13559.2
47407,9840.0
47408,6031.6
47409,44303.0
47410,17453.6
47411,21902.4
47412,4903.0
47413,44280.0
47414,57005.0
47415,5178.0
47416,52063.0
47417,6167.0
47418,68809.8
47419,14514.0
47420,4880.2
47421,4106.0
47422,12682.6
47423,5158.2
47424,57145.4
47425,47408.0
47426,6156.8
47427,3393.0
47428,59372.6
47429,23424.0
47430,3778.2
47431,2853.4
47432,6194.0
47433,59633.0
47434,5245.2
47435,5887.0
47436,54608.0
47437,45693.0
47438,52063.0
47439,5892.0
47440,4415.8
47441,10996.0
47442,6084.0
47443,4601.4
47444,7425.0
47445,49725.0
47446,5277.2
47447,7425.0
47448,5407.4
47449,11288.6
47450,6228.6
47451,66173.0
47452,42551.0
47453,58573.0
47454,3393.0
47455,62703.0
47456,59510.4
47457,5084.0
47458,51457.0
47459,4572.6
47460,4609.2
47461,6866.2
47462,63280.8
47463,11205.0
47464,47935.6
47465,7524.2
47466,3064.0
47467,4863.0
47468,4892.0
47469,3572.0
47470,57074.0
47471,2641.6
47472,6082.0
47473,3572.0
47474,5386.2
47475,5161.4
47476,6735.8
47477,65113.8
47478,4604.2
47479,8527.2
47480,5701.2
47481,46947.0
47482,53678.8
47483,3715.2
47484,53949.6
47485,5632.0
47486,5574.0
47487,7487.0
47488,39499.0
47489,6071.6
47490,6384.8
47491,2022.4
47492,55520.6
47493,12633.4
47494,6764.4
47495,4454.0
47496,7617.8
47497,20413.0
47498,62076.0
47499,2315.0
47500,15069.0
47501,41064.0
47502,53881.0
47503,3939.0
47504,8175.8
47505,12121.2
47506,55088.4
47507,49613.0
47508,59312.0
47509,29532.0
47510,17195.2
47511,7482.2
47512,8367.6
47513,7425.0
47514,5083.4
47515,7564.6
47516,53064.0
47517,55418.8
47518,46769.0
47519,50575.8
47520,7588.8
47521,4896.0
47522,7179.2
47523,47396.2
47524,11450.2
47525,8372.8
47526,12480.2
47527,4131.0
47528,6591.0
47529,57005.0
47530,60786.2
47531,5610.2
47532,3862.8
47533,3450.0
47534,6549.0
47535,50600.0
47536,50229.8
47537,4582.6
47538,39127.4
47539,4417.0
47540,5329.6
47541,6790.0
47542,36050.4
47543,4020.0
47544,8625.6
47545,4960.4
47546,45185.0
47547,3401.0
47548,12549.2
47549,54684.0
47550,10542.8
47551,46769.0
47552,3939.4
47553,14377.0
47554,2477.0
47555,3979.6
47556,9415.4
47557,3696.6
47558,50787.4
47559,4788.6
47560,4256.0
47561,6212.8
47562,12662.4
47563,3860.0
47564,4338.0
47565,6109.0
47566,53164.0
47567,20530.0
47568,52080.0
47569,45883.0
47570,6568.0
47571,2464.0
47572,48269.0
47573,2049.0
47574,5446.0
47575,3016.0
47576,53645.0
47577,6410.0
47578,7858.8
47579,7526.4
47580,7221.2
47581,7275.0
47582,3293.0
47583,62801.8
47584,5289.4
47585,2800.8
47586,4420.0
47587,4622.0
47588,67492.4
47589,9201.0
47590,45540.2
47591,10180.4
47592,11086.4
47593,3971.0
47594,51931.4
47595,6867.6
47596,62953.0
47597,65954.6
47598,45347.8
47599,9650.4
47600,5676.2
47601,5517.0
47602,3114.0
47603,53489.0
47604,4502.0
47605,6025.0
47606,5599.4
47607,6558.8
47608,51972.2
47609,5955.0
47610,29992.0
47611,7012.4
47612,5759.4
47613,79731.0
47614,12734.2
47615,7251.4
47616,5306.2
47617,23112.0
47618,6424.8
47619,8298.4
47620,6045.2
47621,5805.4
47622,6960.6
47623,5347.4
47624,6199.4
47625,6691.0
47626,44230.8
47627,5943.0
47628,62444.8
47629,8410.0
47630,8617.6
47631,6903.4
47632,11278.6
47633,3944.8
47634,4499.0
47635,10834.0
47636,2792.4
47637,7115.8
47638,6319.0
47639,2409.0
47640,6715.8
47641,3377.0
47642,5344.6
47643,2619.0
47644,13602.0
47645,50137.0
47646,5758.4
47647,9590.4
47648,7370.4
47649,4293.0
47650,5788.2
47651,3120.0
47652,6823.6
47653,4667.0
47654,6743.8
47655,54608.0
47656,4919.6
47657,11781.2
47658,9718.0
47659,13840.4
47660,8135.4
47661,45679.4
47662,12493.8
47663,5322.0
47664,5749.0
47665,3500.6
47666,23125.8
47667,52839.2
47668,2723.4
47669,39321.0
47670,78617.2
47671,9489.4
47672,1830.0
47673,5103.0
47674,50035.8
47675,7543.2
47676,8838.4
47677,7643.8
47678,41257.8
47679,85849.4
47680,4497.8
47681,29532.0
47682,46294.6
47683,7097.6
47684,56075.0
47685,7574.8
47686,3754.6
47687,6605.2
47688,10437.4
47689,6410.0
47690,5678.6
47691,3820.4
47692,5888.0
47693,80128.0
47694,7170.2
47695,5484.8
47696,4501.0
47697,7787.6
47698,14705.4
47699,52440.0
47700,58917.4
47701,7832.0
47702,64235.4
47703,8832.8
47704,21902.4
47705,8720.8
47706,3999.0
47707,5702.8
47708,3393.0
47709,4263.0
47710,38099.0
47711,8079.0
47712,21120.0
47713,8423.4
47714,5588.0
47715,4061.4
47716,20760.0
47717,2960.0
47718,12955.2
47719,2421.0
47720,2888.2
47721,5217.6
47722,45426.2
47723,10427.6
47724,15009.6
47725,5938.0
47726,2353.0
47727,6710.8
47728,79498.6
47729,4111.0
47730,50726.4
47731,71984.6
47732,54684.0
47733,7425.0
47734,5177.0
47735,11069.0
47736,7336.0
47737,20917.6
47738,1891.4
47739,6931.0
47740,6691.0
47741,56131.4
47742,2878.0
47743,31134.4
47744,5628.4
47745,3083.6
47746,49599.6
47747,6323.0
47748,49553.0
47749,59021.0
47750,2124.0
47751,4595.6
47752,45969.6
47753,3573.8
47754,58075.4
47755,5320.6
47756,2836.0
47757,7078.0
47758,3826.6
47759,6075.0
47760,44541.0
47761,8112.0
47762,9880.6
47763,56476.0
47764,7199.4
47765,5809.2
47766,6258.0
47767,6035.8
47768,54882.8
47769,4361.0
47770,55661.0
47771,3099.0
47772,11730.0
47773,44483.0
47774,4877.4
47775,2760.2
47776,5758.6
47777,60160.0
47778,10815.0
47779,15325.2
47780,4825.0
47781,4111.0
47782,2797.6
47783,38845.6
47784,5027.6
47785,2659.8
47786,59065.8
47787,7359.0
47788,14659.8
47789,49875.8
47790,45693.0
47791,6511.4
47792,65475.4
47793,49156.8
47794,50691.2
47795,51673.4
47796,41839.0
47797,53251.6
47798,3905.8
47799,38845.6
47800,55652.0
47801,53209.0
47802,53995.0
47803,4337.0
47804,64105.2
47805,4949.8
47806,7067.4
47807,2640.4
47808,68441.0
47809,9987.0
47810,73589.6
47811,7774.0
47812,10142.8
47813,3466.0
47814,45693.0
47815,51859.2
47816,4664.0
47817,5548.0
47818,4631.2
47819,9792.4
47820,4556.0
47821,4440.8
47822,5604.2
47823,7743.8
47824,15636.2
47825,1998.0
47826,4101.2
47827,7743.8
47828,5389.4
47829,7598.6
47830,10897.0
47831,69130.6
47832,45883.0
47833,4116.6
47834,62795.0
47835,7623.8
47836,5438.2
47837,4735.8
47838,4075.2
47839,55983.0
47840,5758.6
47841,1714.0
47842,55087.0
47843,56648.0
47844,16514.8
47845,46437.2
47846,45883.0
47847,5194.4
47848,4698.6
47849,6565.8
47850,12684.2
47851,4166.4
47852,4272.0
47853,48106.2
47854,5636.8
47855,55499.6
47856,11615.6
47857,5633.4
47858,11176.4
47859,4420.0
47860,3656.0
47861,9201.0
47862,6726.4
47863,7014.0
47864,3743.6
47865,4062.8
47866,53164.0
47867,64316.0
47868,31622.0
47869,3921.4
47870,2689.8
47871,7107.2
47872,63277.0
47873,4615.0
47874,5102.0
47875,50737.0
47876,4927.0
47877,34460.0
47878,5997.0
47879,12860.4
47880,7297.4
47881,41701.4
47882,2723.4
47883,67452.0
47884,8867.6
47885,65552.6
47886,73099.8
47887,10204.4
47888,5902.8
47889,44280.0
47890,2410.0
47891,7543.6
47892,7990.6
47893,3490.2
47894,5331.2
47895,33609.2
47896,6551.6
47897,5443.4
47898,5772.0
47899,4420.2
47900,2091.0
47901,54977.4
47902,1776.0
47903,60280.4
47904,3416.6
47905,11835.0
47906,20943.6
47907,2758.0
47908,37985.0
47909,39399.4
47910,62524.0
47911,1839.6
47912,44144.0
47913,32859.0
47914,4502.0
47915,6450.0
47916,4048.0
47917,7626.4
47918,2078.4
47919,10590.0
47920,7689.0
47921,4302.0
47922,6158.0
47923,6643.2
47924,2056.0
47925,3425.0
47926,52287.0
47927,4271.8
47928,5118.6
47929,62679.2
47930,45693.0
47931,63003.4
47932,5844.8
47933,69414.6
47934,8581.6
47935,6193.0
47936,4877.0
47937,4656.0
47938,69087.0
47939,5954.0
47940,4316.0
47941,5352.4
47942,4226.0
47943,6846.0
47944,7161.2
47945,2124.0
47946,6258.6
47947,45883.0
47948,5608.8
47949,56177.0
47950,2237.0
47951,4742.4
47952,8944.0
47953,7467.0
47954,60956.0
47955,5656.0
47956,3606.8
47957,4892.0
47958,1714.0
47959,3090.0
47960,15846.0
47961,1776.0
47962,60232.0
47963,6067.0
47964,5940.8
47965,24056.0
47966,2339.0
47967,52543.0
47968,43875.4
47969,57711.4
47970,45162.6
47971,8034.0
47972,33576.0
47973,7267.2
47974,8212.8
47975,88643.6
47976,2124.0
47977,55661.0
47978,8609.0
47979,14248.6
47980,9178.0
47981,3389.0
47982,11271.8
47983,6418.8
47984,60731.8
47985,6985.0
47986,64397.4
47987,4105.0
47988,2228.0
47989,7774.0
47990,8819.8
47991,6971.8
47992,3546.0
47993,11358.8
47994,2617.4
47995,4338.0
47996,63845.4
47997,4165.0
47998,2266.8
47999,7180.2
48000,67710.0
48001,6192.0
48002,10236.2
48003,4762.4
48004,8401.6
48005,9241.0
48006,5236.0
48007,60688.4
48008,29544.0
48009,7424.6
48010,8025.6
48011,5079.8
48012,12654.0
48013,41387.4
48014,6172.0
48015,38845.6
48016,5130.6
48017,6591.0
48018,62954.2
48019,3862.0
48020,5862.4
48021,2499.2
48022,67824.0
48023,7375.6
48024,54608.0
48025,2812.0
48026,12003.4
48027,4551.2
48028,4158.0
48029,11913.4
48030,38099.0
48031,34043.0
48032,6320.4
48033,68099.8
48034,9577.4
48035,4500.0
48036,3408.8
48037,5142.6
48038,27976.0
48039,4658.0
48040,72192.2
48041,2544.0
48042,55790.6
48043,52287.0
48044,62192.8
48045,7227.6
48046,5621.6
48047,35144.0
48048,7083.2
48049,3988.0
48050,7574.2
48051,5874.2
48052,10285.8
48053,55598.2
48054,23097.0
48055,5194.2
48056,6650.6
48057,5567.6
48058,3016.0
48059,5944.0
48060,6579.6
48061,51816.6
48062,32923.0
48063,8789.2
48064,44148.8
48065,5143.0
48066,2627.6
48067,12161.6
48068,46073.4
48069,9840.0
48070,10008.6
48071,51658.4
48072,4555.0
48073,4428.2
48074,15361.8
48075,5937.0
48076,6444.0
48077,1924.0
48078,4359.0
48079,12816.6
48080,4564.0
48081,4732.6
48082,10596.0
48083,6992.0
48084,5133.4
48085,11205.0
48086,7931.4
48087,5512.2
48088,58223.4
48089,49378.0
48090,5943.0
48091,10096.0
48092,65382.6
48093,6386.6
48094,20760.0
48095,2201.0
48096,5803.6
48097,10834.6
48098,54507.0
48099,6488.0
48100,3988.0
48101,53571.8
48102,58853.8
48103,4582.0
48104,4915.0
48105,12024.0
48106,3448.4
48107,4130.2
48108,6963.8
48109,9625.2
48110,5924.0
48111,47367.2
48112,61080.0
48113,7510.8
48114,10429.0
48115,55967.0
48116,6488.0
48117,3126.6
48118,6186.0
48119,57775.0
48120,5953.0
48121,2167.4
48122,11563.4
48123,9201.0
48124,4500.0
48125,6565.8
48126,12922.2
48127,9093.0
48128,7591.4
48129,55892.6
48130,4821.0
48131,2528.2
48132,2836.0
48133,6191.6
48134,3862.0
48135,60141.0
48136,6696.8
48137,5949.0
48138,6640.0
48139,6279.0
48140,4531.2
48141,47272.8
48142,34460.0
48143,52287.0
48144,5285.6
48145,19846.6
48146,3927.6
48147,2596.8
48148,4105.0
48149,72327.2
48150,4725.8
48151,52491.0
48152,5453.6
48153,72861.2
48154,9668.4
48155,31672.0
48156,5596.2
48157,6450.0
48158,3623.0
48159,53995.0
48160,48493.8
48161,63087.4
48162,45257.0
48163,5788.8
48164,19344.0
48165,5985.8
48166,5075.6
48167,2775.0
48168,57259.2
48169,47585.0
48170,6684.2
48171,7154.2
48172,3028.4
48173,5422.2
48174,8359.0
48175,13637.2
48176,5102.0
48177,38189.0
48178,7454.0
48179,2910.6
48180,2477.0
48181,53743.0
48182,54608.0
48183,53813.6
48184,9204.4
48185,6013.8
48186,7397.2
48187,14120.4
48188,5438.8
48189,66556.0
48190,12813.0
48191,44626.2
48192,7864.6
48193,61967.4
48194,53226.4
48195,3979.0
48196,55312.8
48197,7644.2
48198,56945.0
48199,3068.4
48200,62624.0
48201,5290.6
48202,2832.6
48203,51372.0
48204,14754.0
48205,4051.6
48206,54191.0
48207,31622.0
48208,60611.4
48209,72915.4
48210,3862.0
48211,8328.0
48212,5927.2
48213,5955.0
48214,11856.0
48215,44209.8
48216,15183.0
48217,3014.0
48218,3038.6
48219,12150.0
48220,2410.0
48221,3603.4
48222,46181.8
48223,9218.2
48224,4857.6
48225,6597.8
48226,7335.0
48227,5066.2
48228,5435.6
48229,43000.4
48230,7317.8
48231,24234.0
48232,8585.2
48233,6052.0
48234,6570.2
48235,11164.6
48236,61255.8
48237,5389.6
48238,7029.6
48239,5090.0
48240,54530.6
48241,5386.8
48242,4185.0
48243,50943.4
48244,3210.2
48245,60163.4
48246,6696.8
48247,32923.0
48248,3372.0
48249,5215.6
48250,5553.2
48251,5833.6
48252,4452.0
48253,6667.6
48254,3014.0
48255,52981.4
48256,53743.0
48257,19256.0
48258,6553.2
48259,9056.0
48260,4736.8
48261,50669.8
48262,62129.8
48263,4499.0
48264,76002.4
48265,15249.2
48266,56648.0
48267,2393.0
48268,63715.6
48269,2638.2
48270,13456.6
48271,6889.0
48272,8391.4
48273,50565.8
48274,12474.0
48275,54608.0
48276,5952.2
48277,12391.6
48278,63971.4
48279,2961.4
48280,8916.0
48281,5610.0
48282,63523.4
48283,2339.0
48284,1776.0
48285,4979.0
48286,2800.8
48287,6133.8
48288,2539.0
48289,6437.0
48290,5005.0
48291,6654.4
48292,6480.0
48293,15310.2
48294,6513.0
48295,11129.0
48296,7488.0
48297,9392.6
48298,3807.0
48299,52084.0
48300,7427.6
48301,4813.0
48302,6326.0
48303,27976.0
48304,6502.0
48305,6559.6
48306,57779.4
48307,3960.8
48308,5888.0
48309,28510.0
48310,12009.6
48311,3330.0
48312,2109.2
48313,60008.0
48314,4495.4
48315,17738.0
48316,7426.0
48317,56386.8
48318,55150.0
48319,4634.8
48320,4064.6
48321,1890.0
48322,4340.6
48323,50353.0
48324,4278.4
48325,28200.0
48326,2191.4
48327,54684.0
48328,4273.6
48329,4700.6
48330,5081.6
48331,6132.0
48332,7103.2
48333,45540.2
48334,43000.4
48335,5758.0
48336,50775.4
48337,4775.8
48338,12432.2
48339,5568.6
48340,55983.0
48341,45221.2
48342,30328.0
48343,73763.2
48344,41127.6
48345,3999.0
48346,61597.0
48347,6450.0
48348,64453.8
48349,57117.2
48350,5169.2
48351,50297.0
48352,4557.0
48353,6328.6
48354,5200.2
48355,49613.0
48356,44014.4
48357,4609.0
48358,61223.4
48359,3361.4
48360,5428.4
48361,3153.0
48362,3769.6
48363,3895.8
48364,4193.6
48365,12817.4
48366,50271.0
48367,4131.0
48368,11304.6
48369,5735.0
48370,3560.0
48371,9373.8
48372,4094.0
48373,4446.8
48374,7489.0
48375,3646.0
48376,5322.0
48377,63473.8
48378,5076.6
48379,50590.4
48380,6069.0
48381,3283.0
48382,55528.0
48383,5292.0
48384,76817.6
48385,3150.0
48386,55011.4
48387,48975.4
48388,5741.2
48389,9344.4
48390,4792.0
48391,56588.0
48392,11578.8
48393,10207.2
48394,20413.0
48395,52985.0
48396,6009.0
48397,23484.0
48398,5428.0
48399,41113.0
48400,12469.4
48401,53813.6
48402,58137.0
48403,60978.0
48404,10542.6
48405,5838.4
48406,6809.2
48407,5575.0
48408,6296.0
48409,2454.0
48410,51707.0
48411,6158.0
48412,3982.0
48413,13327.4
48414,11844.0
48415,44280.0
48416,52892.2
48417,1830.0
48418,42555.8
48419,4673.2
48420,5840.6
48421,38710.4
48422,5606.0
48423,47453.6
48424,8153.0
48425,4812.8
48426,4587.6
48427,5286.0
48428,11520.0
48429,11205.0
48430,4245.8
48431,5881.0
48432,7368.6
48433,11787.4
48434,4961.2
48435,4971.6
48436,51671.8
48437,2111.0
48438,2339.0
48439,57788.8
48440,63737.0
48441,5065.8
48442,3282.0
48443,14391.6
48444,7969.2
48445,55055.8
48446,57501.6
48447,7458.6
48448,51707.0
48449,3330.0
48450,62984.6
48451,12659.8
48452,7064.6
48453,52839.4
48454,5632.0
48455,56476.0
48456,3059.8
48457,50528.0
48458,3788.0
48459,9671.0
48460,4338.0
48461,11268.0
48462,13108.8
48463,6437.0
48464,12627.0
48465,5764.2
48466,57432.6
48467,17794.0
48468,9304.4
48469,4576.0
48470,5674.0
48471,52063.0
48472,4499.0
48473,61955.4
48474,2982.8
48475,67087.0
48476,60529.6
48477,45286.4
48478,5079.6
48479,52983.8
48480,48269.0
48481,61917.8
48482,52287.0
48483,4437.4
48484,56265.8
48485,5668.2
48486,7228.2
48487,38290.4
48488,6394.6
48489,71215.0
48490,5708.0
48491,56879.4
48492,64867.4
48493,60221.6
48494,5052.8
48495,6488.0
48496,4462.8
48497,10272.2
48498,39399.4
48499,3393.0
48500,5645.8
48501,49725.0
48502,38290.4
48503,2276.0
48504,5360.2
48505,13483.0
48506,69244.0
48507,7631.4
48508,4502.0
48509,4155.4
48510,5583.2
48511,6021.2
48512,62369.4
48513,38446.6
48514,6966.4
48515,9133.8
48516,45883.0
48517,7412.0
48518,3784.0
48519,13966.6
48520,11875.2
48521,7093.0
48522,56177.0
48523,6053.0
48524,48413.0
48525,1890.0
48526,27681.6
48527,57441.6
48528,7958.0
48529,3860.0
48530,5137.6
48531,4200.8
48532,6115.0
48533,61180.0
48534,7832.0
48535,2519.2
48536,3872.6
48537,46063.4
48538,67321.0
48539,4293.6
48540,5116.2
48541,5683.8
48542,16283.6
48543,5152.0
48544,62560.2
48545,71650.2
48546,32923.0
48547,65893.0
48548,6734.6
48549,9459.4
48550,6533.4
48551,6195.0
48552,11358.2
48553,54204.4
48554,5547.0
48555,49505.2
48556,6479.6
48557,6818.0
48558,3588.8
48559,6187.2
48560,55184.6
48561,51707.0
48562,7351.4
48563,58029.4
48564,33576.0
48565,4203.8
48566,49613.0
48567,13353.0
48568,3999.0
48569,49553.0
48570,3808.2
48571,73513.6
48572,6761.0
48573,3522.6
48574,5658.6
48575,1443.0
48576,4499.0
48577,47549.8
48578,8997.2
48579,4212.0
48580,66063.0
48581,6910.0
48582,3000.0
48583,5849.0
48584,46769.0
48585,5178.0
48586,6279.0
48587,7840.0
48588,3090.0
48589,6013.4
48590,3666.6
48591,4142.8
48592,8719.0
48593,6489.0
48594,2772.0
48595,63239.0
48596,32859.0
48597,2457.4
48598,3516.0
48599,51987.0
48600,7236.2
48601,64464.0
48602,8936.8
48603,38276.8
48604,2476.0
48605,65699.2
48606,7692.4
48607,42555.8
48608,3988.0
48609,3719.2
48610,5954.0
48611,4145.8
48612,7807.8
48613,5892.0
48614,3126.6
48615,62941.0
48616,7358.8
48617,6755.2
48618,55424.4
48619,68347.8
48620,2849.4
48621,5326.2
48622,7539.0
48623,1776.0
48624,6389.6
48625,5239.6
48626,5147.2
48627,5337.2
48628,11383.6
48629,50353.0
48630,4784.0
48631,5720.8
48632,3647.2
48633,32859.0
48634,60268.2
48635,4952.8
48636,5388.6
48637,4179.6
48638,60237.4
48639,6761.2
48640,5990.2
48641,4341.0
48642,55983.0
48643,6165.8
48644,4585.2
48645,6742.0
48646,57393.0
48647,22063.4
48648,4506.0
48649,13776.8
48650,55502.0
48651,7480.8
48652,57072.0
48653,53813.6
48654,10426.8
48655,18188.2
48656,10731.2
48657,3124.8
48658,7491.4
48659,58247.8
48660,50575.8
48661,51434.8
48662,53813.6
48663,4528.4
48664,5985.0
48665,63065.0
48666,17365.2
48667,4514.4
48668,3553.2
48669,35144.0
48670,4115.6
48671,8036.6
48672,4357.0
48673,68684.2
48674,3923.0
48675,37929.0
48676,3205.0
48677,5322.0
48678,14532.0
48679,2339.0
48680,7893.2
48681,41087.2
48682,4687.0
48683,10542.0
48684,5246.4
48685,4417.0
48686,53209.0
48687,9241.0
48688,60978.0
48689,8093.0
48690,58955.0
48691,2203.0
48692,49707.4
48693,3288.4
48694,32859.0
48695,6453.0
48696,60275.4
48697,9848.6
48698,54684.0
48699,4496.0
48700,6685.4
48701,5367.2
48702,5702.6
48703,4125.0
48704,4130.6
48705,66063.0
48706,2339.0
48707,3996.4
48708,55983.0
48709,5727.6
48710,49959.8
48711,71752.8
48712,60799.0
48713,5232.2
48714,3439.6
48715,75359.0
48716,6677.8
48717,4209.2
48718,10820.8
48719,64587.0
48720,59612.0
48721,5997.0
48722,1621.6
48723,53197.0
48724,5177.0
48725,64083.4
48726,6133.0
48727,7774.0
48728,68892.6
48729,51928.0
48730,2197.8
48731,42521.0
48732,4882.0
48733,2343.0
48734,4046.8
48735,4558.8
48736,3796.4
48737,5586.2
48738,54608.0
48739,7653.4
48740,11204.6
48741,55403.0
48742,22832.0
48743,56967.4
48744,5366.0
48745,1890.0
48746,6414.0
48747,12386.0
48748,4746.4
48749,6157.8
48750,68594.4
48751,58497.6
48752,5436.8
48753,49725.0
48754,5922.8
48755,8540.0
48756,38099.0
48757,3862.0
48758,3999.0
48759,7200.6
48760,3916.0
48761,6194.8
48762,53855.0
48763,12007.4
48764,5632.0
48765,59257.0
48766,5950.0
48767,4513.8
48768,5988.0
48769,8409.2
48770,24122.0
48771,5839.4
48772,38099.0
48773,5276.0
48774,8233.4
48775,46257.8
48776,43000.4
48777,11587.4
48778,56128.0
48779,55694.4
48780,3774.0
48781,6144.2
48782,44280.0
48783,6299.0
48784,10037.4
48785,6775.2
48786,41127.6
48787,5145.0
48788,5848.4
48789,54608.0
48790,64540.0
48791,15216.2
48792,11249.0
48793,4877.0
48794,5130.0
48795,57117.2
48796,60396.0
48797,50590.4
48798,5575.2
48799,6396.0
48800,2190.2
48801,3849.0
48802,16168.0
48803,5069.8
48804,32923.0
48805,5207.4
48806,54765.0
48807,4623.8
48808,16068.0
48809,2910.6
48810,5948.4
48811,9798.2
48812,8134.0
48813,5339.0
48814,53783.6
48815,11399.2
48816,5319.8
48817,6067.0
48818,6446.4
48819,51345.0
48820,5673.8
48821,51316.2
48822,51835.0
48823,1776.0
48824,4370.2
48825,58263.0
48826,8719.0
48827,67891.4
48828,4615.8
48829,4043.6
48830,56196.2
48831,4499.0
48832,25000.0
48833,1277.2
48834,6326.0
48835,4257.0
48836,51671.8
48837,6879.6
48838,3090.0
48839,2628.0
48840,4685.0
48841,5548.0
48842,2477.0
48843,3158.0
48844,52593.0
48845,4414.6
48846,13165.4
48847,53309.6
48848,16736.0
48849,3334.0
48850,52433.8
48851,2632.4
48852,48170.4
48853,50600.0
48854,66195.4
48855,61507.4
48856,12884.8
48857,8849.8
48858,17149.6
48859,54420.6
48860,58684.8
48861,2871.8
48862,5401.6
48863,55929.8
48864,60508.0
48865,50271.0
48866,45693.0
48867,5097.6
48868,9222.4
48869,31739.2
48870,50409.8
48871,5632.0
48872,4748.2
48873,5505.0
48874,7361.8
48875,65212.0
48876,5656.0
48877,8179.0
48878,4666.0
48879,10710.6
48880,5738.0
48881,6212.0
48882,7412.0
48883,4896.0
48884,6568.0
48885,52847.4
48886,49655.8
48887,5168.4
48888,58841.8
48889,15592.6
48890,1776.0
48891,6506.0
48892,6238.6
48893,6256.8
48894,5197.0
48895,66760.0
48896,7572.0
48897,3988.0
48898,7794.2
48899,6633.0
48900,6992.0
48901,3648.0
48902,7564.2
48903,4682.8
48904,55737.0
48905,2723.0
48906,3999.0
48907,4582.0
48908,11478.0
48909,6256.0
48910,4565.0
48911,59582.4
48912,31436.0
48913,41064.0
48914,14541.4
48915,3599.4
48916,57117.0
48917,6895.6
48918,61751.6
48919,3847.8
48920,11024.4
48921,13608.0
48922,54632.0
48923,3901.8
48924,5083.4
48925,5770.4
48926,8426.4
48927,5721.6
48928,6186.0
48929,4420.0
48930,6250.0
48931,5877.6
48932,56095.4
48933,42457.0
48934,4337.2
48935,41548.4
48936,4123.6
48937,45461.8
48938,44921.0
48939,64831.0
48940,5312.8
48941,4096.6
48942,9161.4
48943,47503.2
48944,44598.4
48945,7424.0
48946,4556.0
48947,53064.0
48948,5263.6
48949,15411.2
48950,7106.4
48951,9353.8
48952,6501.4
48953,42521.0
48954,5103.0
48955,11592.0
48956,2222.6
48957,47549.8
48958,45883.0
48959,10301.4
48960,5263.2
48961,3393.0
48962,2878.4
48963,2967.0
48964,8730.2
48965,13536.0
48966,1714.0
48967,5636.6
48968,51817.0
48969,4401.0
48970,1830.0
48971,5705.2
48972,51595.0
48973,69244.0
48974,9448.4
48975,2124.0
48976,9281.2
48977,3393.0
48978,9630.4
48979,58308.4
48980,6966.0
48981,60261.8
48982,3557.0
48983,5502.0
48984,5029.0
48985,7328.8
48986,37985.0
48987,2716.0
48988,59637.8
48989,57806.6
48990,5030.2
48991,55763.4
48992,4704.8
48993,59021.0
48994,4241.2
48995,12306.2
48996,4416.0
48997,5516.8
48998,7822.4
48999,1543.0
49000,10691.0
49001,6408.0
49002,4496.0
49003,6091.6
49004,46799.4
49005,64419.4
49006,35708.8
49007,7947.2
49008,4975.0
49009,15771.0
49010,44629.0
49011,4755.0
49012,7291.8
49013,12381.4
49014,7007.4
49015,4272.8
49016,10770.4
49017,9712.8
49018,44081.0
49019,4502.0
49020,9924.0
49021,12444.0
49022,52892.2
49023,6578.0
49024,7126.0
49025,4509.0
49026,5345.2
49027,10069.0
49028,4587.2
49029,7840.0
49030,2056.0
49031,4484.6
49032,1527.0
49033,17738.0
49034,6167.0
49035,2901.0
49036,11998.4
49037,5949.0
49038,58091.0
49039,7614.2
49040,10757.8
49041,3379.0
49042,3379.0
49043,14379.6
49044,7580.8
49045,6575.0
49046,6525.6
49047,4343.0
49048,1714.0
49049,71901.8
49050,6002.0
49051,31432.0
49052,4209.2
49053,6502.0
49054,5176.4
49055,8095.4
49056,6624.8
49057,5303.8
49058,10156.4
49059,49564.8
49060,72424.8
49061,6961.4
49062,7209.8
49063,12900.8
49064,50020.2
49065,5322.0
49066,2738.0
49067,31739.2
49068,7791.6
49069,5046.2
49070,50271.0
49071,12542.4
49072,61216.2
49073,63592.0
49074,9034.0
49075,48489.6
49076,4272.0
49077,5944.0
49078,62163.4
49079,2627.0
49080,65875.4
49081,3916.0
49082,45540.2
49083,9299.0
49084,5842.0
49085,68518.4
49086,11820.6
49087,51853.0
49088,52175.0
49089,9997.8
49090,47449.0
49091,59021.0
49092,5720.0
49093,3072.0
49094,50137.0
49095,63659.2
49096,9364.0
49097,8568.6
49098,10344.0
49099,43865.0
49100,8246.8
49101,6319.0
49102,7883.0
49103,4711.0
49104,7180.6
49105,4173.0
49106,32232.0
49107,19127.6
49108,5531.6
49109,50036.0
49110,54025.2
49111,6688.8
49112,4419.0
49113,14846.6
49114,3913.8
49115,3942.0
49116,62882.4
49117,4563.4
49118,13554.0
49119,4099.0
49120,4177.0
49121,8494.0
49122,17794.0
49123,4440.0
49124,57253.2
49125,53490.0
49126,62444.8
49127,46809.2
49128,56523.0
49129,2738.0
49130,12371.8
49131,4338.8
49132,3779.8
49133,9560.8
49134,6342.6
49135,2871.8
49136,5602.2
49137,54608.0
49138,6345.8
49139,6412.8
49140,5484.2
49141,45257.0
49142,5449.6
49143,64853.4
49144,2912.2
49145,60533.0
49146,64113.0
49147,9136.0
49148,1714.0
49149,6834.0
49150,5597.6
49151,45426.2
49152,4848.0
49153,5102.0
49154,49505.2
49155,7700.0
49156,22140.0
49157,8388.4
49158,3681.4
49159,7410.0
49160,2924.0
49161,5761.0
49162,4535.0
49163,52522.0
49164,8168.6
49165,8382.2
49166,54081.4
49167,58017.0
49168,13858.6
49169,4496.0
49170,56569.0
49171,6872.6
49172,11520.0
49173,48962.4
49174,61157.4
49175,4698.8
49176,7298.4
49177,3185.8
49178,5656.0
49179,27792.0
49180,5805.4
49181,5722.4
49182,32923.0
49183,45257.0
49184,14377.0
49185,55377.0
49186,2901.0
49187,4131.0
49188,54025.2
49189,8559.0
49190,12678.6
49191,4350.2
49192,3995.8
49193,6500.6
49194,64285.0
49195,11429.2
49196,11000.2
49197,56685.4
49198,47503.2
49199,4996.6
49200,8153.0
49201,4506.8
49202,30319.2
49203,5949.0
49204,4896.0
49205,59604.2
49206,56546.6
49207,65753.0
49208,38099.0
49209,2940.0
49210,11184.0
49211,5484.2
49212,3519.0
49213,6052.6
49214,60160.0
49215,3421.8
49216,6395.0
49217,6884.6
49218,3495.0
49219,5955.0
49220,65337.8
49221,3090.0
49222,14364.0
49223,3999.0
49224,6082.0
49225,35554.0
49226,9059.6
49227,6401.0
49228,52390.2
49229,8337.4
49230,6362.4
49231,48225.8
49232,56507.8
49233,3652.0
49234,62829.0
49235,1443.0
49236,2339.0
49237,13757.8
49238,14004.2
49239,5592.0
49240,55143.4
49241,53943.6
49242,13307.8
49243,12108.0
49244,52491.0
49245,55377.0
49246,5153.4
49247,71129.0
49248,4942.0
49249,11047.6
49250,6647.6
49251,42982.0
49252,54608.0
49253,1694.0
49254,41113.0
49255,38099.0
49256,43376.0
49257,11781.0
49258,33576.0
49259,47586.0
49260,4580.2
49261,10744.0
49262,5567.2
49263,60601.0
49264,63340.8
49265,50787.4
49266,62679.2
49267,52063.0
49268,49725.0
49269,3898.6
49270,5103.0
49271,13476.8
49272,15360.0
49273,2124.0
49274,8747.6
49275,6461.0
49276,4656.0
49277,4648.0
49278,3289.0
49279,5028.8
49280,2228.0
49281,4455.8
49282,7833.2
49283,4742.0
49284,5221.6
49285,3999.0
49286,4583.2
49287,4912.6
49288,4839.2
49289,2477.0
49290,4700.0
49291,13751.0
49292,67376.0
49293,4212.0
49294,2340.0
49295,5020.2
49296,51345.0
49297,4896.0
49298,68261.8
49299,69611.4
49300,58125.0
49301,3603.6
49302,4949.6
49303,61693.8
49304,5911.8
49305,46418.2
49306,6294.0
49307,9185.2
49308,64399.2
49309,48269.0
49310,69109.4
49311,4501.0
49312,17721.8
49313,5441.0
49314,6296.0
49315,11600.2
49316,6607.8
49317,5007.8
49318,5908.8
49319,6044.0
49320,6675.2
49321,53433.0
49322,4664.2
49323,4501.0
49324,4272.0
49325,3185.8
49326,62493.0
49327,5949.0
49328,9717.8
49329,3598.4
49330,5823.0
49331,55856.6
49332,6410.2
49333,6450.0
49334,6703.6
49335,3839.2
49336,68079.0
49337,6966.4
49338,7787.2
49339,7083.2
49340,3490.2
49341,3764.8
49342,69132.2
49343,5949.0
49344,52262.8
49345,50271.0
49346,6067.0
49347,6145.2
49348,4496.0
49349,54034.2
49350,6450.0
49351,74203.4
49352,37895.6
49353,5819.0
49354,9548.0
49355,60611.4
49356,9787.4
49357,15502.2
49358,45995.2
49359,10224.4
49360,60208.8
49361,2575.0
49362,5035.2
49363,59623.4
49364,6608.0
49365,3945.2
49366,12715.2
49367,51457.0
49368,5601.2
49369,44385.4
49370,2410.0
49371,4506.0
49372,5645.8
49373,5028.2
49374,54882.8
49375,2150.0
49376,7425.0
49377,60508.0
49378,6389.0
49379,4119.0
49380,57501.6
49381,7714.0
49382,6323.2
49383,9106.6
49384,59517.6
49385,4235.4
49386,55661.0
49387,6105.4
49388,6510.4
49389,7488.0
49390,2333.0
49391,4506.0
49392,5957.0
49393,7782.0
49394,45286.4
49395,7572.0
49396,61085.6
49397,6082.4
49398,7062.4
49399,28178.4
49400,4173.0
49401,4694.8
49402,48985.8
49403,5018.6
49404,50271.0
49405,4877.8
49406,5474.6
49407,3507.4
49408,3897.6
49409,45257.0
49410,49505.2
49411,63781.8
49412,52983.8
49413,5251.2
49414,5187.4
49415,5410.0
49416,3416.2
49417,50726.4
49418,61171.4
49419,5441.0
49420,4837.8
49421,41922.2
49422,9643.8
49423,6046.6
49424,7584.0
49425,3600.4
49426,2140.4
49427,10787.8
49428,2276.0
49429,77187.6
49430,5780.0
49431,3072.0
49432,49048.4
49433,12045.0
49434,8858.4
49435,46829.8
49436,7586.0
49437,5387.0
49438,62795.0
49439,11475.8
49440,44144.0
49441,5771.0
49442,3393.0
49443,7721.4
49444,51772.4
49445,4500.0
49446,45257.0
49447,11716.2
49448,13337.0
49449,60611.4
49450,3988.0
49451,5814.4
49452,6032.0
49453,52992.0
49454,6764.2
49455,5052.8
49456,32923.0
49457,4028.0
49458,12570.0
49459,53958.2
49460,4201.0
49461,4200.0
49462,5292.0
49463,4827.0
49464,12458.4
49465,63737.0
49466,4337.0
49467,31982.0
49468,2222.6
49469,11841.0
49470,6405.0
49471,7417.2
49472,17548.0
49473,10676.0
49474,3552.6
49475,5563.0
49476,11086.2
49477,3799.0
49478,53828.4
49479,64712.0
49480,9093.4
49481,5236.2
49482,5322.0
49483,10134.0
49484,12049.8
49485,14319.4
49486,6578.0
49487,17604.0
49488,43145.4
49489,4076.6
49490,63091.8
49491,44280.0
49492,7128.2
49493,2105.0
49494,5391.8
49495,7007.4
49496,6839.6
49497,4856.6
49498,6354.0
49499,4410.4
49500,63961.0
49501,13233.2
49502,8387.4
49503,9580.0
49504,5523.6
49505,60978.0
49506,32923.0
49507,4952.8
49508,3507.8
49509,5610.2
49510,1966.0
49511,1694.0
49512,4863.6
49513,6691.2
49514,52118.4
49515,4730.2
49516,57920.0
49517,51345.0
49518,11625.0
49519,8096.8
49520,7410.0
49521,46976.2
49522,5511.8
49523,57419.0
49524,5207.6
49525,5694.8
49526,66390.6
49527,6948.4
49528,6284.8
49529,76474.6
49530,4853.2
49531,4896.0
49532,5588.0
49533,54306.4
49534,3585.2
49535,2688.0
49536,6696.8
49537,3658.6
49538,4896.0
49539,5474.6
49540,4782.8
49541,60978.0
49542,3398.4
49543,6027.0
49544,12350.6
49545,31436.0
49546,10792.6
49547,62206.0
49548,6489.0
49549,15601.0
49550,10864.4
49551,57957.8
49552,6614.8
49553,2627.4
49554,4874.4
49555,75815.0
49556,9460.6
49557,8591.4
49558,4737.0
49559,65076.2
49560,7172.6
49561,49849.0
49562,5589.8
49563,3967.6
49564,61021.4
49565,8135.4
49566,5044.2
49567,50528.0
49568,4350.0
49569,12227.8
49570,54684.0
49571,5230.6
49572,4792.0
49573,27864.0
49574,22152.0
49575,4186.2
49576,54481.0
49577,2124.0
49578,61955.4
49579,5397.0
49580,8095.4
49581,5930.0
49582,10194.4
49583,6055.0
49584,32230.0
49585,4631.2
49586,4408.6
49587,39734.2
49588,8514.6
49589,2734.6
49590,2140.2
49591,3126.6
49592,7167.4
49593,87041.0
49594,6342.8
49595,5808.4
49596,4681.8
49597,6429.4
49598,3841.0
49599,4736.0
49600,55088.4
49601,4500.0
49602,52440.0
49603,5810.0
49604,5694.6
49605,47381.8
49606,4356.2
49607,15376.0
49608,7233.2
49609,63568.0
49610,6453.4
49611,11934.6
49612,11873.0
49613,10576.0
49614,44280.0
49615,10018.0
49616,61485.0
49617,8016.4
49618,6502.0
49619,5470.2
49620,5654.6
49621,2321.0
49622,13136.6
49623,6848.4
49624,24122.0
49625,9141.4
49626,3381.0
49627,5749.8
49628,6861.0
49629,2709.0
49630,6053.0
49631,7449.2
49632,5499.4
49633,2339.0
49634,10279.8
49635,4644.2
49636,4500.0
49637,13225.8
49638,2862.0
49639,2879.6
49640,6278.2
49641,4262.0
49642,6067.0
49643,50057.2
49644,11479.0
49645,7959.0
49646,6498.6
49647,6450.0
49648,12150.0
49649,3535.8
49650,54608.0
49651,50147.0
49652,45148.8
49653,12507.0
49654,56685.4
49655,4114.8
49656,57327.4
49657,54765.0
49658,60597.4
49659,47449.0
49660,11369.6
49661,2737.0
49662,10176.0
49663,52772.0
49664,43352.8
49665,3000.0
49666,6489.0
49667,3544.6
49668,49505.2
49669,6606.6
49670,7112.6
49671,4110.0
49672,55760.4
49673,20684.0
49674,12757.4
49675,51972.2
49676,5178.0
49677,4173.0
49678,56588.0
49679,61202.4
49680,39321.0
49681,58535.4
49682,5267.4
49683,5899.8
49684,5487.6
49685,22140.0
49686,54684.0
49687,11437.0
49688,49849.0
49689,4453.0
49690,9169.8
49691,30211.2
49692,57036.8
49693,53835.0
49694,4041.2
49695,69593.4
49696,2867.8
49697,4568.4
49698,7326.4
49699,13849.6
49700,6646.2
49701,6817.0
49702,4192.6
49703,6171.8
49704,6578.0
49705,5092.6
49706,7762.4
49707,51853.0
49708,4996.6
49709,5351.0
49710,6047.8
49711,24122.0
49712,59715.4
49713,4114.8
49714,8757.0
49715,4623.4
49716,3543.2
49717,3982.0
49718,52551.4
49719,4337.4
49720,49881.4
49721,4807.2
49722,11979.4
49723,3014.0
49724,64419.4
49725,4440.8
49726,4474.0
49727,5970.8
49728,63592.0
49729,4004.0
49730,53490.0
49731,62725.4
49732,56175.8
49733,3399.4
49734,55661.0
49735,8945.0
49736,5200.8
49737,7167.0
49738,58631.0
49739,6821.8
49740,4897.2
49741,49355.2
49742,61933.0
49743,68101.4
49744,11101.6
49745,52063.0
49746,16285.0
49747,6675.2
49748,4338.0
49749,7780.4
49750,4291.0
49751,6187.2
49752,47586.0
49753,4555.0
49754,4554.0
49755,66612.2
49756,3994.8
49757,7258.0
49758,58671.0
49759,5818.8
49760,8127.0
49761,9600.4
49762,4028.6
49763,10399.4
49764,60978.0
49765,5609.2
49766,10815.2
49767,5202.8
49768,6366.4
49769,54608.0
49770,3097.4
49771,4056.0
49772,6489.0
49773,66740.8
49774,16798.4
49775,5671.6
49776,57260.0
49777,64764.0
49778,3914.6
49779,4640.2
49780,41354.6
49781,4028.0
49782,52323.4
49783,5636.8
49784,55184.6
49785,9684.6
49786,4357.0
49787,61731.4
49788,5345.4
49789,6102.0
49790,6766.4
49791,4452.0
49792,3967.4
49793,52118.4
49794,5870.0
49795,3862.0
49796,8282.6
49797,23374.0
49798,16185.0
49799,5765.4
49800,5291.6
49801,6929.2
49802,37985.0
49803,35510.0
49804,36712.0
49805,10236.4
49806,11202.0
49807,9206.0
49808,2336.0
49809,10680.0
49810,56476.0
49811,6319.2
49812,3275.4
49813,66245.8
49814,2974.4
49815,19127.6
49816,4684.2
49817,4363.0
49818,51707.0
49819,5833.0
49820,8863.0
49821,11172.6
49822,5249.2
49823,58189.4
49824,51658.4
49825,6273.4
49826,4921.0
49827,4295.0
49828,4356.0
49829,6205.2
49830,6032.0
49831,51732.8
49832,6312.2
49833,59264.0
49834,5354.0
49835,2244.2
49836,47449.0
49837,6738.0
49838,58039.6
49839,60163.4
49840,8039.2
49841,7039.4
49842,67547.2
49843,4658.8
49844,49553.0
49845,6848.4
49846,48569.0
49847,54191.0
49848,3000.0
49849,5293.0
49850,50775.4
49851,49171.2
49852,4414.2
49853,60656.0
49854,4673.8
49855,6861.0
49856,4343.2
49857,4077.0
49858,55377.0
49859,52772.0
49860,6728.8
49861,54639.0
49862,8719.6
49863,4564.0
49864,53949.6
49865,56196.2
49866,73673.6
49867,49553.0
49868,4456.2
49869,9840.0
49870,5820.6
49871,4746.0
49872,7514.0
49873,55983.0
49874,8342.0
49875,27116.8
49876,5584.0
49877,4165.0
49878,81355.6
49879,55511.6
49880,2203.0
49881,4387.6
49882,6805.0
49883,9772.2
49884,5122.2
49885,7197.2
49886,11522.2
49887,12562.4
49888,4227.0
49889,39127.4
49890,14915.2
49891,23838.0
49892,6067.0
49893,67676.0
49894,3269.0
49895,2105.0
49896,6814.2
49897,69694.2
49898,8112.0
49899,3398.0
49900,13442.4
49901,4865.6
49902,56590.0
49903,10872.8
49904,6620.0
49905,60396.0
49906,47877.0
49907,5646.0
49908,40337.8
49909,66780.0
49910,5530.4
49911,6067.0
49912,6181.0
49913,57501.6
49914,18523.6
49915,43645.6
49916,10950.2
49917,5949.0
49918,5127.8
49919,7497.0
49920,2789.4
49921,5176.6
49922,7276.4
49923,66110.4
49924,3664.8
49925,5973.2
49926,1277.2
49927,53978.2
49928,5050.2
49929,47449.0
49930,5577.0
49931,9201.0
49932,14108.2
49933,36298.6
49934,11383.0
49935,6389.0
49936,3890.2
49937,54684.0
49938,9861.0
49939,5364.8
49940,10680.0
49941,4074.0
49942,7880.2
49943,56588.0
49944,2524.6
49945,6450.0
49946,55983.0
49947,5476.6
49948,12999.2
49949,6653.4
49950,5318.0
49951,59383.6
49952,1755.0
49953,41063.6
49954,4203.0
49955,2862.4
49956,54391.4
49957,7574.8
49958,16563.2
49959,65949.8
49960,6175.0
49961,6491.2
49962,36824.4
49963,4048.8
49964,22140.0
49965,3015.0
49966,3862.0
49967,62444.8
49968,3000.0
49969,5161.2
49970,2407.2
49971,5764.0
49972,3859.8
49973,3379.0
49974,12022.6
49975,46076.2
49976,42598.6
49977,3751.6
49978,12660.8
49979,12308.0
49980,20517.0
49981,52772.0
49982,39399.4
49983,57501.6
49984,46267.2
49985,9760.2
49986,4485.0
49987,55983.0
49988,68508.2
49989,3055.6
49990,3083.6
49991,50634.2
49992,6172.0
49993,72169.6
49994,7953.6
49995,3238.6
49996,8799.2
49997,8112.0
49998,6624.0
49999,43729.0
50000,5624.0
50001,4051.0
50002,7035.2
50003,59254.0
50004,4420.6
50005,47969.4
50006,40515.8
50007,3392.2
50008,1977.0
50009,41063.6
50010,6012.8
50011,10566.2
50012,59491.4
50013,63091.8
50014,6224.0
50015,4872.6
50016,8232.4
50017,4845.6
50018,11006.6
50019,26074.8
50020,3334.0
50021,19299.8
50022,46395.2
50023,2124.0
50024,63720.2
50025,5823.2
50026,8988.0
50027,4145.0
50028,18063.2
50029,65167.0
50030,3946.8
50031,5816.0
50032,3281.0
50033,10690.8
50034,6500.0
50035,4363.0
50036,7739.4
50037,56355.4
50038,1641.0
50039,60260.0
50040,53029.8
50041,4989.4
50042,5127.6
50043,68706.2
50044,14680.2
50045,10563.0
50046,6452.4
50047,6314.0
50048,5766.0
50049,52992.0
50050,14954.0
50051,5177.0
50052,2276.0
50053,4107.0
50054,6633.0
50055,5527.8
50056,7412.0
50057,51897.4
50058,56523.0
50059,7113.0
50060,6757.2
50061,7670.2
50062,6473.0
50063,3408.2
50064,3150.4
50065,42555.8
50066,14406.0
50067,10163.8
50068,46201.2
50069,6070.0
50070,14968.4
50071,4747.6
50072,53429.8
50073,26863.6
50074,57327.4
50075,8148.0
50076,23898.0
50077,6386.2
50078,1443.0
50079,4452.0
50080,6264.4
50081,54684.0
50082,5306.8
50083,3389.8
50084,4256.4
50085,10503.4
50086,12631.0
50087,5406.2
50088,7489.0
50089,6963.8
50090,5299.6
50091,60611.4
50092,6021.8
50093,9463.0
50094,3916.0
50095,54608.0
50096,3393.0
50097,4239.0
50098,39499.0
50099,11018.6
50100,3948.6
50101,6591.0
50102,53645.0
50103,49212.4
50104,5841.2
50105,5925.8
50106,51595.0
50107,5298.0
50108,52537.0
50109,6436.0
50110,4556.0
50111,6724.0
50112,5721.0
50113,50271.0
50114,3393.0
50115,6568.0
50116,13787.2
50117,2124.0
50118,4913.2
50119,9310.4
50120,4175.6
50121,10450.4
50122,2878.4
50123,4262.0
50124,5545.6
50125,53429.4
50126,51817.0
50127,9669.6
50128,51505.4
50129,47047.0
50130,54805.0
50131,5555.6
50132,52038.0
50133,4502.0
50134,6121.0
50135,63450.4
50136,70243.4
50137,4382.8
50138,5704.6
50139,68809.8
50140,2477.0
50141,67765.4
50142,58438.6
50143,9387.0
50144,58987.0
50145,9821.4
50146,2496.8
50147,52869.4
50148,6156.8
50149,2901.0
50150,54582.4
50151,11094.6
50152,6264.0
50153,5266.0
50154,8037.2
50155,60260.0
50156,49146.8
50157,67006.2
50158,16704.8
50159,7424.0
50160,65183.0
50161,5126.4
50162,58684.8
50163,47586.0
50164,58021.8
50165,6280.2
50166,59182.2
50167,5355.4
50168,5130.2
50169,5749.6
50170,2291.4
50171,6008.2
50172,44066.8
50173,4355.8
50174,5672.2
50175,77333.8
50176,2836.0
50177,4385.0
50178,6252.2
50179,6593.0
50180,3128.8
50181,7412.0
50182,10997.6
50183,35351.2
50184,61117.0
50185,45693.0
50186,5129.6
50187,56192.6
50188,11985.8
50189,8059.6
50190,10795.4
50191,4130.0
50192,49213.8
50193,52063.0
50194,1604.0
50195,51641.0
50196,57632.8
50197,5949.0
50198,8198.6
50199,9568.2
50200,6067.8
50201,4023.2
50202,43993.6
50203,7006.0
50204,4165.0
50205,1776.0
50206,54684.0
50207,55983.0
50208,6819.2
50209,9137.2
50210,5812.4
50211,60215.4
50212,4656.0
50213,9201.0
50214,6787.6
50215,5996.2
50216,76070.6
50217,24234.0
50218,10164.8
50219,55983.0
50220,4808.8
50221,13272.0
50222,7120.2
50223,6776.0
50224,21902.4
50225,2678.0
50226,5181.4
50227,6817.8
50228,6121.0
50229,22832.0
50230,47449.0
50231,8529.6
50232,2074.0
50233,13853.4
50234,10519.4
50235,52287.0
50236,6850.0
50237,56476.0
50238,36955.2
50239,55803.8
50240,64544.6
50241,4501.0
50242,10456.6
50243,5270.4
50244,4663.8
50245,3917.2
50246,52118.4
50247,3738.0
50248,2779.0
50249,6338.0
50250,3015.0
50251,2476.0
50252,4560.4
50253,5008.0
50254,3668.8
50255,5356.6
50256,38837.8
50257,54787.4
50258,2726.4
50259,3014.0
50260,5481.8
50261,16729.6
50262,20426.8
50263,1776.0
50264,5322.0
50265,3090.0
50266,5117.0
50267,10846.0
50268,66108.0
50269,5769.4
50270,11744.4
50271,4416.2
50272,6090.0
50273,61161.0
50274,49613.0
50275,5573.0
50276,4001.0
50277,5090.0
50278,2074.0
50279,8059.4
50280,46148.8
50281,6513.0
50282,11460.2
50283,52637.0
50284,4724.4
50285,6127.4
50286,55502.0
50287,7088.4
50288,44209.8
50289,56333.0
50290,54608.0
50291,6461.0
50292,6511.6
50293,2339.0
50294,13744.4
50295,5102.0
50296,6437.0
50297,4265.4
50298,63426.8
50299,45883.0
50300,41532.6
50301,61003.0
50302,6294.6
50303,8676.4
50304,59308.8
50305,11604.0
50306,11414.6
50307,47657.0
50308,80511.2
50309,6119.0
50310,7424.0
50311,6906.6
50312,8117.8
50313,55983.0
50314,6570.8
50315,9973.0
50316,7575.0
50317,47503.2
50318,4612.0
50319,3014.0
50320,3813.4
50321,6630.4
50322,49613.0
50323,2426.0
50324,6212.8
50325,3894.0
50326,7231.6
50327,68123.8
50328,4913.4
50329,8401.2
50330,6513.4
50331,50509.0
50332,7373.4
50333,51273.0
50334,5252.0
50335,2336.0
50336,65844.8
50337,68303.0
50338,59517.6
50339,57902.8
50340,11448.0
50341,6446.0
50342,13227.4
50343,5591.0
50344,4215.0
50345,68303.0
50346,8895.8
50347,4111.0
50348,20606.0
50349,66063.0
50350,13314.8
50351,2968.0
50352,2410.0
50353,5379.8
50354,6081.0
50355,7198.4
50356,11035.8
50357,6324.6
50358,6598.4
50359,5152.4
50360,5368.0
50361,4313.6
50362,45426.2
50363,4016.6
50364,46710.4
50365,1998.0
50366,52537.0
50367,7638.8
50368,5587.2
50369,6226.6
50370,2410.0
50371,13133.0
50372,9248.0
50373,5892.0
50374,22844.0
50375,3999.0
50376,47337.2
50377,46584.4
50378,1105.0
50379,5888.6
50380,6435.0
50381,49146.8
50382,49171.2
50383,5400.2
50384,6407.6
50385,6082.0
50386,3150.4
50387,55136.4
50388,4591.8
50389,38263.8
50390,4363.0
50391,28510.0
50392,4500.0
50393,51707.0
50394,6450.0
50395,8603.4
50396,67698.6
50397,4723.0
50398,3516.4
50399,53813.6
50400,55272.0
50401,70001.0
50402,2337.6
50403,13983.6
50404,5122.0
50405,54608.0
50406,10201.0
50407,4500.0
50408,66301.0
50409,4538.2
50410,2464.0
50411,14364.0
50412,7446.0
50413,10294.4
50414,58671.0
50415,4643.6
50416,5808.6
50417,6067.0
50418,46614.8
50419,4161.4
50420,1714.0
50421,6767.2
50422,50160.4
50423,10889.8
50424,4515.8
50425,49853.8
50426,2228.0
50427,53195.4
50428,5817.0
50429,9252.4
50430,50476.2
50431,6199.8
50432,11325.8
50433,5326.2
50434,10578.6
50435,5928.0
50436,4453.2
50437,39499.0
50438,13306.6
50439,7179.4
50440,49476.4
50441,4746.0
50442,12245.2
50443,4513.4
50444,10497.6
50445,4447.0
50446,3900.4
50447,7247.8
50448,3090.0
50449,3111.8
50450,3563.0
50451,5813.2
50452,4505.8
50453,6239.4
50454,10018.0
50455,5650.6
50456,53943.4
50457,8000.4
50458,13363.4
50459,6495.6
50460,8690.2
50461,80645.6
50462,59469.0
50463,6032.0
50464,34410.4
50465,3607.8
50466,2336.0
50467,9060.6
50468,2480.6
50469,59441.8
50470,6613.8
50471,38099.0
50472,16826.2
50473,45426.2
50474,4715.4
50475,5954.0
50476,8014.6
50477,13531.6
50478,66987.4
50479,42555.8
50480,59510.4
50481,51595.0
50482,5588.0
50483,7199.0
50484,4265.4
50485,6131.0
50486,4739.6
50487,6398.0
50488,3921.8
50489,57501.6
50490,55377.0
50491,8697.8
50492,60978.0
50493,6755.2
50494,6134.0
50495,3557.0
50496,4149.0
50497,6201.8
50498,5258.6
50499,3980.6
50500,5291.0
50501,7172.6
50502,50353.0
50503,11850.8
50504,41705.6
50505,7102.4
50506,6450.0
50507,42555.8
50508,55087.0
50509,6453.4
50510,9319.2
50511,49613.0
50512,6174.4
50513,4436.2
50514,50271.0
50515,11108.6
50516,10979.4
50517,4529.6
50518,5579.6
50519,14097.4
50520,4124.0
50521,1543.0
50522,7598.6
50523,1714.0
50524,48569.0
50525,3512.0
50526,22140.0
50527,47586.0
50528,49207.0
50529,5246.4
50530,6067.0
50531,1714.0
50532,55184.6
50533,2812.0
50534,8703.0
50535,6015.0
50536,6199.0
50537,8370.0
50538,4499.0
50539,41408.0
50540,5943.0
50541,2758.0
50542,4120.6
50543,32923.0
50544,47449.0
50545,4499.0
50546,6694.8
50547,13844.6
50548,42409.4
50549,45257.0
50550,6270.8
50551,5957.0
50552,10275.0
50553,13038.8
50554,5801.0
50555,4961.2
50556,7160.4
50557,7007.4
50558,55377.0
50559,34978.6
50560,60254.4
50561,11423.4
50562,4400.0
50563,10549.8
50564,5075.6
50565,5633.0
50566,5732.6
50567,4106.2
50568,5824.0
50569,39499.0
50570,11828.8
50571,1776.0
50572,54181.2
50573,4615.0
50574,7877.0
50575,8100.0
50576,3117.0
50577,1714.0
50578,6985.0
50579,23424.0
50580,6854.0
50581,66928.0
50582,6201.6
50583,4500.0
50584,9277.0
50585,6794.4
50586,11998.4
50587,2388.6
50588,4106.0
50589,56128.0
50590,4289.2
50591,7412.0
50592,6565.8
50593,49553.0
50594,5942.0
50595,6582.0
50596,4576.0
50597,4199.4
50598,8719.0
50599,4016.6
50600,49613.0
50601,49725.0
50602,47586.0
50603,66457.8
50604,4065.2
50605,65561.8
50606,5001.6
50607,4783.8
50608,5882.8
50609,5948.2
50610,55377.0
50611,44173.2
50612,5878.8
50613,3654.2
50614,6049.4
50615,53813.6
50616,5454.8
50617,9303.0
50618,6510.0
50619,5080.4
50620,6012.0
50621,55763.4
50622,54787.4
50623,5876.0
50624,6102.0
50625,6219.0
50626,2410.0
50627,2214.8
50628,12150.0
50629,17767.8
50630,4499.0
50631,2124.0
50632,9649.8
50633,6047.8
50634,49725.0
50635,3531.0
50636,2995.8
50637,6154.0
50638,5169.2
50639,44280.0
50640,57036.8
50641,6542.8
50642,6333.4
50643,70557.0
50644,4250.0
50645,53891.2
50646,10830.0
50647,47381.8
50648,4453.0
50649,2901.0
50650,58277.0
50651,52287.0
50652,4748.0
50653,5177.0
50654,6588.6
50655,47367.2
50656,5292.0
50657,45641.6
50658,59312.0
50659,3930.4
50660,32625.8
50661,47471.2
50662,7344.6
50663,4500.0
50664,44136.8
50665,8111.0
50666,7978.0
50667,4457.6
50668,4000.0
50669,48721.0
50670,5843.0
50671,4883.2
50672,5252.0
50673,43376.0
50674,14771.8
50675,5512.8
50676,65327.4
50677,4099.0
50678,9548.0
50679,11514.4
50680,8006.6
50681,5949.0
50682,4203.0
50683,6794.2
50684,4415.4
50685,54553.0
50686,6878.4
50687,5584.4
50688,62673.6
50689,6336.4
50690,8229.0
50691,5464.0
50692,51174.4
50693,4542.6
50694,2250.0
50695,79468.8
50696,9799.8
50697,49725.0
50698,3835.2
50699,9533.4
50700,4651.6
50701,4524.4
50702,6311.6
50703,11245.4
50704,50038.2
50705,38630.0
50706,3900.8
50707,6776.6
50708,47175.4
50709,41819.6
50710,2723.0
50711,6151.6
50712,4672.0
50713,3915.6
50714,8192.6
50715,32859.0
50716,15246.0
50717,64419.4
50718,6590.0
50719,4727.0
50720,68015.4
50721,5953.0
50722,9679.8
50723,64316.0
50724,7814.4
50725,63702.4
50726,5267.6
50727,4417.0
50728,41650.0
50729,60821.4
50730,6082.0
50731,3288.6
50732,5216.0
50733,11565.0
50734,51595.0
50735,5911.2
50736,13052.8
50737,7420.2
50738,68093.2
50739,2339.0
50740,57755.0
50741,51595.0
50742,5045.8
50743,4123.6
50744,49613.0
50745,7744.6
50746,3653.2
50747,71778.6
50748,6200.0
50749,63389.0
50750,41101.0
50751,49725.0
50752,2410.0
50753,4162.0
50754,5013.0
50755,55377.0
50756,23898.0
50757,9654.2
50758,3710.8
50759,5644.4
50760,3330.0
50761,43072.2
50762,4501.0
50763,4665.0
50764,4500.0
50765,5426.0
50766,54183.4
50767,1830.0
50768,69533.8
50769,2967.0
50770,5838.8
50771,6551.8
50772,58412.8
50773,3393.0
50774,4686.2
50775,2522.0
50776,5512.2
50777,6003.8
50778,2860.0
50779,63783.0
50780,54560.0
50781,4092.8
50782,3981.8
50783,6306.8
50784,6218.4
50785,3096.0
50786,32923.0
50787,74552.8
50788,10596.0
50789,4317.2
50790,2422.0
50791,7949.6
50792,6182.6
50793,9355.4
50794,1839.8
50795,4094.0
50796,5698.6
50797,4111.0
50798,3203.4
50799,5859.4
50800,14931.4
50801,5991.0
50802,10119.6
50803,5256.2
50804,54608.0
50805,2646.4
50806,24318.0
50807,43289.6
50808,77277.0
50809,4499.0
50810,5322.0
50811,4500.0
50812,31436.0
50813,66413.0
50814,3655.4
50815,5371.2
50816,22152.0
50817,2856.2
50818,9116.6
50819,5366.0
50820,12316.2
50821,5054.8
50822,14990.8
50823,7968.8
50824,12467.6
50825,2836.0
50826,55598.2
50827,46435.6
50828,11405.8
50829,51345.0
50830,4219.2
50831,5817.0
50832,61357.8
50833,6207.8
50834,4979.0
50835,13237.6
50836,54507.0
50837,64567.0
50838,44144.0
50839,52948.4
50840,3379.0
50841,80504.8
50842,45185.0
50843,3360.0
50844,2388.4
50845,5948.0
50846,7270.2
50847,6682.8
50848,5628.0
50849,54684.0
50850,11186.2
50851,3058.2
50852,12343.0
50853,8477.2
50854,5716.0
50855,8863.2
50856,6682.8
50857,5821.8
50858,27864.0
50859,4496.0
50860,55856.6
50861,3392.2
50862,5955.0
50863,4624.8
50864,10854.0
50865,54882.8
50866,10680.0
50867,5876.6
50868,2418.2
50869,2407.2
50870,49875.8
50871,9363.4
50872,47385.0
50873,38340.8
50874,3999.0
50875,7412.0
50876,31672.0
50877,15043.4
50878,5177.0
50879,3748.8
50880,6258.8
50881,5942.0
50882,2712.0
50883,8213.2
50884,7985.2
50885,6342.4
50886,6907.2
50887,4408.0
50888,4354.0
50889,2490.4
50890,46575.4
50891,54841.0
50892,5259.8
50893,4681.0
50894,9428.6
50895,11104.6
50896,60631.0
50897,6052.6
50898,4575.6
50899,3932.8
50900,3393.0
50901,6456.6
50902,6626.0
50903,4492.2
50904,51439.4
50905,8062.4
50906,2835.6
50907,6896.2
50908,7425.0
50909,69244.0
50910,56737.0
50911,7374.2
50912,9420.4
50913,6587.0
50914,11981.2
50915,5277.2
50916,5352.0
50917,6578.0
50918,3907.8
50919,5461.0
50920,54034.2
50921,8984.8
50922,7522.0
50923,4403.2
50924,12244.6
50925,63533.4
50926,6167.6
50927,7753.0
50928,3573.2
50929,35520.0
50930,15378.0
50931,6639.0
50932,2871.8
50933,59390.4
50934,12138.0
50935,4384.0
50936,1654.0
50937,62085.6
50938,5942.0
50939,55143.6
50940,15624.0
50941,4538.2
50942,6351.0
50943,7700.2
50944,2150.0
50945,2972.6
50946,7679.4
50947,6071.2
50948,5948.0
50949,6966.0
50950,6531.4
50951,4662.2
50952,42691.0
50953,4644.0
50954,7964.6
50955,55983.0
50956,4695.6
50957,4612.0
50958,4567.6
50959,9125.6
50960,55598.2
50961,4994.2
50962,10018.0
50963,5407.4
50964,60555.0
50965,4501.0
50966,9201.0
50967,3779.0
50968,4428.2
50969,3316.6
50970,4158.2
50971,5375.0
50972,50943.4
50973,3063.4
50974,6578.2
50975,3302.0
50976,48697.6
50977,59257.0
50978,54081.4
50979,3153.0
50980,4142.8
50981,49613.0
50982,57249.2
50983,5102.8
50984,51853.0
50985,57903.0
50986,12180.4
50987,6450.0
50988,5730.8
50989,12243.0
50990,53197.0
50991,79662.2
50992,56822.4
50993,49725.0
50994,6277.2
50995,11783.0
50996,11520.0
50997,6776.0
50998,56476.0
50999,7110.2
51000,10134.0
51001,24056.0
51002,7615.8
51003,10333.6
51004,6639.0
51005,4383.0
51006,5950.0
51007,4588.2
51008,6783.2
51009,3597.6
51010,28510.0
51011,6172.0
51012,6198.2
51013,45257.0
51014,6374.2
51015,54608.0
51016,3824.0
51017,7234.2
51018,5887.2
51019,1443.0
51020,50020.2
51021,4131.0
51022,6947.4
51023,6026.2
51024,4310.6
51025,20760.0
51026,5868.8
51027,4896.0
51028,3516.0
51029,9558.6
51030,12906.0
51031,5292.0
51032,15780.4
51033,6183.8
51034,51595.0
51035,4427.0
51036,5385.4
51037,6395.0
51038,6155.2
51039,4755.0
51040,9077.0
51041,66876.6
51042,7184.8
51043,53305.8
51044,2281.0
51045,5888.0
51046,9879.0
51047,7133.6
51048,4913.6
51049,54992.2
51050,3861.6
51051,3153.0
51052,55087.0
51053,3072.0
51054,8127.0
51055,55029.4
51056,2480.0
51057,1543.0
51058,5482.8
51059,16989.0
51060,4052.2
51061,45257.0
51062,43289.6
51063,39199.4
51064,5997.0
51065,49859.2
51066,7412.0
51067,4051.8
51068,6268.6
51069,50590.4
51070,3421.0
51071,13790.6
51072,6199.2
51073,3502.6
51074,5954.0
51075,60978.0
51076,7255.8
51077,4452.0
51078,40843.0
51079,46440.0
51080,74194.6
51081,9713.0
51082,6067.0
51083,5487.6
51084,3911.0
51085,3995.8
51086,3379.0
51087,54025.2
51088,64912.0
51089,6224.0
51090,3780.2
51091,43392.6
51092,4969.0
51093,4928.8
51094,13688.0
51095,4485.0
51096,4344.8
51097,6444.0
51098,52313.0
51099,11932.6
51100,22502.4
51101,5892.6
51102,34472.0
51103,6057.6
51104,6054.6
51105,3114.8
51106,9418.6
51107,9670.8
51108,46915.6
51109,46848.4
51110,67403.6
51111,55892.6
51112,8869.8
51113,4122.4
51114,2995.8
51115,3734.8
51116,3896.0
51117,3838.0
51118,10556.4
51119,6597.8
51120,5559.4
51121,54684.0
51122,74919.0
51123,3646.0
51124,14930.6
51125,5550.0
51126,6091.6
51127,53555.2
51128,4924.0
51129,37257.2
51130,6321.6
51131,15689.4
51132,5507.0
51133,4979.0
51134,49913.8
51135,2091.4
51136,6437.0
51137,52274.8
51138,7113.2
51139,8762.8
51140,53064.0
51141,5949.0
51142,8621.4
51143,4835.2
51144,54325.8
51145,3949.8
51146,6452.0
51147,6450.0
51148,66760.0
51149,8025.2
51150,54582.4
51151,51417.0
51152,56078.0
51153,11568.8
51154,53164.0
51155,7001.8
51156,4325.6
51157,9730.6
51158,3862.0
51159,46181.8
51160,5309.6
51161,54654.4
51162,5235.8
51163,5264.0
51164,6892.2
51165,15352.2
51166,49553.0
51167,5948.0
51168,35554.0
51169,4640.2
51170,10355.4
51171,41064.0
51172,51091.0
51173,3217.2
51174,3150.0
51175,22269.0
51176,5464.0
51177,54989.0
51178,59390.4
51179,39241.8
51180,12148.8
51181,16463.6
51182,5713.2
51183,7176.2
51184,5874.2
51185,62747.4
51186,54575.4
51187,39344.0
51188,56121.0
51189,5806.0
51190,6091.0
51191,2700.0
51192,10092.0
51193,49377.0
51194,5910.4
51195,2022.0
51196,2050.0
51197,5258.0
51198,7109.2
51199,71170.2
51200,50715.0
51201,5886.0
51202,55199.0
51203,6171.8
51204,68995.8
51205,47367.2
51206,5887.8
51207,54684.0
51208,3188.8
51209,63635.4
51210,6177.0
51211,66054.4
51212,3000.0
51213,13420.0
51214,68840.6
51215,5746.8
51216,7953.8
51217,5513.4
51218,46947.0
51219,5398.4
51220,10098.8
51221,4501.0
51222,10129.0
51223,54673.8
51224,57501.6
51225,2641.6
51226,44280.0
51227,4562.8
51228,17460.6
51229,6928.6
51230,52063.0
51231,6674.0
51232,5575.0
51233,12984.4
51234,5949.0
51235,2056.0
51236,5410.6
51237,47449.0
51238,5326.2
51239,4145.0
51240,39499.0
51241,6488.0
51242,8821.6
51243,5051.6
51244,2074.0
51245,6502.0
51246,6901.2
51247,7074.0
51248,5514.0
51249,55449.0
51250,54992.2
51251,4351.6
51252,4827.0
51253,22140.0
51254,44297.2
51255,5872.8
51256,11211.8
51257,4646.4
51258,2201.0
51259,67576.0
51260,23838.0
51261,3059.8
51262,56976.0
51263,6301.8
51264,43654.0
51265,60978.0
51266,58017.0
51267,56523.0
51268,8902.4
51269,6693.8
51270,12816.6
51271,54608.0
51272,4522.0
51273,4443.2
51274,4676.6
51275,7078.4
51276,66760.0
51277,4715.0
51278,7223.2
51279,2476.0
51280,15330.2
51281,5651.4
51282,4979.0
51283,4791.4
51284,5632.0
51285,17604.0
51286,5800.4
51287,5910.0
51288,23898.0
51289,7279.2
51290,4134.8
51291,4001.0
51292,62645.0
51293,38099.0
51294,46073.4
51295,6587.0
51296,42595.2
51297,7730.8
51298,16812.0
51299,7877.0
51300,12344.0
51301,50419.4
51302,41063.6
51303,4656.0
51304,67452.0
51305,10153.6
51306,3407.0
51307,6666.8
51308,61597.0
51309,3790.6
51310,12439.0
51311,8390.4
51312,10576.0
51313,13293.4
51314,46022.2
51315,4896.2
51316,4797.0
51317,5102.0
51318,5080.4
51319,5642.8
51320,1548.2
51321,8094.0
51322,63097.8
51323,9212.0
51324,3800.6
51325,3704.8
51326,63971.0
51327,22140.0
51328,50757.0
51329,60812.8
51330,13230.0
51331,37929.0
51332,22140.0
51333,7707.0
51334,8622.0
51335,57501.6
51336,2339.0
51337,38099.0
51338,9312.0
51339,3862.0
51340,15376.0
51341,2497.8
51342,11488.0
51343,9927.6
51344,3998.0
51345,65113.8
51346,7736.8
51347,7495.8
51348,40542.4
51349,5456.4
51350,6293.6
51351,8154.0
51352,7909.0
51353,4798.6
51354,6489.6
51355,12098.6
51356,63599.0
51357,3390.0
51358,9597.8
51359,21902.4
51360,14684.2
51361,10533.0
51362,3862.0
51363,4203.8
51364,56590.0
51365,7143.6
51366,10236.0
51367,4755.0
51368,12914.8
51369,1443.0
51370,15929.2
51371,56300.2
51372,3979.0
51373,4648.6
51374,55377.0
51375,54956.0
51376,68124.0
51377,22152.0
51378,8957.8
51379,4453.0
51380,11807.4
51381,11655.0
51382,6736.2
51383,44351.2
51384,20684.0
51385,41354.6
51386,5943.0
51387,5860.0
51388,5456.6
51389,3409.8
51390,38446.6
51391,3020.0
51392,4271.4
51393,54631.4
51394,5793.2
51395,6418.8
51396,2760.2
51397,4773.0
51398,4474.8
51399,13347.4
51400,4303.0
51401,4589.0
51402,6558.0
51403,85257.6
51404,62739.4
51405,5441.0
51406,5727.6
51407,11608.2
51408,5886.0
51409,8175.0
51410,66292.8
51411,5245.6
51412,6204.4
51413,11936.0
51414,5678.6
51415,2864.2
51416,6247.6
51417,6774.8
51418,58021.8
51419,3326.2
51420,4827.0
51421,2875.8
51422,58671.4
51423,37985.0
51424,22152.0
51425,58137.0
51426,62129.8
51427,4009.2
51428,8411.2
51429,10089.4
51430,7412.0
51431,5281.2
51432,5004.6
51433,47114.0
51434,8191.4
51435,7238.6
51436,65660.0
51437,4206.6
51438,1891.4
51439,12387.2
51440,12341.8
51441,6278.8
51442,11686.2
51443,5840.2
51444,6469.6
51445,11604.0
51446,6415.2
51447,12881.6
51448,1543.0
51449,52096.0
51450,57148.0
51451,5364.6
51452,53209.0
51453,52063.0
51454,53197.0
51455,12135.0
51456,6112.4
51457,1105.0
51458,46948.4
51459,49613.0
51460,4248.0
51461,5825.0
51462,27792.0
51463,53612.2
51464,55967.0
51465,56058.0
51466,1776.0
51467,2522.0
51468,12350.8
51469,4749.4
51470,43392.6
51471,5311.0
51472,4645.4
51473,2727.0
51474,5566.0
51475,2444.0
51476,2124.0
51477,49725.0
51478,57031.6
51479,58147.4
51480,17220.6
51481,4499.0
51482,4365.4
51483,65884.0
51484,11853.2
51485,4207.8
51486,11330.6
51487,9895.8
51488,3334.0
51489,41776.0
51490,45883.0
51491,5622.4
51492,13287.8
51493,51707.0
51494,6053.0
51495,1527.0
51496,6578.0
51497,5167.0
51498,71375.4
51499,44305.0
51500,12658.4
51501,5102.0
51502,4359.0
51503,44468.4
51504,6082.2
51505,6450.0
51506,24234.0
51507,58917.8
51508,4156.6
51509,66066.6
51510,7685.4
51511,10069.0
51512,7133.6
51513,53003.8
51514,4942.0
51515,5952.4
51516,3381.0
51517,3041.0
51518,3724.2
51519,7492.6
51520,32923.0
51521,24122.0
51522,4618.0
51523,1830.0
51524,11164.6
51525,3642.0
51526,4941.4
51527,79073.0
51528,5886.0
51529,6158.8
51530,5507.0
51531,4165.0
51532,8753.8
51533,1890.0
51534,53943.4
51535,4496.0
51536,5038.0
51537,6171.4
51538,7959.0
51539,44685.0
51540,56128.0
51541,53164.0
51542,32859.0
51543,10723.2
51544,5755.4
51545,6496.0
51546,4672.0
51547,54684.0
51548,52600.6
51549,5127.6
51550,6591.4
51551,63680.2
51552,5221.2
51553,13844.4
51554,32859.0
51555,7344.6
51556,57229.0
51557,2477.0
51558,2877.6
51559,11172.0
51560,6801.0
51561,49057.2
51562,3655.6
51563,4094.0
51564,7407.6
51565,10239.2
51566,31622.0
51567,9328.4
51568,57393.0
51569,5925.4
51570,5608.2
51571,5943.0
51572,55647.0
51573,4778.8
51574,5857.6
51575,68625.4
51576,73173.0
51577,4549.6
51578,5465.8
51579,48864.8
51580,39467.2
51581,7165.2
51582,13911.8
51583,3334.0
51584,6659.6
51585,10500.0
51586,72348.8
51587,49146.8
51588,2846.2
51589,6599.4
51590,11405.4
51591,4927.0
51592,48599.2
51593,5502.0
51594,47102.0
51595,59712.0
51596,5322.0
51597,3689.8
51598,8117.4
51599,5850.8
51600,6039.0
51601,13776.0
51602,30302.0
51603,1830.0
51604,22140.0
51605,9586.4
51606,68933.8
51607,5749.8
51608,38099.0
51609,4387.6
51610,52114.8
51611,53026.6
51612,52440.0
51613,14377.0
51614,57673.6
51615,4115.6
51616,45322.2
51617,55813.2
51618,6691.0
51619,68272.0
51620,53449.4
51621,6441.0
51622,2695.8
51623,5933.0
51624,3450.0
51625,4179.0
51626,5292.0
51627,65820.2
51628,13232.4
51629,13490.4
51630,50477.4
51631,7429.8
51632,61218.0
51633,32859.0
51634,4152.0
51635,47367.2
51636,9724.6
51637,4500.0
51638,11950.0
51639,2250.0
51640,5912.0
51641,16476.4
51642,47164.6
51643,62524.0
51644,27792.0
51645,74338.8
51646,3573.2
51647,3153.0
51648,70834.4
51649,6578.0
51650,5253.6
51651,4896.0
51652,50083.0
51653,6578.8
51654,56086.2
51655,44280.0
51656,52839.4
51657,5119.6
51658,3282.0
51659,8928.4
51660,4221.8
51661,56523.0
51662,4813.4
51663,15310.2
51664,4279.8
51665,54898.4
51666,17604.0
51667,5981.8
51668,22152.0
51669,3096.0
51670,3393.0
51671,51853.0
51672,2900.0
51673,8341.6
51674,12793.6
51675,2654.2
51676,2409.0
51677,4665.6
51678,55967.0
51679,3124.8
51680,7305.8
51681,57779.4
51682,48361.4
51683,4509.2
51684,7172.6
51685,4500.0
51686,6470.8
51687,2344.6
51688,4165.0
51689,10935.4
51690,57005.0
51691,37640.8
51692,6741.6
51693,7344.6
51694,2228.0
51695,65212.0
51696,5640.0
51697,5469.0
51698,3015.2
51699,3372.8
51700,8134.8
51701,6489.0
51702,5526.0
51703,9072.0
51704,10155.4
51705,12957.0
51706,1755.0
51707,69414.4
51708,41064.0
51709,56815.4
51710,2167.4
51711,5756.0
51712,50271.0
51713,5634.0
51714,6818.6
51715,23898.0
51716,9736.6
51717,8423.6
51718,41922.2
51719,41922.2
51720,9082.8
51721,51273.4
51722,13140.8
51723,10677.4
51724,3424.6
51725,4759.2
51726,12277.0
51727,71909.6
51728,6965.2
51729,45995.2
51730,4610.6
51731,5274.0
51732,6554.4
51733,4294.0
51734,6013.4
51735,47657.0
51736,3988.0
51737,1694.0
51738,5364.8
51739,55042.6
51740,3789.2
51741,47927.0
51742,4348.0
51743,13780.2
51744,6647.0
51745,7352.0
51746,4937.2
51747,3444.0
51748,42682.2
51749,53064.0
51750,12975.6
51751,4968.6
51752,2336.0
51753,56431.4
51754,48360.0
51755,4418.2
51756,45257.0
51757,5387.8
51758,5881.0
51759,12852.0
51760,18018.6
51761,45148.8
51762,5904.2
51763,3000.0
51764,5835.0
51765,13217.6
51766,58733.0
51767,65579.4
51768,13851.0
51769,7053.0
51770,6405.8
51771,7950.0
51772,13292.2
51773,16359.0
51774,5862.6
51775,55232.0
51776,5762.2
51777,4304.6
51778,3224.6
51779,4395.4
51780,7100.8
51781,60396.0
51782,11085.8
51783,6774.6
51784,4673.2
51785,51707.0
51786,3565.4
51787,9136.0
51788,11731.4
51789,59264.0
51790,3788.0
51791,80743.0
51792,2617.4
51793,4262.0
51794,4792.0
51795,54406.2
51796,42131.2
51797,4613.0
51798,3885.0
51799,56921.4
51800,36700.0
51801,4564.4
51802,10738.0
51803,5178.0
51804,3342.2
51805,6172.0
51806,47107.2
51807,4318.4
51808,5329.6
51809,15253.4
51810,15266.0
51811,4785.4
51812,50353.0
51813,5749.0
51814,7320.2
51815,4986.0
51816,5330.0
51817,44280.0
51818,4645.6
51819,30288.4
51820,3171.8
51821,12912.0
51822,3285.6
51823,13495.0
51824,4637.0
51825,3731.6
51826,60062.4
51827,4380.0
51828,4927.4
51829,8980.8
51830,3947.2
51831,5952.4
51832,6128.0
51833,8234.6
51834,6585.0
51835,48337.0
51836,4009.0
51837,54541.0
51838,4004.4
51839,66928.0
51840,3090.0
51841,68074.8
51842,3999.0
51843,46786.2
51844,4406.0
51845,5829.0
51846,44632.8
51847,6624.0
51848,5619.4
51849,10871.4
51850,1714.0
51851,2235.4
51852,4957.2
51853,6231.0
51854,5357.2
51855,10034.4
51856,51741.6
51857,50658.4
51858,4496.0
51859,6435.8
51860,9904.4
51861,55661.0
51862,20525.0
51863,7417.2
51864,67465.8
51865,36050.4
51866,4354.6
51867,55377.0
51868,1443.0
51869,52175.0
51870,4885.6
51871,12257.4
51872,48643.8
51873,3550.0
51874,59517.6
51875,12642.2
51876,54608.0
51877,7075.8
51878,39499.0
51879,12787.0
51880,48269.0
51881,41101.0
51882,1788.0
51883,7378.4
51884,3762.2
51885,4006.0
51886,8901.0
51887,4776.4
51888,1776.0
51889,51707.0
51890,6132.0
51891,4773.4
51892,5499.2
51893,10124.0
51894,9411.0
51895,4007.0
51896,5391.0
51897,14275.8
51898,48979.8
51899,5329.6
51900,51707.0
51901,3096.0
51902,3146.6
51903,3578.4
51904,4099.0
51905,59441.8
51906,2723.0
51907,50419.4
51908,44280.0
51909,3573.2
51910,3116.8
51911,7518.2
51912,51929.4
51913,6409.4
51914,15960.2
51915,64061.0
51916,1443.0
51917,5950.0
51918,9503.6
51919,4979.0
51920,8958.0
51921,53433.0
51922,6262.0
51923,11323.0
51924,7425.0
51925,3153.0
51926,7192.2
51927,3334.0
51928,8785.0
51929,5322.0
51930,33576.0
51931,50726.4
51932,7576.8
51933,5377.6
51934,43729.0
51935,7828.4
51936,2167.4
51937,6495.6
51938,56196.2
51939,47225.0
51940,60978.0
51941,63271.8
51942,9670.2
51943,19186.6
51944,7412.0
51945,2201.0
51946,3702.0
51947,50590.4
51948,7590.0
51949,11450.2
51950,54908.0
51951,5764.4
51952,7353.0
51953,6450.0
51954,8831.0
51955,57878.6
51956,54684.0
51957,3828.8
51958,5126.4
51959,53209.0
51960,2223.2
51961,6724.6
51962,3399.2
51963,5381.8
51964,8797.6
51965,40295.6
51966,62725.4
51967,2056.0
51968,6017.6
51969,6447.8
51970,2250.0
51971,11157.8
51972,2658.6
51973,47574.0
51974,50271.0
51975,6734.6
51976,4792.0
51977,2637.0
51978,4173.0
51979,32646.0
51980,17461.6
51981,6658.4
51982,62192.8
51983,9085.6
51984,5613.2
51985,5934.0
51986,9363.0
51987,2829.8
51988,11060.4
51989,5821.8
51990,4532.4
51991,11520.0
51992,7782.6
51993,81845.4
51994,51921.0
51995,15324.2
51996,5687.0
51997,48798.0
51998,27792.0
51999,53813.6
52000,7958.0
52001,57711.4
52002,13054.0
52003,14572.6
52004,4787.2
52005,7496.0
52006,5102.0
52007,55087.0
52008,9751.8
52009,5955.0
52010,55377.0
52011,6985.0
52012,12007.0
52013,49207.0
52014,53743.0
52015,50271.0
52016,23838.0
52017,19325.4
52018,5076.0
52019,8982.2
52020,1600.8
52021,5179.6
52022,4313.0
52023,6756.0
52024,4111.0
52025,4417.0
52026,28081.8
52027,57784.4
52028,3942.0
52029,2124.0
52030,52725.2
52031,6256.0
52032,37985.0
52033,4781.2
52034,59517.6
52035,12549.2
52036,8818.4
52037,5928.8
52038,3153.0
52039,45915.8
52040,6007.6
52041,4517.2
52042,4721.0
52043,45033.0
52044,4338.0
52045,5291.2
52046,7412.0
52047,7649.8
52048,62251.6
52049,6787.0
52050,3999.0
52051,69683.4
52052,55296.6
52053,47742.6
52054,3657.2
52055,62746.4
52056,9128.8
52057,3379.0
52058,11467.6
52059,55761.4
52060,5441.0
52061,3859.8
52062,5315.6
52063,4730.2
52064,5921.8
52065,5481.4
52066,4165.0
52067,2075.8
52068,58125.0
52069,2124.0
52070,7514.6
52071,54684.0
52072,5352.6
52073,7101.6
52074,3091.0
52075,6863.0
52076,5852.4
52077,4755.0
52078,5259.0
52079,41789.6
52080,61135.0
52081,5292.0
52082,31112.0
52083,2203.0
52084,57501.6
52085,12019.2
52086,45883.0
52087,4656.0
52088,51096.6
52089,3685.0
52090,48697.6
52091,6731.6
52092,3599.6
52093,10722.0
52094,6172.0
52095,4763.0
52096,2201.0
52097,51595.0
52098,45257.0
52099,39499.0
52100,4363.0
52101,4032.2
52102,5796.6
52103,5823.0
52104,4971.0
52105,4412.0
52106,60857.8
52107,4499.0
52108,8663.0
52109,6488.0
52110,5630.2
52111,60983.2
52112,6004.2
52113,57776.4
52114,4485.0
52115,4831.8
52116,41269.0
52117,4417.0
52118,49553.0
52119,7033.8
52120,11467.6
52121,3090.0
52122,52084.0
52123,5292.0
52124,4466.4
52125,48002.6
52126,47983.0
52127,66914.2
52128,6249.0
52129,4008.6
52130,3644.4
52131,3393.0
52132,59402.0
52133,3063.4
52134,11961.0
52135,2575.8
52136,47503.2
52137,4050.4
52138,41387.4
52139,4305.0
52140,41314.0
52141,6719.6
52142,55087.0
52143,9375.8
52144,3219.0
52145,55088.4
52146,12390.0
52147,5436.2
52148,4202.8
52149,60721.0
52150,32859.0
52151,6829.6
52152,52175.0
52153,7012.2
52154,5760.0
52155,5954.0
52156,9793.6
52157,49613.0
52158,5730.8
52159,43879.4
52160,54608.0
52161,8723.8
52162,4030.6
52163,10230.4
52164,46829.8
52165,5584.0
52166,36883.4
52167,2150.0
52168,64271.0
52169,51249.0
52170,12520.4
52171,24536.8
52172,4963.2
52173,13810.6
52174,4547.0
52175,10680.0
52176,6921.0
52177,58631.0
52178,5889.4
52179,5182.6
52180,5177.0
52181,14145.0
52182,6613.8
52183,50590.4
52184,4882.4
52185,6488.0
52186,70431.2
52187,66840.0
52188,5868.4
52189,71599.4
52190,67567.4
52191,27864.0
52192,3096.0
52193,8034.8
52194,6320.4
52195,34794.4
52196,28510.0
52197,4431.4
52198,60978.0
52199,4633.4
52200,4179.8
52201,11710.6
52202,4407.4
52203,6517.0
52204,5953.4
52205,5218.2
52206,4401.2
52207,12512.2
52208,41213.8
52209,2410.0
52210,4499.0
52211,7793.4
52212,2726.4
52213,53667.0
52214,4589.0
52215,7733.6
52216,10102.2
52217,63644.0
52218,5949.0
52219,51658.4
52220,6702.6
52221,4173.0
52222,3096.0
52223,61374.4
52224,4339.0
52225,5735.0
52226,4509.0
52227,4965.4
52228,6140.0
52229,5510.8
52230,3100.2
52231,61874.0
52232,69235.4
52233,5643.0
52234,4725.2
52235,3393.0
52236,45693.0
52237,6045.8
52238,46145.0
52239,3334.0
52240,3613.6
52241,2727.0
52242,7167.2
52243,62770.0
52244,3475.0
52245,48225.8
52246,51853.0
52247,6112.4
52248,52448.4
52249,47284.2
52250,59544.6
52251,1604.0
52252,3126.6
52253,8265.8
52254,3570.0
52255,5864.4
52256,10947.8
52257,32646.0
52258,49146.8
52259,58348.8
52260,57005.0
52261,45185.0
52262,11532.0
52263,45461.8
52264,56413.8
52265,1714.0
52266,68093.0
52267,68154.4
52268,5177.0
52269,6866.4
52270,4827.0
52271,3568.4
52272,16723.0
52273,5312.8
52274,1714.0
52275,74090.2
52276,15531.4
52277,52063.0
52278,41064.0
52279,6062.4
52280,2265.8
52281,4560.4
52282,3149.6
52283,3435.2
52284,2339.0
52285,7335.8
52286,13391.6
52287,5146.8
52288,5459.4
52289,50291.2
52290,49198.2
52291,4663.8
52292,3740.6
52293,9819.4
52294,3260.4
52295,4248.0
52296,2105.0
52297,5364.6
52298,6424.8
52299,6325.0
52300,4902.6
52301,1105.0
52302,11066.6
52303,55553.8
52304,64316.0
52305,6638.8
52306,34322.2
52307,2056.0
52308,4130.0
52309,2361.0
52310,55982.0
52311,32859.0
52312,56590.0
52313,2359.0
52314,53236.2
52315,2200.0
52316,3406.0
52317,9943.6
52318,7109.0
52319,2723.0
52320,6829.6
52321,3113.6
52322,6586.6
52323,3150.0
52324,6088.0
52325,44146.4
52326,4499.0
52327,5607.0
52328,7958.0
52329,68075.0
52330,3947.8
52331,2839.6
52332,4103.6
52333,6174.4
52334,3557.4
52335,3607.8
52336,47707.6
52337,6328.6
52338,3264.8
52339,53049.0
52340,8715.2
52341,6032.0
52342,4084.0
52343,69638.6
52344,9996.0
52345,7744.4
52346,61560.6
52347,6277.8
52348,10796.2
52349,70009.0
52350,65212.0
52351,3556.2
52352,3754.4
52353,5612.4
52354,12034.6
52355,5102.0
52356,4341.0
52357,6177.8
52358,3074.2
52359,5405.6
52360,8192.6
52361,6955.8
52362,52063.0
52363,4954.2
52364,73395.8
52365,69311.4
52366,2749.0
52367,51979.4
52368,12399.0
52369,2339.6
52370,6931.0
52371,58147.4
52372,51762.8
52373,13022.0
52374,3281.2
52375,6395.0
52376,53209.0
52377,5061.8
52378,6317.0
52379,6242.0
52380,4694.0
52381,46769.0
52382,51921.0
52383,57117.2
52384,47367.2
52385,7921.4
52386,6254.0
52387,2552.6
52388,12928.0
52389,2276.0
52390,5723.2
52391,50346.2
52392,7387.0
52393,66175.8
52394,63635.4
52395,10165.0
52396,5388.6
52397,1195.0
52398,8726.6
52399,55669.4
52400,49725.0
52401,39499.0
52402,11401.4
52403,6959.6
52404,55905.0
52405,56633.0
52406,4896.0
52407,5957.4
52408,6990.6
52409,78862.8
52410,10321.6
52411,58075.4
52412,4771.0
52413,2877.4
52414,6109.0
52415,3951.2
52416,6613.2
52417,7950.0
52418,57049.6
52419,5499.0
52420,13036.2
52421,50726.4
52422,4856.4
52423,4454.0
52424,5695.2
52425,4777.4
52426,1830.0
52427,5378.8
52428,58137.0
52429,56109.0
52430,3491.0
52431,39499.0
52432,2568.0
52433,54298.8
52434,58614.4
52435,5922.4
52436,28510.0
52437,2007.4
52438,48635.8
52439,12374.4
52440,51473.0
52441,68351.4
52442,9840.0
52443,4271.6
52444,6067.0
52445,13336.0
52446,49725.0
52447,2074.0
52448,8536.4
52449,7738.2
52450,5762.6
52451,3851.4
52452,56590.0
52453,6834.8
52454,41113.0
52455,4313.0
52456,58510.0
52457,2477.0
52458,3465.0
52459,53708.2
52460,4310.4
52461,3988.0
52462,66443.8
52463,58535.4
52464,5121.0
52465,49212.4
52466,4962.6
52467,3456.8
52468,9201.0
52469,9679.8
52470,55377.0
52471,8719.0
52472,5882.6
52473,3812.4
52474,32859.0
52475,5578.8
52476,11345.6
52477,20615.8
52478,10889.2
52479,23838.0
52480,63568.2
52481,5817.0
52482,3980.0
52483,6058.6
52484,5855.0
52485,6678.8
52486,2484.2
52487,3627.0
52488,58679.0
52489,48826.0
52490,3450.0
52491,5614.0
52492,41366.6
52493,5900.2
52494,8997.4
52495,67653.4
52496,65258.0
52497,57117.2
52498,4501.0
52499,5729.0
52500,51586.0
52501,6067.0
52502,6023.0
52503,2442.2
52504,6633.0
52505,2903.0
52506,49913.8
52507,60786.2
52508,61247.0
52509,1776.0
52510,51817.0
52511,4605.4
52512,53064.0
52513,10644.6
52514,9156.0
52515,75211.4
52516,43289.6
52517,45883.0
52518,3451.6
52519,4813.0
52520,5592.4
52521,53209.0
52522,8926.4
52523,5083.4
52524,8918.8
52525,4695.0
52526,49151.0
52527,2686.2
52528,58573.0
52529,5761.0
52530,5102.0
52531,14679.6
52532,7524.2
52533,3385.6
52534,46132.8
52535,44144.0
52536,5564.8
52537,4001.0
52538,14079.8
52539,4000.0
52540,6961.4
52541,6658.8
52542,8581.6
52543,2422.4
52544,6037.6
52545,5236.6
52546,24453.2
52547,41127.6
52548,12035.8
52549,6650.0
52550,5875.6
52551,7950.0
52552,8034.8
52553,56825.8
52554,47294.4
52555,5970.8
52556,6021.8
52557,13935.0
52558,4547.0
52559,6857.6
52560,37985.0
52561,2712.0
52562,8596.0
52563,7854.0
52564,55864.4
52565,11205.0
52566,44144.0
52567,71420.2
52568,15454.8
52569,3766.4
52570,52121.6
52571,3662.4
52572,42078.0
52573,8167.8
52574,4245.0
52575,2484.6
52576,4674.4
52577,5196.2
52578,2266.0
52579,69235.4
52580,5663.0
52581,3000.0
52582,58657.8
52583,7013.4
52584,14424.2
52585,6053.0
52586,7559.6
52587,48398.8
52588,4211.8
52589,6599.6
52590,5704.2
52591,13085.2
52592,10207.0
52593,55598.2
52594,7395.0
52595,7112.6
52596,4276.8
52597,10743.0
52598,5573.8
52599,37805.2
52600,48959.0
52601,12122.4
52602,2584.4
52603,74436.2
52604,55121.0
52605,3413.2
52606,54797.2
52607,9941.6
52608,9688.8
52609,57023.0
52610,52593.0
52611,7194.8
52612,12538.8
52613,4061.4
52614,60508.0
52615,54420.6
52616,50063.4
52617,4113.2
52618,6863.0
52619,7590.4
52620,60978.0
52621,12141.8
52622,9766.2
52623,4001.0
52624,11701.4
52625,3047.0
52626,5937.0
52627,9927.0
52628,57081.0
52629,11427.0
52630,9852.6
52631,3928.0
52632,5060.8
52633,14717.4
52634,13591.2
52635,3065.8
52636,8826.4
52637,6644.8
52638,5322.0
52639,6576.2
52640,5253.6
52641,10701.0
52642,69692.0
52643,45883.0
52644,5702.6
52645,5039.2
52646,6021.8
52647,10978.0
52648,68616.6
52649,5888.4
52650,64374.6
52651,4499.0
52652,23898.0
52653,9577.4
52654,62524.0
52655,42377.8
52656,2337.6
52657,4568.0
52658,3792.8
52659,7352.0
52660,2201.0
52661,34264.4
52662,68015.4
52663,5681.4
52664,5267.6
52665,52118.4
52666,64655.4
52667,67465.8
52668,5177.0
52669,54684.0
52670,3516.0
52671,7863.2
52672,45524.0
52673,7856.8
52674,49613.0
52675,69692.0
52676,3831.0
52677,53049.0
52678,49613.0
52679,61216.2
52680,10676.2
52681,4979.0
52682,20000.0
52683,55847.2
52684,6578.0
52685,4075.2
52686,38099.0
52687,6186.0
52688,38845.6
52689,5522.0
52690,16211.2
52691,4464.4
52692,4887.8
52693,49001.0
52694,38189.0
52695,40337.8
52696,65212.0
52697,10319.0
52698,9390.4
52699,39499.0
52700,53806.8
52701,44280.0
52702,4179.6
52703,4608.6
52704,5465.0
52705,55627.0
52706,49859.2
52707,16078.0
52708,60900.0
52709,47586.0
52710,73762.2
52711,50915.6
52712,2343.0
52713,6131.0
52714,34410.4
52715,5802.4
52716,66743.0
52717,4901.0
52718,43991.0
52719,7932.4
52720,3379.0
52721,7439.2
52722,62032.2
52723,6885.0
52724,59078.0
52725,4213.6
52726,5996.0
52727,5802.4
52728,65031.4
52729,4718.2
52730,6702.8
52731,10886.2
52732,5587.6
52733,57703.6
52734,4222.4
52735,4736.4
52736,54306.4
52737,42457.0
52738,7644.4
52739,12655.8
52740,6674.8
52741,3999.0
52742,36050.4
52743,9105.0
52744,57902.8
52745,5594.6
52746,13923.6
52747,59265.0
52748,6042.2
52749,8212.6
52750,2734.6
52751,6684.4
52752,4483.0
52753,11968.8
52754,6249.2
52755,10103.0
52756,69130.6
52757,16349.2
52758,6513.0
52759,38340.8
52760,70694.2
52761,3860.6
52762,3000.0
52763,44230.8
52764,55979.6
52765,12228.4
52766,2480.0
52767,3408.8
52768,8896.4
52769,8090.8
52770,2619.0
52771,61216.2
52772,4557.8
52773,58684.8
52774,6133.0
52775,4913.8
52776,6750.0
52777,61421.0
52778,60008.0
52779,15118.6
52780,31622.0
52781,6874.6
52782,31498.0
52783,46947.0
52784,5299.6
52785,11874.8
52786,3623.2
52787,4252.6
52788,4656.8
52789,5252.0
52790,60508.0
52791,6628.4
52792,5431.6
52793,6562.0
52794,10121.8
52795,6877.2
52796,49212.4
52797,6461.0
52798,5417.6
52799,64912.0
52800,7774.0
52801,23838.0
52802,2786.0
52803,5250.0
52804,3744.6
52805,4465.0
52806,60396.0
52807,5001.6
52808,4103.6
52809,4774.2
52810,6619.0
52811,54306.4
52812,5769.8
52813,10018.0
52814,7001.0
52815,11881.8
52816,3090.0
52817,4417.0
52818,4811.8
52819,6069.6
52820,5823.0
52821,5949.0
52822,4007.0
52823,6412.8
52824,8282.0
52825,4114.6
52826,51345.0
52827,50787.4
52828,3640.4
52829,19148.0
52830,4564.0
52831,43970.4
52832,9520.0
52833,7645.0
52834,6444.0
52835,58438.2
52836,4486.0
52837,6360.4
52838,5176.0
52839,2500.4
52840,43140.6
52841,11172.0
52842,3126.6
52843,14135.2
52844,35490.0
52845,6069.6
52846,5495.6
52847,54101.8
52848,24122.0
52849,5628.0
52850,52772.0
52851,8622.8
52852,4417.0
52853,6389.0
52854,55520.6
52855,56953.8
52856,10328.0
52857,17784.2
52858,45665.0
52859,15679.0
52860,12217.8
52861,58796.8
52862,47657.0
52863,4414.2
52864,4053.6
52865,3819.4
52866,7546.2
52867,12377.0
52868,6528.6
52869,10104.8
52870,5954.0
52871,24234.0
52872,13644.2
52873,57031.6
52874,57721.8
52875,47438.2
52876,4568.2
52877,11474.6
52878,5358.0
52879,4778.4
52880,48210.0
52881,4221.6
52882,5178.0
52883,5145.8
52884,5546.2
52885,6409.2
52886,65263.0
52887,31134.4
52888,5106.4
52889,3805.0
52890,4456.6
52891,57405.0
52892,38391.4
52893,2860.0
52894,10764.0
52895,45257.0
52896,47731.4
52897,4999.0
52898,53813.6
52899,7950.0
52900,7073.2
52901,8054.8
52902,6420.6
52903,42555.8
52904,36437.4
52905,5195.2
52906,5185.2
52907,3461.4
52908,6833.0
52909,5767.6
52910,8223.0
52911,11488.0
52912,13217.4
52913,51853.0
52914,3068.4
52915,49171.2
52916,5733.8
52917,4823.2
52918,5809.6
52919,6047.2
52920,27864.0
52921,49613.0
52922,5134.4
52923,4643.0
52924,66847.0
52925,51047.4
52926,9995.6
52927,2228.0
52928,6142.2
52929,7412.0
52930,62337.6
52931,54684.0
52932,60351.0
52933,5572.4
52934,6091.6
52935,5551.8
52936,2686.2
52937,1621.6
52938,10206.0
52939,51187.2
52940,8225.2
52941,11310.0
52942,5681.0
52943,3770.8
52944,55293.4
52945,6133.0
52946,60978.0
52947,7584.0
52948,6450.0
52949,6298.0
52950,31672.0
52951,14605.6
52952,3677.0
52953,10515.6
52954,4236.0
52955,5761.0
52956,63545.8
52957,7487.0
52958,17189.4
52959,5501.8
52960,45033.0
52961,4203.8
52962,4387.0
52963,3999.0
52964,59526.6
52965,68331.2
52966,6142.6
52967,7518.2
52968,54337.0
52969,4970.2
52970,47503.2
52971,48432.0
52972,53216.0
52973,5621.4
52974,4794.6
52975,11503.6
52976,7642.0
52977,45422.4
52978,4452.0
52979,6444.0
52980,4994.4
52981,2474.6
52982,4959.2
52983,3461.4
52984,53943.4
52985,59267.4
52986,32923.0
52987,8735.0
52988,1834.8
52989,5126.4
52990,5027.4
52991,67600.2
52992,5441.0
52993,10076.8
52994,47731.4
52995,6212.8
52996,5666.2
52997,5025.4
52998,11361.6
52999,3040.2
53000,3802.4
53001,2339.0
53002,5360.8
53003,6083.8
53004,5930.2
53005,9089.8
53006,6067.0
53007,54181.2
53008,6578.0
53009,6489.0
53010,60260.0
53011,11172.0
53012,5206.0
53013,7496.0
53014,3908.4
53015,5818.8
53016,4134.4
53017,55377.0
53018,10943.0
53019,45426.2
53020,66108.0
53021,5034.4
53022,63321.8
53023,3862.0
53024,59158.4
53025,53806.8
53026,6109.0
53027,9882.0
53028,3150.0
53029,68572.0
53030,6344.8
53031,4869.2
53032,53366.6
53033,55293.4
53034,6565.8
53035,3393.0
53036,3016.0
53037,4511.8
53038,6140.0
53039,2464.0
53040,7930.0
53041,21163.4
53042,10891.0
53043,4124.0
53044,14217.0
53045,47471.2
53046,2559.0
53047,4498.0
53048,6033.0
53049,4912.0
53050,31682.0
53051,6587.0
53052,6032.0
53053,7749.8
53054,56176.2
53055,10867.2
53056,2633.2
53057,8111.0
53058,67891.4
53059,7581.0
53060,20760.0
53061,5432.0
53062,53112.6
53063,4764.4
53064,6152.4
53065,1890.0
53066,3506.2
53067,47225.0
53068,66054.4
53069,14754.0
53070,8766.4
53071,7495.0
53072,6300.4
53073,55661.0
53074,55983.0
53075,4250.8
53076,3450.0
53077,52063.0
53078,27864.0
53079,4920.0
53080,5761.0
53081,48851.0
53082,9829.8
53083,12148.8
53084,4339.0
53085,5198.6
53086,4404.2
53087,4947.6
53088,41767.4
53089,3558.4
53090,11276.2
53091,55983.0
53092,2409.0
53093,56333.0
53094,54204.4
53095,5103.0
53096,62679.2
53097,5616.2
53098,52178.4
53099,42670.4
53100,8589.8
53101,47176.0
53102,3862.4
53103,38099.0
53104,4886.6
53105,5474.0
53106,68331.2
53107,64768.2
53108,39819.0
53109,44259.0
53110,3379.0
53111,34346.4
53112,3393.0
53113,4651.4
53114,57118.0
53115,3365.8
53116,5634.2
53117,12585.4
53118,44280.0
53119,6032.0
53120,5386.4
53121,38290.4
53122,37985.0
53123,42199.4
53124,5875.6
53125,7617.8
53126,47549.6
53127,4239.8
53128,58063.0
53129,63340.8
53130,4499.0
53131,4190.8
53132,46264.2
53133,6220.8
53134,3949.4
53135,47205.0
53136,4222.4
53137,4013.2
53138,4524.4
53139,2476.0
53140,4940.0
53141,12004.0
53142,30526.0
53143,10001.6
53144,11077.4
53145,2359.0
53146,32923.0
53147,45257.0
53148,4056.0
53149,49725.0
53150,44144.0
53151,4238.2
53152,44173.2
53153,4226.0
53154,56431.4
53155,6467.2
53156,10521.0
53157,11111.0
53158,60825.2
53159,3283.2
53160,56188.2
53161,3090.0
53162,11297.6
53163,4263.0
53164,5187.0
53165,6339.0
53166,4988.4
53167,5177.0
53168,5709.2
53169,36391.6
53170,4179.6
53171,55293.4
53172,2525.0
53173,4943.8
53174,3979.0
53175,62524.0
53176,2723.4
53177,6052.0
53178,9433.0
53179,3532.0
53180,13344.0
53181,8331.4
53182,38099.0
53183,5439.0
53184,9190.2
53185,7513.8
53186,5127.8
53187,9042.0
53188,3176.4
53189,6769.8
53190,13134.6
53191,8695.4
53192,48959.0
53193,3522.0
53194,4486.0
53195,68463.4
53196,10638.6
53197,57081.0
53198,72373.4
53199,49613.0
53200,6595.0
53201,7543.2
53202,4081.0
53203,51865.0
53204,70314.8
53205,3298.4
53206,5185.0
53207,5365.8
53208,45693.0
53209,6566.0
53210,4792.0
53211,5873.6
53212,6646.2
53213,5715.4
53214,5626.0
53215,4736.0
53216,5749.0
53217,3847.6
53218,23898.0
53219,2056.0
53220,3979.0
53221,8275.0
53222,46214.4
53223,6109.0
53224,11038.0
53225,51875.0
53226,6319.0
53227,10641.0
53228,54910.4
53229,63523.4
53230,3096.0
53231,5214.6
53232,6401.0
53233,2873.6
53234,4324.8
53235,8054.8
53236,58075.4
53237,4294.0
53238,44305.0
53239,54608.0
53240,5666.8
53241,10425.0
53242,66009.8
53243,7706.0
53244,3611.8
53245,3140.0
53246,5810.2
53247,8291.4
53248,7947.0
53249,48959.0
53250,5589.0
53251,4800.2
53252,12320.8
53253,3047.0
53254,53813.6
53255,7640.4
53256,4921.4
53257,2464.0
53258,3718.2
53259,4656.0
53260,17398.2
53261,69535.0
53262,37832.0
53263,9263.8
53264,4976.8
53265,3811.8
53266,5817.0
53267,4422.0
53268,8885.4
53269,6323.8
53270,6597.8
53271,3424.6
53272,4417.0
53273,57544.0
53274,3905.8
53275,11547.8
53276,3862.0
53277,72174.2
53278,9988.8
53279,5904.0
53280,5045.4
53281,53072.2
53282,57501.6
53283,5586.0
53284,52610.2
53285,5204.8
53286,66671.4
53287,6712.6
53288,11129.0
53289,11666.0
53290,6450.0
53291,37563.2
53292,8520.6
53293,54608.0
53294,6082.0
53295,4048.4
53296,46769.0
53297,6342.0
53298,10719.2
53299,5817.0
53300,5976.2
53301,69244.0
53302,5793.2
53303,44280.0
53304,7366.0
53305,59424.2
53306,2124.0
53307,44473.0
53308,68490.4
53309,2650.4
53310,8445.8
53311,32923.0
53312,4464.4
53313,6240.8
53314,4107.4
53315,7444.6
53316,4014.4
53317,41281.0
53318,2836.0
53319,5292.0
53320,3142.0
53321,14395.4
53322,10735.0
53323,10393.6
53324,82377.4
53325,3567.8
53326,6450.0
53327,54684.0
53328,54684.0
53329,5943.0
53330,3789.0
53331,6434.2
53332,6538.6
53333,10428.0
53334,4737.4
53335,5622.0
53336,5849.0
53337,6682.8
53338,72822.4
53339,76926.4
53340,3424.6
53341,5726.8
53342,5810.4
53343,3518.2
53344,57251.4
53345,12077.2
53346,67474.2
53347,11781.0
53348,5830.8
53349,11417.8
53350,35383.2
53351,53046.4
53352,6007.2
53353,10800.8
53354,5964.0
53355,8652.6
53356,31582.4
53357,4997.2
53358,60351.0
53359,50271.0
53360,3334.0
53361,12166.6
53362,3090.0
53363,9252.4
53364,17284.4
53365,10018.0
53366,4582.0
53367,5703.4
53368,75967.4
53369,11719.4
53370,54882.8
53371,10319.0
53372,5823.0
53373,3014.0
53374,45540.2
53375,71430.6
53376,4609.8
53377,2817.4
53378,42555.8
53379,7603.2
53380,55983.0
53381,3499.0
53382,5607.0
53383,6817.8
53384,4926.4
53385,3891.8
53386,60015.0
53387,5871.2
53388,56590.0
53389,11740.8
53390,5646.4
53391,7412.0
53392,6326.0
53393,54684.0
53394,6764.4
53395,3285.6
53396,54797.2
53397,7092.4
53398,9789.0
53399,44148.8
53400,5291.4
53401,5459.4
53402,55764.0
53403,58947.8
53404,2361.0
53405,23424.0
53406,58685.0
53407,6516.8
53408,60260.0
53409,75872.8
53410,9435.4
53411,3689.0
53412,10540.8
53413,42761.8
53414,33576.0
53415,2860.0
53416,5207.4
53417,6666.2
53418,6954.6
53419,8692.4
53420,6568.0
53421,10438.0
53422,64061.0
53423,6205.6
53424,50585.0
53425,2726.4
53426,62472.0
53427,6561.8
53428,61883.4
53429,5761.0
53430,2343.0
53431,8538.4
53432,13032.6
53433,14670.0
53434,5553.0
53435,57806.2
53436,27792.0
53437,7704.4
53438,55967.0
53439,5967.4
53440,44831.4
53441,6517.2
53442,5177.0
53443,52063.0
53444,44253.0
53445,14301.8
53446,4149.0
53447,6522.6
53448,4971.0
53449,7774.0
53450,10428.0
53451,60081.0
53452,62763.8
53453,57677.0
53454,10584.0
53455,8380.4
53456,43879.4
53457,6784.8
53458,49039.4
53459,4216.6
53460,5207.6
53461,68316.6
53462,38099.0
53463,4730.0
53464,6491.6
53465,23898.0
53466,51707.0
53467,3475.0
53468,37832.0
53469,4885.4
53470,4896.0
53471,4769.8
53472,2695.8
53473,45257.0
53474,2723.0
53475,4131.0
53476,55377.0
53477,4499.6
53478,4098.4
53479,8512.0
53480,4467.0
53481,5194.4
53482,52839.4
53483,5292.0
53484,6350.2
53485,57745.6
53486,4473.8
53487,11414.6
53488,16024.4
53489,6702.6
53490,14733.4
53491,10270.4
53492,1776.0
53493,10805.4
53494,9956.4
53495,6157.2
53496,49053.6
53497,14990.8
53498,56590.0
53499,1543.0
53500,7727.8
53501,6494.0
53502,43729.0
53503,10639.4
53504,4150.0
53505,45326.4
53506,5379.8
53507,7434.2
53508,6324.0
53509,2124.0
53510,6050.2
53511,2525.4
53512,6450.0
53513,5646.4
53514,62257.8
53515,57469.6
53516,4792.0
53517,82989.6
53518,9764.8
53519,8431.4
53520,3014.0
53521,3100.0
53522,6827.6
53523,8422.8
53524,6939.8
53525,5720.8
53526,20760.0
53527,5682.0
53528,4548.0
53529,7013.4
53530,63373.8
53531,2871.8
53532,3340.4
53533,7959.6
53534,54608.0
53535,16193.4
53536,7344.6
53537,83499.4
53538,6429.4
53539,7201.2
53540,56196.2
53541,6347.4
53542,52772.0
53543,4961.6
53544,4502.0
53545,8835.0
53546,64316.0
53547,5095.2
53548,5474.6
53549,6573.2
53550,11800.2
53551,7338.0
53552,3413.2
53553,3269.0
53554,4246.2
53555,58797.0
53556,4569.8
53557,54034.2
53558,6425.8
53559,2201.0
53560,8463.2
53561,49853.8
53562,8409.4
53563,10807.0
53564,6218.6
53565,2336.0
53566,3535.6
53567,7426.0
53568,2410.0
53569,11015.8
53570,4111.0
53571,5661.8
53572,4491.0
53573,6324.0
53574,4979.0
53575,51707.0
53576,81259.6
53577,4712.8
53578,7630.0
53579,70009.0
53580,44944.8
53581,55105.0
53582,5221.4
53583,2124.2
53584,6163.2
53585,52287.0
53586,60978.0
53587,57031.6
53588,66790.4
53589,7487.0
53590,65939.8
53591,70109.0
53592,6290.4
53593,4656.6
53594,45257.0
53595,59409.0
53596,41314.0
53597,42526.6
53598,24234.0
53599,41269.0
53600,5217.2
53601,15373.2
53602,61695.0
53603,7938.4
53604,45251.6
53605,63274.2
53606,57501.6
53607,56308.4
53608,2966.2
53609,7393.2
53610,13405.2
53611,5888.0
53612,5778.4
53613,4162.0
53614,49553.0
53615,5502.6
53616,4896.0
53617,61899.0
53618,8209.2
53619,6658.8
53620,9855.0
53621,5470.2
53622,22140.0
53623,1603.0
53624,7947.0
53625,8210.0
53626,6669.2
53627,52286.0
53628,6707.0
53629,6461.0
53630,57501.6
53631,8127.0
53632,50787.4
53633,37985.0
53634,5339.4
53635,4458.8
53636,50271.0
53637,4415.8
53638,41922.2
53639,4656.8
53640,20684.0
53641,69943.2
53642,6306.0
53643,6132.0
53644,5769.8
53645,2968.0
53646,60373.8
53647,7352.0
53648,9055.8
53649,5122.6
53650,54765.0
53651,76537.8
53652,9065.6
53653,46913.6
53654,46315.2
53655,6829.6
53656,6994.4
53657,5008.0
53658,4906.6
53659,4518.6
53660,13883.2
53661,6583.4
53662,4861.0
53663,7787.4
53664,5253.6
53665,6154.2
53666,6461.0
53667,72349.0
53668,6326.0
53669,3999.0
53670,2410.0
53671,12417.8
53672,66121.8
53673,4357.0
53674,4258.4
53675,57957.8
53676,5769.6
53677,12862.6
53678,2477.0
53679,12805.8
53680,13107.8
53681,37526.0
53682,55301.0
53683,13494.0
53684,72669.0
53685,5888.0
53686,5384.4
53687,5316.4
53688,45665.0
53689,32859.0
53690,12078.4
53691,4493.6
53692,3831.0
53693,32008.0
53694,6344.4
53695,7819.4
53696,4981.0
53697,5082.2
53698,5257.6
53699,7963.4
53700,78249.4
53701,60508.0
53702,6867.6
53703,6630.8
53704,5177.0
53705,3393.0
53706,5366.0
53707,2140.4
53708,8477.4
53709,9564.6
53710,5118.6
53711,6450.0
53712,6522.0
53713,4809.8
53714,5206.0
53715,5768.4
53716,4534.0
53717,57767.4
53718,15078.4
53719,7672.0
53720,4499.0
53721,12161.6
53722,53286.2
53723,6518.4
53724,38099.0
53725,85128.0
53726,6098.6
53727,10050.0
53728,12786.4
53729,4438.6
53730,4888.8
53731,6569.4
53732,5379.4
53733,62591.0
53734,54067.2
53735,53949.6
53736,7872.8
53737,51817.0
53738,3862.0
53739,6212.8
53740,5829.2
53741,2410.0
53742,8014.4
53743,56673.4
53744,3251.0
53745,6801.2
53746,60978.0
53747,8523.4
53748,5802.4
53749,1977.0
53750,4903.6
53751,52369.8
53752,10134.0
53753,5310.0
53754,68718.0
53755,4500.0
53756,2476.0
53757,13126.2
53758,2723.0
53759,49212.4
53760,3264.4
53761,2723.0
53762,4827.0
53763,5951.6
53764,13221.4
53765,2639.8
53766,5881.0
53767,10228.6
53768,60166.4
53769,62994.0
53770,2327.0
53771,11151.2
53772,6985.0
53773,4131.0
53774,4004.4
53775,2464.0
53776,5772.0
53777,60260.0
53778,5093.0
53779,7279.0
53780,1788.0
53781,11697.0
53782,1700.4
53783,5820.8
53784,16349.6
53785,5529.0
53786,58189.4
53787,3569.4
53788,4548.0
53789,3731.8
53790,4259.2
53791,6201.0
53792,6997.0
53793,3371.6
53794,69163.4
53795,4482.2
53796,7285.6
53797,6578.0
53798,4958.4
53799,4500.0
53800,6946.4
53801,66689.0
53802,4357.0
53803,9393.0
53804,5954.0
53805,72221.8
53806,8210.4
53807,4986.4
53808,6051.0
53809,19768.4
53810,49725.0
53811,44351.2
53812,45310.2
53813,6209.6
53814,54329.0
53815,58144.2
53816,5062.0
53817,17794.0
53818,5655.4
53819,6375.0
53820,53813.6
53821,10542.6
53822,6115.0
53823,5042.0
53824,12509.8
53825,5625.4
53826,55508.4
53827,45883.0
53828,42831.0
53829,4209.0
53830,4758.0
53831,60633.8
53832,45257.0
53833,17232.0
53834,5955.0
53835,64247.0
53836,5375.0
53837,13378.8
53838,5679.4
53839,4452.0
53840,6053.0
53841,66312.0
53842,9122.2
53843,57108.6
53844,7949.8
53845,2901.0
53846,6590.0
53847,6084.0
53848,6157.8
53849,54275.2
53850,60215.4
53851,3126.6
53852,7519.0
53853,60978.0
53854,7884.8
53855,4547.8
53856,10236.4
53857,34377.6
53858,54067.2
53859,29094.0
53860,5207.0
53861,7175.4
53862,56588.0
53863,10629.0
53864,4831.0
53865,5561.2
53866,4907.0
53867,4812.4
53868,4248.0
53869,55694.4
53870,51025.0
53871,60508.0
53872,5772.0
53873,2124.0
53874,2619.0
53875,60396.0
53876,70901.8
53877,4434.0
53878,4792.0
53879,6568.0
53880,3096.0
53881,5943.0
53882,60530.6
53883,9277.0
53884,4736.4
53885,5441.0
53886,5082.0
53887,65053.0
53888,13527.0
53889,8051.4
53890,52278.2
53891,4691.4
53892,5123.4
53893,6146.6
53894,9145.6
53895,50271.0
53896,49613.0
53897,4474.8
53898,4500.0
53899,4915.0
53900,6617.6
53901,8165.0
53902,9502.2
53903,4263.0
53904,6223.0
53905,60336.0
53906,11302.4
53907,5949.0
53908,6324.0
53909,4755.0
53910,9277.0
53911,5812.6
53912,2835.6
53913,3565.0
53914,50575.8
53915,2276.0
53916,31122.4
53917,50987.8
53918,6599.2
53919,5011.2
53920,2266.8
53921,5465.0
53922,5910.4
53923,6560.4
53924,11311.8
53925,6607.8
53926,11561.4
53927,4158.6
53928,2621.0
53929,60396.0
53930,3904.0
53931,56702.0
53932,5102.0
53933,5352.0
53934,2657.0
53935,40841.2
53936,3126.6
53937,7632.2
53938,2856.8
53939,4202.0
53940,4745.4
53941,2339.0
53942,4884.8
53943,51673.4
53944,1543.0
53945,9164.2
53946,6847.0
53947,6587.6
53948,41087.2
53949,54797.2
53950,4646.6
53951,5177.0
53952,4771.0
53953,6809.4
53954,24122.0
53955,44280.0
53956,5352.0
53957,27792.0
53958,47028.0
53959,10842.4
53960,69311.4
53961,2794.4
53962,3393.0
53963,49613.0
53964,49725.0
53965,3144.2
53966,2686.2
53967,57501.6
53968,50987.8
53969,4044.2
53970,5177.0
53971,3000.0
53972,4496.0
53973,49613.0
53974,5016.4
53975,9893.8
53976,5085.8
53977,82271.0
53978,3193.4
53979,12067.8
53980,4990.8
53981,68187.8
53982,44280.0
53983,12114.0
53984,5649.0
53985,3862.0
53986,5235.6
53987,50600.0
53988,5993.6
53989,53197.0
53990,6969.2
53991,7514.0
53992,3403.4
53993,49725.0
53994,12007.6
53995,10263.2
53996,3915.6
53997,10565.4
53998,4414.2
53999,5705.0
54000,5835.0
54001,63737.0
54002,50419.4
54003,4485.0
54004,76053.4
54005,6262.0
54006,12633.0
54007,52118.4
54008,5038.6
54009,4308.4
54010,4768.0
54011,4603.2
54012,2124.0
54013,5394.2
54014,64144.8
54015,5162.8
54016,56272.2
54017,8732.0
54018,4357.0
54019,3810.0
54020,12624.8
54021,47217.0
54022,5955.0
54023,10318.2
54024,3998.0
54025,57673.6
54026,5924.8
54027,5831.4
54028,10631.8
54029,64454.0
54030,1776.0
54031,5088.0
54032,57263.4
54033,2723.4
54034,50693.2
54035,5435.4
54036,31982.0
54037,40542.4
54038,4968.0
54039,57641.0
54040,11103.8
54041,63485.8
54042,62145.4
54043,49725.0
54044,5817.0
54045,6586.0
54046,5096.2
54047,56465.0
54048,4094.0
54049,5674.2
54050,64173.0
54051,10111.4
54052,49875.8
54053,7977.4
54054,8631.0
54055,3259.6
54056,47385.0
54057,4176.4
54058,8420.6
54059,38099.0
54060,47367.2
54061,5910.4
54062,14377.0
54063,5589.4
54064,8337.2
54065,7768.8
54066,60049.0
54067,4693.0
54068,7811.0
54069,6334.4
54070,63165.0
54071,3039.0
54072,7426.0
54073,54684.0
54074,57718.4
54075,49260.8
54076,52569.4
54077,7437.2
54078,8683.8
54079,6410.4
54080,4727.2
54081,2646.4
54082,3809.8
54083,7118.4
54084,4467.0
54085,9499.8
54086,6566.0
54087,14766.0
54088,7031.4
54089,52287.0
54090,59365.8
54091,69248.8
54092,51481.0
54093,12567.4
54094,6620.0
54095,8726.4
54096,6394.6
54097,9721.4
54098,6587.0
54099,58039.6
54100,68518.4
54101,4156.8
54102,5407.4
54103,10292.4
54104,29656.0
54105,6109.0
54106,2853.6
54107,11676.0
54108,2321.4
54109,5720.6
54110,4022.6
54111,8170.0
54112,4471.8
54113,4732.6
54114,57648.0
54115,4469.6
54116,2339.0
54117,3015.0
54118,4755.0
54119,55377.0
54120,4209.4
54121,11256.6
54122,6821.4
54123,4491.0
54124,64271.0
54125,5999.8
54126,2056.0
54127,23838.0
54128,5979.2
54129,5394.6
54130,5767.6
54131,4499.0
54132,14271.4
54133,9875.8
54134,68250.0
54135,55823.0
54136,49146.8
54137,22140.0
54138,6489.0
54139,7300.0
54140,8664.6
54141,4672.0
54142,48204.0
54143,6130.8
54144,4753.0
54145,56588.0
54146,68042.4
54147,12086.8
54148,38099.0
54149,5914.2
54150,5438.8
54151,11205.0
54152,5892.0
54153,14542.6
54154,58403.8
54155,12075.6
54156,12649.6
54157,4747.6
54158,5957.8
54159,9371.0
54160,44280.0
54161,4499.0
54162,12122.4
54163,56196.2
54164,5720.0
54165,6309.6
54166,4452.0
54167,2775.2
54168,3421.6
54169,5966.0
54170,52175.0
54171,63702.4
54172,54608.0
54173,65817.0
54174,4879.8
54175,7841.0
54176,32923.0
54177,74884.2
54178,56421.8
54179,54728.6
54180,7452.8
54181,8826.2
54182,66399.4
54183,12249.0
54184,5179.6
54185,1776.0
54186,10782.0
54187,17706.8
54188,11937.0
54189,8209.2
54190,59308.8
54191,5549.0
54192,4500.0
54193,4827.0
54194,6732.6
54195,56545.4
54196,62269.0
54197,4864.4
54198,5077.4
54199,11357.8
54200,10676.2
54201,2078.6
54202,5868.4
54203,10208.4
54204,5710.0
54205,54362.6
54206,6920.0
54207,50271.0
54208,57920.0
54209,6847.0
54210,51439.4
54211,7971.8
54212,68944.2
54213,6734.6
54214,5497.8
54215,2336.0
54216,5049.4
54217,6969.4
54218,50631.8
54219,56588.0
54220,52650.0
54221,12831.0
54222,7916.2
54223,69807.4
54224,7973.8
54225,5465.0
54226,56590.0
54227,14224.6
54228,2711.4
54229,4499.0
54230,1694.0
54231,5483.2
54232,7172.8
54233,5206.0
54234,5357.4
54235,8112.0
54236,5206.0
54237,3961.0
54238,2410.0
54239,3896.0
54240,6290.6
54241,2418.8
54242,4564.0
54243,20684.0
54244,5101.6
54245,37929.0
54246,58877.4
54247,68362.4
54248,8401.6
54249,8653.0
54250,88124.0
54251,1621.6
54252,5761.0
54253,10084.6
54254,60081.0
54255,12663.2
54256,12793.2
54257,58631.0
54258,44144.0
54259,14823.2
54260,42457.0
54261,2461.8
54262,15730.4
54263,3881.8
54264,11863.2
54265,49725.0
54266,11227.0
54267,3929.0
54268,4614.8
54269,3132.4
54270,5669.6
54271,11587.4
54272,4979.0
54273,6987.2
54274,6113.0
54275,11856.0
54276,5739.2
54277,4209.0
54278,1998.0
54279,7160.8
54280,5857.4
54281,64867.4
54282,71599.4
54283,15634.0
54284,44144.0
54285,59469.0
54286,10013.0
54287,4623.8
54288,2723.4
54289,51417.0
54290,10267.8
54291,50787.4
54292,4584.0
54293,4299.4
54294,4056.0
54295,59272.8
54296,42918.0
54297,39199.4
54298,6049.8
54299,15884.0
54300,3716.2
54301,16529.2
54302,58390.4
54303,50402.4
54304,57005.0
54305,2713.2
54306,5090.2
54307,11825.6
54308,57920.0
54309,5269.2
54310,56588.0
54311,54765.0
54312,8112.0
54313,3958.0
54314,2962.8
54315,50811.0
54316,5102.0
54317,6638.4
54318,35490.0
54319,17706.8
54320,10646.8
54321,59347.4
54322,6389.0
54323,55499.6
54324,12021.0
54325,44144.0
54326,10604.8
54327,2078.8
54328,5670.6
54329,10259.0
54330,9577.8
54331,5177.0
54332,5147.2
54333,5566.0
54334,4260.8
54335,37233.0
54336,32859.0
54337,8810.4
54338,67321.0
54339,4077.0
54340,6820.8
54341,5783.4
54342,4782.2
54343,6465.0
54344,37985.0
54345,6502.0
54346,6039.6
54347,53892.4
54348,58769.8
54349,4257.0
54350,59469.0
54351,5158.8
54352,7722.4
54353,59469.0
54354,11722.0
54355,5020.0
54356,48537.4
54357,23838.0
54358,10586.8
54359,44144.0
54360,6313.4
54361,6077.2
54362,62829.0
54363,4225.0
54364,5955.0
54365,3090.0
54366,5761.0
54367,17981.2
54368,3588.8
54369,5942.0
54370,6082.0
54371,7925.6
54372,36947.4
54373,5404.4
54374,18787.2
54375,2744.2
54376,2339.0
54377,53813.6
54378,45426.2
54379,12210.4
54380,3677.0
54381,4582.4
54382,2476.0
54383,58137.0
54384,56155.2
54385,5438.8
54386,35520.0
54387,6133.0
54388,5513.0
54389,47657.0
54390,14271.0
54391,65416.0
54392,5805.6
54393,54787.4
54394,3020.0
54395,73984.8
54396,4531.0
54397,4501.0
54398,5590.0
54399,5794.6
54400,54391.4
54401,59612.0
54402,3624.8
54403,5727.6
54404,56431.4
54405,6029.6
54406,55528.0
54407,10624.2
54408,63573.6
54409,2056.0
54410,60478.4
54411,3501.4
54412,9452.6
54413,14046.4
54414,4805.0
54415,1776.0
54416,45221.2
54417,4499.0
54418,53064.0
54419,5052.8
54420,49553.0
54421,5141.6
54422,8630.4
54423,7575.8
54424,62703.0
54425,3153.0
54426,6954.8
54427,4643.4
54428,3176.4
54429,5015.2
54430,7635.0
54431,28658.4
54432,11108.0
54433,44280.0
54434,48959.0
54435,2970.2
54436,4603.8
54437,56545.4
54438,50629.8
54439,9192.0
54440,41269.0
54441,6450.0
54442,6107.2
54443,4500.0
54444,11313.8
54445,50590.4
54446,7270.2
54447,4793.4
54448,8533.0
54449,58208.6
54450,4032.0
54451,17686.0
54452,16212.0
54453,6287.2
54454,5132.6
54455,6391.0
54456,18136.0
54457,11958.6
54458,51562.4
54459,11095.4
54460,2552.2
54461,53197.0
54462,57939.0
54463,7179.4
54464,42879.4
54465,51201.2
54466,58671.4
54467,46769.0
54468,5204.2
54469,14737.4
54470,10963.8
54471,44837.4
54472,8202.8
54473,45257.0
54474,67421.0
54475,55499.6
54476,63375.0
54477,14298.8
54478,59917.0
54479,7795.0
54480,4971.0
54481,55983.0
54482,58039.6
54483,6435.0
54484,7877.0
54485,1543.0
54486,3518.2
54487,44685.0
54488,4845.0
54489,62645.0
54490,69481.8
54491,2124.0
54492,4971.0
54493,4784.4
54494,5575.0
54495,7412.0
54496,4813.0
54497,5821.8
54498,10603.2
54499,4452.0
54500,47225.0
54501,5949.0
54502,6020.4
54503,10597.8
54504,5618.0
54505,11282.4
54506,5269.0
54507,9003.0
54508,1830.0
54509,45693.0
54510,6582.2
54511,52271.6
54512,38099.0
54513,8025.0
54514,8264.6
54515,8127.0
54516,2321.4
54517,6300.8
54518,15795.0
54519,55959.6
54520,12338.4
54521,63971.0
54522,4840.0
54523,5116.2
54524,5749.0
54525,1550.0
54526,8071.8
54527,6183.8
54528,7378.4
54529,4582.2
54530,15978.2
54531,3014.0
54532,56651.8
54533,8898.2
54534,59504.4
54535,3572.0
54536,46845.2
54537,12315.4
54538,56073.0
54539,3911.0
54540,55169.6
54541,4156.6
54542,63666.4
54543,7054.4
54544,11247.2
54545,8694.8
54546,5808.8
54547,9152.8
54548,51817.0
54549,3393.0
54550,7665.6
54551,2056.0
54552,5521.0
54553,61888.2
54554,3080.2
54555,42521.0
54556,55661.0
54557,4506.0
54558,49171.2
54559,32347.0
54560,60141.0
54561,12054.0
54562,5830.8
54563,1788.0
54564,64302.8
54565,7524.2
54566,1543.0
54567,31682.0
54568,38319.0
54569,51595.0
54570,6618.2
54571,3988.0
54572,4924.0
54573,59582.4
54574,4452.6
54575,56613.8
54576,9159.6
54577,44253.0
54578,3016.0
54579,4001.0
54580,2960.0
54581,4227.6
54582,5293.0
54583,5617.2
54584,5698.4
54585,50649.0
54586,54608.0
54587,57515.6
54588,5465.0
54589,4394.6
54590,60377.0
54591,10400.4
54592,8772.6
54593,14031.0
54594,4135.6
54595,45883.0
54596,45257.0
54597,4427.0
54598,46947.0
54599,13862.2
54600,5738.4
54601,14099.6
54602,11688.0
54603,5219.6
54604,49725.0
54605,3980.0
54606,10909.2
54607,7497.0
54608,4979.0
54609,5572.0
54610,3718.4
54611,4178.4
54612,8820.2
54613,57430.2
54614,2422.4
54615,4562.2
54616,5829.0
54617,13474.8
54618,6930.2
54619,6587.0
54620,46043.2
54621,64831.0
54622,4018.6
54623,6494.0
54624,5645.0
54625,10458.2
54626,50444.0
54627,6875.6
54628,2974.0
54629,6067.0
54630,3090.0
54631,5824.0
54632,3571.0
54633,2673.8
54634,5293.0
54635,9094.2
54636,4978.4
54637,6133.0
54638,2621.0
54639,45378.0
54640,53022.0
54641,11737.8
54642,2901.0
54643,5971.8
54644,44405.0
54645,15364.6
54646,7635.0
54647,8672.0
54648,7412.0
54649,6851.6
54650,51817.0
54651,6018.4
54652,52175.0
54653,16257.0
54654,64399.2
54655,2074.0
54656,17622.0
54657,51595.0
54658,3106.0
54659,57274.4
54660,49536.4
54661,3219.8
54662,53764.2
54663,4629.4
54664,4685.0
54665,3828.8
54666,6261.0
54667,53813.6
54668,58039.6
54669,60106.0
54670,56200.0
54671,56476.0
54672,2327.0
54673,12219.6
54674,5375.8
54675,50710.2
54676,4794.6
54677,59950.4
54678,12701.0
54679,41652.0
54680,5849.0
54681,12121.2
54682,5698.0
54683,55377.0
54684,46363.0
54685,3835.0
54686,44144.0
54687,12959.0
54688,6674.4
54689,5941.8
54690,7329.2
54691,3452.2
54692,7658.0
54693,56128.0
54694,7380.8
54695,54977.4
54696,11811.4
54697,4180.2
54698,56476.0
54699,3749.6
54700,6698.0
54701,8678.6
54702,18198.0
54703,5446.0
54704,4484.8
54705,55763.4
54706,5018.0
54707,48383.4
54708,56590.0
54709,64719.0
54710,5377.0
54711,14954.0
54712,11205.0
54713,2203.0
54714,51853.0
54715,5541.6
54716,62688.6
54717,12361.0
54718,5179.0
54719,6574.0
54720,9728.2
54721,3917.6
54722,27792.0
54723,6278.2
54724,7990.0
54725,5800.8
54726,11568.8
54727,4348.2
54728,14818.6
54729,11510.6
54730,14378.6
54731,5160.0
54732,4502.0
54733,4098.6
54734,6168.0
54735,5184.8
54736,3999.0
54737,28510.0
54738,39499.0
54739,29992.0
54740,57767.4
54741,9887.6
54742,4000.0
54743,5366.0
54744,7599.8
54745,6568.0
54746,2471.4
54747,6353.2
54748,40497.8
54749,12817.4
54750,5229.8
54751,4153.2
54752,63632.8
54753,5113.4
54754,3264.4
54755,44572.8
54756,2518.0
54757,15339.8
54758,10437.0
54759,4257.2
54760,3887.4
54761,44038.0
54762,7007.4
54763,4413.6
54764,2120.6
54765,64553.8
54766,4204.0
54767,4572.0
54768,5660.0
54769,4803.0
54770,5823.0
54771,6451.0
54772,49966.6
54773,53209.0
54774,65225.8
54775,2901.0
54776,59685.8
54777,4119.6
54778,9736.0
54779,49146.8
54780,1694.0
54781,7050.4
54782,14691.4
54783,47549.8
54784,6390.0
54785,48926.2
54786,63405.6
54787,6954.4
54788,41695.2
54789,42521.0
54790,74073.8
54791,55971.2
54792,72971.4
54793,50038.2
54794,5320.4
54795,5180.2
54796,7888.8
54797,10014.0
54798,4125.0
54799,6696.8
54800,5475.6
54801,13442.4
54802,7139.0
54803,5889.4
54804,2363.8
54805,44747.2
54806,5533.0
54807,4499.0
54808,8273.0
54809,57005.0
54810,7399.6
54811,3358.2
54812,60280.0
54813,42733.8
54814,62813.8
54815,45883.0
54816,73585.4
54817,5101.0
54818,4351.6
54819,6576.0
54820,5357.2
54821,4072.4
54822,3679.2
54823,51353.2
54824,9739.2
54825,5489.8
54826,2124.0
54827,70009.0
54828,6653.4
54829,5754.0
54830,4758.0
54831,12045.0
54832,5263.4
54833,7174.2
54834,14825.0
54835,6094.4
54836,46769.0
54837,3988.0
54838,4386.4
54839,4915.0
54840,13259.6
54841,5194.6
54842,43729.0
54843,7219.2
54844,4717.0
54845,11844.2
54846,57954.6
54847,37985.0
54848,5493.4
54849,5942.0
54850,51817.0
54851,15123.4
54852,8879.6
54853,6016.4
54854,70081.8
54855,10551.2
54856,31982.0
54857,27864.0
54858,4755.0
54859,84677.4
54860,52581.8
54861,9416.0
54862,70456.2
54863,54896.0
54864,4808.6
54865,6975.6
54866,46848.4
54867,5263.2
54868,2201.0
54869,8968.4
54870,54684.0
54871,12528.2
54872,15216.0
54873,3819.0
54874,54553.0
54875,6078.0
54876,54728.6
54877,6670.0
54878,4323.0
54879,6504.8
54880,53407.4
54881,45422.4
54882,3450.0
54883,52440.0
54884,11467.6
54885,7335.8
54886,6879.6
54887,55983.0
54888,6338.0
54889,5783.2
54890,7411.0
54891,15331.2
54892,5795.4
54893,11895.2
54894,5284.6
54895,4338.0
54896,6015.0
54897,5203.2
54898,3880.0
54899,3193.4
54900,45257.0
54901,52447.2
54902,64285.0
54903,7045.0
54904,3424.6
54905,5441.0
54906,4127.2
54907,11656.6
54908,4339.0
54909,5720.0
54910,4780.4
54911,5798.6
54912,6619.6
54913,7352.0
54914,15613.6
54915,69481.8
54916,52066.6
54917,5964.0
54918,6184.2
54919,4506.0
54920,47586.0
54921,6202.0
54922,3919.0
54923,33800.4
54924,12066.0
54925,47471.2
54926,4008.0
54927,56945.0
54928,32923.0
54929,51765.2
54930,9835.4
54931,6791.0
54932,3132.4
54933,2509.8
54934,11115.4
54935,58573.0
54936,5726.0
54937,13401.0
54938,7494.8
54939,10393.6
54940,6513.4
54941,5507.0
54942,12818.6
54943,9514.6
54944,4363.0
54945,3599.6
54946,2078.8
54947,4728.8
54948,47549.8
54949,6217.0
54950,2476.0
54951,10564.6
54952,29992.0
54953,66077.0
54954,4917.0
54955,2480.0
54956,7979.0
54957,10605.0
54958,11751.6
54959,66077.0
54960,4172.2
54961,45257.0
54962,31100.0
54963,54115.0
54964,62076.0
54965,5008.0
54966,51707.0
54967,4622.2
54968,5473.0
54969,3709.6
54970,55414.6
54971,64419.4
54972,12949.2
54973,6657.2
54974,38446.6
54975,44101.6
54976,8132.2
54977,67321.0
54978,10194.8
54979,2912.6
54980,7412.0
54981,2050.0
54982,2339.0
54983,60331.0
54984,4140.0
54985,6461.0
54986,2955.4
54987,9911.2
54988,45883.0
54989,59264.0
54990,13390.0
54991,3393.0
54992,55827.0
54993,4651.6
54994,10738.0
54995,10140.8
54996,65584.8
54997,13596.6
54998,1694.0
54999,4500.0
55000,26405.6
55001,57908.2
55002,60978.0
55003,1788.0
55004,5116.2
55005,6292.8
55006,14270.8
55007,1998.0
55008,9543.6
55009,11614.8
55010,6630.8
55011,71412.2
55012,2132.0
55013,15521.0
55014,4502.0
55015,11354.6
55016,5366.0
55017,10774.2
55018,6963.0
55019,5158.0
55020,6765.8
55021,5392.0
55022,13034.2
55023,45693.0
55024,10384.0
55025,12454.0
55026,9746.8
55027,5359.4
55028,53743.0
55029,64354.2
55030,63715.6
55031,2543.8
55032,4756.0
55033,12928.0
55034,29954.0
55035,7873.6
55036,39127.4
55037,6587.4
55038,15208.4
55039,2228.0
55040,53813.6
55041,11419.2
55042,4209.0
55043,7446.0
55044,51707.0
55045,5569.0
55046,5569.6
55047,10098.8
55048,10786.0
55049,57259.2
55050,55080.0
55051,4499.0
55052,53436.0
55053,5446.6
55054,7352.0
55055,9674.2
55056,72604.0
55057,7497.0
55058,5892.6
55059,5692.8
55060,5457.0
55061,6488.0
55062,10987.6
55063,57923.4
55064,5594.6
55065,4595.8
55066,49521.6
55067,60647.0
55068,53110.4
55069,9934.6
55070,51972.2
55071,2078.8
55072,7489.8
55073,56588.0
55074,69234.4
55075,7774.0
55076,68496.4
55077,56200.0
55078,16328.2
55079,36660.0
55080,45883.0
55081,2836.0
55082,18101.4
55083,4195.8
55084,5281.0
55085,4256.2
55086,9384.2
55087,11520.0
55088,5754.0
55089,2884.4
55090,2410.0
55091,14698.4
55092,4013.2
55093,3614.2
55094,60978.0
55095,28510.0
55096,6623.4
55097,7361.6
55098,46947.0
55099,5953.0
55100,16065.6
55101,6338.0
55102,8112.0
55103,50528.0
55104,10526.2
55105,4085.6
55106,9365.0
55107,49613.0
55108,5960.0
55109,1734.4
55110,5993.4
55111,9726.8
55112,55377.0
55113,61866.4
55114,7292.6
55115,9201.0
55116,66352.4
55117,8828.0
55118,6673.4
55119,4979.8
55120,3452.2
55121,11193.6
55122,48929.0
55123,6075.0
55124,55456.0
55125,48683.2
55126,9713.6
55127,10345.2
55128,5658.6
55129,5919.0
55130,7900.2
55131,4173.0
55132,5554.0
55133,55763.4
55134,6556.2
55135,4332.6
55136,6086.8
55137,64157.8
55138,54608.0
55139,58469.4
55140,2521.2
55141,6300.4
55142,5711.6
55143,8503.0
55144,11035.6
55145,7425.0
55146,3558.0
55147,3111.8
55148,10675.2
55149,54684.0
55150,49553.0
55151,5234.6
55152,46947.0
55153,4973.6
55154,4807.0
55155,50979.0
55156,6389.0
55157,4165.0
55158,6081.6
55159,2972.4
55160,58216.0
55161,5207.0
55162,56177.0
55163,15725.8
55164,49833.0
55165,10953.4
55166,5720.0
55167,44868.6
55168,4938.0
55169,58247.8
55170,6292.6
55171,6060.0
55172,15246.0
55173,16627.2
55174,2456.8
55175,11535.4
55176,4951.2
55177,11391.4
55178,7212.0
55179,7838.8
55180,9504.2
55181,5377.6
55182,56948.6
55183,48249.2
55184,55944.2
55185,70296.6
55186,4279.8
55187,4499.0
55188,3726.0
55189,7803.0
55190,24056.0
55191,66196.2
55192,5943.0
55193,9458.2
55194,45883.0
55195,6394.6
55196,4659.8
55197,9961.2
55198,6839.8
55199,58137.0
55200,6379.6
55201,44144.0
55202,3418.2
55203,4000.0
55204,4563.0
55205,5713.0
55206,11561.4
55207,3989.0
55208,11750.2
55209,8282.6
55210,4995.6
55211,13240.8
55212,49613.0
55213,72915.4
55214,58513.0
55215,4653.4
55216,5177.0
55217,63401.0
55218,12917.8
55219,52533.4
55220,4371.4
55221,4105.0
55222,55328.2
55223,8246.8
55224,12683.8
55225,46918.0
55226,3393.0
55227,13503.8
55228,57274.4
55229,5291.6
55230,10090.8
55231,7319.0
55232,12829.2
55233,11849.6
55234,8730.2
55235,1604.0
55236,44305.0
55237,1714.0
55238,14502.4
55239,32859.0
55240,5772.0
55241,5265.2
55242,10354.0
55243,5567.0
55244,6717.2
55245,5263.4
55246,6439.0
55247,39529.0
55248,50271.0
55249,51875.0
55250,3693.6
55251,4334.6
55252,9656.6
55253,3334.0
55254,6727.8
55255,5840.6
55256,67730.4
55257,4802.8
55258,6665.8
55259,13697.4
55260,5036.4
55261,2901.0
55262,2623.0
55263,49725.0
55264,25470.0
55265,9291.4
55266,2445.6
55267,10657.0
55268,13263.8
55269,50371.2
55270,8207.4
55271,3690.8
55272,6797.0
55273,55598.2
55274,4827.0
55275,4903.0
55276,12000.0
55277,7326.2
55278,2124.0
55279,43645.6
55280,3823.0
55281,2531.0
55282,11121.2
55283,10703.0
55284,6365.4
55285,5093.6
55286,7430.4
55287,13054.2
55288,5942.0
55289,4579.8
55290,2940.0
55291,62567.4
55292,64464.0
55293,5969.4
55294,6032.0
55295,4977.0
55296,5717.6
55297,3393.0
55298,4759.6
55299,49905.0
55300,46749.0
55301,7119.0
55302,51613.8
55303,6609.2
55304,51313.2
55305,45693.0
55306,57117.2
55307,6984.6
55308,1966.0
55309,13464.6
55310,16283.2
55311,69298.0
55312,3550.0
55313,6683.4
55314,9241.0
55315,3315.6
55316,2278.8
55317,11550.0
55318,5033.8
55319,8730.6
55320,3971.6
55321,54068.4
55322,3558.2
55323,9713.6
55324,49260.8
55325,4168.0
55326,5233.4
55327,5954.8
55328,60260.0
55329,37985.0
55330,56643.0
55331,15866.6
55332,1714.0
55333,4644.4
55334,12193.6
55335,11174.8
55336,4204.2
55337,52423.2
55338,6169.2
55339,22140.0
55340,5947.8
55341,4582.0
55342,5328.6
55343,54608.0
55344,46541.2
55345,3785.2
55346,4177.4
55347,52367.8
55348,15014.2
55349,1551.0
55350,52084.0
55351,48474.4
55352,12822.0
55353,1506.6
55354,7037.8
55355,47367.2
55356,58963.0
55357,3090.0
55358,51946.8
55359,17559.0
55360,5081.6
55361,5831.4
55362,63523.4
55363,6055.0
55364,4813.4
55365,4152.0
55366,21902.4
55367,7454.4
55368,4281.0
55369,10567.8
55370,5394.0
55371,83201.6
55372,22140.0
55373,2105.0
55374,6015.0
55375,8244.8
55376,3346.2
55377,3444.0
55378,7066.8
55379,9695.2
55380,22140.0
55381,94741.0
55382,45693.0
55383,4363.0
55384,6835.2
55385,5110.8
55386,49260.8
55387,5656.0
55388,5806.0
55389,53076.8
55390,4606.4
55391,64253.4
55392,12757.0
55393,9201.0
55394,63534.4
55395,6554.2
55396,6314.2
55397,2339.0
55398,6987.8
55399,4576.0
55400,3505.2
55401,56946.6
55402,45772.0
55403,50600.0
55404,4896.0
55405,51473.0
55406,7355.2
55407,8111.4
55408,4577.4
55409,9398.8
55410,10029.2
55411,58922.4
55412,61926.4
55413,7368.2
55414,31739.2
55415,7637.2
55416,6395.0
55417,7134.6
55418,64720.4
55419,5365.2
55420,50063.4
55421,8136.0
55422,62448.0
55423,3701.8
55424,7155.6
55425,52985.0
55426,43140.6
55427,6784.6
55428,2321.4
55429,9674.8
55430,10615.4
55431,5360.8
55432,52175.0
55433,11093.2
55434,4755.0
55435,1961.8
55436,5761.0
55437,49982.0
55438,6794.0
55439,49411.0
55440,2201.0
55441,5543.4
55442,10576.0
55443,81602.0
55444,15011.2
55445,4500.0
55446,45693.0
55447,49260.8
55448,3737.0
55449,6647.6
55450,5127.2
55451,78783.2
55452,6553.2
55453,13469.8
55454,7198.0
55455,4170.4
55456,49260.8
55457,7313.0
55458,49489.8
55459,77333.8
55460,11434.2
55461,6012.0
55462,54183.4
55463,2344.8
55464,6088.2
55465,17100.4
55466,4312.2
55467,4272.0
55468,6067.0
55469,72719.4
55470,5441.0
55471,11142.0
55472,6415.2
55473,3162.0
55474,1600.8
55475,11103.8
55476,8011.0
55477,4500.0
55478,12948.0
55479,3393.0
55480,53813.6
55481,73720.6
55482,10075.8
55483,5172.8
55484,22152.0
55485,5954.0
55486,18816.6
55487,14250.6
55488,2340.4
55489,9257.4
55490,5864.0
55491,6381.6
55492,3574.0
55493,42928.2
55494,4968.0
55495,56588.0
55496,5733.2
55497,14829.0
55498,8307.8
55499,53933.8
55500,5817.0
55501,3573.2
55502,6369.8
55503,6435.2
55504,37985.0
55505,61485.0
55506,3083.0
55507,60365.0
55508,51853.0
55509,5849.0
55510,66779.8
55511,5249.8
55512,6657.6
55513,4849.4
55514,4896.0
55515,11310.0
55516,10702.0
55517,5958.6
55518,3607.6
55519,6324.0
55520,7918.6
55521,53813.6
55522,4419.2
55523,4895.6
55524,71785.2
55525,4359.6
55526,53582.4
55527,3961.0
55528,6482.0
55529,59633.0
55530,4599.6
55531,12789.0
55532,3219.0
55533,4288.6
55534,4836.2
55535,56588.0
55536,49146.8
55537,8742.8
55538,2464.0
55539,46954.2
55540,3625.0
55541,6516.0
55542,9464.8
55543,6747.6
55544,6300.0
55545,27864.0
55546,56270.0
55547,7397.2
55548,4001.0
55549,69257.8
55550,1694.0
55551,51853.0
55552,41063.6
55553,7525.2
55554,7958.0
55555,45257.0
55556,4031.8
55557,12924.0
55558,54181.2
55559,28193.6
55560,3790.6
55561,6095.0
55562,55783.2
55563,4022.8
55564,55763.4
55565,51652.4
55566,2339.0
55567,9652.0
55568,6819.2
55569,60351.0
55570,12990.0
55571,2476.0
55572,1830.0
55573,7146.2
55574,2619.0
55575,5882.2
55576,6757.8
55577,9277.0
55578,5800.4
55579,5034.4
55580,5244.6
55581,6386.4
55582,41064.0
55583,3769.0
55584,4555.6
55585,4111.0
55586,16582.8
55587,62257.8
55588,59078.0
55589,3523.8
55590,6015.8
55591,57031.6
55592,5212.4
55593,50312.4
55594,2700.0
55595,3420.8
55596,15338.0
55597,4335.0
55598,33236.4
55599,15225.0
55600,55377.0
55601,43865.0
55602,9585.8
55603,64945.4
55604,13620.6
55605,3433.4
55606,15078.0
55607,49849.0
55608,5727.6
55609,3486.0
55610,55001.0
55611,4366.0
55612,42869.6
55613,48959.0
55614,31982.0
55615,6442.6
55616,51473.0
55617,2237.6
55618,3465.2
55619,14470.0
55620,20684.0
55621,7012.4
55622,5360.8
55623,6363.6
55624,7181.6
55625,1890.0
55626,8044.6
55627,8730.4
55628,72035.4
55629,5192.2
55630,23044.8
55631,20141.4
55632,6067.0
55633,5513.4
55634,56270.0
55635,8297.2
55636,3281.6
55637,44144.0
55638,17713.6
55639,5515.4
55640,6461.0
55641,17767.8
55642,2237.0
55643,65811.2
55644,11389.2
55645,20760.0
55646,42555.8
55647,4827.2
55648,10102.2
55649,57117.2
55650,43165.0
55651,83171.4
55652,7538.4
55653,49613.0
55654,6183.8
55655,4531.2
55656,38099.0
55657,60003.2
55658,7244.2
55659,2900.6
55660,3725.8
55661,5974.4
55662,12327.2
55663,7893.2
55664,44303.0
55665,4384.8
55666,9291.6
55667,15503.6
55668,5350.4
55669,59231.0
55670,10033.6
55671,12474.2
55672,10481.4
55673,12774.2
55674,38446.6
55675,6183.2
55676,4635.0
55677,74063.4
55678,6769.4
55679,57249.2
55680,54608.0
55681,49725.0
55682,5888.0
55683,4324.4
55684,4414.2
55685,70731.4
55686,52126.0
55687,72595.2
55688,3925.0
55689,5140.0
55690,50542.2
55691,3086.6
55692,6277.6
55693,53835.0
55694,12489.0
55695,5054.6
55696,45883.0
55697,5991.8
55698,5575.0
55699,4731.8
55700,2124.0
55701,13052.2
55702,36050.4
55703,4958.0
55704,59612.0
55705,6228.0
55706,34460.0
55707,5543.8
55708,4847.2
55709,5734.2
55710,9959.6
55711,4799.2
55712,78762.8
55713,7344.6
55714,5772.0
55715,6364.0
55716,6376.8
55717,6963.8
55718,52118.4
55719,5761.0
55720,7992.0
55721,47438.2
55722,10867.2
55723,64385.4
55724,2339.0
55725,11216.4
55726,49444.6
55727,11205.0
55728,11927.0
55729,6631.0
55730,72483.2
55731,2477.0
55732,46918.0
55733,6534.0
55734,6032.0
55735,3743.4
55736,7542.2
55737,4365.4
55738,76590.8
55739,3100.0
55740,5352.0
55741,4463.6
55742,5673.8
55743,5701.4
55744,38874.0
55745,27864.0
55746,3646.0
55747,10949.4
55748,2124.0
55749,5823.0
55750,3716.2
55751,5102.0
55752,10664.6
55753,5190.0
55754,41281.0
55755,6228.6
55756,13810.0
55757,45895.4
55758,9518.0
55759,40337.8
55760,14340.2
55761,49233.0
55762,15275.4
55763,9458.2
55764,5849.0
55765,55235.4
55766,54684.0
55767,11835.6
55768,7043.6
55769,45883.0
55770,5697.2
55771,45185.0
55772,57501.6
55773,4896.0
55774,51481.0
55775,47381.8
55776,4341.0
55777,61081.8
55778,54608.0
55779,3594.0
55780,59383.6
55781,4851.0
55782,5888.0
55783,6489.0
55784,12588.2
55785,55138.6
55786,71672.2
55787,55983.0
55788,12690.6
55789,7474.2
55790,57027.4
55791,5356.0
55792,23484.0
55793,4410.2
55794,1714.0
55795,12772.8
55796,42371.4
55797,51595.0
55798,4868.4
55799,60978.0
55800,5441.0
55801,4361.4
55802,4606.0
55803,67706.2
55804,68594.4
55805,4921.0
55806,60141.0
55807,6039.0
55808,11864.4
55809,63533.4
55810,48860.6
55811,3024.0
55812,7721.6
55813,14584.6
55814,49187.0
55815,52377.0
55816,4111.0
55817,55627.0
55818,5551.4
55819,5459.6
55820,6578.0
55821,66054.4
55822,5949.0
55823,5441.0
55824,59791.0
55825,12807.0
55826,11692.2
55827,38290.4
55828,4306.4
55829,6195.8
55830,7892.6
55831,60978.0
55832,55983.0
55833,4496.0
55834,4564.0
55835,4946.6
55836,6071.6
55837,4620.4
55838,13883.2
55839,54610.2
55840,53436.6
55841,48627.4
55842,4808.0
55843,10890.4
55844,2339.0
55845,6838.8
55846,12071.2
55847,2840.6
55848,53807.0
55849,10763.8
55850,4073.4
55851,7075.0
55852,60799.0
55853,51853.0
55854,5375.2
55855,4886.4
55856,12507.0
55857,5327.6
55858,5824.6
55859,6744.2
55860,3020.0
55861,19089.0
55862,64775.4
55863,4624.8
55864,2339.0
55865,2960.0
55866,13599.0
55867,10020.6
55868,8803.8
55869,48959.0
55870,4365.4
55871,5769.8
55872,57501.6
55873,2758.8
55874,10512.0
55875,2612.0
55876,6292.0
55877,9534.6
55878,61863.6
55879,3221.2
55880,60099.4
55881,66103.4
55882,12733.0
55883,5066.2
55884,8782.0
55885,5803.2
55886,8333.0
55887,62981.0
55888,10017.0
55889,62685.4
55890,73506.2
55891,3437.0
55892,4502.0
55893,4440.0
55894,7209.2
55895,45286.4
55896,4937.4
55897,7071.8
55898,6151.0
55899,3362.2
55900,5926.0
55901,67554.2
55902,8912.4
55903,6185.0
55904,6023.8
55905,43127.6
55906,5539.6
55907,32859.0
55908,73469.0
55909,6347.0
55910,3342.0
55911,1776.0
55912,58797.0
55913,60529.0
55914,56648.0
55915,5881.8
55916,68594.4
55917,4257.2
55918,6981.4
55919,7871.2
55920,4695.0
55921,6639.0
55922,62206.0
55923,7553.2
55924,7560.6
55925,53594.4
55926,32923.0
55927,4780.6
55928,7824.0
55929,50036.2
55930,10136.2
55931,4063.2
55932,47367.2
55933,2098.0
55934,12087.4
55935,6609.2
55936,14113.0
55937,55457.0
55938,66556.0
55939,7550.4
55940,7014.0
55941,4604.0
55942,6904.2
55943,11234.8
55944,45257.0
55945,10350.4
55946,5278.4
55947,6294.0
55948,49146.8
55949,45185.0
55950,37985.0
55951,45883.0
55952,45143.8
55953,7138.2
55954,4071.0
55955,32923.0
55956,5664.6
55957,6638.6
55958,10219.4
55959,2892.8
55960,73338.8
55961,3780.2
55962,5991.0
55963,5177.0
55964,10930.6
55965,47299.8
55966,68698.0
55967,57046.4
55968,6286.0
55969,4500.0
55970,11917.4
55971,3014.0
55972,5507.0
55973,6480.0
55974,10589.0
55975,13730.0
55976,6131.0
55977,12948.6
55978,3860.0
55979,53406.4
55980,6322.6
55981,5954.0
55982,7358.4
55983,42089.0
55984,4852.6
55985,4714.0
55986,3479.0
55987,5910.4
55988,4500.0
55989,3401.2
55990,4230.0
55991,48826.0
55992,67824.0
55993,55029.0
55994,5674.0
55995,1890.0
55996,49849.0
55997,31436.0
55998,5978.8
55999,20356.0
56000,3789.2
56001,13881.0
56002,5716.0
56003,7762.2
56004,2325.8
56005,4506.2
56006,54684.0
56007,37929.0
56008,52761.0
56009,4827.0
56010,47299.8
56011,3248.4
56012,6023.0
56013,52738.6
56014,23898.0
56015,10605.0
56016,5757.8
56017,2861.4
56018,54608.0
56019,4462.6
56020,4979.0
56021,4593.2
56022,43879.4
56023,6891.6
56024,56476.0
56025,8652.6
56026,65803.4
56027,2606.2
56028,7403.6
56029,15321.0
56030,17039.4
56031,64556.4
56032,5887.0
56033,54599.2
56034,20724.2
56035,16799.2
56036,4173.0
56037,47133.2
56038,6001.4
56039,6401.0
56040,59021.0
56041,53490.0
56042,32232.0
56043,2927.0
56044,6128.0
56045,59715.4
56046,5270.4
56047,2912.2
56048,49613.0
56049,7877.0
56050,58877.4
56051,9821.4
56052,8328.0
56053,3879.0
56054,44297.0
56055,32923.0
56056,61933.0
56057,5730.8
56058,4979.0
56059,49613.0
56060,13147.4
56061,58595.4
56062,61515.6
56063,2339.0
56064,2201.0
56065,7053.0
56066,6617.0
56067,6082.0
56068,59133.0
56069,2336.0
56070,5766.0
56071,35554.0
56072,27116.8
56073,49146.8
56074,7778.4
56075,11942.8
56076,2805.0
56077,4491.0
56078,6509.2
56079,5266.4
56080,11541.0
56081,35510.0
56082,14426.8
56083,48210.0
56084,13569.6
56085,54608.0
56086,55661.0
56087,55807.4
56088,32923.0
56089,42371.4
56090,48474.4
56091,4001.0
56092,6432.4
56093,51539.2
56094,2842.2
56095,11425.8
56096,54608.0
56097,57210.8
56098,60253.0
56099,69414.4
56100,3372.8
56101,47294.2
56102,3803.0
56103,5772.0
56104,8457.4
56105,4743.6
56106,3096.0
56107,13232.2
56108,60365.0
56109,7864.8
56110,50589.6
56111,71493.2
56112,42521.0
56113,12252.6
56114,4502.0
56115,6752.6
56116,2901.0
56117,2122.2
56118,4263.0
56119,5761.0
56120,5339.0
56121,6148.0
56122,5903.6
56123,13659.2
56124,7425.0
56125,4424.8
56126,43629.2
56127,9040.8
56128,8148.6
56129,60181.0
56130,5943.0
56131,60365.0
56132,48112.2
56133,9456.6
56134,41302.0
56135,2193.2
56136,6983.8
56137,4707.6
56138,14020.0
56139,31622.0
56140,44265.4
56141,2410.0
56142,12283.6
56143,66612.2
56144,69098.6
56145,46670.4
56146,6553.0
56147,4028.0
56148,6754.0
56149,13962.2
56150,54420.6
56151,7584.0
56152,45347.8
56153,5281.4
56154,12385.6
56155,4977.2
56156,6319.0
56157,6961.4
56158,5716.0
56159,5322.0
56160,49725.0
56161,4693.2
56162,6321.4
56163,15263.6
56164,55763.4
56165,23838.0
56166,10471.0
56167,38446.6
56168,3634.8
56169,8517.2
56170,3803.2
56171,58621.0
56172,2723.0
56173,6172.0
56174,66201.0
56175,5746.8
56176,9222.6
56177,3125.8
56178,5937.4
56179,4702.6
56180,44280.0
56181,5229.4
56182,67196.6
56183,5954.0
56184,4325.0
56185,34840.8
56186,6082.4
56187,8187.8
56188,4948.2
56189,6568.0
56190,10624.2
56191,6292.8
56192,55983.0
56193,66623.2
56194,3953.4
56195,9820.4
56196,6869.2
56197,4108.0
56198,49212.4
56199,6271.2
56200,4937.4
56201,3900.4
56202,6014.0
56203,2619.0
56204,3014.0
56205,1998.0
56206,5717.6
56207,54391.4
56208,10932.0
56209,6465.0
56210,2637.0
56211,43000.4
56212,53891.2
56213,6207.0
56214,54212.6
56215,63075.4
56216,4000.0
56217,6306.0
56218,12415.2
56219,11035.8
56220,12453.8
56221,3516.0
56222,12075.8
56223,3334.0
56224,5384.4
56225,52063.0
56226,12057.0
56227,5158.0
56228,50419.4
56229,6725.6
56230,39499.0
56231,4632.0
56232,35554.0
56233,39963.2
56234,2476.0
56235,3343.4
56236,4632.6
56237,12064.4
56238,5901.6
56239,40995.2
56240,2150.0
56241,2955.6
56242,7813.0
56243,53939.4
56244,22217.6
56245,3685.8
56246,5088.0
56247,6120.2
56248,2796.6
56249,4753.8
56250,6321.0
56251,5530.2
56252,47826.2
56253,6488.0
56254,9871.2
56255,11277.2
56256,60601.0
56257,5910.4
56258,45883.0
56259,4145.0
56260,3999.0
56261,8343.0
56262,11310.0
56263,2140.2
56264,12497.4
56265,31432.0
56266,4656.6
56267,45326.4
56268,5966.6
56269,53240.4
56270,45033.0
56271,58137.0
56272,4173.0
56273,6625.0
56274,53850.4
56275,6807.6
56276,54512.0
56277,5991.0
56278,11347.8
56279,8635.8
56280,59185.0
56281,2823.8
56282,7179.8
56283,4134.2
56284,54684.0
56285,40467.2
56286,6545.8
56287,46567.4
56288,67004.0
56289,55502.0
56290,64609.4
56291,3241.2
56292,27792.0
56293,11511.4
56294,53197.0
56295,2074.0
56296,50083.0
56297,60365.0
56298,4684.2
56299,3827.6
56300,4048.0
56301,60977.0
56302,6586.0
56303,39399.4
56304,6959.0
56305,7456.4
56306,8956.8
56307,56128.0
56308,6615.0
56309,4915.4
56310,76907.0
56311,3346.0
56312,13979.8
56313,6450.0
56314,1714.0
56315,5161.4
56316,2606.2
56317,3372.2
56318,4500.0
56319,54541.0
56320,7861.8
56321,3268.6
56322,3357.0
56323,5819.6
56324,6173.0
56325,4337.0
56326,3068.4
56327,11436.0
56328,44144.0
56329,49187.0
56330,4106.0
56331,51817.0
56332,10507.2
56333,20000.0
56334,5901.4
56335,11205.0
56336,51972.2
56337,6359.4
56338,4410.0
56339,4090.2
56340,3635.8
56341,3805.0
56342,6851.6
56343,3618.6
56344,4500.0
56345,6841.6
56346,10659.6
56347,51817.0
56348,4496.0
56349,4485.0
56350,7584.0
56351,5694.6
56352,5219.2
56353,5780.2
56354,57297.0
56355,9964.0
56356,5162.0
56357,10744.0
56358,8475.6
56359,8935.2
56360,6013.8
56361,5723.2
56362,50219.6
56363,6451.4
56364,48135.8
56365,7088.6
56366,3572.0
56367,57453.0
56368,48683.2
56369,5886.0
56370,48437.8
56371,46073.4
56372,6195.0
56373,4567.0
56374,5168.2
56375,5468.4
56376,10638.0
56377,6209.8
56378,55437.0
56379,4979.0
56380,5372.0
56381,54684.0
56382,5949.0
56383,58206.6
56384,38099.0
56385,5732.6
56386,49853.8
56387,69795.2
56388,27864.0
56389,3371.6
56390,50419.4
56391,65875.4
56392,54684.0
56393,64316.0
56394,2987.8
56395,3999.0
56396,6186.0
56397,5761.4
56398,5240.8
56399,6009.0
56400,45883.0
56401,58513.0
56402,54275.2
56403,10664.2
56404,3760.2
56405,19768.4
56406,49853.8
56407,13695.2
56408,4419.2
56409,65368.4
56410,37563.2
56411,7742.2
56412,4576.0
56413,65327.4
56414,56272.2
56415,38099.0
56416,5165.0
56417,4633.6
56418,11218.4
56419,5547.0
56420,38099.0
56421,10743.0
56422,13454.0
56423,5503.6
56424,5949.0
56425,3219.0
56426,6133.0
56427,23898.0
56428,6851.6
56429,8676.4
56430,7813.0
56431,53209.0
56432,3284.6
56433,2201.0
56434,3329.4
56435,27864.0
56436,4374.6
56437,1543.0
56438,5546.0
56439,67508.2
56440,9226.2
56441,9246.6
56442,2821.0
56443,47863.6
56444,69829.8
56445,4776.2
56446,56196.2
56447,2993.2
56448,3677.2
56449,5901.4
56450,54105.0
56451,4652.6
56452,5372.0
56453,4477.8
56454,5177.6
56455,11445.0
56456,45185.0
56457,46855.2
56458,46033.0
56459,20760.0
56460,7877.0
56461,74387.4
56462,6018.4
56463,57116.8
56464,3447.4
56465,4487.4
56466,12408.8
56467,1822.0
56468,9891.2
56469,49905.0
56470,10916.8
56471,54955.0
56472,20761.6
56473,7226.8
56474,4933.0
56475,4268.2
56476,4061.8
56477,67196.6
56478,17127.0
56479,3862.0
56480,7112.8
56481,44209.8
56482,12381.0
56483,4738.0
56484,62748.0
56485,5102.0
56486,52766.6
56487,4371.4
56488,6401.6
56489,77360.6
56490,5881.0
56491,11780.4
56492,34346.4
56493,3452.2
56494,5292.0
56495,5955.0
56496,4755.0
56497,45883.0
56498,67004.0
56499,64655.4
56500,44548.2
56501,3783.4
56502,29047.6
56503,58992.0
56504,57031.6
56505,10932.6
56506,10727.8
56507,10680.0
56508,5067.4
56509,49039.4
56510,6360.6
56511,6522.8
56512,55983.0
56513,8555.4
56514,6961.4
56515,32630.4
56516,13692.0
56517,5402.6
56518,53512.0
56519,56476.0
56520,5249.0
56521,4739.6
56522,4976.2
56523,55983.0
56524,5823.0
56525,67653.4
56526,3819.4
56527,34377.6
56528,46773.2
56529,5201.8
56530,63837.0
56531,9826.2
56532,4500.0
56533,4981.4
56534,46026.8
56535,51707.0
56536,7877.0
56537,55087.0
56538,4852.2
56539,44265.4
56540,45883.0
56541,4460.6
56542,13306.2
56543,6634.0
56544,4612.0
56545,5901.6
56546,13860.0
56547,4927.0
56548,2228.0
56549,53064.0
56550,4464.6
56551,57117.2
56552,4149.0
56553,5032.4
56554,49613.0
56555,4210.8
56556,34410.4
56557,2480.0
56558,5573.6
56559,54882.8
56560,63545.8
56561,51595.0
56562,12589.6
56563,49613.0
56564,4425.2
56565,60508.0
56566,65591.0
56567,51457.0
56568,53022.0
56569,5458.0
56570,11094.4
56571,11563.0
56572,54977.4
56573,4505.0
56574,6061.4
56575,45883.0
56576,6954.0
56577,25548.8
56578,6258.0
56579,2551.8
56580,9781.8
56581,11273.8
56582,47953.0
56583,6852.2
56584,6578.0
56585,6147.2
56586,10825.2
56587,5363.2
56588,4418.4
56589,3393.0
56590,66928.0
56591,3734.0
56592,4051.6
56593,13492.8
56594,57031.4
56595,4871.2
56596,38099.0
56597,5215.0
56598,3779.0
56599,52959.4
56600,2150.0
56601,4294.0
56602,3316.0
56603,56924.0
56604,58655.0
56605,5464.0
56606,63900.8
56607,5954.0
56608,37988.8
56609,11797.8
56610,4225.0
56611,5578.0
56612,47294.2
56613,10744.0
56614,3152.8
56615,4084.4
56616,8149.2
56617,4500.0
56618,10217.2
56619,60978.0
56620,5261.8
56621,27707.2
56622,7593.0
56623,8217.0
56624,3379.0
56625,6018.0
56626,6102.0
56627,11164.6
56628,58180.8
56629,2621.0
56630,3851.6
56631,3690.8
56632,4778.8
56633,9043.2
56634,5521.8
56635,50198.0
56636,16147.0
56637,49613.0
56638,55281.6
56639,6033.0
56640,2679.8
56641,57767.4
56642,50394.2
56643,32859.0
56644,69087.0
56645,53209.0
56646,6123.0
56647,7044.0
56648,12493.8
56649,2738.2
56650,6012.0
56651,2490.4
56652,6334.0
56653,5211.8
56654,55997.8
56655,7403.0
56656,44105.6
56657,2339.0
56658,12598.0
56659,5130.6
56660,4024.0
56661,4149.0
56662,3989.0
56663,5701.4
56664,6764.4
56665,6996.2
56666,6373.8
56667,68219.6
56668,57677.0
56669,5090.6
56670,6008.8
56671,2193.2
56672,67824.0
56673,57501.2
56674,27976.0
56675,55967.0
56676,2498.6
56677,11404.2
56678,50394.2
56679,2293.0
56680,9105.6
56681,1544.0
56682,50733.0
56683,9924.0
56684,8694.4
56685,3556.6
56686,7075.0
56687,44133.0
56688,61049.0
56689,12659.8
56690,4054.8
56691,10428.0
56692,5761.0
56693,2409.0
56694,5594.6
56695,3929.0
56696,2410.0
56697,5993.0
56698,56921.4
56699,53421.0
56700,4147.0
56701,2124.2
56702,7666.0
56703,9710.8
56704,3584.0
56705,78407.0
56706,5838.0
56707,55965.4
56708,59517.6
56709,54765.0
56710,4085.6
56711,48137.8
56712,6394.6
56713,12007.2
56714,9565.2
56715,2078.8
56716,65592.6
56717,5632.0
56718,6578.0
56719,56590.0
56720,49884.0
56721,3991.6
56722,4262.0
56723,6015.4
56724,7971.0
56725,14023.6
56726,4216.0
56727,50593.2
56728,53764.2
56729,5071.2
56730,54684.0
56731,55983.0
56732,54896.0
56733,52063.0
56734,53455.4
56735,4417.0
56736,13270.6
56737,7487.0
56738,49613.0
56739,5738.6
56740,52892.2
56741,6466.6
56742,59390.4
56743,2896.8
56744,39499.0
56745,5409.2
56746,5330.6
56747,7375.6
56748,55258.4
56749,23944.0
56750,42078.0
56751,5816.0
56752,3114.4
56753,7772.4
56754,43376.0
56755,4721.0
56756,4435.4
56757,3862.0
56758,8075.2
56759,70667.4
56760,67893.4
56761,49171.2
56762,7524.2
56763,10013.8
56764,1105.0
56765,54728.6
56766,9178.0
56767,6109.0
56768,1891.4
56769,45540.2
56770,7560.8
56771,68572.0
56772,54608.0
56773,6825.6
56774,54684.0
56775,6184.8
56776,4253.0
56777,4161.2
56778,6178.2
56779,13074.0
56780,7352.0
56781,5206.0
56782,62045.0
56783,50271.0
56784,2240.6
56785,37985.0
56786,4613.6
56787,58775.2
56788,2476.0
56789,6568.0
56790,13237.4
56791,91962.0
56792,10872.6
56793,83533.0
56794,13015.6
56795,9498.2
56796,9241.6
56797,42993.4
56798,4157.0
56799,4609.6
56800,72764.0
56801,4433.0
56802,4337.0
56803,69616.2
56804,5058.6
56805,4614.4
56806,6361.8
56807,3096.0
56808,28178.4
56809,15543.0
56810,44209.8
56811,10038.0
56812,74707.4
56813,66421.4
56814,65225.8
56815,5980.6
56816,66201.0
56817,39745.4
56818,6262.0
56819,51707.0
56820,12054.0
56821,5354.6
56822,4043.8
56823,3662.4
56824,5773.6
56825,5834.6
56826,1793.8
56827,7489.0
56828,6561.6
56829,11298.2
56830,32859.0
56831,9170.2
56832,55199.0
56833,44173.2
56834,50590.4
56835,9545.6
56836,44280.0
56837,4792.0
56838,4494.8
56839,5949.0
56840,3955.6
56841,47503.2
56842,12574.8
56843,43652.4
56844,4923.6
56845,13101.6
56846,3910.2
56847,4413.0
56848,5892.0
56849,5449.2
56850,14718.8
56851,26263.8
56852,53995.0
56853,23838.0
56854,5765.4
56855,5737.0
56856,44818.2
56857,2477.0
56858,4525.6
56859,5024.0
56860,6231.6
56861,5288.6
56862,8318.4
56863,5227.6
56864,51084.4
56865,2124.0
56866,6910.4
56867,11129.0
56868,2336.0
56869,4170.0
56870,51201.2
56871,4962.6
56872,56588.0
56873,46360.4
56874,7487.0
56875,23229.8
56876,72096.8
56877,4285.8
56878,2406.0
56879,65861.4
56880,5943.0
56881,3265.4
56882,3562.6
56883,6891.8
56884,42457.0
56885,51595.0
56886,4566.6
56887,3993.0
56888,4498.0
56889,58225.8
56890,6578.0
56891,3376.0
56892,2948.6
56893,45048.2
56894,7872.2
56895,51707.0
56896,67824.0
56897,79708.2
56898,11732.0
56899,13818.0
56900,3005.8
56901,1700.4
56902,57645.4
56903,62725.4
56904,49725.0
56905,5837.0
56906,52985.0
56907,3761.0
56908,5515.8
56909,12138.0
56910,42457.0
56911,3000.0
56912,10651.2
56913,7393.0
56914,4440.0
56915,3108.0
56916,4396.0
56917,9253.6
56918,4668.0
56919,3556.6
56920,3341.2
56921,59341.8
56922,5764.2
56923,49411.0
56924,12150.0
56925,11027.6
56926,65182.4
56927,5438.8
56928,49725.0
56929,4111.0
56930,2201.0
56931,4654.8
56932,3679.2
56933,4099.0
56934,71049.8
56935,53743.0
56936,63441.0
56937,11295.2
56938,5997.0
56939,5380.0
56940,10134.0
56941,3686.8
56942,49260.8
56943,39399.4
56944,6436.0
56945,4499.0
56946,2124.0
56947,18693.4
56948,4713.4
56949,45257.0
56950,7561.4
56951,55772.4
56952,2336.0
56953,5245.6
56954,6108.0
56955,9678.4
56956,37134.0
56957,13140.8
56958,4240.2
56959,55445.4
56960,51707.0
56961,7782.0
56962,45286.4
56963,6284.0
56964,3864.4
56965,60601.0
56966,6103.8
56967,60615.6
56968,1830.0
56969,63277.0
56970,2410.0
56971,54632.0
56972,53030.6
56973,4259.2
56974,51853.0
56975,59727.4
56976,4979.0
56977,4248.0
56978,52983.8
56979,55460.0
56980,5018.0
56981,76478.4
56982,49613.0
56983,3265.0
56984,32923.0
56985,5387.0
56986,3622.0
56987,4294.8
56988,6726.6
56989,5008.0
56990,8657.0
56991,3388.2
56992,61750.4
56993,63720.2
56994,9052.0
56995,49725.0
56996,32232.0
56997,3860.0
56998,12411.0
56999,6244.4
57000,5034.4
57001,14901.4
57002,3020.6
57003,5928.8
57004,12150.4
57005,17217.8
57006,16924.4
57007,39499.0
57008,5259.8
57009,5054.0
57010,28510.0
57011,6470.4
57012,9001.2
57013,11857.2
57014,2458.6
57015,40887.8
57016,5393.2
57017,62465.4
57018,3076.6
57019,4544.0
57020,5246.0
57021,1592.0
57022,2628.0
57023,6489.0
57024,1998.0
57025,7169.6
57026,3542.0
57027,58644.0
57028,5998.2
57029,5786.6
57030,50987.8
57031,25548.8
57032,4735.0
57033,63957.8
57034,8263.0
57035,54684.0
57036,31622.0
57037,6679.0
57038,12228.6
57039,3160.8
57040,11908.8
57041,5764.2
57042,7712.8
57043,6053.0
57044,6047.8
57045,5972.4
57046,5172.4
57047,6013.4
57048,57920.0
57049,3647.4
57050,11298.0
57051,2853.4
57052,5181.0
57053,46182.8
57054,5970.4
57055,7232.6
57056,4254.0
57057,4555.0
57058,1551.0
57059,6438.0
57060,7986.8
57061,6324.0
57062,7832.0
57063,10848.0
57064,71084.2
57065,5943.0
57066,4557.2
57067,4499.0
57068,54896.0
57069,1788.0
57070,4256.2
57071,2250.0
57072,48106.2
57073,52537.0
57074,66977.2
57075,6227.0
57076,58513.0
57077,13968.6
57078,61172.2
57079,17231.2
57080,6650.0
57081,4370.2
57082,9262.0
57083,4093.2
57084,57920.0
57085,38907.2
57086,49959.8
57087,6149.0
57088,4989.8
57089,4797.0
57090,4637.0
57091,62667.4
57092,5108.0
57093,8174.0
57094,4589.0
57095,6025.2
57096,5944.8
57097,6747.4
57098,6888.6
57099,5571.6
57100,2373.4
57101,47107.2
57102,59760.8
57103,10021.8
57104,60508.0
57105,6067.0
57106,10428.0
57107,2336.0
57108,73557.2
57109,7205.2
57110,11638.0
57111,7815.2
57112,4688.2
57113,48851.0
57114,5949.0
57115,60978.0
57116,68339.4
57117,2646.4
57118,14878.2
57119,19081.0
57120,44405.0
57121,13234.2
57122,10292.4
57123,5042.0
57124,6482.0
57125,54692.2
57126,9736.6
57127,4165.0
57128,2361.0
57129,37252.4
57130,4105.2
57131,7796.4
57132,11129.0
57133,4393.8
57134,1776.0
57135,50271.0
57136,3858.0
57137,58513.0
57138,3655.4
57139,60911.4
57140,73365.6
57141,2871.8
57142,70227.6
57143,4080.0
57144,5090.0
57145,8758.8
57146,62712.4
57147,48537.4
57148,6106.0
57149,45257.0
57150,5441.0
57151,6976.4
57152,6568.0
57153,57081.0
57154,50371.2
57155,6954.8
57156,4328.2
57157,9767.4
57158,55983.0
57159,11453.8
57160,6132.0
57161,54684.0
57162,5246.8
57163,41314.0
57164,56590.0
57165,22152.0
57166,5287.8
57167,41839.0
57168,6697.0
57169,36050.4
57170,5559.6
57171,7915.4
57172,9243.6
57173,4950.4
57174,41369.8
57175,10995.0
57176,4514.4
57177,60656.0
57178,4337.0
57179,5456.4
57180,4800.2
57181,10236.4
57182,3289.4
57183,4993.6
57184,42371.4
57185,6294.0
57186,3860.0
57187,4000.0
57188,2553.0
57189,2455.2
57190,61516.0
57191,6213.2
57192,66338.8
57193,5949.0
57194,10129.0
57195,48953.0
57196,4667.0
57197,89314.4
57198,4189.0
57199,53958.2
57200,44305.0
57201,49913.0
57202,10522.8
57203,61377.4
57204,7312.0
57205,7947.2
57206,61695.0
57207,6306.0
57208,3690.0
57209,44144.0
57210,62169.0
57211,64185.0
57212,6619.0
57213,6691.8
57214,68518.4
57215,67452.0
57216,55087.0
57217,22410.0
57218,6092.0
57219,6216.0
57220,6954.4
57221,52809.0
57222,53002.2
57223,43657.6
57224,49519.8
57225,48474.4
57226,55965.4
57227,7070.0
57228,6132.0
57229,40273.0
57230,45422.4
57231,4711.0
57232,7605.0
57233,57718.4
57234,14266.0
57235,6568.0
57236,3679.2
57237,5460.2
57238,55763.4
57239,7511.0
57240,69991.8
57241,6069.6
57242,20760.0
57243,5448.8
57244,2689.8
57245,4417.0
57246,7961.8
57247,11719.0
57248,9924.0
57249,46022.2
57250,5646.4
57251,13217.6
57252,57639.4
57253,6524.6
57254,9191.4
57255,63680.2
57256,75967.4
57257,7813.0
57258,3675.2
57259,5442.4
57260,22639.8
57261,62985.8
57262,11396.8
57263,5953.0
57264,7320.0
57265,14229.0
57266,6659.6
57267,53209.0
57268,5278.4
57269,13968.2
57270,5102.0
57271,57367.6
57272,4661.4
57273,4814.0
57274,67452.0
57275,6054.0
57276,2339.0
57277,3736.0
57278,2901.0
57279,2476.0
57280,53407.2
57281,5653.8
57282,45461.8
57283,5949.0
57284,1998.0
57285,4270.6
57286,3846.6
57287,7111.6
57288,8096.2
57289,5859.2
57290,6577.0
57291,9944.8
57292,7574.4
57293,6489.6
57294,3456.2
57295,12294.8
57296,13469.6
57297,3817.4
57298,65425.0
57299,11107.8
57300,5394.2
57301,44187.6
57302,10728.6
57303,5041.6
57304,13399.0
57305,54608.0
57306,5458.4
57307,8207.8
57308,56588.0
57309,38043.0
57310,62746.4
57311,5985.4
57312,14548.2
57313,65928.8
57314,4427.4
57315,2250.0
57316,55983.0
57317,4134.0
57318,5841.2
57319,3381.0
57320,60396.0
57321,7553.8
57322,6250.0
57323,3511.0
57324,48876.8
57325,20000.0
57326,82606.6
57327,53813.6
57328,7208.0
57329,13306.0
57330,3513.8
57331,5071.4
57332,54293.2
57333,47545.0
57334,6277.6
57335,5954.0
57336,12239.8
57337,54684.0
57338,5925.0
57339,6015.0
57340,56508.4
57341,3397.0
57342,4924.0
57343,60900.0
57344,54731.0
57345,13649.4
57346,20000.0
57347,44685.0
57348,52175.0
57349,3063.6
57350,70901.8
57351,6562.6
57352,3124.8
57353,61497.0
57354,6058.2
57355,2708.2
57356,6228.6
57357,53209.0
57358,16641.8
57359,8610.6
57360,8464.0
57361,7352.0
57362,4500.0
57363,60172.2
57364,12029.2
57365,11646.2
57366,6408.6
57367,59336.0
57368,69392.8
57369,58573.0
57370,4548.6
57371,10148.2
57372,3906.2
57373,4363.0
57374,5884.4
57375,4338.0
57376,53164.0
57377,2150.0
57378,70837.4
57379,46430.2
57380,60508.0
57381,8254.0
57382,3015.0
57383,44081.0
57384,7425.0
57385,7938.4
57386,3450.0
57387,6450.0
57388,52063.0
57389,4873.0
57390,3838.2
57391,3855.0
57392,11837.4
57393,46981.8
57394,6568.0
57395,4809.4
57396,4434.0
57397,41281.0
57398,5158.6
57399,49849.0
57400,6164.0
57401,4526.0
57402,3154.2
57403,14270.4
57404,47953.0
57405,64397.0
57406,6389.0
57407,32807.6
57408,4147.0
57409,4936.2
57410,2229.2
57411,6578.0
57412,2250.0
57413,3881.8
57414,8719.0
57415,52287.0
57416,6568.0
57417,57939.0
57418,55445.4
57419,4499.0
57420,8099.2
57421,5592.2
57422,7024.4
57423,6858.2
57424,13131.2
57425,67824.0
57426,54849.4
57427,20215.4
57428,57109.4
57429,51595.0
57430,53197.0
57431,26964.8
57432,5841.2
57433,6319.0
57434,4499.0
57435,42716.8
57436,7489.0
57437,8442.4
57438,2327.0
57439,4422.0
57440,7553.6
57441,10398.6
57442,4499.0
57443,4000.0
57444,49553.0
57445,56476.0
57446,4993.2
57447,4029.8
57448,5949.0
57449,56670.4
57450,2446.0
57451,5209.8
57452,60252.8
57453,9439.4
57454,67250.6
57455,4591.6
57456,7268.2
57457,50271.0
57458,56588.0
57459,13968.2
57460,8111.0
57461,12599.6
57462,4111.0
57463,44950.0
57464,51124.6
57465,7925.8
57466,11546.0
57467,55856.6
57468,5034.0
57469,11711.2
57470,57024.0
57471,51865.0
57472,3711.6
57473,55983.0
57474,9755.0
57475,4892.0
57476,5438.8
57477,6130.8
57478,5823.0
57479,5975.8
57480,8701.8
57481,7022.6
57482,6621.4
57483,4603.2
57484,44280.0
57485,6128.0
57486,3185.8
57487,2369.8
57488,5292.0
57489,9978.2
57490,6825.6
57491,53813.6
57492,58664.0
57493,20760.0
57494,2979.6
57495,67376.0
57496,7180.2
57497,4195.0
57498,49725.0
57499,48493.0
57500,2484.6
57501,4348.0
57502,3126.6
57503,4853.2
57504,2827.2
57505,8905.4
57506,5565.0
57507,5868.4
57508,51707.0
57509,3294.0
57510,4923.8
57511,2875.0
57512,46584.4
57513,6438.2
57514,11167.0
57515,7488.0
57516,49444.6
57517,4062.6
57518,63630.8
57519,51656.0
57520,49553.0
57521,4755.0
57522,4024.0
57523,4414.4
57524,60163.4
57525,11055.6
57526,59760.8
57527,3862.0
57528,4531.0
57529,5438.8
57530,4011.2
57531,5098.4
57532,57393.0
57533,2738.0
57534,41331.2
57535,8904.2
57536,6683.4
57537,5949.0
57538,68015.4
57539,60396.0
57540,4755.0
57541,49613.0
57542,13901.0
57543,8754.4
57544,37985.0
57545,11289.2
57546,3469.0
57547,12039.6
57548,44303.0
57549,4731.8
57550,5942.0
57551,5252.8
57552,34460.0
57553,6834.4
57554,4847.2
57555,51897.4
57556,44280.0
57557,56128.0
57558,27792.0
57559,52437.0
57560,49613.0
57561,4606.4
57562,6499.8
57563,3862.0
57564,34794.4
57565,3018.2
57566,6109.0
57567,6985.0
57568,12135.4
57569,4592.4
57570,5796.0
57571,9261.6
57572,55293.4
57573,45883.0
57574,4611.6
57575,3633.2
57576,12098.6
57577,67989.4
57578,5092.4
57579,7958.0
57580,4838.4
57581,57341.0
57582,61202.4
57583,5853.0
57584,6789.6
57585,7000.4
57586,56967.0
57587,71497.8
57588,6399.0
57589,3918.8
57590,5685.0
57591,2738.0
57592,5785.6
57593,2916.6
57594,60125.8
57595,54654.4
57596,6067.0
57597,46947.0
57598,60396.0
57599,8573.4
57600,2993.2
57601,5817.0
57602,4491.0
57603,51633.0
57604,6830.4
57605,7387.2
57606,56754.8
57607,4556.6
57608,2966.0
57609,4387.0
57610,6000.0
57611,12221.6
57612,45384.8
57613,14134.2
57614,50522.6
57615,10503.0
57616,4757.0
57617,4936.2
57618,4870.2
57619,6171.0
57620,5881.0
57621,57629.0
57622,2339.0
57623,48819.8
57624,1884.4
57625,52586.0
57626,6324.0
57627,54608.0
57628,3905.8
57629,63241.0
57630,23484.0
57631,61359.0
57632,4121.0
57633,4371.8
57634,3334.0
57635,50137.0
57636,27976.0
57637,12072.6
57638,45933.4
57639,5657.0
57640,60166.4
57641,2900.0
57642,48959.0
57643,6521.8
57644,6449.4
57645,7525.2
57646,63590.4
57647,54684.0
57648,60260.0
57649,12955.0
57650,5231.8
57651,48343.6
57652,56192.6
57653,4877.0
57654,6067.0
57655,3456.8
57656,48686.4
57657,48749.2
57658,4427.0
57659,6871.4
57660,60260.0
57661,6082.0
57662,44280.0
57663,57031.6
57664,14712.0
57665,8757.0
57666,5429.8
57667,8394.4
57668,4957.8
57669,11992.2
57670,6587.0
57671,7425.0
57672,11166.0
57673,5745.6
57674,3975.0
57675,20684.0
57676,13527.0
57677,67943.4
57678,3988.0
57679,7352.2
57680,5293.0
57681,53813.6
57682,51595.0
57683,15007.0
57684,49553.0
57685,58037.2
57686,3669.6
57687,2124.0
57688,55790.6
57689,6537.4
57690,3349.0
57691,50590.4
57692,63307.8
57693,1714.0
57694,41724.4
57695,4639.0
57696,6119.8
57697,6416.8
57698,11860.8
57699,51981.4
57700,6324.0
57701,9148.8
57702,2022.0
57703,2074.0
57704,5259.0
57705,68272.0
57706,64408.0
57707,5408.6
57708,7405.6
57709,63373.8
57710,57703.6
57711,62829.0
57712,69785.0
57713,38099.0
57714,5122.0
57715,63644.0
57716,7304.0
57717,4356.0
57718,4449.8
57719,4337.0
57720,5551.4
57721,14239.2
57722,5454.6
57723,5838.2
57724,6565.8
57725,11604.4
57726,5322.0
57727,57775.0
57728,4422.0
57729,76474.6
57730,6133.0
57731,55584.4
57732,55235.4
57733,5991.4
57734,5514.0
57735,47843.2
57736,5729.8
57737,4754.0
57738,4500.8
57739,5493.6
57740,10948.8
57741,2201.0
57742,15506.0
57743,38837.8
57744,6443.2
57745,51345.0
57746,64898.2
57747,60396.0
57748,2074.0
57749,3931.4
57750,6151.6
57751,63389.0
57752,5402.4
57753,5761.0
57754,4165.0
57755,5693.8
57756,6931.0
57757,51595.0
57758,4111.0
57759,55377.0
57760,4025.2
57761,6862.2
57762,41281.0
57763,4601.2
57764,5523.2
57765,56945.0
57766,4498.0
57767,49613.0
57768,5769.4
57769,5823.0
57770,4391.4
57771,6109.0
57772,38189.0
57773,10270.8
57774,55377.0
57775,3616.2
57776,13819.0
57777,2078.8
57778,3150.0
57779,11709.0
57780,45665.0
57781,6166.4
57782,43640.6
57783,7677.0
57784,2339.0
57785,49613.0
57786,13276.6
57787,12024.0
57788,52190.4
57789,30211.2
57790,4634.6
57791,5658.6
57792,5865.0
57793,69459.4
57794,10744.0
57795,6816.8
57796,4979.0
57797,6489.0
57798,11268.0
57799,55377.0
57800,53197.0
57801,14187.0
57802,6288.8
57803,4837.8
57804,6010.8
57805,39847.0
57806,21826.4
57807,8921.0
57808,36578.2
57809,8867.2
57810,48337.0
57811,5088.6
57812,40497.8
57813,61955.4
57814,4564.2
57815,62667.4
57816,5954.4
57817,5102.0
57818,5937.0
57819,6068.2
57820,7981.0
57821,4000.0
57822,4629.4
57823,5772.0
57824,9081.6
57825,4971.0
57826,59935.0
57827,5312.2
57828,12005.0
57829,13684.8
57830,6643.2
57831,22152.0
57832,79314.8
57833,4539.0
57834,3486.6
57835,2805.0
57836,55763.4
57837,5797.6
57838,53555.2
57839,11721.0
57840,39499.0
57841,7677.0
57842,24056.0
57843,3380.2
57844,54608.0
57845,5454.6
57846,57274.6
57847,4586.0
57848,5949.0
57849,6271.6
57850,28510.0
57851,6012.0
57852,7414.2
57853,2836.0
57854,56569.0
57855,8505.0
57856,4629.4
57857,6015.0
57858,62059.4
57859,6450.0
57860,14343.0
57861,2339.0
57862,6468.6
57863,32859.0
57864,3310.8
57865,7112.8
57866,6871.4
57867,3868.2
57868,8539.8
57869,56523.0
57870,3401.2
57871,3965.8
57872,7007.4
57873,12192.0
57874,47217.0
57875,8028.8
57876,2190.8
57877,5229.0
57878,5555.6
57879,6129.6
57880,11488.0
57881,7547.2
57882,2244.2
57883,11793.0
57884,5525.0
57885,5939.6
57886,23898.0
57887,3916.0
57888,10365.0
57889,65649.0
57890,46214.6
57891,54608.0
57892,5347.4
57893,47969.4
57894,1550.0
57895,4676.2
57896,46222.2
57897,4275.0
57898,4500.0
57899,5752.4
57900,2732.2
57901,3998.0
57902,2700.0
57903,6067.0
57904,12786.4
57905,78783.2
57906,42578.6
57907,8025.6
57908,55377.0
57909,5943.0
57910,5823.0
57911,47545.0
57912,5949.0
57913,5098.4
57914,50271.0
57915,4721.0
57916,14613.0
57917,7467.0
57918,5964.0
57919,3737.4
57920,39847.0
57921,6495.4
57922,63389.0
57923,6128.0
57924,3090.0
57925,5505.4
57926,2476.0
57927,49207.0
57928,3831.0
57929,56476.0
57930,2222.6
57931,6516.0
57932,5177.6
57933,4442.8
57934,3617.2
57935,52084.0
57936,44685.0
57937,65136.0
57938,49800.6
57939,6410.0
57940,6452.0
57941,58595.4
57942,39761.6
57943,1891.4
57944,4263.0
57945,4896.0
57946,55267.6
57947,60508.0
57948,5185.0
57949,44280.0
57950,5897.2
57951,11236.8
57952,4467.0
57953,4756.4
57954,3090.0
57955,6782.0
57956,9718.0
57957,6464.4
57958,55520.6
57959,3393.0
57960,63883.2
57961,5260.2
57962,12448.6
57963,4404.0
57964,5196.2
57965,57117.0
57966,56993.4
57967,6008.8
57968,9201.0
57969,1839.8
57970,4837.0
57971,7163.8
57972,11861.0
57973,64057.6
57974,6113.0
57975,11146.6
57976,48826.0
57977,63034.8
57978,3799.2
57979,57005.0
57980,4296.8
57981,51404.6
57982,50600.0
57983,37715.4
57984,15207.4
57985,49187.0
57986,6144.2
57987,80504.8
57988,50528.0
57989,20509.0
57990,12318.0
57991,51124.6
57992,3371.6
57993,6488.0
57994,5150.0
57995,5042.0
57996,3265.0
57997,5859.0
57998,60396.0
57999,12114.0
58000,6884.8
58001,27792.0
58002,4085.2
58003,59784.0
58004,56196.2
58005,53813.6
58006,2966.0
58007,4165.0
58008,49207.0
58009,2091.0
58010,8531.8
58011,5177.8
58012,9679.0
58013,2621.0
58014,55186.0
58015,9178.8
58016,17604.0
58017,63348.4
58018,13272.0
58019,5347.0
58020,60396.0
58021,5350.6
58022,6432.8
58023,49913.0
58024,4032.6
58025,5098.0
58026,4839.2
58027,9166.8
58028,3617.2
58029,2703.0
58030,7709.4
58031,5236.0
58032,5514.8
58033,60847.4
58034,9565.8
58035,5563.6
58036,8615.8
58037,7055.8
58038,7691.2
58039,8732.2
58040,4417.0
58041,11129.0
58042,5359.4
58043,38189.0
58044,5644.0
58045,9375.8
58046,45693.0
58047,27976.0
58048,7506.4
58049,48104.4
58050,6300.2
58051,3537.8
58052,7153.2
58053,2846.8
58054,8241.6
58055,6217.2
58056,11684.0
58057,4420.0
58058,10564.6
58059,72513.0
58060,12936.0
58061,1714.0
58062,60396.0
58063,4693.4
58064,6024.0
58065,4736.8
58066,50575.8
58067,4970.2
58068,53164.0
58069,49536.4
58070,54608.0
58071,8811.0
58072,4310.0
58073,5672.4
58074,13412.0
58075,60570.8
58076,61202.0
58077,3217.6
58078,3024.0
58079,4947.4
58080,5633.2
58081,23484.0
58082,3674.8
58083,53806.0
58084,47381.8
58085,4672.0
58086,4559.6
58087,52505.6
58088,6568.0
58089,9318.0
58090,57274.4
58091,8111.0
58092,3090.0
58093,7397.8
58094,7446.2
58095,12127.6
58096,60508.0
58097,2929.2
58098,3834.0
58099,15275.4
58100,3961.0
58101,5521.2
58102,24122.0
58103,49260.8
58104,20760.0
58105,7155.6
58106,3393.0
58107,54608.0
58108,1788.0
58109,5177.0
58110,7353.0
58111,3287.0
58112,31112.0
58113,49959.8
58114,6324.0
58115,4263.0
58116,8111.0
58117,4505.0
58118,4367.0
58119,6250.0
58120,6195.8
58121,45347.8
58122,46855.2
58123,6319.0
58124,7843.6
58125,54818.6
58126,11770.0
58127,1776.0
58128,2641.6
58129,9129.6
58130,5882.8
58131,12180.0
58132,8366.4
58133,5004.2
58134,4498.0
58135,2201.0
58136,2473.2
58137,9827.4
58138,11736.2
58139,3980.4
58140,9542.4
58141,7496.0
58142,11822.2
58143,3251.0
58144,2878.6
58145,10538.8
58146,56590.0
58147,5716.0
58148,15760.0
58149,47408.0
58150,49725.0
58151,1694.0
58152,5095.6
58153,9387.2
58154,6287.0
58155,7782.2
58156,70888.6
58157,55087.0
58158,5985.0
58159,6335.2
58160,3728.8
58161,55001.0
58162,84038.0
58163,11510.2
58164,10330.2
58165,74774.4
58166,44583.0
58167,4245.8
58168,5328.6
58169,41595.0
58170,5369.2
58171,6578.2
58172,73357.6
58173,2966.0
58174,4259.2
58175,4979.0
58176,12612.0
58177,9426.2
58178,5785.6
58179,5235.8
58180,4814.0
58181,52063.0
58182,5245.6
58183,17794.0
58184,2410.0
58185,12554.4
58186,49725.0
58187,5943.2
58188,4500.0
58189,4979.0
58190,56177.0
58191,3920.0
58192,28670.4
58193,68594.4
58194,46948.0
58195,4826.6
58196,12774.2
58197,7344.6
58198,4759.6
58199,56588.0
58200,4464.6
58201,6721.4
58202,5957.0
58203,6633.6
58204,52084.0
58205,40593.0
58206,3572.0
58207,23898.0
58208,8462.6
58209,70453.4
58210,8417.4
58211,3862.0
58212,60854.4
58213,2504.0
58214,3000.0
58215,10786.2
58216,3193.4
58217,5893.8
58218,7857.0
58219,7877.0
58220,11204.6
58221,27864.0
58222,6681.6
58223,6397.8
58224,4139.2
58225,5081.6
58226,50787.4
58227,13052.8
58228,6314.0
58229,5757.0
58230,12207.8
58231,55377.0
58232,4348.0
58233,44045.2
58234,3417.4
58235,10722.0
58236,4032.4
58237,5187.0
58238,50726.4
58239,12493.6
58240,6111.6
58241,6243.0
58242,7103.6
58243,5904.0
58244,38190.4
58245,6754.6
58246,11318.8
58247,19870.6
58248,4417.0
58249,6048.8
58250,57311.0
58251,3862.0
58252,40949.6
58253,32859.0
58254,52921.6
58255,2993.2
58256,57629.0
58257,11288.8
58258,4491.0
58259,8256.4
58260,55143.6
58261,57784.4
58262,8118.0
58263,5014.0
58264,7426.0
58265,6086.8
58266,5978.8
58267,3125.8
58268,3393.0
58269,2647.0
58270,43149.2
58271,4971.0
58272,49849.0
58273,71900.8
58274,7283.8
58275,56476.0
58276,49725.0
58277,2971.8
58278,56183.4
58279,4658.0
58280,14438.0
58281,4606.0
58282,6488.0
58283,49212.4
58284,37594.0
58285,6441.8
58286,6667.6
58287,64185.0
58288,4391.8
58289,6634.0
58290,2901.0
58291,50787.4
58292,6493.6
58293,6067.0
58294,35490.0
58295,2504.0
58296,38099.0
58297,13052.6
58298,6580.2
58299,66794.4
58300,11453.6
58301,12709.2
58302,4736.2
58303,40542.4
58304,4610.2
58305,13058.2
58306,41512.0
58307,59336.0
58308,10343.4
58309,60978.0
58310,9237.0
58311,6576.0
58312,1694.0
58313,4613.6
58314,4028.0
58315,6488.0
58316,2588.0
58317,5380.0
58318,5305.8
58319,44280.0
58320,6200.0
58321,48343.6
58322,1543.0
58323,4650.2
58324,61675.0
58325,6246.0
58326,6286.0
58327,48324.8
58328,5396.4
58329,5764.2
58330,54684.0
58331,5910.4
58332,15018.8
58333,4272.0
58334,5509.8
58335,5182.2
58336,7490.6
58337,7413.6
58338,6551.2
58339,5658.6
58340,14507.6
58341,10796.2
58342,1776.0
58343,8881.2
58344,61106.0
58345,6569.4
58346,5414.0
58347,15132.6
58348,10848.0
58349,10104.0
58350,32859.0
58351,4314.6
58352,6488.0
58353,28648.0
58354,2826.2
58355,4756.0
58356,6925.8
58357,58326.6
58358,5247.6
58359,6292.0
58360,11027.8
58361,75335.6
58362,7614.0
58363,12475.2
58364,7842.8
58365,3117.4
58366,6376.8
58367,10359.6
58368,2615.4
58369,4291.2
58370,4659.0
58371,45257.0
58372,7727.8
58373,4327.0
58374,3330.0
58375,5466.6
58376,5292.0
58377,47028.0
58378,39344.0
58379,5672.8
58380,50075.4
58381,4131.0
58382,7622.0
58383,53433.0
58384,53585.0
58385,2901.0
58386,15099.0
58387,3393.0
58388,4859.4
58389,4080.0
58390,40746.6
58391,4011.6
58392,5450.6
58393,54896.0
58394,4071.4
58395,66201.0
58396,54608.0
58397,60003.2
58398,4373.0
58399,55088.4
58400,6016.0
58401,2444.4
58402,5032.0
58403,5857.0
58404,3997.4
58405,5687.2
58406,4536.6
58407,4290.4
58408,5823.0
58409,5844.2
58410,47503.2
58411,57806.6
58412,5066.8
58413,48975.4
58414,11102.2
58415,8536.4
58416,5144.8
58417,48785.0
58418,49725.0
58419,55790.6
58420,5220.2
58421,76474.6
58422,44280.0
58423,59585.0
58424,4274.6
58425,5379.8
58426,48101.2
58427,5838.0
58428,6472.4
58429,59009.4
58430,3251.0
58431,4083.2
58432,12785.2
58433,50083.0
58434,45257.0
58435,13103.8
58436,22140.0
58437,5507.0
58438,10582.8
58439,7727.8
58440,4663.0
58441,5284.0
58442,57367.6
58443,56992.8
58444,14868.0
58445,8664.0
58446,4757.2
58447,23838.0
58448,25159.2
58449,49725.0
58450,3823.2
58451,2822.0
58452,4332.8
58453,52509.8
58454,9257.4
58455,59374.6
58456,4453.0
58457,10018.0
58458,60631.0
58459,72589.8
58460,2074.0
58461,3662.4
58462,48826.0
58463,3971.0
58464,5925.4
58465,4797.0
58466,8708.8
58467,17738.0
58468,4200.0
58469,52440.0
58470,7045.0
58471,54067.2
58472,6027.0
58473,60406.4
58474,7949.2
58475,3751.0
58476,49553.0
58477,46246.2
58478,9241.0
58479,6360.4
58480,4524.2
58481,13957.8
58482,5476.8
58483,6669.6
58484,3376.6
58485,6317.4
58486,1600.8
58487,42555.8
58488,3754.0
58489,44483.0
58490,7495.8
58491,56588.0
58492,63737.0
58493,6760.2
58494,6178.2
58495,4330.0
58496,4153.4
58497,54481.0
58498,4549.2
58499,2723.0
58500,1755.0
58501,10164.2
58502,5943.0
58503,46769.0
58504,5649.2
58505,60232.0
58506,9571.4
58507,3365.2
58508,4576.0
58509,5858.0
58510,47782.0
58511,41063.6
58512,4992.6
58513,11205.0
58514,12885.0
58515,6977.2
58516,11150.4
58517,9480.0
58518,5351.0
58519,28188.0
58520,6448.4
58521,6149.0
58522,56172.8
58523,6285.2
58524,4438.4
58525,4268.2
58526,6114.6
58527,9277.0
58528,3790.6
58529,8189.0
58530,57263.4
58531,55088.4
58532,48291.0
58533,4149.0
58534,6323.0
58535,6799.0
58536,27864.0
58537,5888.0
58538,7402.4
58539,2491.6
58540,52063.0
58541,8523.6
58542,14700.6
58543,3894.0
58544,48975.4
58545,5024.0
58546,6573.0
58547,9981.2
58548,7525.6
58549,4167.0
58550,6315.4
58551,6067.0
58552,65308.4
58553,16917.0
58554,8637.6
58555,52452.0
58556,47949.0
58557,6388.0
58558,8757.0
58559,4687.4
58560,2512.8
58561,8669.6
58562,5218.2
58563,6174.0
58564,6136.6
58565,4222.4
58566,9201.0
58567,7160.0
58568,10898.4
58569,6246.0
58570,7584.0
58571,5041.4
58572,7786.6
58573,62157.0
58574,10680.0
58575,3511.0
58576,64285.0
58577,5177.0
58578,49613.0
58579,45257.0
58580,11246.6
58581,60530.6
58582,6583.8
58583,4499.0
58584,62739.4
58585,5960.0
58586,2296.8
58587,7135.0
58588,59195.6
58589,4614.8
58590,4357.0
58591,6223.2
58592,30278.4
58593,50853.8
58594,66626.6
58595,10557.6
58596,7507.4
58597,55504.2
58598,47561.2
58599,55377.0
58600,12927.4
58601,48289.0
58602,5322.0
58603,5102.0
58604,2098.0
58605,6597.8
58606,49959.8
58607,52522.0
58608,5754.8
58609,55763.4
58610,13242.0
58611,44144.0
58612,4979.0
58613,4077.0
58614,11270.4
58615,9721.8
58616,9136.0
58617,6395.0
58618,62202.4
58619,5876.8
58620,55517.0
58621,5441.0
58622,13524.0
58623,5406.8
58624,47647.0
58625,44685.0
58626,8610.0
58627,60508.0
58628,7159.0
58629,55965.4
58630,6453.4
58631,4755.0
58632,48780.8
58633,6967.6
58634,5109.8
58635,4554.8
58636,8730.2
58637,45759.2
58638,29992.0
58639,1544.0
58640,2683.0
58641,51313.2
58642,63065.0
58643,5764.2
58644,67450.6
58645,9153.8
58646,6502.0
58647,36437.4
58648,4357.0
58649,7991.6
58650,16284.6
58651,5291.6
58652,11129.8
58653,31982.0
58654,48975.4
58655,57332.0
58656,8464.0
58657,57544.0
58658,4589.0
58659,2409.0
58660,6320.2
58661,6376.0
58662,6756.0
58663,4170.0
58664,3779.8
58665,20684.0
58666,17051.8
58667,6502.0
58668,2688.0
58669,60601.0
58670,9201.0
58671,57628.8
58672,7857.4
58673,38458.6
58674,54608.0
58675,10936.6
58676,5406.8
58677,2454.0
58678,3254.0
58679,49207.0
58680,4106.8
58681,6851.4
58682,4699.0
58683,56992.8
58684,38253.0
58685,14643.0
58686,68202.6
58687,11515.2
58688,5778.6
58689,5633.0
58690,6450.0
58691,4000.0
58692,37985.0
58693,57295.8
58694,7087.4
58695,2336.0
58696,3810.4
58697,55377.0
58698,11015.4
58699,61357.8
58700,3023.0
58701,3999.0
58702,4651.6
58703,6502.0
58704,9917.4
58705,5355.2
58706,45665.0
58707,59633.0
58708,11616.0
58709,4459.4
58710,3156.4
58711,4131.0
58712,60377.0
58713,6306.0
58714,8187.8
58715,3524.4
58716,11960.6
58717,2303.0
58718,46264.2
58719,54337.0
58720,6978.2
58721,5621.0
58722,4428.6
58723,4475.6
58724,11120.8
58725,5345.2
58726,57263.4
58727,60526.0
58728,58734.0
58729,32859.0
58730,6442.8
58731,10417.8
58732,3598.4
58733,4145.0
58734,68331.2
58735,1890.0
58736,11690.8
58737,7136.8
58738,11443.4
58739,4064.6
58740,7425.0
58741,12005.0
58742,6452.8
58743,7397.2
58744,3979.0
58745,54684.0
58746,3343.8
58747,4142.8
58748,4979.0
58749,36700.0
58750,47503.2
58751,7428.2
58752,4075.2
58753,4037.8
58754,7719.0
58755,5435.6
58756,4166.0
58757,74063.4
58758,3999.0
58759,4131.0
58760,9226.6
58761,4341.0
58762,9474.4
58763,5381.6
58764,5179.0
58765,7050.0
58766,8032.0
58767,3975.6
58768,71666.6
58769,9010.6
58770,13064.0
58771,5865.6
58772,6460.0
58773,4229.6
58774,10561.8
58775,59229.2
58776,3976.6
58777,41387.4
58778,6796.0
58779,51707.0
58780,23838.0
58781,3229.6
58782,6568.0
58783,5865.8
58784,7134.0
58785,5543.8
58786,49849.0
58787,9108.0
58788,5868.4
58789,45070.4
58790,6582.2
58791,67465.8
58792,4395.2
58793,32859.0
58794,62748.0
58795,47294.4
58796,8184.4
58797,10640.0
58798,3627.0
58799,14679.0
58800,9600.4
58801,12948.8
58802,56017.0
58803,8578.8
58804,5942.0
58805,8703.0
58806,7745.2
58807,6324.0
58808,63523.4
58809,6067.0
58810,10355.4
58811,6319.0
58812,50787.4
58813,40938.4
58814,5230.6
58815,4561.0
58816,3128.4
58817,3675.0
58818,49613.0
58819,5082.2
58820,8604.8
58821,3298.0
58822,7877.0
58823,5260.4
58824,3148.8
58825,6488.0
58826,44818.2
58827,4327.0
58828,5503.8
58829,58039.6
58830,5849.0
58831,52262.4
58832,23944.0
58833,5505.0
58834,6685.4
58835,55520.6
58836,4681.6
58837,8564.0
58838,5548.4
58839,11238.0
58840,6389.0
58841,57709.2
58842,4589.0
58843,71327.0
58844,51127.4
58845,24122.0
58846,4331.8
58847,5991.0
58848,7020.8
58849,6568.0
58850,4615.0
58851,46769.0
58852,57393.0
58853,8762.8
58854,47953.8
58855,4489.8
58856,3862.0
58857,3999.0
58858,3841.6
58859,55661.0
58860,4610.2
58861,3803.2
58862,59239.8
58863,12122.4
58864,55345.8
58865,60260.0
58866,53892.2
58867,11490.6
58868,52586.0
58869,10848.0
58870,57327.4
58871,5364.8
58872,9726.8
58873,5124.0
58874,7950.0
58875,76151.4
58876,6309.8
58877,2481.8
58878,54858.0
58879,4858.8
58880,54765.0
58881,51450.6
58882,6109.0
58883,6018.4
58884,58135.8
58885,79731.0
58886,59021.0
58887,20684.0
58888,5090.6
58889,28510.0
58890,3325.0
58891,68518.4
58892,7654.2
58893,52063.0
58894,59421.6
58895,2124.0
58896,6615.0
58897,6028.2
58898,4809.0
58899,4663.2
58900,7332.0
58901,52190.4
58902,12080.6
58903,58769.8
58904,57390.0
58905,13990.2
58906,3584.0
58907,8796.6
58908,6482.0
58909,4502.0
58910,5922.8
58911,5177.0
58912,4111.0
58913,68665.0
58914,6829.6
58915,57420.2
58916,36050.4
58917,53913.4
58918,2836.0
58919,4099.0
58920,10439.0
58921,54627.8
58922,4792.0
58923,12082.4
58924,3052.4
58925,3422.4
58926,62994.0
58927,5949.0
58928,60786.2
58929,51417.0
58930,8220.0
58931,1714.0
58932,7176.8
58933,2912.6
58934,3809.8
58935,4050.4
58936,4803.6
58937,56590.0
58938,62617.0
58939,3777.2
58940,58021.8
58941,47385.0
58942,11540.4
58943,11244.2
58944,68639.0
58945,3228.6
58946,5767.6
58947,9033.0
58948,57544.0
58949,4056.0
58950,54684.0
58951,7127.6
58952,50600.0
58953,2410.0
58954,10749.6
58955,4523.8
58956,4173.0
58957,4427.0
58958,40938.4
58959,1694.0
58960,6223.0
58961,50315.8
58962,8153.0
58963,2074.0
58964,3126.6
58965,10569.0
58966,4020.0
58967,8111.0
58968,6026.4
58969,6578.0
58970,1776.0
58971,10134.0
58972,2913.4
58973,6661.0
58974,5042.0
58975,55502.0
58976,62000.0
58977,16827.0
58978,6497.6
58979,54025.2
58980,6961.4
58981,3862.0
58982,3090.0
58983,55951.8
58984,4111.0
58985,51619.8
58986,4797.0
58987,6632.0
58988,6067.0
58989,65081.0
58990,1443.0
58991,3789.2
58992,7950.0
58993,53911.8
58994,8916.4
58995,6737.4
58996,10780.0
58997,46275.6
58998,11326.4
58999,5616.4
59000,41064.0
59001,10743.6
59002,2700.0
59003,9798.2
59004,4403.8
59005,4778.0
59006,54608.0
59007,55763.4
59008,11998.4
59009,10223.0
59010,7785.4
59011,4596.8
59012,10847.4
59013,5026.0
59014,1830.0
59015,8606.8
59016,5604.2
59017,45145.0
59018,7487.0
59019,4061.0
59020,70408.8
59021,9176.4
59022,4924.0
59023,13889.0
59024,7902.2
59025,5102.0
59026,5835.6
59027,11718.8
59028,71412.2
59029,76058.4
59030,9301.0
59031,13936.6
59032,9510.0
59033,6069.0
59034,6133.0
59035,2410.0
59036,6212.8
59037,7676.8
59038,32859.0
59039,44133.0
59040,60396.0
59041,6158.0
59042,57031.6
59043,4577.4
59044,51303.8
59045,59918.8
59046,17222.8
59047,8790.0
59048,6195.8
59049,4930.8
59050,2814.2
59051,6172.0
59052,4866.0
59053,5441.0
59054,12766.4
59055,5206.0
59056,17604.0
59057,5942.0
59058,4453.0
59059,5845.6
59060,78234.2
59061,8741.0
59062,62966.0
59063,6363.4
59064,8623.6
59065,5949.0
59066,3864.0
59067,7412.0
59068,8443.0
59069,75515.8
59070,13687.6
59071,3716.2
59072,28193.6
59073,13251.0
59074,13693.2
59075,2228.0
59076,57903.0
59077,54025.2
59078,58188.8
59079,10491.2
59080,8959.8
59081,4567.2
59082,3828.2
59083,22533.4
59084,13014.4
59085,14767.2
59086,28510.0
59087,5380.4
59088,8145.6
59089,10782.0
59090,51707.0
59091,58380.0
59092,64061.0
59093,4351.6
59094,5491.6
59095,5629.8
59096,53943.4
59097,5326.6
59098,2814.6
59099,3765.0
59100,10774.6
59101,4338.6
59102,6132.0
59103,45693.0
59104,5823.0
59105,8147.8
59106,6825.6
59107,6787.6
59108,7732.0
59109,4925.0
59110,5205.2
59111,45877.4
59112,4500.0
59113,4022.2
59114,54329.0
59115,6166.0
59116,58513.0
59117,58039.6
59118,4042.0
59119,5406.2
59120,4395.0
59121,15209.0
59122,6578.0
59123,6168.2
59124,3985.4
59125,14512.6
59126,7603.2
59127,13126.0
59128,10141.4
59129,3000.0
59130,53743.0
59131,4506.0
59132,6082.0
59133,8266.6
59134,3819.0
59135,56992.8
59136,50528.0
59137,10753.2
59138,57235.4
59139,77468.2
59140,47953.0
59141,2225.4
59142,6395.0
59143,6053.0
59144,2477.0
59145,54181.2
59146,5584.0
59147,7425.0
59148,56121.0
59149,64500.0
59150,5829.2
59151,45355.6
59152,60786.2
59153,78249.4
59154,3526.6
59155,3607.6
59156,64965.4
59157,61933.0
59158,62461.2
59159,5833.0
59160,7985.6
59161,5829.0
59162,6750.6
59163,6770.0
59164,49849.0
59165,56056.6
59166,5488.0
59167,6676.8
59168,5943.0
59169,49725.0
59170,4613.0
59171,1604.0
59172,5449.2
59173,3188.0
59174,4805.2
59175,3999.0
59176,41063.6
59177,6598.2
59178,62718.4
59179,45471.2
59180,8217.0
59181,9926.6
59182,6469.2
59183,7313.0
59184,9734.2
59185,41928.0
59186,5702.0
59187,4146.8
59188,5658.4
59189,49669.2
59190,39321.0
59191,6555.0
59192,4413.0
59193,5985.0
59194,13545.0
59195,5052.8
59196,50726.4
59197,8307.0
59198,9999.2
59199,7226.4
59200,4715.0
59201,54798.2
59202,2502.8
59203,6174.0
59204,4969.0
59205,6512.4
59206,18379.0
59207,4453.0
59208,40833.2
59209,6372.4
59210,7412.0
59211,57430.2
59212,50893.2
59213,50271.0
59214,51794.0
59215,1902.0
59216,4979.0
59217,4502.4
59218,48410.8
59219,4594.8
59220,4715.0
59221,6569.4
59222,4683.0
59223,61695.0
59224,8127.0
59225,6223.0
59226,12990.2
59227,48697.6
59228,7421.4
59229,12144.4
59230,6121.4
59231,5668.2
59232,12469.6
59233,3751.0
59234,7813.0
59235,51010.0
59236,7238.4
59237,59336.0
59238,76788.2
59239,49541.2
59240,4417.0
59241,6166.0
59242,3470.0
59243,6520.6
59244,3759.8
59245,5050.2
59246,3095.8
59247,11623.6
59248,1714.0
59249,5509.2
59250,6863.4
59251,9938.4
59252,57796.2
59253,66928.0
59254,6886.2
59255,2276.0
59256,5517.2
59257,7487.0
59258,2124.0
59259,6150.2
59260,3064.0
59261,7080.2
59262,5322.0
59263,32923.0
59264,67376.0
59265,51482.8
59266,4413.0
59267,4028.0
59268,80845.6
59269,69199.0
59270,2150.0
59271,2080.0
59272,10084.6
59273,8237.8
59274,1527.0
59275,8927.0
59276,17653.0
59277,45185.0
59278,6966.0
59279,52771.0
59280,3228.8
59281,4363.0
59282,4305.0
59283,4188.6
59284,55983.0
59285,4564.0
59286,45432.8
59287,2413.0
59288,4993.0
59289,63635.4
59290,4291.6
59291,22140.0
59292,54989.0
59293,28510.0
59294,6667.2
59295,6195.8
59296,4588.0
59297,77756.0
59298,4338.0
59299,4921.6
59300,7223.4
59301,70364.0
59302,6079.8
59303,60396.0
59304,56271.0
59305,50409.8
59306,3988.0
59307,2339.0
59308,6429.8
59309,6843.2
59310,5953.0
59311,9643.0
59312,12453.0
59313,5925.6
59314,12044.0
59315,11039.6
59316,55502.0
59317,48798.0
59318,49117.6
59319,59612.0
59320,6133.8
59321,3788.8
59322,4500.0
59323,63321.8
59324,59527.0
59325,2929.2
59326,4526.2
59327,15107.0
59328,14427.0
59329,6109.0
59330,65615.0
59331,57718.4
59332,5702.8
59333,57367.6
59334,8949.6
59335,45883.0
59336,4648.0
59337,35765.2
59338,5766.0
59339,55694.4
59340,5147.8
59341,8875.2
59342,60656.0
59343,7014.2
59344,6650.0
59345,44209.8
59346,17367.0
59347,6565.8
59348,4656.0
59349,8684.4
59350,6324.6
59351,1839.6
59352,6138.2
59353,68213.4
59354,6693.6
59355,3424.2
59356,4028.0
59357,7246.4
59358,6509.6
59359,7752.0
59360,5612.2
59361,3719.2
59362,58671.4
59363,37985.0
59364,23424.0
59365,5903.6
59366,4947.2
59367,3555.2
59368,4001.4
59369,55983.0
59370,8829.0
59371,5381.4
59372,11129.0
59373,53164.0
59374,6568.0
59375,1664.8
59376,4499.0
59377,55445.4
59378,53064.0
59379,37985.0
59380,12433.6
59381,7135.0
59382,3126.6
59383,7737.8
59384,5178.0
59385,52287.0
59386,41243.8
59387,2182.0
59388,47686.8
59389,4722.4
59390,45243.6
59391,7685.0
59392,8027.2
59393,56702.0
59394,32923.0
59395,12022.6
59396,72460.8
59397,10728.2
59398,5177.0
59399,5064.0
59400,68807.4
59401,10205.0
59402,6023.6
59403,12259.0
59404,9932.2
59405,3813.2
59406,5825.6
59407,6403.8
59408,36712.0
59409,5384.4
59410,7507.4
59411,6754.6
59412,15321.0
59413,5502.4
59414,10718.2
59415,1755.0
59416,4557.8
59417,4317.0
59418,6133.0
59419,8111.0
59420,12937.8
59421,5165.8
59422,53259.4
59423,39963.2
59424,8443.4
59425,60103.4
59426,5208.8
59427,57031.6
59428,57768.0
59429,5283.8
59430,3015.0
59431,4620.8
59432,6545.2
59433,53813.6
59434,60656.0
59435,2422.6
59436,10932.2
59437,5019.6
59438,5604.2
59439,54639.4
59440,51350.8
59441,6302.0
59442,7352.0
59443,5720.0
59444,9448.6
59445,2516.2
59446,3519.4
59447,3051.0
59448,65629.0
59449,5113.4
59450,5441.0
59451,3988.0
59452,4042.0
59453,58510.0
59454,50271.0
59455,49207.0
59456,4222.4
59457,4097.6
59458,5899.2
59459,7379.0
59460,5441.0
59461,57544.0
59462,5432.8
59463,3360.4
59464,7497.0
59465,2228.0
59466,7352.0
59467,5102.0
59468,10932.0
59469,4111.0
59470,68572.0
59471,7262.2
59472,44369.4
59473,5035.0
59474,9688.8
59475,6568.0
59476,2150.0
59477,8336.0
59478,59712.0
59479,6804.2
59480,7212.0
59481,7774.0
59482,8288.2
59483,4827.0
59484,3142.0
59485,51316.2
59486,12244.6
59487,53813.6
59488,45693.0
59489,6985.0
59490,47385.0
59491,5125.6
59492,6650.0
59493,2124.0
59494,7955.0
59495,5868.4
59496,50542.2
59497,5743.0
59498,5316.0
59499,10236.0
59500,5942.0
59501,45426.2
59502,3336.0
59503,6145.2
59504,4009.0
59505,4725.2
59506,9459.4
59507,2673.8
59508,5547.4
59509,61030.4
59510,2276.0
59511,6665.8
59512,11205.0
59513,50038.2
59514,7510.4
59515,5823.0
59516,4569.8
59517,72223.2
59518,57036.8
59519,47647.0
59520,23097.0
59521,22152.0
59522,5322.0
59523,51671.8
59524,2723.0
59525,7033.0
59526,9994.4
59527,7842.6
59528,18519.2
59529,6345.8
59530,7182.0
59531,2336.0
59532,5015.4
59533,41610.0
59534,5179.0
59535,7147.8
59536,5167.0
59537,7007.4
59538,8597.4
59539,38099.0
59540,45883.0
59541,11276.2
59542,47367.2
59543,3778.2
59544,3928.0
59545,4337.0
59546,4500.0
59547,45693.0
59548,4161.4
59549,3999.0
59550,51595.0
59551,7251.0
59552,3966.0
59553,56458.4
59554,4994.4
59555,3089.2
59556,54896.0
59557,2723.0
59558,69168.0
59559,7906.4
59560,5763.0
59561,5127.8
59562,44583.0
59563,51550.4
59564,57945.4
59565,4977.8
59566,2464.0
59567,3695.4
59568,47449.0
59569,47503.2
59570,46246.2
59571,1924.0
59572,45693.0
59573,32859.0
59574,6093.8
59575,47385.0
59576,10680.0
59577,53913.0
59578,7736.0
59579,52880.6
59580,4125.0
59581,53835.0
59582,42733.8
59583,4294.0
59584,51859.2
59585,41314.0
59586,10694.0
59587,15610.2
59588,58949.0
59589,57031.6
59590,3662.4
59591,7074.8
59592,4741.8
59593,11469.0
59594,7347.0
59595,3981.8
59596,4951.8
59597,6082.0
59598,55853.2
59599,59881.4
59600,62679.2
59601,1830.0
59602,4989.8
59603,54684.0
59604,15542.2
59605,6180.0
59606,10376.4
59607,70713.8
59608,3716.2
59609,4571.6
59610,9770.4
59611,53907.0
59612,4649.0
59613,2518.0
59614,4672.0
59615,2477.0
59616,5925.8
59617,6557.0
59618,4524.4
59619,5137.4
59620,42056.0
59621,7496.0
59622,4099.0
59623,5549.0
59624,6803.8
59625,70387.6
59626,12112.6
59627,67295.0
59628,4557.2
59629,8343.4
59630,7193.4
59631,9105.0
59632,63182.2
59633,59517.6
59634,4437.0
59635,47205.0
59636,4102.8
59637,4500.0
59638,5974.0
59639,6109.0
59640,5203.4
59641,5214.4
59642,3988.0
59643,11668.0
59644,13805.4
59645,4979.0
59646,1905.6
59647,4417.0
59648,2222.6
59649,6202.2
59650,6793.2
59651,58289.0
59652,4764.4
59653,6343.4
59654,51972.2
59655,65305.0
59656,5881.0
59657,54608.0
59658,20684.0
59659,6139.2
59660,3557.4
59661,36050.4
59662,63971.4
59663,67376.0
59664,6258.0
59665,41839.0
59666,15341.2
59667,2871.8
59668,70310.4
59669,10270.8
59670,66928.0
59671,48478.6
59672,11593.0
59673,62829.0
59674,89428.6
59675,5872.2
59676,9213.8
59677,6395.0
59678,67146.4
59679,4275.0
59680,65143.0
59681,42521.0
59682,49613.0
59683,45995.2
59684,4165.0
59685,7550.4
59686,4170.0
59687,4997.4
59688,4943.8
59689,6324.0
59690,9201.0
59691,55781.4
59692,5407.4
59693,49553.0
59694,59510.4
59695,65660.0
59696,6067.0
59697,32923.0
59698,57920.0
59699,58595.4
59700,6885.0
59701,5310.0
59702,9316.0
59703,42521.0
59704,7228.2
59705,11520.0
59706,3691.2
59707,2203.4
59708,4735.2
59709,8118.8
59710,61982.0
59711,57767.4
59712,4917.0
59713,63781.8
59714,12390.4
59715,51707.0
59716,4331.8
59717,7777.2
59718,54566.6
59719,11856.0
59720,49959.8
59721,54684.0
59722,74947.4
59723,50038.2
59724,53645.0
59725,5711.6
59726,51817.0
59727,5817.0
59728,9590.2
59729,60396.0
59730,9955.0
59731,4969.0
59732,54608.0
59733,5098.0
59734,6396.0
59735,58373.2
59736,10495.2
59737,68889.0
59738,2669.0
59739,60978.0
59740,4101.8
59741,3498.4
59742,8884.6
59743,54025.2
59744,11129.0
59745,37985.0
59746,5680.2
59747,6990.2
59748,6696.8
59749,10235.6
59750,47549.6
59751,15692.0
59752,13662.0
59753,4974.0
59754,41127.6
59755,4187.4
59756,9473.2
59757,10171.4
59758,9249.8
59759,8664.0
59760,56476.0
59761,4486.4
59762,27792.0
59763,3140.0
59764,55502.0
59765,10414.8
59766,6522.4
59767,63271.8
59768,56590.0
59769,8946.0
59770,3822.0
59771,60181.0
59772,6039.0
59773,6780.4
59774,48569.0
59775,56702.0
59776,31982.0
59777,5943.0
59778,44280.0
59779,6754.6
59780,3806.8
59781,4001.0
59782,7743.8
59783,3238.6
59784,6439.2
59785,9372.6
59786,48210.0
59787,7623.8
59788,4863.2
59789,10248.0
59790,8663.6
59791,48680.2
59792,3334.0
59793,40515.8
59794,4058.2
59795,7376.0
59796,55306.6
59797,8844.4
59798,8112.0
59799,61223.4
59800,3987.8
59801,49725.0
59802,3157.8
59803,4282.0
59804,5339.0
59805,4653.6
59806,55088.4
59807,37233.0
59808,8893.4
59809,4016.6
59810,3090.0
59811,52377.0
59812,55508.4
59813,8126.2
59814,11240.6
59815,10703.6
59816,67353.8
59817,6682.0
59818,49875.8
59819,10349.4
59820,54896.0
59821,5183.4
59822,13730.0
59823,2935.6
59824,6068.6
59825,9459.4
59826,6482.0
59827,60508.0
59828,68388.2
59829,4008.6
59830,3819.0
59831,55983.0
59832,10437.0
59833,68991.2
59834,2476.0
59835,52287.0
59836,11206.0
59837,9355.8
59838,55377.0
59839,5953.0
59840,56333.0
59841,59927.8
59842,44209.8
59843,56588.0
59844,14132.4
59845,11488.0
59846,8892.6
59847,14687.2
59848,60351.0
59849,7880.2
59850,4066.0
59851,17794.0
59852,74593.0
59853,2439.0
59854,4556.0
59855,4557.8
59856,4735.0
59857,4841.2
59858,11140.8
59859,60081.0
59860,4556.2
59861,58684.8
59862,12632.2
59863,56207.0
59864,2473.2
59865,66009.8
59866,47949.0
59867,5045.2
59868,7467.0
59869,6590.0
59870,5102.0
59871,4795.4
59872,50137.0
59873,5751.2
59874,2124.0
59875,6382.6
59876,57867.0
59877,45657.0
59878,50726.4
59879,5548.0
59880,6410.2
59881,5474.6
59882,58563.6
59883,5326.2
59884,2480.0
59885,68743.0
59886,10453.2
59887,3932.6
59888,4103.6
59889,6029.0
59890,3552.2
59891,7746.2
59892,66586.4
59893,10835.4
59894,11200.2
59895,3126.6
59896,27864.0
59897,4500.0
59898,6262.0
59899,5715.0
59900,5733.2
59901,3330.0
59902,3005.4
59903,4383.6
59904,53720.2
59905,10080.2
59906,14315.2
59907,58125.0
59908,18702.2
59909,5388.0
59910,3561.8
59911,2707.0
59912,4420.8
59913,4356.6
59914,13809.0
59915,5102.0
59916,37193.4
59917,3320.8
59918,3609.2
59919,2124.0
59920,4637.4
59921,4904.8
59922,12593.6
59923,56588.0
59924,2455.2
59925,53949.6
59926,3331.0
59927,59066.0
59928,6835.8
59929,14661.0
59930,65370.0
59931,5830.2
59932,4524.2
59933,2700.0
59934,3001.0
59935,53813.6
59936,44144.0
59937,6734.0
59938,5431.2
59939,8972.8
59940,8571.2
59941,51875.0
59942,8358.0
59943,5306.8
59944,3176.4
59945,5830.6
59946,73984.8
59947,5807.2
59948,44622.0
59949,11419.4
59950,3154.0
59951,9840.0
59952,5107.4
59953,78766.4
59954,2879.8
59955,49553.0
59956,53164.0
59957,8766.6
59958,6269.2
59959,52827.0
59960,4536.2
59961,5253.0
59962,2360.0
59963,11567.6
59964,4086.0
59965,6395.0
59966,3450.0
59967,52983.8
59968,2418.8
59969,27976.0
59970,49613.0
59971,5236.2
59972,48225.8
59973,54391.4
59974,55235.4
59975,41064.0
59976,3282.0
59977,6216.0
59978,11323.0
59979,62215.0
59980,4581.8
59981,4960.2
59982,2633.8
59983,13947.6
59984,5847.2
59985,8139.0
59986,5824.0
59987,7429.2
59988,59218.0
59989,8756.2
59990,17366.2
59991,8812.2
59992,4357.0
59993,5568.0
59994,5494.4
59995,46525.0
59996,6133.8
59997,45086.0
59998,45693.0
59999,41922.2
60000,1890.0
60001,8106.6
60002,4654.0
60003,6210.0
60004,6512.8
60005,2613.0
60006,6785.2
60007,40877.0
60008,23944.0
60009,13200.2
60010,8483.0
60011,3639.8
60012,63340.8
60013,2124.0
60014,58513.0
60015,6319.0
60016,10830.0
60017,51817.0
60018,42555.8
60019,67720.8
60020,4439.0
60021,50374.2
60022,52063.0
60023,9987.0
60024,3646.0
60025,13334.8
60026,4726.6
60027,5769.8
60028,5960.0
60029,50528.0
60030,5206.0
