Id,Prediction
0,5227.0
1,6067.0
2,53152.0
3,4056.0
4,9960.0
5,80626.0
6,50271.0
7,3014.0
8,6883.0
9,69168.0
10,7120.0
11,6213.0
12,2124.0
13,57215.0
14,44405.0
15,3829.0
16,15384.0
17,42457.0
18,57057.0
19,49177.0
20,7991.0
21,50271.0
22,5818.0
23,9201.0
24,1548.0
25,5102.0
26,10604.0
27,39614.0
28,17178.0
29,41101.0
30,6568.0
31,3860.0
32,67769.0
33,51819.0
34,6444.0
35,47586.0
36,3090.0
37,5519.0
38,10425.0
39,4687.0
40,41064.0
41,2056.0
42,44280.0
43,3813.0
44,2552.0
45,7368.5
46,4359.0
47,3090.0
48,58315.0
49,5502.0
50,12880.0
51,51817.0
52,8956.0
53,5206.0
54,3911.0
55,43865.0
56,6067.0
57,9840.0
58,5293.0
59,14178.0
60,38099.0
61,6158.0
62,6744.0
63,4954.0
64,5177.0
65,17794.0
66,60978.0
67,3229.0
68,12511.0
69,31838.0
70,4368.0
71,10018.0
72,12379.0
73,8733.0
74,3943.0
75,4979.0
76,60365.0
77,45883.0
78,3587.0
79,5042.0
80,6821.0
81,1776.0
82,12150.0
83,3869.0
84,51707.0
85,4912.0
86,5702.0
87,7110.0
88,4001.0
89,59290.0
90,24234.0
91,10281.0
92,54684.0
93,7352.0
94,5446.0
95,49553.0
96,6186.0
97,4469.0
98,4173.0
99,4048.0
100,4827.0
101,60508.0
102,3453.0
103,4031.0
104,53152.0
105,11069.0
106,32859.0
107,73481.0
108,9201.0
109,5322.0
110,57393.0
111,11488.0
112,53164.0
113,45883.0
114,3621.0
115,39321.0
116,61933.0
117,4894.0
118,87872.0
119,1830.0
120,6450.0
121,15624.0
122,22152.0
123,5939.0
124,37929.0
125,4249.0
126,6867.0
127,64173.0
128,61933.0
129,6841.0
130,57081.0
131,56058.0
132,9798.0
133,59254.0
134,49553.0
135,9157.0
136,2361.0
137,3916.0
138,4637.0
139,4417.0
140,9277.0
141,3000.0
142,5102.0
143,7423.0
144,6200.0
145,41269.0
146,47844.0
147,44144.0
148,12118.0
149,11999.0
150,7353.0
151,4827.0
152,5726.0
153,62953.0
154,5285.0
155,53645.0
156,8803.0
157,4111.0
158,5441.0
159,14627.0
160,4658.0
161,5656.0
162,34460.0
163,2336.0
164,4663.0
165,6577.0
166,8192.0
167,57529.0
168,4542.0
169,8233.0
170,4672.0
171,2723.0
172,2359.0
173,70881.0
174,8589.0
175,22381.0
176,2022.0
177,3408.0
178,5960.0
179,60978.0
180,79461.0
181,6502.0
182,61873.0
183,47657.0
184,1105.0
185,62188.0
186,2203.0
187,15709.0
188,3621.0
189,16319.0
190,12557.0
191,8816.0
192,3291.0
193,4633.0
194,9945.0
195,7584.0
196,58125.0
197,45693.0
198,5227.0
199,74956.0
200,5950.0
201,60508.0
202,54608.0
203,64969.0
204,5656.0
205,41064.0
206,12778.0
207,53164.0
208,4262.0
209,8508.0
210,3371.0
211,4556.0
212,7366.0
213,2056.0
214,31462.0
215,4348.0
216,3253.0
217,4496.0
218,49725.0
219,6133.0
220,12468.0
221,45995.0
222,3521.0
223,32923.0
224,12843.0
225,49613.0
226,3834.0
227,12771.0
228,19249.0
229,6510.0
230,65832.0
231,7518.0
232,7489.0
233,4672.0
234,98076.0
235,2201.0
236,60978.0
237,2201.0
238,9639.0
239,6067.0
240,9879.0
241,5606.0
242,53126.0
243,5037.0
244,2821.0
245,2410.0
246,10680.0
247,7577.0
248,43376.0
249,7575.0
250,13014.0
251,20613.0
252,82796.0
253,9828.0
254,60396.0
255,9735.0
256,13103.0
257,1830.0
258,6172.0
259,43711.0
260,8930.0
261,39377.0
262,5465.0
263,5772.0
264,5817.0
265,5617.0
266,12408.0
267,31622.0
268,11448.0
269,6488.0
270,11205.0
271,56590.0
272,7959.0
273,2476.0
274,60978.0
275,53743.0
276,54608.0
277,11307.0
278,44144.0
279,3014.0
280,8950.0
281,9525.0
282,51707.0
283,62524.0
284,6067.0
285,3324.0
286,14501.0
287,6122.0
288,12328.0
289,10768.0
290,10155.0
291,1443.0
292,49553.0
293,36712.0
294,2410.0
295,25421.0
296,3999.0
297,1551.0
298,2836.0
299,8805.0
300,1830.0
301,45805.0
302,6892.0
303,8236.0
304,4071.0
305,3820.0
306,11675.0
307,6776.0
308,4589.0
309,51391.0
310,4637.0
311,17794.0
312,8641.0
313,10648.0
314,3015.0
315,6568.0
316,6270.0
317,59021.0
318,4502.0
319,3862.0
320,5772.0
321,39499.0
322,3379.0
323,3788.0
324,12978.0
325,5632.0
326,53186.0
327,5810.0
328,8111.0
329,6593.0
330,57920.0
331,50271.0
332,3844.0
333,1822.0
334,35586.0
335,6200.0
336,49553.0
337,2994.0
338,6287.0
339,4079.0
340,5954.0
341,4637.0
342,57505.0
343,4783.0
344,4027.0
345,3467.0
346,2700.0
347,4784.0
348,2436.0
349,7489.0
350,4506.0
351,49725.0
352,54896.0
353,4663.0
354,5070.0
355,4215.0
356,9901.0
357,20298.0
358,7366.0
359,65808.0
360,2994.0
361,6633.0
362,5260.0
363,4096.0
364,4007.0
365,5102.0
366,5960.0
367,8112.0
368,2339.0
369,4672.0
370,49725.0
371,2621.0
372,46097.0
373,6461.0
374,7763.0
375,39377.0
376,5097.0
377,60396.0
378,6048.0
379,10680.0
380,5785.0
381,7106.0
382,3258.0
383,63979.0
384,32230.0
385,2336.0
386,11179.0
387,13758.0
388,9277.0
389,9201.0
390,10243.0
391,2410.0
392,3175.0
393,16203.0
394,6577.0
395,6432.0
396,10648.0
397,4783.0
398,17063.0
399,5027.0
400,9564.0
401,5791.0
402,6534.0
403,5467.0
404,66928.0
405,6294.0
406,10980.0
407,2836.0
408,56878.0
409,6287.0
410,69938.0
411,17996.0
412,5530.0
413,53164.0
414,4755.0
415,60396.0
416,29980.0
417,31896.0
418,6489.0
419,6489.0
420,6275.0
421,5954.0
422,4000.0
423,61049.0
424,6461.0
425,11335.0
426,4284.0
427,21349.0
428,60260.0
429,1998.0
430,68303.0
431,5547.0
432,56588.0
433,54608.0
434,6502.0
435,4612.0
436,5087.0
437,4594.0
438,2050.0
439,2124.0
440,51384.0
441,6450.0
442,6269.0
443,4417.0
444,70431.0
445,4086.0
446,8137.0
447,12000.0
448,10168.0
449,47395.0
450,27864.0
451,3072.0
452,10097.0
453,62591.0
454,6224.0
455,50894.0
456,4979.0
457,62591.0
458,4363.0
459,51875.0
460,7518.0
461,13339.0
462,58282.0
463,12213.0
464,43697.0
465,7474.0
466,56476.0
467,4496.0
468,5177.0
469,51697.0
470,104255.0
471,73581.0
472,53164.0
473,6444.0
474,56177.0
475,31902.0
476,41281.0
477,52063.0
478,6122.0
479,9624.0
480,7877.0
481,6314.0
482,41064.0
483,4658.0
484,44144.0
485,4230.0
486,5280.0
487,17996.0
488,5040.0
489,57939.0
490,66077.0
491,6581.0
492,7683.0
493,1890.0
494,2339.0
495,2410.0
496,16997.0
497,6741.0
498,2857.0
499,6412.0
500,45600.0
501,14343.0
502,4694.0
503,44144.0
504,5967.0
505,10260.0
506,6985.0
507,3334.0
508,53164.0
509,11247.0
510,5815.0
511,44144.0
512,56476.0
513,4149.0
514,11966.0
515,59021.0
516,1830.0
517,11310.0
518,11129.0
519,6488.0
520,33159.0
521,8421.0
522,6461.0
523,62729.0
524,74880.0
525,5888.0
526,14008.0
527,5955.0
528,3096.0
529,9735.0
530,60396.0
531,9828.0
532,4863.0
533,60365.0
534,61404.0
535,5404.0
536,51707.0
537,1830.0
538,47408.0
539,2339.0
540,65832.0
541,12616.0
542,8111.0
543,6060.0
544,61933.0
545,4964.0
546,66928.0
547,2723.0
548,11488.0
549,6578.0
550,11949.0
551,52175.0
552,55983.0
553,4363.0
554,17013.0
555,2050.0
556,3993.0
557,4499.0
558,4111.0
559,39623.0
560,5360.0
561,3885.0
562,60978.0
563,2700.0
564,7496.0
565,5227.0
566,4262.0
567,6568.0
568,10746.0
569,7361.0
570,7855.0
571,5823.0
572,9433.0
573,62524.0
574,44583.0
575,60260.0
576,6963.0
577,53757.0
578,4496.0
579,60508.0
580,4469.0
581,57017.0
582,37985.0
583,1105.0
584,66940.0
585,4071.0
586,49725.0
587,6345.0
588,34460.0
589,5949.0
590,8016.0
591,6172.0
592,53209.0
593,4142.0
594,53164.0
595,5660.0
596,6741.0
597,14936.0
598,5955.0
599,67710.0
600,6314.0
601,5442.0
602,5040.0
603,5772.0
604,3789.0
605,55983.0
606,42521.0
607,61583.0
608,3381.0
609,3353.0
610,50271.0
611,13410.0
612,4111.0
613,13524.0
614,4337.0
615,8130.0
616,3194.0
617,65457.0
618,6292.0
619,4909.0
620,9840.0
621,49613.0
622,12288.0
623,60396.0
624,6319.0
625,40945.0
626,5145.0
627,60232.0
628,4500.0
629,3000.0
630,5761.0
631,5937.0
632,57920.0
633,60508.0
634,7040.0
635,7081.0
636,14364.0
637,58125.0
638,7484.0
639,9597.0
640,2100.0
641,34460.0
642,57017.0
643,54481.0
644,4721.0
645,51697.0
646,69739.0
647,9884.0
648,57017.0
649,6510.0
650,6028.0
651,66928.0
652,13830.0
653,7426.0
654,60508.0
655,6489.0
656,7376.0
657,59929.0
658,5177.0
659,5634.0
660,3671.0
661,16212.0
662,5772.0
663,4755.0
664,6885.0
665,6450.0
666,3980.0
667,6578.0
668,8505.0
669,6461.0
670,37985.0
671,5632.0
672,4995.0
673,4020.0
674,6015.0
675,5943.0
676,37985.0
677,4500.0
678,10009.0
679,4161.0
680,12557.0
681,9523.0
682,2823.0
683,4071.0
684,6161.0
685,7922.0
686,16834.0
687,15668.0
688,24435.0
689,49553.0
690,42457.0
691,4453.0
692,5955.0
693,61899.0
694,4827.0
695,13548.0
696,12990.0
697,36565.0
698,5888.0
699,1443.0
700,27976.0
701,69244.0
702,6488.0
703,57554.0
704,37036.0
705,11508.0
706,10575.0
707,79548.0
708,2278.0
709,14791.0
710,60555.0
711,3174.0
712,51457.0
713,60978.0
714,20509.0
715,29776.0
716,51457.0
717,4501.0
718,50271.0
719,39766.0
720,11129.0
721,6105.0
722,7317.0
723,2836.0
724,4496.0
725,4099.0
726,5987.0
727,14008.0
728,3015.0
729,57565.0
730,17199.0
731,51817.0
732,11928.0
733,5949.0
734,4499.0
735,5605.0
736,2410.0
737,9799.0
738,76915.0
739,4508.0
740,3365.0
741,3175.0
742,1776.0
743,3310.0
744,6032.0
745,4969.0
746,43376.0
747,4416.0
748,56702.0
749,6389.0
750,3288.0
751,4926.0
752,7577.0
753,9277.0
754,7584.0
755,6450.0
756,66928.0
757,49177.0
758,4401.0
759,4501.0
760,64729.0
761,5954.0
762,3379.0
763,54608.0
764,45883.0
765,18579.0
766,7920.0
767,3093.0
768,17103.0
769,11415.0
770,2409.0
771,6945.0
772,6489.0
773,56588.0
774,4205.0
775,7237.0
776,3393.0
777,24613.0
778,2074.0
779,62748.0
780,48795.0
781,37668.0
782,6578.0
783,8505.0
784,3550.0
785,36712.0
786,70457.0
787,15695.0
788,4600.0
789,53937.0
790,11247.0
791,59021.0
792,6067.0
793,5888.0
794,73369.0
795,7518.0
796,5339.0
797,3916.0
798,6235.0
799,7101.0
800,49177.0
801,5955.0
802,45995.0
803,51707.0
804,48851.0
805,4338.0
806,8111.0
807,5950.0
808,1998.0
809,2476.0
810,57393.0
811,4086.0
812,7228.0
813,9840.0
814,2201.0
815,51817.0
816,11319.0
817,5574.0
818,65529.0
819,6023.5
820,47585.0
821,1776.0
822,13830.0
823,48079.0
824,54684.0
825,6395.0
826,49613.0
827,45185.0
828,56702.0
829,4357.0
830,49613.0
831,5778.0
832,4149.0
833,2835.0
834,27864.0
835,2350.0
836,5892.0
837,3245.0
838,51875.0
839,5103.0
840,54608.0
841,4417.0
842,3627.0
843,5519.0
844,4500.0
845,57017.0
846,12983.0
847,5178.0
848,96471.0
849,12150.0
850,72237.0
851,54481.0
852,6413.0
853,38099.0
854,45257.0
855,4547.0
856,5177.0
857,56273.0
858,56588.0
859,46097.0
860,3015.0
861,5934.0
862,3862.0
863,12054.0
864,57057.0
865,6450.0
866,7081.0
867,1755.0
868,4672.0
869,7958.0
870,57081.0
871,5301.0
872,3105.0
873,12075.0
874,3926.0
875,45805.0
876,6287.0
877,4086.0
878,52175.0
879,2480.0
880,4262.0
881,8733.0
882,10018.0
883,11508.0
884,4349.0
885,2409.0
886,3288.0
887,5812.0
888,7284.0
889,5163.0
890,51345.0
891,54684.0
892,39321.0
893,6195.0
894,69535.0
895,80077.0
896,11310.0
897,36577.0
898,5021.0
899,60410.0
900,8111.0
901,15268.0
902,2516.0
903,2271.0
904,9271.0
905,9403.0
906,4284.0
907,3916.0
908,11675.0
909,5209.0
910,43376.0
911,5654.0
912,69168.0
913,4990.0
914,2966.0
915,51875.0
916,3677.0
917,7918.0
918,5942.0
919,4007.0
920,74880.0
921,45672.0
922,77120.0
923,22140.0
924,45693.0
925,56273.0
926,59290.0
927,67601.0
928,71117.0
929,3349.0
930,3916.0
931,2835.0
932,57405.0
933,6324.0
934,77665.0
935,44405.0
936,5606.0
937,54777.0
938,9313.0
939,13749.0
940,47507.0
941,53152.0
942,55347.0
943,5975.0
944,4496.0
945,6122.0
946,6423.0
947,4230.0
948,54608.0
949,6312.0
950,10785.0
951,2723.0
952,5763.0
953,9257.0
954,3015.0
955,74015.0
956,6122.0
957,15498.0
958,4228.0
959,50894.0
960,12054.0
961,5507.0
962,67004.0
963,4637.0
964,3916.0
965,2074.0
966,7425.0
967,4491.0
968,5465.0
969,45257.0
970,4177.0
971,4111.0
972,45600.0
973,6490.0
974,7410.0
975,13548.0
976,59231.0
977,77196.0
978,3014.0
979,4390.0
980,52586.0
981,3971.0
982,5818.0
983,60260.0
984,41281.0
985,3336.0
986,17546.0
987,6125.0
988,56588.0
989,6578.0
990,13524.0
991,4028.0
992,47586.0
993,43711.0
994,6583.0
995,5276.0
996,5102.0
997,3282.0
998,10081.0
999,6461.0
1000,37985.0
1001,41101.0
1002,54684.0
1003,11520.0
1004,10680.0
1005,20684.0
1006,7487.0
1007,4368.0
1008,5765.0
1009,52287.0
1010,7904.0
1011,20684.0
1012,11127.0
1013,4230.0
1014,51875.0
1015,2730.0
1016,55983.0
1017,4672.0
1018,4515.0
1019,53152.0
1020,2727.0
1021,4416.0
1022,37985.0
1023,3374.0
1024,11868.0
1025,12435.0
1026,5804.0
1027,5102.0
1028,44144.0
1029,5955.0
1030,6390.0
1031,50361.0
1032,11129.0
1033,45257.0
1034,38099.0
1035,64173.0
1036,98839.0
1037,5914.0
1038,49553.0
1039,54608.0
1040,49613.0
1041,12732.0
1042,56590.0
1043,56588.0
1044,52063.0
1045,5293.0
1046,6123.0
1047,5656.0
1048,5954.0
1049,54608.0
1050,4536.0
1051,8799.0
1052,6314.0
1053,4097.0
1054,67004.0
1055,5177.0
1056,7420.0
1057,39847.0
1058,57129.0
1059,9278.0
1060,56476.0
1061,11365.0
1062,5279.0
1063,4499.0
1064,19442.0
1065,84154.0
1066,6710.0
1067,3860.0
1068,4827.0
1069,6649.0
1070,53512.0
1071,7519.0
1072,5102.0
1073,9349.0
1074,4417.0
1075,7251.0
1076,35490.0
1077,60365.0
1078,4799.0
1079,5292.0
1080,39783.0
1081,60508.0
1082,4613.0
1083,6633.0
1084,2339.0
1085,9798.0
1086,4755.0
1087,48213.0
1088,6181.0
1089,6075.0
1090,22140.0
1091,7569.0
1092,5888.0
1093,70569.0
1094,4453.0
1095,23583.0
1096,49177.0
1097,5558.0
1098,7708.0
1099,7021.0
1100,38043.0
1101,70088.0
1102,49177.0
1103,7893.0
1104,66723.0
1105,10575.0
1106,5618.0
1107,78697.0
1108,3911.0
1109,10002.0
1110,5955.0
1111,10425.0
1112,6200.0
1113,5772.0
1114,3457.0
1115,5654.0
1116,18103.0
1117,3862.0
1118,53164.0
1119,6031.0
1120,57920.0
1121,8665.0
1122,6544.0
1123,34472.0
1124,7576.0
1125,3754.0
1126,2738.0
1127,41314.0
1128,65529.0
1129,3610.0
1130,57920.0
1131,60396.0
1132,66108.0
1133,4827.0
1134,38099.0
1135,5177.0
1136,2339.0
1137,70345.0
1138,56588.0
1139,3862.0
1140,3610.0
1141,41314.0
1142,8327.0
1143,2098.0
1144,6262.0
1145,77389.0
1146,2339.0
1147,54777.0
1148,6203.0
1149,60508.0
1150,10785.0
1151,64285.0
1152,5060.0
1153,47586.0
1154,5685.0
1155,6324.0
1156,5817.0
1157,4173.0
1158,5060.0
1159,59021.0
1160,7633.0
1161,6015.0
1162,1830.0
1163,36546.0
1164,57992.0
1165,16245.0
1166,6593.0
1167,2250.0
1168,4971.0
1169,7774.0
1170,4755.0
1171,49207.0
1172,4436.0
1173,55502.0
1174,3090.0
1175,1776.0
1176,4048.0
1177,6017.0
1178,59108.0
1179,5949.0
1180,3393.0
1181,6122.0
1182,4363.0
1183,4896.0
1184,42521.0
1185,57017.0
1186,50271.0
1187,4452.0
1188,10578.0
1189,70431.0
1190,4496.0
1191,6177.0
1192,7425.0
1193,4007.0
1194,4732.0
1195,5937.0
1196,62748.0
1197,4067.0
1198,4071.0
1199,2700.0
1200,14312.0
1201,5410.0
1202,14620.0
1203,11139.0
1204,4827.0
1205,1714.0
1206,8719.0
1207,62045.0
1208,4784.0
1209,66234.0
1210,13314.0
1211,6932.0
1212,10703.0
1213,4672.0
1214,3361.0
1215,45435.0
1216,45097.0
1217,4855.0
1218,5232.0
1219,6909.0
1220,6461.0
1221,13944.0
1222,8448.0
1223,6489.0
1224,55983.0
1225,2700.0
1226,5909.0
1227,12150.0
1228,6804.0
1229,62045.0
1230,7426.0
1231,5790.0
1232,9730.0
1233,61873.0
1234,44280.0
1235,53835.0
1236,6113.0
1237,3999.0
1238,5955.0
1239,14861.0
1240,3831.0
1241,60631.0
1242,89927.0
1243,6443.0
1244,14880.0
1245,8111.0
1246,10838.0
1247,2098.0
1248,10018.0
1249,62524.0
1250,5156.0
1251,10628.0
1252,61583.0
1253,57017.0
1254,2568.0
1255,8064.0
1256,9933.0
1257,5761.0
1258,35510.0
1259,12174.0
1260,4357.0
1261,64285.0
1262,2395.0
1263,3985.0
1264,5057.0
1265,54684.0
1266,57554.0
1267,14766.0
1268,57453.0
1269,5960.0
1270,64113.0
1271,6792.5
1272,6595.0
1273,11205.0
1274,56702.0
1275,49896.0
1276,5322.0
1277,52392.0
1278,7412.0
1279,4637.0
1280,4768.0
1281,3389.0
1282,51819.0
1283,8988.0
1284,5953.0
1285,5550.0
1286,11319.0
1287,15825.0
1288,5102.0
1289,51372.0
1290,4165.0
1291,41314.0
1292,3572.0
1293,4348.0
1294,47657.0
1295,3361.0
1296,52063.0
1297,3916.0
1298,6287.0
1299,2409.0
1300,3957.0
1301,5760.0
1302,5177.0
1303,45883.0
1304,47657.0
1305,56476.0
1306,6568.0
1307,7954.0
1308,60260.0
1309,43910.0
1310,7996.0
1311,2339.0
1312,39321.0
1313,41281.0
1314,67769.0
1315,4007.0
1316,57920.0
1317,4500.0
1318,93579.0
1319,45805.0
1320,8718.0
1321,15195.0
1322,51057.0
1323,11129.0
1324,6093.0
1325,2438.0
1326,4452.0
1327,12885.0
1328,4339.0
1329,12990.0
1330,60365.0
1331,2228.0
1332,51707.0
1333,71708.0
1334,15762.0
1335,5147.0
1336,9090.0
1337,49177.0
1338,6840.0
1339,5632.0
1340,61404.0
1341,47217.0
1342,4898.0
1343,1755.0
1344,13054.0
1345,2410.0
1346,50264.0
1347,8799.0
1348,4667.0
1349,6956.0
1350,3988.0
1351,1105.0
1352,2359.0
1353,55983.0
1354,2098.0
1355,36577.0
1356,6489.0
1357,3466.0
1358,7474.0
1359,24234.0
1360,6977.0
1361,42521.0
1362,89897.0
1363,3393.0
1364,6510.0
1365,51819.0
1366,5168.0
1367,3998.0
1368,53152.0
1369,2410.0
1370,89729.0
1371,45693.0
1372,49613.0
1373,4069.0
1374,5352.0
1375,2480.0
1376,7425.0
1377,3916.0
1378,1105.0
1379,44144.0
1380,39622.0
1381,60508.0
1382,2228.0
1383,11139.0
1384,11448.0
1385,8043.0
1386,57057.0
1387,77355.0
1388,2410.0
1389,17724.0
1390,64173.0
1391,4044.0
1392,6461.0
1393,81284.0
1394,62793.0
1395,61933.0
1396,51707.0
1397,4452.0
1398,6568.0
1399,2464.0
1400,4496.0
1401,2100.0
1402,2339.0
1403,4752.0
1404,4496.0
1405,4363.0
1406,60396.0
1407,5120.0
1408,66077.0
1409,10669.0
1410,45257.0
1411,4111.0
1412,69997.0
1413,9840.0
1414,57405.0
1415,4202.0
1416,6461.0
1417,55502.0
1418,51817.0
1419,6723.0
1420,5574.0
1421,7081.0
1422,50361.0
1423,4502.0
1424,51372.0
1425,3100.0
1426,54896.0
1427,10604.0
1428,5881.0
1429,9547.0
1430,32923.0
1431,7728.0
1432,3000.0
1433,55377.0
1434,1776.0
1435,49613.0
1436,6458.0
1437,64285.0
1438,17124.0
1439,2482.0
1440,38590.0
1441,3509.0
1442,57677.0
1443,52175.0
1444,6450.0
1445,50271.0
1446,54777.0
1447,51457.0
1448,7767.0
1449,5939.0
1450,6221.0
1451,53164.0
1452,3393.0
1453,4363.0
1454,54608.0
1455,12454.0
1456,60260.0
1457,55983.0
1458,5654.0
1459,53835.0
1460,56702.0
1461,8047.0
1462,64025.0
1463,5955.0
1464,5817.0
1465,54684.0
1466,1443.0
1467,67635.0
1468,12410.0
1469,4348.0
1470,18889.0
1471,6295.0
1472,4111.0
1473,67094.0
1474,2568.0
1475,4363.0
1476,2436.0
1477,3971.0
1478,10775.0
1479,32923.0
1480,17302.0
1481,51595.0
1482,6132.0
1483,6161.0
1484,6502.0
1485,9349.0
1486,1714.0
1487,2124.0
1488,9201.0
1489,62045.0
1490,12391.0
1491,4073.0
1492,4454.0
1493,52175.0
1494,4779.0
1495,10247.0
1496,44025.0
1497,32859.0
1498,52063.0
1499,80566.0
1500,6287.0
1501,6432.0
1502,64831.0
1503,5177.0
1504,73581.0
1505,1890.0
1506,4348.0
1507,4020.0
1508,45693.0
1509,2476.0
1510,6489.0
1511,5942.0
1512,49725.0
1513,3359.0
1514,55983.0
1515,5955.0
1516,7412.0
1517,5954.0
1518,4071.0
1519,54684.0
1520,55502.0
1521,5817.0
1522,4165.0
1523,5206.0
1524,4601.0
1525,6578.0
1526,4500.0
1527,5322.0
1528,61933.0
1529,10008.0
1530,5333.0
1531,64831.0
1532,51372.0
1533,66129.0
1534,58970.0
1535,38099.0
1536,54777.0
1537,6262.0
1538,50271.0
1539,57017.0
1540,13588.0
1541,51817.0
1542,66526.0
1543,21873.0
1544,6324.0
1545,2409.0
1546,2080.0
1547,9966.0
1548,60978.0
1549,13840.0
1550,6791.0
1551,6589.0
1552,39499.0
1553,25421.0
1554,72356.0
1555,4501.0
1556,72237.0
1557,4806.0
1558,59033.0
1559,3671.0
1560,51707.0
1561,62729.0
1562,5950.0
1563,54684.0
1564,69244.0
1565,66155.0
1566,5177.0
1567,6510.0
1568,6458.0
1569,60508.0
1570,58125.0
1571,39555.0
1572,2276.0
1573,82929.0
1574,3471.0
1575,4417.0
1576,11567.0
1577,14994.0
1578,5569.0
1579,45550.0
1580,10069.0
1581,4152.0
1582,12118.0
1583,65529.0
1584,5040.0
1585,54896.0
1586,5502.0
1587,1694.0
1588,4452.0
1589,4339.0
1590,5421.0
1591,7877.0
1592,2124.0
1593,2098.0
1594,42457.0
1595,5800.0
1596,7423.0
1597,67137.0
1598,6296.0
1599,20684.0
1600,6488.0
1601,9953.0
1602,5102.0
1603,37594.0
1604,4536.0
1605,47585.0
1606,12453.0
1607,8233.0
1608,3916.0
1609,3916.0
1610,8069.0
1611,5632.0
1612,53152.0
1613,5760.0
1614,3988.0
1615,5322.0
1616,45693.0
1617,5037.0
1618,2696.0
1619,1996.0
1620,55983.0
1621,8112.0
1622,67004.0
1623,20000.0
1624,5177.0
1625,5892.0
1626,4262.0
1627,11164.0
1628,4453.0
1629,2339.0
1630,3569.0
1631,3451.0
1632,4660.0
1633,5760.0
1634,5772.0
1635,4660.0
1636,51707.0
1637,3393.0
1638,7081.0
1639,17794.0
1640,6450.0
1641,5177.0
1642,2410.0
1643,5441.0
1644,50271.0
1645,4646.0
1646,55377.0
1647,4453.0
1648,5954.0
1649,4056.0
1650,56476.0
1651,5696.0
1652,6734.0
1653,62448.0
1654,9214.0
1655,57920.0
1656,2336.0
1657,2482.0
1658,44144.0
1659,52063.0
1660,7021.0
1661,5939.0
1662,74015.0
1663,42521.0
1664,4263.0
1665,11448.0
1666,5144.0
1667,47586.0
1668,52175.0
1669,11205.0
1670,41269.0
1671,2276.0
1672,10273.0
1673,51372.0
1674,56476.0
1675,6296.0
1676,47408.0
1677,2994.0
1678,1714.0
1679,70691.0
1680,51707.0
1681,6395.0
1682,6060.0
1683,62188.0
1684,51697.0
1685,7426.0
1686,54777.0
1687,55377.0
1688,7496.0
1689,4096.0
1690,4229.0
1691,2098.0
1692,4564.0
1693,8140.0
1694,3269.0
1695,14348.0
1696,10154.0
1697,2665.0
1698,60396.0
1699,52175.0
1700,53152.0
1701,4502.0
1702,6568.0
1703,15963.0
1704,6390.0
1705,6953.0
1706,2966.0
1707,1714.0
1708,4633.0
1709,1890.0
1710,4716.0
1711,11908.0
1712,2339.0
1713,66155.0
1714,3129.0
1715,66063.0
1716,61212.0
1717,60508.0
1718,5322.0
1719,3988.0
1720,6158.0
1721,6122.0
1722,2336.0
1723,12538.0
1724,32923.0
1725,54841.0
1726,18669.0
1727,4173.0
1728,4500.0
1729,6293.0
1730,39321.0
1731,23838.0
1732,49553.0
1733,4173.0
1734,16276.0
1735,57017.0
1736,28872.0
1737,6067.0
1738,7484.0
1739,2051.0
1740,3734.0
1741,4672.0
1742,7004.0
1743,4702.0
1744,2410.0
1745,11205.0
1746,51817.0
1747,4368.0
1748,7488.0
1749,11383.0
1750,6032.0
1751,8048.0
1752,3862.0
1753,5892.0
1754,5536.0
1755,3644.0
1756,5322.0
1757,2694.0
1758,13855.0
1759,5708.0
1760,3999.0
1761,60508.0
1762,9828.0
1763,5178.0
1764,43430.0
1765,70049.0
1766,7480.0
1767,4793.0
1768,6564.0
1769,1830.0
1770,7950.0
1771,15624.0
1772,44144.0
1773,11545.0
1774,50361.0
1775,4968.0
1776,2901.0
1777,2516.0
1778,11675.0
1779,24108.0
1780,8447.0
1781,7813.0
1782,11448.0
1783,49151.0
1784,45257.0
1785,4048.0
1786,4071.0
1787,3843.0
1788,4589.0
1789,54684.0
1790,4612.0
1791,54684.0
1792,7215.0
1793,4496.0
1794,7347.0
1795,7413.0
1796,4056.0
1797,11346.0
1798,3374.0
1799,4922.0
1800,7496.0
1801,14794.0
1802,54608.0
1803,7484.0
1804,49725.0
1805,9775.0
1806,10479.0
1807,8604.0
1808,41269.0
1809,4556.0
1810,8913.0
1811,54777.0
1812,6734.0
1813,51875.0
1814,1606.0
1815,1890.0
1816,53743.0
1817,71058.0
1818,5726.0
1819,5178.0
1820,39377.0
1821,5910.0
1822,2960.0
1823,55983.0
1824,6568.0
1825,3570.0
1826,14148.0
1827,57992.0
1828,4545.0
1829,6200.0
1830,5415.0
1831,2339.0
1832,5337.0
1833,5853.0
1834,5547.0
1835,8111.0
1836,6568.0
1837,3466.0
1838,4559.0
1839,2343.0
1840,1543.0
1841,53743.0
1842,9141.0
1843,5953.0
1844,5289.0
1845,3707.0
1846,39622.0
1847,51058.0
1848,23838.0
1849,4453.0
1850,4469.0
1851,11956.0
1852,3862.0
1853,3374.0
1854,4863.0
1855,4111.0
1856,5729.0
1857,4896.0
1858,3393.0
1859,52287.0
1860,54608.0
1861,6271.0
1862,5206.0
1863,5102.0
1864,84756.0
1865,10967.0
1866,7119.0
1867,7461.0
1868,58315.0
1869,11664.0
1870,37985.0
1871,3752.0
1872,7118.0
1873,2339.0
1874,5037.0
1875,4347.0
1876,3999.0
1877,7830.0
1878,70588.0
1879,7081.0
1880,13631.0
1881,67497.0
1882,53152.0
1883,5089.0
1884,6488.0
1885,49725.0
1886,55377.0
1887,2124.0
1888,2339.0
1889,4977.0
1890,58315.0
1891,8045.0
1892,60508.0
1893,4499.0
1894,62045.0
1895,51345.0
1896,51707.0
1897,60365.0
1898,74015.0
1899,2410.0
1900,4099.0
1901,7020.0
1902,62045.0
1903,3774.0
1904,4474.0
1905,5126.0
1906,60365.0
1907,52287.0
1908,49553.0
1909,52287.0
1910,6663.0
1911,3334.0
1912,3916.0
1913,27864.0
1914,5177.0
1915,59033.0
1916,57920.0
1917,4896.0
1918,45257.0
1919,14364.0
1920,9771.0
1921,2723.0
1922,3330.0
1923,55983.0
1924,5099.0
1925,5523.0
1926,62045.0
1927,5322.0
1928,61933.0
1929,3423.0
1930,6450.0
1931,4792.0
1932,60978.0
1933,5322.0
1934,49151.0
1935,49553.0
1936,13882.0
1937,6287.0
1938,69244.0
1939,79461.0
1940,67004.0
1941,21662.0
1942,4165.0
1943,6200.0
1944,4613.0
1945,4501.0
1946,14347.0
1947,7425.0
1948,6425.0
1949,60365.0
1950,57565.0
1951,50271.0
1952,49613.0
1953,1830.0
1954,7958.0
1955,2477.0
1956,2124.0
1957,48851.0
1958,2201.0
1959,5622.0
1960,56991.0
1961,6489.0
1962,3140.0
1963,49177.0
1964,3306.0
1965,2637.0
1966,4994.0
1967,41314.0
1968,8186.0
1969,3867.0
1970,57939.0
1971,2410.0
1972,3288.0
1973,52522.0
1974,4732.0
1975,2339.0
1976,45693.0
1977,16639.0
1978,4672.0
1979,4048.0
1980,7196.0
1981,4417.0
1982,3772.0
1983,62045.0
1984,53074.0
1985,4784.0
1986,15126.0
1987,62448.0
1988,6488.0
1989,8111.0
1990,4556.0
1991,4263.0
1992,13054.0
1993,7772.0
1994,60508.0
1995,47217.0
1996,2456.0
1997,4896.0
1998,57939.0
1999,4545.0
2000,48851.0
2001,37929.0
2002,2201.0
2003,50271.0
2004,1714.0
2005,52287.0
2006,7221.0
2007,6133.0
2008,51817.0
2009,3471.0
2010,3393.0
2011,5206.0
2012,76255.0
2013,8112.0
2014,7352.0
2015,4368.0
2016,60508.0
2017,4130.0
2018,25494.0
2019,6488.0
2020,7221.0
2021,4601.0
2022,56588.0
2023,4173.0
2024,13161.0
2025,4514.0
2026,4755.0
2027,60508.0
2028,32859.0
2029,58125.0
2030,4111.0
2031,3357.0
2032,7241.0
2033,2124.0
2034,7488.0
2035,23898.0
2036,4724.0
2037,3584.0
2038,7159.0
2039,9277.0
2040,54896.0
2041,5949.0
2042,67769.0
2043,6067.0
2044,5619.0
2045,5177.0
2046,5820.0
2047,6067.0
2048,11129.0
2049,5530.0
2050,8169.0
2051,8112.0
2052,53164.0
2053,3977.0
2054,5805.0
2055,51707.0
2056,44546.0
2057,27864.0
2058,4417.0
2059,32923.0
2060,8112.0
2061,5549.0
2062,6776.0
2063,10721.0
2064,53164.0
2065,5177.0
2066,13103.0
2067,4755.0
2068,7037.0
2069,4601.0
2070,3509.0
2071,49613.0
2072,4748.0
2073,6292.0
2074,2105.0
2075,41314.0
2076,8440.0
2077,44144.0
2078,2476.0
2079,8236.0
2080,3844.0
2081,67137.0
2082,6017.0
2083,4753.0
2084,4020.0
2085,53164.0
2086,4524.0
2087,11069.0
2088,2359.0
2089,54841.0
2090,10744.0
2091,62448.0
2092,80566.0
2093,3911.0
2094,6172.0
2095,62591.0
2096,3379.0
2097,48079.0
2098,6195.0
2099,7346.0
2100,5610.0
2101,5625.0
2102,5617.0
2103,6133.0
2104,4348.0
2105,3754.0
2106,6120.0
2107,4453.0
2108,10744.0
2109,11520.0
2110,9024.0
2111,2050.0
2112,10545.0
2113,35554.0
2114,45257.0
2115,4499.0
2116,14348.0
2117,8063.0
2118,2665.0
2119,60978.0
2120,63979.0
2121,4434.0
2122,11508.0
2123,52287.0
2124,6489.0
2125,8665.0
2126,5888.0
2127,7240.0
2128,3862.0
2129,51819.0
2130,3153.0
2131,68303.0
2132,7424.0
2133,57920.0
2134,16210.0
2135,31982.0
2136,4414.0
2137,6131.0
2138,4827.0
2139,3014.0
2140,5293.0
2141,5942.0
2142,54608.0
2143,6067.0
2144,4591.0
2145,7135.0
2146,5040.0
2147,61933.0
2148,6072.0
2149,6172.0
2150,47586.0
2151,49613.0
2152,9879.0
2153,3342.0
2154,7446.0
2155,57081.0
2156,12658.0
2157,52175.0
2158,5441.0
2159,8064.0
2160,4359.0
2161,5735.0
2162,6296.0
2163,69713.0
2164,3999.0
2165,13923.0
2166,64285.0
2167,12232.0
2168,60365.0
2169,4453.0
2170,4554.0
2171,42521.0
2172,4593.0
2173,6300.0
2174,5177.0
2175,7004.0
2176,6437.0
2177,42457.0
2178,4536.0
2179,52287.0
2180,51819.0
2181,2835.0
2182,14289.0
2183,5910.0
2184,53743.0
2185,49725.0
2186,50271.0
2187,6195.0
2188,3621.0
2189,5040.0
2190,2738.0
2191,5937.0
2192,4559.0
2193,6172.0
2194,59021.0
2195,6133.0
2196,4960.0
2197,6461.0
2198,6353.0
2199,50969.0
2200,11625.0
2201,2339.0
2202,11403.0
2203,6375.0
2204,6103.0
2205,9668.0
2206,44144.0
2207,3357.0
2208,4500.0
2209,48795.0
2210,4363.0
2211,13497.0
2212,3916.0
2213,5818.0
2214,68303.0
2215,2098.0
2216,6966.0
2217,10069.0
2218,37668.0
2219,4417.0
2220,2409.0
2221,5177.0
2222,3629.0
2223,66928.0
2224,7056.0
2225,53209.0
2226,4239.0
2227,3489.0
2228,11698.0
2229,39555.0
2230,3720.0
2231,39555.0
2232,6398.0
2233,4687.0
2234,42424.0
2235,15018.0
2236,4348.0
2237,6450.0
2238,51595.0
2239,8854.0
2240,5790.0
2241,4313.0
2242,2410.0
2243,9775.0
2244,6450.0
2245,3968.0
2246,56702.0
2247,3436.0
2248,4969.0
2249,55087.0
2250,4449.0
2251,2100.0
2252,2361.0
2253,21103.0
2254,60260.0
2255,49613.0
2256,1998.0
2257,5129.0
2258,4173.0
2259,10903.0
2260,51875.0
2261,7352.0
2262,69168.0
2263,53947.0
2264,10483.0
2265,46097.0
2266,5037.0
2267,15069.0
2268,5178.0
2269,3611.0
2270,12210.0
2271,12499.0
2272,8983.0
2273,56588.0
2274,7489.0
2275,6578.0
2276,12524.0
2277,5549.0
2278,3334.0
2279,38043.0
2280,6093.0
2281,53835.0
2282,3140.0
2283,81169.0
2284,42457.0
2285,51875.0
2286,2410.0
2287,6339.0
2288,60160.0
2289,5955.0
2290,6578.0
2291,2728.0
2292,2359.0
2293,37985.0
2294,11205.0
2295,8426.0
2296,56590.0
2297,4783.0
2298,2464.0
2299,6444.0
2300,4387.0
2301,4789.0
2302,51875.0
2303,4876.0
2304,59880.0
2305,4048.0
2306,43711.0
2307,3288.0
2308,45257.0
2309,6191.0
2310,65872.0
2311,4205.0
2312,6395.0
2313,4757.0
2314,12557.0
2315,9201.0
2316,54608.0
2317,59917.0
2318,4896.0
2319,2359.0
2320,15204.0
2321,20684.0
2322,6461.0
2323,5902.0
2324,45257.0
2325,5339.0
2326,7237.0
2327,24056.0
2328,74480.0
2329,36700.0
2330,11617.0
2331,3334.0
2332,17274.0
2333,90468.0
2334,5037.0
2335,24561.0
2336,66155.0
2337,5037.0
2338,4367.0
2339,11900.0
2340,7895.0
2341,20979.0
2342,45693.0
2343,42521.0
2344,11318.0
2345,53152.0
2346,9201.0
2347,8108.0
2348,5204.0
2349,6532.0
2350,4234.0
2351,32881.0
2352,6067.0
2353,5805.0
2354,5549.0
2355,6294.0
2356,43729.0
2357,89537.0
2358,55377.0
2359,4496.0
2360,58223.0
2361,2074.0
2362,60396.0
2363,6324.0
2364,6432.0
2365,5390.0
2366,53152.0
2367,2343.0
2368,9277.0
2369,4905.0
2370,49725.0
2371,6450.0
2372,51345.0
2373,21004.0
2374,5322.0
2375,45185.0
2376,8605.0
2377,6075.0
2378,6488.0
2379,60160.0
2380,45257.0
2381,10438.0
2382,5888.0
2383,17094.0
2384,56943.0
2385,5179.0
2386,5103.0
2387,45805.0
2388,5955.0
2389,53071.0
2390,3201.0
2391,4257.0
2392,5377.0
2393,17777.0
2394,49725.0
2395,6711.0
2396,7425.0
2397,3916.0
2398,5910.0
2399,4368.0
2400,7612.0
2401,66928.0
2402,62591.0
2403,4971.0
2404,3999.0
2405,7927.0
2406,5888.0
2407,5954.0
2408,5660.0
2409,80566.0
2410,5937.0
2411,5954.0
2412,8111.0
2413,5294.0
2414,3971.0
2415,3936.0
2416,3000.0
2417,50361.0
2418,72125.0
2419,4173.0
2420,8043.0
2421,4589.0
2422,4496.0
2423,60232.0
2424,2250.0
2425,19088.0
2426,6296.0
2427,4111.0
2428,58324.0
2429,47395.0
2430,3090.0
2431,7021.0
2432,22140.0
2433,3105.0
2434,63308.0
2435,6494.0
2436,6921.0
2437,54777.0
2438,7958.0
2439,49553.0
2440,3971.0
2441,2723.0
2442,55377.0
2443,4499.0
2444,7766.0
2445,2359.0
2446,9141.0
2447,5888.0
2448,6776.0
2449,57308.0
2450,10832.0
2451,5409.0
2452,68303.0
2453,58864.0
2454,6787.0
2455,6578.0
2456,35510.0
2457,20684.0
2458,8869.0
2459,6159.0
2460,5232.0
2461,41314.0
2462,20684.0
2463,51384.0
2464,34460.0
2465,17653.0
2466,1544.0
2467,37622.0
2468,4578.0
2469,4417.0
2470,51345.0
2471,13552.0
2472,28872.0
2473,2767.0
2474,4499.0
2475,5685.0
2476,45805.0
2477,3458.0
2478,10050.0
2479,66063.0
2480,84464.0
2481,8719.0
2482,7135.0
2483,3223.0
2484,12138.0
2485,4393.0
2486,4111.0
2487,4111.0
2488,5849.0
2489,7412.0
2490,60365.0
2491,11520.0
2492,12812.0
2493,58125.0
2494,5407.0
2495,51817.0
2496,3999.0
2497,56588.0
2498,2336.0
2499,6489.0
2500,3568.0
2501,4263.0
2502,11675.0
2503,6296.0
2504,19593.0
2505,20285.0
2506,6461.0
2507,9277.0
2508,5177.0
2509,6229.0
2510,5293.0
2511,9779.0
2512,6985.0
2513,19783.0
2514,49151.0
2515,6578.0
2516,5955.0
2517,39555.0
2518,5530.0
2519,57920.0
2520,4097.0
2521,5290.0
2522,13128.0
2523,3979.0
2524,66928.0
2525,9746.0
2526,10604.0
2527,6407.0
2528,63277.0
2529,2050.0
2530,3610.0
2531,6728.0
2532,6867.0
2533,5549.0
2534,4165.0
2535,3980.0
2536,4387.0
2537,4417.0
2538,58876.0
2539,41314.0
2540,6237.0
2541,56476.0
2542,6698.0
2543,10907.0
2544,60365.0
2545,29656.0
2546,47657.0
2547,49207.0
2548,2436.0
2549,51697.0
2550,61049.0
2551,2994.0
2552,7959.0
2553,58970.0
2554,5392.0
2555,6200.0
2556,3108.0
2557,4827.0
2558,7145.0
2559,16569.0
2560,56590.0
2561,4499.0
2562,4660.0
2563,5619.0
2564,10317.0
2565,4453.0
2566,5092.0
2567,5177.0
2568,4209.0
2569,4789.0
2570,11488.0
2571,69113.0
2572,2748.0
2573,5805.0
2574,6048.0
2575,49553.0
2576,6461.0
2577,55983.0
2578,13026.0
2579,9771.0
2580,6444.0
2581,11205.0
2582,60508.0
2583,4069.0
2584,20760.0
2585,8478.0
2586,4545.0
2587,4724.0
2588,11919.0
2589,9153.0
2590,20760.0
2591,4541.0
2592,2857.0
2593,12318.0
2594,6308.0
2595,3397.0
2596,7435.0
2597,4762.0
2598,6882.0
2599,9792.0
2600,62045.0
2601,12237.0
2602,4990.0
2603,14049.0
2604,61933.0
2605,8112.0
2606,2124.0
2607,20760.0
2608,5606.0
2609,9404.0
2610,2339.0
2611,3916.0
2612,38099.0
2613,6128.0
2614,42457.0
2615,4190.0
2616,20373.0
2617,5380.0
2618,4593.0
2619,3916.0
2620,4612.0
2621,22152.0
2622,4031.0
2623,73581.0
2624,8233.0
2625,54608.0
2626,51875.0
2627,44144.0
2628,4137.0
2629,8112.0
2630,2465.0
2631,39555.0
2632,5042.0
2633,4537.0
2634,6262.0
2635,5790.0
2636,11237.0
2637,10712.0
2638,42312.0
2639,6067.0
2640,7572.0
2641,4500.0
2642,5761.0
2643,5289.0
2644,7877.0
2645,54684.0
2646,23418.0
2647,1714.0
2648,12210.0
2649,7841.0
2650,54608.0
2651,27792.0
2652,6489.0
2653,3361.0
2654,2339.0
2655,3015.0
2656,62448.0
2657,7572.0
2658,3569.0
2659,32923.0
2660,3528.0
2661,8709.0
2662,49992.0
2663,3014.0
2664,7341.0
2665,2250.0
2666,54777.0
2667,10744.0
2668,2534.0
2669,7690.0
2670,7811.0
2671,2339.0
2672,52287.0
2673,47844.0
2674,5934.0
2675,1543.0
2676,6195.0
2677,5102.0
2678,8374.0
2679,3971.0
2680,44144.0
2681,44583.0
2682,16051.0
2683,82205.0
2684,4348.0
2685,64285.0
2686,7005.0
2687,39847.0
2688,2074.0
2689,53624.0
2690,3860.0
2691,5760.0
2692,6067.0
2693,2339.0
2694,13961.0
2695,8034.0
2696,10018.0
2697,5152.0
2698,4327.0
2699,60489.0
2700,3611.0
2701,4502.0
2702,6450.0
2703,47429.0
2704,55983.0
2705,8789.0
2706,4499.0
2707,4294.0
2708,6067.0
2709,4030.0
2710,49613.0
2711,53152.0
2712,52063.0
2713,5942.0
2714,5937.0
2715,49613.0
2716,43376.0
2717,4536.0
2718,7633.0
2719,5606.0
2720,7128.0
2721,7312.0
2722,6009.0
2723,2836.0
2724,7489.0
2725,39847.0
2726,8427.0
2727,24324.0
2728,42521.0
2729,5943.0
2730,4896.0
2731,3654.0
2732,60978.0
2733,54684.0
2734,15729.0
2735,42521.0
2736,8948.0
2737,10756.0
2738,7425.0
2739,4792.0
2740,11853.0
2741,3362.0
2742,6488.0
2743,8719.0
2744,3862.0
2745,44280.0
2746,55983.0
2747,4817.0
2748,59021.0
2749,14667.0
2750,9866.0
2751,5177.0
2752,48079.0
2753,56590.0
2754,51457.0
2755,5640.0
2756,55502.0
2757,4111.0
2758,17925.0
2759,1788.0
2760,55377.0
2761,3999.0
2762,4339.0
2763,2410.0
2764,4933.0
2765,3354.0
2766,2767.0
2767,41314.0
2768,4491.0
2769,7763.0
2770,57939.0
2771,69168.0
2772,4105.0
2773,10783.0
2774,5467.0
2775,11520.0
2776,1550.0
2777,4190.0
2778,3334.0
2779,4173.0
2780,56476.0
2781,53440.0
2782,3223.0
2783,10052.0
2784,66723.0
2785,56476.0
2786,4496.0
2787,6389.0
2788,7575.0
2789,61873.0
2790,7496.0
2791,3014.0
2792,7571.0
2793,6395.0
2794,4152.0
2795,76314.0
2796,8863.0
2797,3450.0
2798,5800.0
2799,2966.0
2800,4357.0
2801,17808.0
2802,3361.0
2803,49613.0
2804,17724.0
2805,4417.0
2806,3014.0
2807,3855.0
2808,3980.0
2809,5188.0
2810,6840.0
2811,57393.0
2812,41269.0
2813,52287.0
2814,7221.0
2815,7284.0
2816,42521.0
2817,50271.0
2818,8108.0
2819,5632.0
2820,7135.0
2821,2857.0
2822,8112.0
2823,5943.0
2824,5372.0
2825,56702.0
2826,5958.0
2827,17794.0
2828,47657.0
2829,4363.0
2830,60232.0
2831,15545.0
2832,53164.0
2833,5894.0
2834,2862.0
2835,4863.0
2836,45693.0
2837,3466.0
2838,4748.0
2839,58125.0
2840,70431.0
2841,12490.0
2842,54608.0
2843,6840.0
2844,61404.0
2845,56588.0
2846,50271.0
2847,51595.0
2848,6473.0
2849,4249.0
2850,6161.0
2851,61933.0
2852,4612.0
2853,6814.0
2854,57920.0
2855,4368.0
2856,4496.0
2857,6174.0
2858,5960.0
2859,14734.0
2860,36700.0
2861,6122.0
2862,57939.0
2863,69961.0
2864,6024.0
2865,7196.0
2866,3831.0
2867,6450.0
2868,4500.0
2869,15154.0
2870,4663.0
2871,14428.0
2872,54684.0
2873,67710.0
2874,12166.0
2875,5102.0
2876,81585.0
2877,55377.0
2878,20684.0
2879,3450.0
2880,61583.0
2881,7563.0
2882,39859.0
2883,5322.0
2884,5937.0
2885,3236.0
2886,12990.0
2887,5420.0
2888,7908.0
2889,11448.0
2890,3354.0
2891,67004.0
2892,4672.0
2893,2201.0
2894,11129.0
2895,8111.0
2896,63277.0
2897,9879.0
2898,11205.0
2899,49725.0
2900,3754.0
2901,4027.0
2902,13314.0
2903,4756.0
2904,49553.0
2905,49613.0
2906,60260.0
2907,6740.0
2908,5121.0
2909,23944.0
2910,23898.0
2911,32881.0
2912,2339.0
2913,9922.0
2914,7697.0
2915,6195.0
2916,36700.0
2917,2022.0
2918,6985.0
2919,11625.0
2920,3916.0
2921,3014.0
2922,62448.0
2923,17268.0
2924,6502.0
2925,4262.0
2926,4173.0
2927,6009.0
2928,54896.0
2929,54684.0
2930,7996.0
2931,7575.0
2932,57453.0
2933,59537.0
2934,4687.0
2935,4211.0
2936,7425.0
2937,2343.0
2938,3288.0
2939,5720.0
2940,6172.0
2941,5949.0
2942,5241.0
2943,4500.0
2944,4502.0
2945,5632.0
2946,4452.0
2947,46097.0
2948,2098.0
2949,2409.0
2950,5547.0
2951,1890.0
2952,8029.0
2953,2700.0
2954,19130.5
2955,6200.0
2956,44144.0
2957,2410.0
2958,5513.0
2959,29764.0
2960,11488.0
2961,3916.0
2962,2339.0
2963,5771.0
2964,3979.0
2965,2098.0
2966,2056.0
2967,57920.0
2968,6489.0
2969,8133.0
2970,4896.0
2971,6490.0
2972,3862.0
2973,13014.0
2974,56702.0
2975,49553.0
2976,45257.0
2977,3220.0
2978,4413.0
2979,6292.0
2980,4020.0
2981,4006.0
2982,7352.0
2983,5322.0
2984,44280.0
2985,42457.0
2986,6759.0
2987,56702.0
2988,2792.0
2989,2228.0
2990,7978.0
2991,4229.0
2992,6488.0
2993,10744.0
2994,4001.0
2995,32923.0
2996,6461.0
2997,6502.0
2998,42521.0
2999,17548.0
3000,5817.0
3001,10744.0
3002,5649.0
3003,22140.0
3004,63889.0
3005,44280.0
3006,2480.0
3007,39321.0
3008,10545.0
3009,55983.0
3010,62448.0
3011,3000.0
3012,8089.0
3013,3393.0
3014,2339.0
3015,10774.0
3016,68415.0
3017,9893.0
3018,5178.0
3019,53743.0
3020,53152.0
3021,3397.0
3022,2476.0
3023,12465.0
3024,51697.0
3025,53152.0
3026,6630.0
3027,62045.0
3028,4792.0
3029,6488.0
3030,58125.0
3031,6460.0
3032,42521.0
3033,5934.0
3034,60508.0
3035,6230.0
3036,45672.0
3037,6733.0
3038,6512.0
3039,54608.0
3040,8719.0
3041,54684.0
3042,6207.0
3043,7393.0
3044,7950.0
3045,2150.0
3046,89927.0
3047,84222.0
3048,75721.0
3049,51707.0
3050,6489.0
3051,5027.0
3052,4209.0
3053,6802.0
3054,53552.0
3055,56702.0
3056,35554.0
3057,4453.0
3058,6012.0
3059,5092.0
3060,1822.0
3061,3916.0
3062,50271.0
3063,3105.0
3064,58573.0
3065,6165.0
3066,9578.0
3067,5291.0
3068,12107.0
3069,51707.0
3070,16518.0
3071,22140.0
3072,8111.0
3073,8803.0
3074,7053.0
3075,7221.0
3076,4827.0
3077,7804.0
3078,7221.0
3079,70543.0
3080,4755.0
3081,2201.0
3082,4672.0
3083,39736.0
3084,58125.0
3085,50969.0
3086,57777.0
3087,6578.0
3088,45562.0
3089,1776.0
3090,2785.0
3091,38099.0
3092,16654.0
3093,78730.0
3094,6353.0
3095,4111.0
3096,4556.0
3097,63816.0
3098,3860.0
3099,2250.0
3100,1714.0
3101,67137.0
3102,62009.0
3103,61873.0
3104,7576.0
3105,2836.0
3106,57920.0
3107,6867.0
3108,72237.0
3109,56588.0
3110,6598.0
3111,42521.0
3112,4359.0
3113,4168.0
3114,9433.0
3115,54684.0
3116,12684.0
3117,56129.0
3118,4556.0
3119,5342.0
3120,11295.0
3121,52175.0
3122,68505.0
3123,11520.0
3124,5888.0
3125,70431.0
3126,6035.0
3127,44144.0
3128,4656.0
3129,43729.0
3130,47408.0
3131,4896.0
3132,74480.0
3133,18062.0
3134,55087.0
3135,4328.0
3136,5958.0
3137,12302.0
3138,6438.0
3139,64285.0
3140,2051.0
3141,54841.0
3142,6598.0
3143,52175.0
3144,41652.0
3145,44069.0
3146,4453.0
3147,25600.0
3148,53164.0
3149,10680.0
3150,6349.0
3151,3393.0
3152,3610.0
3153,4910.0
3154,60396.0
3155,12447.0
3156,3685.0
3157,14099.0
3158,3371.0
3159,58125.0
3160,6395.0
3161,7265.0
3162,55502.0
3163,6311.0
3164,17463.0
3165,3153.0
3166,7352.0
3167,1890.0
3168,5260.0
3169,5954.0
3170,6455.0
3171,63691.0
3172,61618.0
3173,4672.0
3174,57081.0
3175,6133.0
3176,2901.0
3177,10756.0
3178,60396.0
3179,6489.0
3180,5303.0
3181,67645.0
3182,4496.0
3183,7890.0
3184,6128.0
3185,7412.0
3186,55983.0
3187,5017.0
3188,56588.0
3189,4449.0
3190,6226.0
3191,13773.0
3192,5782.0
3193,20684.0
3194,5772.0
3195,52392.0
3196,53743.0
3197,34354.0
3198,67769.0
3199,6395.0
3200,13524.0
3201,2124.0
3202,8089.0
3203,60978.0
3204,4007.0
3205,7832.0
3206,7056.0
3207,8854.0
3208,7145.0
3209,6023.5
3210,11868.0
3211,23416.0
3212,4499.0
3213,6129.0
3214,13394.0
3215,50271.0
3216,51819.0
3217,6797.0
3218,7484.0
3219,5761.0
3220,7610.0
3221,50271.0
3222,5949.0
3223,55983.0
3224,67004.0
3225,45883.0
3226,29630.0
3227,42765.0
3228,4548.0
3229,6489.0
3230,4272.0
3231,6827.0
3232,4675.0
3233,6109.0
3234,6966.0
3235,56702.0
3236,41281.0
3237,7212.0
3238,4933.0
3239,68743.0
3240,2339.0
3241,5206.0
3242,10849.0
3243,11318.0
3244,65069.0
3245,44144.0
3246,84154.0
3247,40593.0
3248,7325.0
3249,52392.0
3250,60978.0
3251,4499.0
3252,54684.0
3253,66928.0
3254,5166.0
3255,58032.0
3256,4297.0
3257,2091.0
3258,7212.0
3259,6270.0
3260,7195.0
3261,4413.0
3262,2410.0
3263,6389.0
3264,8848.0
3265,6878.0
3266,3855.0
3267,7196.0
3268,3999.0
3269,69244.0
3270,72730.0
3271,5950.0
3272,6172.0
3273,9953.0
3274,4810.0
3275,5949.0
3276,6017.0
3277,2480.0
3278,5632.0
3279,2476.0
3280,6832.0
3281,28510.0
3282,5236.0
3283,3219.0
3284,5943.0
3285,27864.0
3286,54608.0
3287,3595.0
3288,15543.0
3289,6514.0
3290,3393.0
3291,8298.0
3292,76768.0
3293,4524.0
3294,3306.0
3295,9879.0
3296,5066.0
3297,1830.0
3298,5955.0
3299,5943.0
3300,4229.0
3301,7476.0
3302,47545.0
3303,4792.0
3304,60508.0
3305,25600.0
3306,11383.0
3307,57596.0
3308,10260.0
3309,3608.0
3310,6743.0
3311,20684.0
3312,2359.0
3313,8111.0
3314,49553.0
3315,17621.0
3316,5960.0
3317,2150.0
3318,65832.0
3319,5565.0
3320,2309.0
3321,9419.0
3322,5949.0
3323,11488.0
3324,40447.0
3325,2028.5
3326,8379.0
3327,5943.0
3328,9241.0
3329,5293.0
3330,6304.0
3331,3916.0
3332,7021.0
3333,6461.0
3334,3096.0
3335,66697.0
3336,2836.0
3337,56588.0
3338,1551.0
3339,2208.0
3340,6195.0
3341,47408.0
3342,69168.0
3343,4170.0
3344,4629.0
3345,4896.0
3346,8118.0
3347,4020.0
3348,12949.0
3349,4257.0
3350,6964.0
3351,4977.0
3352,57529.0
3353,13944.0
3354,11415.0
3355,39499.0
3356,45257.0
3357,6623.0
3358,6240.0
3359,4663.0
3360,2200.0
3361,60396.0
3362,8719.0
3363,11214.0
3364,7635.0
3365,53937.0
3366,5227.0
3367,9840.0
3368,53937.0
3369,13128.0
3370,2862.0
3371,5888.0
3372,13472.0
3373,4121.0
3374,4499.0
3375,4536.0
3376,11803.0
3377,19201.0
3378,49613.0
3379,3497.0
3380,3393.0
3381,6593.0
3382,49725.0
3383,12288.0
3384,10018.0
3385,4387.0
3386,5760.0
3387,2410.0
3388,6343.0
3389,53209.0
3390,64729.0
3391,2201.0
3392,8314.0
3393,69713.0
3394,49613.0
3395,56476.0
3396,61933.0
3397,85249.0
3398,6951.0
3399,5293.0
3400,4784.0
3401,51595.0
3402,22140.0
3403,14658.0
3404,6324.0
3405,6006.0
3406,7768.0
3407,6977.0
3408,6044.0
3409,9079.0
3410,9736.0
3411,3916.0
3412,7487.0
3413,6568.0
3414,4672.0
3415,6490.0
3416,9723.0
3417,6625.0
3418,5543.0
3419,60160.0
3420,5026.0
3421,9371.0
3422,49553.0
3423,57017.0
3424,2564.0
3425,4601.0
3426,72338.0
3427,5103.0
3428,60978.0
3429,6132.0
3430,55377.0
3431,4111.0
3432,16359.0
3433,41281.0
3434,61597.0
3435,2477.0
3436,4496.0
3437,8220.0
3438,5437.0
3439,58069.0
3440,5177.0
3441,3813.0
3442,5017.0
3443,4501.0
3444,64113.0
3445,52063.0
3446,9506.0
3447,44280.0
3448,6186.0
3449,64137.0
3450,7584.0
3451,32923.0
3452,5580.0
3453,32621.0
3454,11129.0
3455,41860.0
3456,37985.0
3457,5915.0
3458,5042.0
3459,60260.0
3460,10680.0
3461,53645.0
3462,9017.0
3463,50297.0
3464,6488.0
3465,55983.0
3466,8043.0
3467,47262.0
3468,5352.0
3469,55169.0
3470,5761.0
3471,2665.0
3472,2124.0
3473,51595.0
3474,60555.0
3475,5234.0
3476,57992.0
3477,52063.0
3478,70400.0
3479,51595.0
3480,7838.0
3481,3038.0
3482,2410.0
3483,6292.0
3484,9907.0
3485,3357.0
3486,2836.0
3487,5380.0
3488,57081.0
3489,61684.0
3490,53152.0
3491,51817.0
3492,46097.0
3493,9840.0
3494,12138.0
3495,62045.0
3496,4173.0
3497,2410.0
3498,8329.0
3499,4069.0
3500,60508.0
3501,60365.0
3502,2410.0
3503,4506.0
3504,51707.0
3505,5740.0
3506,22998.0
3507,3379.0
3508,3379.0
3509,29776.0
3510,55983.0
3511,8111.0
3512,7767.0
3513,3393.0
3514,9879.0
3515,54684.0
3516,51707.0
3517,5622.0
3518,43376.0
3519,41314.0
3520,51817.0
3521,3496.0
3522,35490.0
3523,2343.0
3524,6179.0
3525,44144.0
3526,16857.0
3527,9697.0
3528,6389.0
3529,3971.0
3530,6176.0
3531,13734.0
3532,9371.0
3533,69001.0
3534,69515.0
3535,7411.0
3536,5703.0
3537,6314.0
3538,3013.0
3539,5911.0
3540,6489.0
3541,5276.0
3542,82553.0
3543,15543.0
3544,6308.0
3545,2124.0
3546,54841.0
3547,8130.0
3548,4007.0
3549,2477.0
3550,2409.0
3551,44144.0
3552,6487.0
3553,5342.0
3554,4496.0
3555,9201.0
3556,4417.0
3557,3551.0
3558,9272.0
3559,8118.0
3560,4385.0
3561,1822.0
3562,87136.0
3563,5954.0
3564,60260.0
3565,4262.0
3566,12054.0
3567,9141.0
3568,6932.0
3569,3860.0
3570,3671.0
3571,51875.0
3572,9201.0
3573,4501.0
3574,18026.0
3575,5082.0
3576,60396.0
3577,37929.0
3578,51372.0
3579,6292.0
3580,5955.0
3581,6956.0
3582,5182.0
3583,7004.0
3584,6412.0
3585,52287.0
3586,6132.0
3587,3428.0
3588,8134.0
3589,6200.0
3590,66928.0
3591,7425.0
3592,3090.0
3593,3775.0
3594,7054.0
3595,7900.0
3596,7413.0
3597,60260.0
3598,14114.0
3599,12054.0
3600,4272.0
3601,62636.0
3602,13830.0
3603,6037.0
3604,6370.0
3605,5892.0
3606,5177.0
3607,5548.0
3608,4111.0
3609,3611.0
3610,42457.0
3611,5955.0
3612,60260.0
3613,6711.0
3614,6444.0
3615,4371.0
3616,7950.0
3617,11520.0
3618,3466.0
3619,6578.0
3620,20293.0
3621,2410.0
3622,8112.0
3623,39736.0
3624,3072.0
3625,19553.0
3626,14061.0
3627,54896.0
3628,2124.0
3629,3646.0
3630,12183.0
3631,6395.0
3632,58394.0
3633,7895.0
3634,55502.0
3635,56476.0
3636,9840.0
3637,54608.0
3638,3597.0
3639,62636.0
3640,10838.0
3641,5750.0
3642,12007.0
3643,14889.0
3644,60365.0
3645,56632.5
3646,2436.0
3647,4230.0
3648,53645.0
3649,3496.0
3650,5177.0
3651,3863.0
3652,56476.0
3653,3177.0
3654,74911.0
3655,4944.0
3656,3467.0
3657,12360.0
3658,4413.0
3659,5040.0
3660,5772.0
3661,6169.0
3662,5949.0
3663,13014.0
3664,7420.0
3665,7927.0
3666,6489.0
3667,2480.0
3668,8111.0
3669,5267.0
3670,75441.0
3671,54115.0
3672,6324.0
3673,58315.0
3674,4979.0
3675,6181.0
3676,6395.0
3677,69244.0
3678,65529.0
3679,27792.0
3680,32634.0
3681,10899.0
3682,5178.0
3683,5220.0
3684,1543.0
3685,66928.0
3686,9017.0
3687,4390.0
3688,5060.0
3689,4559.0
3690,5761.0
3691,32923.0
3692,5915.0
3693,44280.0
3694,6339.0
3695,13182.0
3696,2339.0
3697,11129.0
3698,57999.0
3699,4783.0
3700,4979.0
3701,2835.0
3702,53645.0
3703,5323.0
3704,55377.0
3705,45600.0
3706,5939.0
3707,14343.0
3708,4230.0
3709,7859.0
3710,5293.0
3711,4440.0
3712,39499.0
3713,5502.0
3714,10260.0
3715,3282.0
3716,7119.0
3717,2098.0
3718,6024.0
3719,3862.0
3720,2994.0
3721,5761.0
3722,6489.0
3723,3393.0
3724,50271.0
3725,64113.0
3726,4204.0
3727,5006.0
3728,67004.0
3729,7164.0
3730,5220.0
3731,39321.0
3732,61971.0
3733,2343.0
3734,3999.0
3735,54115.0
3736,3999.0
3737,5937.0
3738,7212.0
3739,3610.0
3740,62255.0
3741,3147.0
3742,5818.0
3743,3862.0
3744,10690.5
3745,4876.0
3746,2343.0
3747,2353.0
3748,9201.0
3749,8005.0
3750,4020.0
3751,2212.0
3752,17546.0
3753,55377.0
3754,10639.0
3755,12328.0
3756,54841.0
3757,67130.0
3758,2228.0
3759,45995.0
3760,16935.0
3761,69168.0
3762,5649.0
3763,3266.0
3764,5989.0
3765,2124.0
3766,41064.0
3767,15562.0
3768,57565.0
3769,6432.0
3770,4368.0
3771,64831.0
3772,48851.0
3773,7012.0
3774,7958.0
3775,56702.0
3776,65529.0
3777,22140.0
3778,4011.0
3779,13200.0
3780,4637.0
3781,54684.0
3782,9141.0
3783,27976.0
3784,4556.0
3785,10168.0
3786,4086.0
3787,44478.0
3788,60396.0
3789,5309.0
3790,4173.0
3791,5955.0
3792,63577.0
3793,4247.0
3794,18135.0
3795,53937.0
3796,60260.0
3797,20760.0
3798,6109.0
3799,4027.0
3800,2105.0
3801,2201.0
3802,6310.0
3803,56476.0
3804,41269.0
3805,8112.0
3806,69065.0
3807,6489.0
3808,3846.0
3809,6578.0
3810,4073.0
3811,5390.0
3812,6275.0
3813,4762.0
3814,4230.0
3815,45144.0
3816,4086.0
3817,49725.0
3818,54684.0
3819,7141.0
3820,13410.0
3821,3951.0
3822,49725.0
3823,16359.0
3824,2050.0
3825,56590.0
3826,11868.0
3827,49725.0
3828,60260.0
3829,2200.0
3830,4961.0
3831,6985.0
3832,1105.0
3833,7958.0
3834,54841.0
3835,62045.0
3836,3572.0
3837,54896.0
3838,13882.0
3839,13043.0
3840,5502.0
3841,5322.0
3842,6015.0
3843,4499.0
3844,39783.0
3845,3349.0
3846,2339.0
3847,4792.0
3848,1890.0
3849,4477.0
3850,53645.0
3851,7877.0
3852,1890.0
3853,5918.0
3854,4498.0
3855,5102.0
3856,35520.0
3857,12159.0
3858,38099.0
3859,13168.0
3860,4111.0
3861,4209.0
3862,5292.0
3863,5267.0
3864,67809.0
3865,53164.0
3866,4028.0
3867,64285.0
3868,5539.0
3869,2203.0
3870,4372.0
3871,51345.0
3872,5949.0
3873,3999.0
3874,6457.0
3875,4971.0
3876,4020.0
3877,56590.0
3878,60555.0
3879,6740.0
3880,4459.0
3881,1105.0
3882,53440.0
3883,5368.0
3884,5731.0
3885,44280.0
3886,6196.0
3887,44622.0
3888,11069.0
3889,6294.0
3890,2476.0
3891,11664.0
3892,44682.0
3893,53164.0
3894,6395.0
3895,56632.5
3896,4230.0
3897,4452.0
3898,37985.0
3899,4357.0
3900,2056.0
3901,5949.0
3902,53440.0
3903,6048.0
3904,51457.0
3905,3000.0
3906,2723.0
3907,61404.0
3908,6067.0
3909,3393.0
3910,8220.0
3911,12213.0
3912,32859.0
3913,1550.0
3914,13095.0
3915,12150.0
3916,51707.0
3917,7366.0
3918,28510.0
3919,51057.0
3920,3393.0
3921,58282.0
3922,1714.0
3923,62045.0
3924,6581.0
3925,5703.0
3926,6195.0
3927,57992.0
3928,50473.0
3929,8799.0
3930,11448.0
3931,54896.0
3932,4656.0
3933,66155.0
3934,7234.0
3935,4524.0
3936,4008.0
3937,4211.0
3938,52287.0
3939,37985.0
3940,13782.0
3941,3457.0
3942,36700.0
3943,2410.0
3944,6776.0
3945,6461.0
3946,49613.0
3947,66063.0
3948,54608.0
3949,3610.0
3950,4363.0
3951,7646.0
3952,49725.0
3953,18511.5
3954,70588.0
3955,3357.0
3956,9592.0
3957,2336.0
3958,3489.0
3959,3024.0
3960,50957.0
3961,3334.0
3962,5102.0
3963,2336.0
3964,60555.0
3965,5960.0
3966,4452.0
3967,7484.0
3968,14889.0
3969,32859.0
3970,7125.0
3971,10018.0
3972,5267.0
3973,12894.0
3974,3754.0
3975,6568.0
3976,3987.0
3977,6067.0
3978,8803.0
3979,4678.0
3980,5955.0
3981,9879.0
3982,66155.0
3983,4784.0
3984,55377.0
3985,6186.0
3986,36577.0
3987,6450.0
3988,1890.0
3989,39555.0
3990,12004.0
3991,5649.0
3992,60232.0
3993,4099.0
3994,1890.0
3995,6067.0
3996,6262.0
3997,4363.0
3998,45693.0
3999,3999.0
4000,8186.0
4001,62793.0
4002,3971.0
4003,8014.0
4004,5846.0
4005,12114.0
4006,2968.0
4007,60260.0
4008,54841.0
4009,3855.0
4010,4221.0
4011,29580.0
4012,3998.0
4013,58125.0
4014,59033.0
4015,5177.0
4016,10901.0
4017,56702.0
4018,6067.0
4019,5888.0
4020,6324.0
4021,3543.0
4022,22093.0
4023,4367.0
4024,56590.0
4025,4284.0
4026,57920.0
4027,6488.0
4028,35038.0
4029,57081.0
4030,3948.0
4031,2339.0
4032,2409.0
4033,10301.0
4034,4881.0
4035,6578.0
4036,5677.0
4037,3108.0
4038,56702.0
4039,17922.0
4040,2050.0
4041,6711.0
4042,13054.0
4043,7697.0
4044,2201.0
4045,52287.0
4046,6798.0
4047,3336.0
4048,7212.0
4049,3623.0
4050,54608.0
4051,2857.0
4052,11520.0
4053,6312.0
4054,54115.0
4055,1714.0
4056,5726.0
4057,14703.0
4058,31436.0
4059,4229.0
4060,7135.0
4061,17718.0
4062,5092.0
4063,4401.0
4064,2091.0
4065,2276.0
4066,60396.0
4067,47586.0
4068,4239.0
4069,10073.0
4070,2056.0
4071,2738.0
4072,4556.0
4073,5856.0
4074,51819.0
4075,7635.0
4076,4506.0
4077,49613.0
4078,3689.0
4079,48851.0
4080,60555.0
4081,49207.0
4082,54608.0
4083,3379.0
4084,5006.0
4085,6172.0
4086,44144.0
4087,54608.0
4088,3957.0
4089,5441.0
4090,6226.0
4091,45883.0
4092,6461.0
4093,4000.0
4094,6276.0
4095,53835.0
4096,2056.0
4097,58032.0
4098,3569.0
4099,5219.0
4100,47586.0
4101,37985.0
4102,4979.0
4103,5937.0
4104,53937.0
4105,4170.0
4106,6009.0
4107,51595.0
4108,4496.0
4109,51345.0
4110,32923.0
4111,11436.0
4112,10511.0
4113,3621.0
4114,13758.0
4115,39555.0
4116,54115.0
4117,56073.0
4118,2862.0
4119,6711.0
4120,15204.0
4121,59108.0
4122,51875.0
4123,6461.0
4124,11205.0
4125,3594.0
4126,14889.0
4127,59033.0
4128,13082.0
4129,2637.0
4130,8579.0
4131,23583.0
4132,10365.0
4133,17794.0
4134,8345.0
4135,6748.0
4136,2410.0
4137,4637.0
4138,50577.0
4139,13182.0
4140,49553.0
4141,4745.0
4142,3625.0
4143,5955.0
4144,5104.0
4145,12267.0
4146,4056.0
4147,7120.0
4148,7763.0
4149,8186.0
4150,4672.0
4151,10248.0
4152,54608.0
4153,60978.0
4154,51345.0
4155,66928.0
4156,7373.0
4157,3302.0
4158,73677.0
4159,61537.0
4160,53164.0
4161,51707.0
4162,3862.0
4163,41281.0
4164,39783.0
4165,61404.0
4166,10680.0
4167,6568.0
4168,6510.0
4169,53152.0
4170,3024.0
4171,99327.0
4172,5892.0
4173,51457.0
4174,4205.0
4175,58125.0
4176,62448.0
4177,3096.0
4178,4491.0
4179,54896.0
4180,69580.0
4181,49613.0
4182,63277.0
4183,6830.0
4184,62591.0
4185,3393.0
4186,3306.0
4187,2410.0
4188,60555.0
4189,7072.0
4190,6224.0
4191,12396.0
4192,5234.0
4193,2050.0
4194,2339.0
4195,11639.0
4196,5542.0
4197,49613.0
4198,12474.0
4199,4971.0
4200,5955.0
4201,4500.0
4202,4209.0
4203,4496.0
4204,56435.0
4205,8391.0
4206,38099.0
4207,6860.0
4208,8089.0
4209,4359.0
4210,2723.0
4211,6433.0
4212,22152.0
4213,9945.0
4214,14343.0
4215,45672.0
4216,4502.0
4217,9840.0
4218,2098.0
4219,7950.0
4220,4660.0
4221,3572.0
4222,60555.0
4223,3090.0
4224,56588.0
4225,61392.0
4226,60160.0
4227,3571.0
4228,2124.0
4229,16213.0
4230,4367.0
4231,3754.0
4232,14085.0
4233,4452.0
4234,4554.0
4235,7221.0
4236,5606.0
4237,5328.0
4238,64139.0
4239,14154.0
4240,3734.0
4241,1788.0
4242,5465.0
4243,6067.0
4244,6133.0
4245,3916.0
4246,2074.0
4247,5892.0
4248,2056.0
4249,5949.0
4250,51457.0
4251,3090.0
4252,5437.0
4253,3916.0
4254,6450.0
4255,9840.0
4256,1654.0
4257,6132.0
4258,7572.0
4259,32923.0
4260,57057.0
4261,64285.0
4262,9776.0
4263,3621.0
4264,41281.0
4265,32859.0
4266,42521.0
4267,54684.0
4268,5535.0
4269,78870.0
4270,11129.0
4271,45693.0
4272,44280.0
4273,6544.0
4274,6821.0
4275,62729.0
4276,4173.0
4277,3862.0
4278,41269.0
4279,52175.0
4280,11508.0
4281,67645.0
4282,3153.0
4283,7412.0
4284,5293.0
4285,7488.0
4286,7774.0
4287,5523.0
4288,71901.0
4289,7342.0
4290,4969.0
4291,91177.0
4292,3209.0
4293,53512.0
4294,12185.0
4295,8647.0
4296,40843.0
4297,67473.0
4298,5943.0
4299,4839.0
4300,41113.0
4301,4566.0
4302,4452.0
4303,6075.0
4304,15822.0
4305,62188.0
4306,4971.0
4307,7488.0
4308,7484.0
4309,9501.0
4310,4792.0
4311,4656.0
4312,60978.0
4313,5410.0
4314,8111.0
4315,2723.0
4316,5760.0
4317,57943.0
4318,9201.0
4319,13273.0
4320,1890.0
4321,42457.0
4322,3986.0
4323,49884.0
4324,15512.0
4325,6339.0
4326,77196.0
4327,5696.0
4328,4439.0
4329,6776.0
4330,5880.0
4331,3989.0
4332,4048.0
4333,4221.0
4334,4706.0
4335,5546.0
4336,37929.0
4337,10248.0
4338,45600.0
4339,6308.0
4340,14114.0
4341,5949.0
4342,5685.0
4343,12150.0
4344,68317.0
4345,12054.0
4346,6196.0
4347,45257.0
4348,9424.0
4349,4363.0
4350,4048.0
4351,6133.0
4352,53835.0
4353,4502.0
4354,39499.0
4355,62793.0
4356,57920.0
4357,60508.0
4358,6082.0
4359,61583.0
4360,4348.0
4361,8112.0
4362,45693.0
4363,7135.0
4364,54608.0
4365,5033.0
4366,41269.0
4367,10470.0
4368,58111.0
4369,4589.0
4370,6186.0
4371,9201.0
4372,54777.0
4373,54608.0
4374,67004.0
4375,5817.0
4376,5010.0
4377,9201.0
4378,53164.0
4379,10669.0
4380,40270.0
4381,6296.0
4382,42457.0
4383,7338.0
4384,50969.0
4385,8089.0
4386,13168.0
4387,3521.0
4388,7053.0
4389,6032.0
4390,6133.0
4391,60160.0
4392,6067.0
4393,2767.0
4394,35554.0
4395,4515.0
4396,36763.0
4397,6502.0
4398,4724.0
4399,6461.0
4400,13095.0
4401,5445.0
4402,66063.0
4403,44546.0
4404,3266.0
4405,69244.0
4406,63499.0
4407,10006.0
4408,6461.0
4409,2966.0
4410,4229.0
4411,62045.0
4412,2124.0
4413,53624.0
4414,2201.0
4415,9840.0
4416,5178.0
4417,4762.0
4418,63804.0
4419,5429.0
4420,6303.0
4421,1105.0
4422,44280.0
4423,60508.0
4424,15087.0
4425,49553.0
4426,6009.0
4427,4007.0
4428,53512.0
4429,6395.0
4430,12408.0
4431,15708.0
4432,3006.0
4433,5523.0
4434,51707.0
4435,2723.0
4436,1714.0
4437,3726.0
4438,42521.0
4439,12138.0
4440,2339.0
4441,7412.0
4442,14723.0
4443,9241.0
4444,11383.0
4445,15970.0
4446,7412.0
4447,9534.0
4448,12623.0
4449,22152.0
4450,7496.0
4451,5390.0
4452,3860.0
4453,28312.0
4454,4348.0
4455,5635.0
4456,5622.0
4457,3971.0
4458,41269.0
4459,7263.0
4460,8123.0
4461,4496.0
4462,6578.0
4463,28510.0
4464,32646.0
4465,3971.0
4466,5954.0
4467,60508.0
4468,40593.0
4469,12276.0
4470,40296.0
4471,6488.0
4472,61899.0
4473,6122.0
4474,5632.0
4475,49725.0
4476,5324.0
4477,6905.0
4478,59033.0
4479,6017.0
4480,3629.0
4481,10604.0
4482,69244.0
4483,2463.0
4484,41101.0
4485,2477.0
4486,8148.0
4487,56590.0
4488,51117.0
4489,7302.0
4490,24234.0
4491,6132.0
4492,3014.0
4493,43729.0
4494,55982.0
4495,55502.0
4496,11928.0
4497,3450.0
4498,8988.0
4499,7487.0
4500,3177.0
4501,5857.0
4502,4857.0
4503,4613.0
4504,5950.0
4505,5625.0
4506,3587.0
4507,9881.0
4508,6946.0
4509,42521.0
4510,13411.0
4511,39321.0
4512,4496.0
4513,3014.0
4514,4537.0
4515,7958.0
4516,6304.0
4517,16212.0
4518,7484.0
4519,9840.0
4520,7474.0
4521,4755.0
4522,4095.0
4523,5007.0
4524,5906.0
4525,60555.0
4526,5291.0
4527,4202.0
4528,7927.0
4529,6395.0
4530,47205.0
4531,12054.0
4532,7240.0
4533,6454.0
4534,32923.0
4535,25024.0
4536,52287.0
4537,60978.0
4538,55502.0
4539,5467.0
4540,44478.0
4541,6548.0
4542,5954.0
4543,54777.0
4544,56273.0
4545,4414.0
4546,59033.0
4547,4367.0
4548,9312.0
4549,6195.0
4550,4496.0
4551,6597.0
4552,3090.0
4553,5954.0
4554,6240.0
4555,53152.0
4556,53835.0
4557,59033.0
4558,83647.0
4559,11205.0
4560,3014.0
4561,10376.0
4562,9201.0
4563,4363.0
4564,6991.0
4565,66928.0
4566,5144.0
4567,48234.0
4568,68105.0
4569,3105.0
4570,18858.0
4571,4559.0
4572,5504.0
4573,2339.0
4574,4915.0
4575,5136.0
4576,2276.0
4577,3102.0
4578,6461.0
4579,41314.0
4580,8719.0
4581,2111.0
4582,64285.0
4583,52715.0
4584,41064.0
4585,3685.0
4586,7346.0
4587,10425.0
4588,5027.0
4589,4987.0
4590,55377.0
4591,57081.0
4592,57939.0
4593,8064.0
4594,51457.0
4595,4755.0
4596,4589.0
4597,9501.0
4598,5955.0
4599,6450.0
4600,4559.0
4601,8449.0
4602,42521.0
4603,3720.0
4604,54608.0
4605,5986.0
4606,3129.0
4607,60365.0
4608,5888.0
4609,5068.0
4610,62549.0
4611,5617.0
4612,4687.0
4613,9986.0
4614,4030.0
4615,4796.0
4616,20684.0
4617,25470.0
4618,5949.0
4619,4496.0
4620,49725.0
4621,1890.0
4622,13903.0
4623,1550.0
4624,50473.0
4625,51000.0
4626,36577.0
4627,25453.0
4628,13749.0
4629,4339.0
4630,51875.0
4631,41113.0
4632,49725.0
4633,51697.0
4634,2329.0
4635,3090.0
4636,10616.0
4637,9799.0
4638,17672.0
4639,43376.0
4640,1776.0
4641,7212.0
4642,3860.0
4643,6502.0
4644,51244.0
4645,41064.0
4646,4500.0
4647,66063.0
4648,60260.0
4649,6339.0
4650,16319.0
4651,3542.0
4652,6258.0
4653,5530.0
4654,51345.0
4655,6194.0
4656,5495.0
4657,2203.0
4658,7425.0
4659,4293.0
4660,5648.0
4661,2228.0
4662,42724.0
4663,7413.0
4664,74594.0
4665,24056.0
4666,9284.0
4667,56588.0
4668,3885.0
4669,5293.0
4670,4501.0
4671,52063.0
4672,4792.0
4673,4262.0
4674,9840.0
4675,8667.0
4676,24056.0
4677,5851.5
4678,60978.0
4679,2276.0
4680,2994.0
4681,8111.0
4682,6821.0
4683,5018.0
4684,6166.0
4685,11205.0
4686,4593.0
4687,11383.0
4688,13524.0
4689,3174.0
4690,10306.5
4691,49856.0
4692,5465.0
4693,10017.0
4694,5507.0
4695,5547.0
4696,77868.0
4697,56878.0
4698,80626.0
4699,7120.0
4700,3980.0
4701,39321.0
4702,13801.0
4703,5227.0
4704,52175.0
4705,15082.0
4706,62045.0
4707,57920.0
4708,55377.0
4709,32999.0
4710,54777.0
4711,9945.0
4712,6489.0
4713,4367.0
4714,68303.0
4715,4896.0
4716,27976.0
4717,56632.5
4718,11070.0
4719,9901.0
4720,20328.0
4721,3336.0
4722,17359.0
4723,4453.0
4724,60396.0
4725,64831.0
4726,3471.0
4727,11027.0
4728,2150.0
4729,6883.0
4730,6292.0
4731,2410.0
4732,3845.0
4733,2900.0
4734,52287.0
4735,7927.0
4736,2339.0
4737,5152.0
4738,14388.0
4739,2074.0
4740,7043.0
4741,13873.0
4742,6166.0
4743,1105.0
4744,4417.0
4745,3093.0
4746,6292.0
4747,57920.0
4748,8988.0
4749,13944.0
4750,14074.0
4751,4919.0
4752,5102.0
4753,20760.0
4754,3811.0
4755,5276.0
4756,4500.0
4757,49725.0
4758,6450.0
4759,29622.0
4760,2646.0
4761,51595.0
4762,2931.0
4763,1694.0
4764,56590.0
4765,6946.0
4766,3393.0
4767,23898.0
4768,2124.0
4769,8121.0
4770,15280.0
4771,45883.0
4772,5955.0
4773,11129.0
4774,9175.0
4775,12557.0
4776,11069.0
4777,4500.0
4778,49553.0
4779,5925.0
4780,3466.0
4781,4851.0
4782,62045.0
4783,23838.0
4784,68191.0
4785,39377.0
4786,5656.0
4787,2791.0
4788,11110.0
4789,4979.0
4790,2464.0
4791,56588.0
4792,20760.0
4793,53164.0
4794,3963.0
4795,4477.0
4796,42457.0
4797,5955.0
4798,31982.0
4799,11175.0
4800,34472.0
4801,2336.0
4802,55377.0
4803,2124.0
4804,2723.0
4805,62729.0
4806,6690.0
4807,6919.0
4808,65457.0
4809,44144.0
4810,10809.0
4811,14008.0
4812,4663.0
4813,18450.0
4814,6840.0
4815,53209.0
4816,2124.0
4817,20606.0
4818,8275.0
4819,3223.0
4820,5420.0
4821,8111.0
4822,55377.0
4823,5955.0
4824,6600.0
4825,15204.0
4826,61933.0
4827,3571.0
4828,54608.0
4829,13758.0
4830,4229.0
4831,7895.0
4832,48289.0
4833,51457.0
4834,5805.0
4835,45693.0
4836,5954.0
4837,7584.0
4838,16543.0
4839,3381.0
4840,16128.0
4841,5871.0
4842,4020.0
4843,4189.0
4844,5956.0
4845,46097.0
4846,65529.0
4847,13781.0
4848,60508.0
4849,4297.0
4850,24122.0
4851,27792.0
4852,5407.0
4853,3980.0
4854,4767.0
4855,5114.0
4856,6464.0
4857,3014.0
4858,6601.0
4859,3015.0
4860,8885.0
4861,11247.0
4862,2336.0
4863,54684.0
4864,37985.0
4865,5955.0
4866,9639.0
4867,6423.0
4868,6067.0
4869,6299.0
4870,37888.0
4871,3361.0
4872,71058.0
4873,5942.0
4874,4434.0
4875,4149.0
4876,4414.0
4877,39321.0
4878,2836.0
4879,13910.0
4880,8253.0
4881,2409.0
4882,9723.0
4883,5507.0
4884,54684.0
4885,51875.0
4886,11141.0
4887,92193.0
4888,2124.0
4889,60555.0
4890,52287.0
4891,4030.0
4892,3393.0
4893,6006.0
4894,4807.0
4895,4496.0
4896,10384.0
4897,8838.0
4898,7562.0
4899,10785.0
4900,58125.0
4901,4452.0
4902,2339.0
4903,23838.0
4904,24122.0
4905,12454.0
4906,55377.0
4907,5938.0
4908,56590.0
4909,11129.0
4910,11139.0
4911,3153.0
4912,3905.0
4913,11940.0
4914,57393.0
4915,46011.5
4916,4229.0
4917,2409.0
4918,17510.0
4919,6461.0
4920,6270.0
4921,5943.0
4922,22152.0
4923,10478.0
4924,13240.0
4925,44144.0
4926,2436.0
4927,25000.0
4928,5276.0
4929,49725.0
4930,9998.0
4931,9390.0
4932,17683.0
4933,6032.0
4934,7316.0
4935,6270.0
4936,5415.0
4937,5445.0
4938,58125.0
4939,6219.0
4940,6339.0
4941,6067.0
4942,38099.0
4943,8836.0
4944,1714.0
4945,6578.0
4946,12927.0
4947,82205.0
4948,23484.0
4949,6489.0
4950,4436.0
4951,6287.0
4952,4499.0
4953,60260.0
4954,44280.0
4955,5227.0
4956,62591.0
4957,17703.0
4958,58125.0
4959,45257.0
4960,2200.0
4961,79349.0
4962,11385.0
4963,3999.0
4964,8011.0
4965,3401.0
4966,5772.0
4967,3393.0
4968,7452.0
4969,6502.0
4970,6067.0
4971,6024.0
4972,6024.0
4973,5967.0
4974,5293.0
4975,66063.0
4976,10017.0
4977,41314.0
4978,4349.0
4979,5407.0
4980,37985.0
4981,6489.0
4982,3014.0
4983,2901.0
4984,7927.0
4985,12264.0
4986,12389.0
4987,11987.0
4988,57920.0
4989,4071.0
4990,5675.0
4991,51595.0
4992,4969.0
4993,4402.0
4994,76009.0
4995,45693.0
4996,85249.0
4997,4038.0
4998,62045.0
4999,35490.0
5000,8111.0
5001,47657.0
5002,3105.0
5003,6595.0
5004,3397.0
5005,58970.0
5006,6825.0
5007,5441.0
5008,5772.0
5009,5953.0
5010,53209.0
5011,31436.0
5012,4209.0
5013,2723.0
5014,56702.0
5015,4357.0
5016,7396.0
5017,6015.0
5018,44863.0
5019,13629.0
5020,21103.0
5021,4496.0
5022,45693.0
5023,5178.0
5024,57081.0
5025,10744.0
5026,15204.0
5027,9879.0
5028,4337.0
5029,8128.0
5030,51372.0
5031,51697.0
5032,60365.0
5033,3528.0
5034,13182.0
5035,57081.0
5036,49177.0
5037,5445.0
5038,48289.0
5039,7212.0
5040,61873.0
5041,6133.0
5042,3961.0
5043,69244.0
5044,51707.0
5045,6578.0
5046,3014.0
5047,6395.0
5048,6534.0
5049,7021.0
5050,50957.0
5051,52139.0
5052,3610.0
5053,3803.0
5054,6468.0
5055,51707.0
5056,3401.0
5057,6262.0
5058,62045.0
5059,4496.0
5060,2201.0
5061,23484.0
5062,4961.0
5063,3466.0
5064,14880.0
5065,2700.0
5066,3646.0
5067,39555.0
5068,6863.0
5069,4028.0
5070,18073.0
5071,1890.0
5072,11088.0
5073,4499.0
5074,11617.0
5075,3712.0
5076,7420.0
5077,9624.0
5078,4500.0
5079,57920.0
5080,3269.0
5081,4170.0
5082,4499.0
5083,1543.0
5084,2339.0
5085,2723.0
5086,5441.0
5087,53152.0
5088,32859.0
5089,43729.0
5090,38099.0
5091,57992.0
5092,4445.0
5093,7954.0
5094,1998.0
5095,5954.0
5096,6172.0
5097,7958.0
5098,47205.0
5099,3819.0
5100,4230.0
5101,53164.0
5102,1714.0
5103,49177.0
5104,3489.0
5105,6821.0
5106,4099.0
5107,15982.0
5108,4390.0
5109,10155.0
5110,54896.0
5111,1443.0
5112,11553.0
5113,37846.0
5114,5606.0
5115,4190.0
5116,69244.0
5117,5093.0
5118,2208.0
5119,5601.0
5120,4001.0
5121,12958.0
5122,4170.0
5123,52063.0
5124,46097.0
5125,3999.0
5126,5360.0
5127,3393.0
5128,12389.0
5129,45693.0
5130,5549.0
5131,3153.0
5132,15784.0
5133,13293.0
5134,7832.0
5135,11025.0
5136,3971.0
5137,2336.0
5138,58282.0
5139,10102.0
5140,32634.0
5141,4496.0
5142,6488.0
5143,61583.0
5144,5810.0
5145,69885.0
5146,7617.0
5147,5937.0
5148,47657.0
5149,5441.0
5150,57920.0
5151,6840.0
5152,1776.0
5153,6009.0
5154,5943.0
5155,60396.0
5156,12637.0
5157,5230.0
5158,56590.0
5159,8336.0
5160,19226.0
5161,4499.0
5162,51817.0
5163,4149.0
5164,3862.0
5165,6271.0
5166,4326.0
5167,52175.0
5168,2343.0
5169,11740.0
5170,3960.0
5171,3689.0
5172,4000.0
5173,5322.0
5174,52287.0
5175,58315.0
5176,5955.0
5177,5040.0
5178,60508.0
5179,4111.0
5180,3843.0
5181,6488.0
5182,50969.0
5183,2482.0
5184,62045.0
5185,102404.0
5186,4111.0
5187,3570.0
5188,6578.0
5189,45883.0
5190,52287.0
5191,5883.0
5192,6578.0
5193,27303.0
5194,51707.0
5195,30092.0
5196,1694.0
5197,5504.0
5198,11488.0
5199,3393.0
5200,12885.0
5201,5293.0
5202,39580.0
5203,11319.0
5204,3014.0
5205,5006.0
5206,4617.0
5207,4367.0
5208,2336.0
5209,54684.0
5210,4111.0
5211,7959.0
5212,4173.0
5213,26472.0
5214,13107.0
5215,4190.0
5216,55983.0
5217,5509.0
5218,3491.0
5219,5774.0
5220,6163.0
5221,3844.0
5222,9904.0
5223,67004.0
5224,8236.0
5225,3860.0
5226,11949.0
5227,4357.0
5228,6122.0
5229,4649.0
5230,4173.0
5231,2694.0
5232,5949.0
5233,5226.0
5234,60260.0
5235,3979.0
5236,29765.0
5237,50969.0
5238,61933.0
5239,9592.0
5240,45693.0
5241,7425.0
5242,16065.0
5243,2723.0
5244,4499.0
5245,4165.0
5246,80544.0
5247,11508.0
5248,4499.0
5249,67130.0
5250,6577.0
5251,75840.0
5252,51707.0
5253,75785.0
5254,4755.0
5255,6461.0
5256,7241.0
5257,53152.0
5258,10248.0
5259,1694.0
5260,53209.0
5261,39321.0
5262,10783.0
5263,3000.0
5264,49151.0
5265,60365.0
5266,3090.0
5267,89537.0
5268,5907.0
5269,5943.0
5270,25778.0
5271,37985.0
5272,41101.0
5273,1694.0
5274,5007.0
5275,14076.0
5276,3988.0
5277,4863.0
5278,42457.0
5279,3671.0
5280,4436.0
5281,2910.0
5282,23963.0
5283,13529.0
5284,5153.0
5285,4209.0
5286,10962.0
5287,2074.0
5288,11415.0
5289,4672.0
5290,50473.0
5291,3100.0
5292,14126.0
5293,13830.0
5294,84512.0
5295,41281.0
5296,2857.0
5297,13095.0
5298,4447.0
5299,7613.0
5300,8801.0
5301,4202.0
5302,3957.0
5303,52175.0
5304,49613.0
5305,7424.0
5306,6804.0
5307,2203.0
5308,1890.0
5309,4724.0
5310,11583.0
5311,15990.0
5312,6067.0
5313,51595.0
5314,15329.0
5315,52287.0
5316,5276.0
5317,56702.0
5318,5178.0
5319,72268.0
5320,7425.0
5321,62448.0
5322,56702.0
5323,45230.0
5324,7476.0
5325,3754.0
5326,5657.0
5327,4205.0
5328,62188.0
5329,4496.0
5330,4099.0
5331,7790.0
5332,1755.0
5333,8719.0
5334,7958.0
5335,6133.0
5336,9861.0
5337,3379.0
5338,53152.0
5339,4784.0
5340,2364.0
5341,53499.0
5342,6067.0
5343,2410.0
5344,5227.0
5345,44144.0
5346,4990.0
5347,4387.0
5348,9509.0
5349,10475.0
5350,45033.0
5351,4827.0
5352,5519.0
5353,4656.0
5354,52287.0
5355,6067.0
5356,5742.0
5357,6922.0
5358,6082.0
5359,6488.0
5360,60508.0
5361,7446.0
5362,4173.0
5363,4637.0
5364,48851.0
5365,7767.0
5366,56588.0
5367,11899.0
5368,6131.0
5369,4802.0
5370,4729.0
5371,7423.0
5372,5044.0
5373,5027.0
5374,6262.0
5375,4977.0
5376,51875.0
5377,10744.0
5378,57081.0
5379,2339.0
5380,47657.0
5381,1714.0
5382,60508.0
5383,65944.0
5384,58032.0
5385,15709.0
5386,12747.0
5387,4554.0
5388,3393.0
5389,6732.0
5390,4432.0
5391,1715.0
5392,3379.0
5393,5335.0
5394,54684.0
5395,50868.0
5396,62045.0
5397,49725.0
5398,2228.0
5399,27864.0
5400,6109.0
5401,10744.0
5402,5041.0
5403,58125.0
5404,49465.0
5405,14702.0
5406,5157.0
5407,12546.0
5408,45672.0
5409,6008.0
5410,53152.0
5411,50271.0
5412,9201.0
5413,8133.0
5414,69244.0
5415,6461.0
5416,11129.0
5417,17569.0
5418,51707.0
5419,6568.0
5420,6721.0
5421,60508.0
5422,2339.0
5423,4500.0
5424,76605.0
5425,4202.0
5426,29980.0
5427,7470.0
5428,4439.0
5429,5177.0
5430,5098.0
5431,4158.0
5432,2436.0
5433,49006.0
5434,9663.0
5435,49553.0
5436,59254.0
5437,8265.0
5438,42457.0
5439,5960.0
5440,4589.0
5441,48213.0
5442,60978.0
5443,5953.0
5444,5232.0
5445,4048.0
5446,4363.0
5447,42457.0
5448,2836.0
5449,5268.0
5450,4496.0
5451,54608.0
5452,51707.0
5453,4672.0
5454,3153.0
5455,9758.0
5456,9000.0
5457,4086.0
5458,3357.0
5459,3862.0
5460,12183.0
5461,4896.0
5462,14889.0
5463,12145.0
5464,23898.0
5465,4835.0
5466,3371.0
5467,5820.0
5468,1694.0
5469,101780.0
5470,5823.0
5471,4173.0
5472,8957.0
5473,6067.0
5474,2343.0
5475,4294.0
5476,60508.0
5477,12601.0
5478,60396.0
5479,10317.0
5480,3988.0
5481,41064.0
5482,1755.0
5483,56702.0
5484,53209.0
5485,9420.0
5486,4020.0
5487,3999.0
5488,1776.0
5489,8450.0
5490,12287.0
5491,4007.0
5492,62448.0
5493,4294.0
5494,32923.0
5495,11867.0
5496,32621.0
5497,6450.0
5498,69125.0
5499,3194.0
5500,6177.0
5501,3153.0
5502,2464.0
5503,56702.0
5504,57992.0
5505,4672.0
5506,4452.0
5507,32347.0
5508,9849.0
5509,4361.0
5510,4041.0
5511,5410.0
5512,6905.0
5513,7584.0
5514,20509.0
5515,2476.0
5516,5949.0
5517,5939.0
5518,12086.0
5519,43376.0
5520,4363.0
5521,4755.0
5522,11129.0
5523,4417.0
5524,4071.0
5525,3835.0
5526,4731.0
5527,2050.0
5528,5742.0
5529,6534.0
5530,45156.0
5531,5177.0
5532,56590.0
5533,7513.0
5534,17621.0
5535,10849.0
5536,58282.0
5537,6741.0
5538,3401.0
5539,18566.0
5540,54684.0
5541,5042.0
5542,6488.0
5543,13054.0
5544,45185.0
5545,7584.0
5546,3001.0
5547,7584.0
5548,5772.0
5549,4111.0
5550,15204.0
5551,15560.0
5552,64285.0
5553,10563.0
5554,45693.0
5555,2464.0
5556,4554.0
5557,51345.0
5558,10018.0
5559,6031.0
5560,5468.5
5561,74441.0
5562,52063.0
5563,4896.0
5564,74480.0
5565,7353.0
5566,15729.0
5567,45257.0
5568,58223.0
5569,3282.0
5570,2339.0
5571,60396.0
5572,5202.0
5573,4071.0
5574,2339.0
5575,3150.0
5576,23281.0
5577,52715.0
5578,54684.0
5579,15204.0
5580,2410.0
5581,49151.0
5582,55377.0
5583,2250.0
5584,20684.0
5585,5060.0
5586,13103.0
5587,5960.0
5588,66928.0
5589,9840.0
5590,13620.0
5591,71801.0
5592,1714.0
5593,1543.0
5594,1714.0
5595,12658.0
5596,4496.0
5597,31436.0
5598,4359.0
5599,6589.0
5600,45693.0
5601,6437.0
5602,1776.0
5603,6181.0
5604,5380.0
5605,60978.0
5606,45693.0
5607,5696.0
5608,5954.0
5609,66928.0
5610,4001.0
5611,37526.0
5612,4000.0
5613,4168.0
5614,1443.0
5615,9723.0
5616,7958.0
5617,42521.0
5618,9201.0
5619,10050.0
5620,41974.0
5621,77196.0
5622,67141.0
5623,4502.0
5624,2339.0
5625,10448.0
5626,5075.0
5627,7687.0
5628,53209.0
5629,7203.0
5630,6389.0
5631,5750.0
5632,4500.0
5633,6578.0
5634,7353.0
5635,17504.0
5636,24234.0
5637,60396.0
5638,66928.0
5639,6461.0
5640,7110.0
5641,2124.0
5642,10212.0
5643,6133.0
5644,51345.0
5645,42546.0
5646,60260.0
5647,7844.0
5648,4926.0
5649,52522.0
5650,5569.0
5651,65944.0
5652,6067.0
5653,5823.0
5654,12389.0
5655,69168.0
5656,5817.0
5657,7958.0
5658,4099.0
5659,13758.0
5660,3389.0
5661,73657.0
5662,3999.0
5663,2637.0
5664,10018.0
5665,4452.0
5666,60160.0
5667,32923.0
5668,90468.0
5669,5006.0
5670,3663.0
5671,4111.0
5672,11675.0
5673,5102.0
5674,5483.0
5675,60260.0
5676,5037.5
5677,6437.0
5678,5507.0
5679,58282.0
5680,11508.0
5681,6275.0
5682,21273.0
5683,3570.0
5684,4028.0
5685,6578.0
5686,53937.0
5687,6568.0
5688,4942.0
5689,53645.0
5690,5230.0
5691,4086.0
5692,60160.0
5693,69244.0
5694,2476.0
5695,64113.0
5696,4827.0
5697,4456.0
5698,1890.0
5699,3177.0
5700,2836.0
5701,51817.0
5702,7212.0
5703,49553.0
5704,7907.0
5705,6324.0
5706,60508.0
5707,64285.0
5708,3423.0
5709,3587.0
5710,45883.0
5711,3862.0
5712,4414.0
5713,7518.0
5714,5888.0
5715,55377.0
5716,5656.0
5717,44144.0
5718,27976.0
5719,6510.0
5720,10168.0
5721,56162.5
5722,51405.0
5723,22388.0
5724,60396.0
5725,5322.0
5726,6458.0
5727,9423.0
5728,60260.0
5729,4589.0
5730,4262.0
5731,2480.0
5732,5656.0
5733,64173.0
5734,12319.0
5735,4556.0
5736,77196.0
5737,8803.0
5738,39682.0
5739,78943.0
5740,3466.0
5741,52175.0
5742,5882.0
5743,7423.0
5744,69997.0
5745,66928.0
5746,5632.0
5747,4453.0
5748,35038.0
5749,2339.0
5750,5780.0
5751,13410.0
5752,44405.0
5753,5041.0
5754,3393.0
5755,26494.0
5756,6787.0
5757,38099.0
5758,45805.0
5759,2150.0
5760,2526.0
5761,48851.0
5762,3306.0
5763,2836.0
5764,2823.0
5765,5467.0
5766,44939.0
5767,2614.0
5768,2124.0
5769,5390.0
5770,52287.0
5771,14314.0
5772,69244.0
5773,5632.0
5774,5750.0
5775,73369.0
5776,10680.0
5777,6133.0
5778,4020.0
5779,14893.0
5780,12920.0
5781,57017.0
5782,1714.0
5783,4893.0
5784,5101.0
5785,5176.0
5786,66063.0
5787,14871.0
5788,12538.0
5789,13271.0
5790,14002.0
5791,8848.0
5792,2723.0
5793,3393.0
5794,10067.0
5795,4363.0
5796,10783.0
5797,45883.0
5798,55983.0
5799,2339.0
5800,29980.0
5801,41269.0
5802,7572.0
5803,4041.0
5804,4445.0
5805,38099.0
5806,58125.0
5807,4585.0
5808,3243.0
5809,12000.0
5810,3379.0
5811,61583.0
5812,7412.0
5813,4979.0
5814,2309.0
5815,13944.0
5816,45883.0
5817,5955.0
5818,3291.0
5819,3330.0
5820,9960.0
5821,13411.0
5822,2482.0
5823,6308.0
5824,4387.0
5825,2994.0
5826,3000.0
5827,2464.0
5828,64285.0
5829,9840.0
5830,5955.0
5831,3282.0
5832,11100.0
5833,2738.0
5834,5603.0
5835,5177.0
5836,4258.0
5837,6324.0
5838,7081.0
5839,49207.0
5840,2343.0
5841,11205.0
5842,47545.0
5843,2056.0
5844,7411.0
5845,9168.0
5846,4213.0
5847,6067.0
5848,37932.0
5849,53835.0
5850,5989.0
5851,22140.0
5852,7420.0
5853,8322.0
5854,3999.0
5855,2792.0
5856,38099.0
5857,2694.0
5858,9746.0
5859,8416.0
5860,54684.0
5861,7493.0
5862,12210.0
5863,59033.0
5864,2361.0
5865,12370.0
5866,53164.0
5867,5293.0
5868,50361.0
5869,72268.0
5870,1714.0
5871,49725.0
5872,6133.0
5873,10643.0
5874,69244.0
5875,77196.0
5876,79069.0
5877,12424.0
5878,10456.0
5879,13524.0
5880,4174.0
5881,32859.0
5882,14343.0
5883,6219.0
5884,4028.0
5885,5924.0
5886,3979.0
5887,4453.0
5888,15624.0
5889,5937.0
5890,27792.0
5891,6293.0
5892,67004.0
5893,61873.0
5894,8552.0
5895,6696.0
5896,6578.0
5897,3361.0
5898,7575.0
5899,3000.0
5900,8275.0
5901,32923.0
5902,5888.0
5903,5954.0
5904,8817.0
5905,4660.0
5906,5696.0
5907,13054.0
5908,4979.0
5909,3090.0
5910,2201.0
5911,35520.0
5912,4990.0
5913,2050.0
5914,3038.0
5915,7425.0
5916,11205.0
5917,45776.0
5918,69001.0
5919,28510.0
5920,1776.0
5921,66077.0
5922,5791.0
5923,4836.0
5924,6405.0
5925,3362.0
5926,5939.0
5927,7072.0
5928,50361.0
5929,61873.0
5930,48079.0
5931,3467.0
5932,11497.0
5933,4796.0
5934,9201.0
5935,5667.0
5936,3016.0
5937,56590.0
5938,4452.0
5939,6395.0
5940,1714.0
5941,20760.0
5942,7141.0
5943,3153.0
5944,22140.0
5945,6909.0
5946,1714.0
5947,3845.0
5948,13524.0
5949,4637.0
5950,4359.0
5951,4757.0
5952,6488.0
5953,57920.0
5954,5040.0
5955,5949.0
5956,68505.0
5957,14837.0
5958,4002.0
5959,9400.0
5960,66928.0
5961,5178.0
5962,8988.0
5963,6437.0
5964,64700.0
5965,5817.0
5966,53152.0
5967,6488.0
5968,3988.0
5969,5942.0
5970,5601.0
5971,6146.0
5972,10061.0
5973,11129.0
5974,11469.0
5975,2977.0
5976,31982.0
5977,12118.0
5978,5964.0
5979,5507.0
5980,55983.0
5981,48795.0
5982,34460.0
5983,6172.0
5984,7053.0
5985,10604.0
5986,4612.0
5987,5102.0
5988,55983.0
5989,3916.0
5990,10961.0
5991,4165.0
5992,10802.0
5993,11365.0
5994,4755.0
5995,11365.0
5996,2339.0
5997,51817.0
5998,13524.0
5999,49553.0
6000,2339.0
6001,2276.0
6002,3150.0
6003,8988.0
6004,11448.0
6005,6314.0
6006,51345.0
6007,6075.0
6008,62045.0
6009,1543.0
6010,78049.0
6011,3393.0
6012,54777.0
6013,7982.0
6014,3998.0
6015,6296.0
6016,27792.0
6017,4145.0
6018,8988.0
6019,5760.0
6020,5790.0
6021,53937.0
6022,4094.0
6023,53634.0
6024,4348.0
6025,4500.0
6026,6578.0
6027,51457.0
6028,5817.0
6029,5949.0
6030,10954.0
6031,55377.0
6032,5276.0
6033,6521.0
6034,28510.0
6035,6172.0
6036,6324.0
6037,60508.0
6038,62045.0
6039,51167.0
6040,6510.0
6041,9201.0
6042,7479.0
6043,3127.0
6044,4249.0
6045,10196.0
6046,5871.0
6047,6293.0
6048,11319.0
6049,4417.0
6050,11460.0
6051,3090.0
6052,7703.0
6053,3072.0
6054,5330.0
6055,42521.0
6056,3980.0
6057,7895.0
6058,23898.0
6059,40843.0
6060,11036.0
6061,9980.0
6062,3105.0
6063,49725.0
6064,50271.0
6065,47205.0
6066,2228.0
6067,66928.0
6068,5960.0
6069,11373.0
6070,4672.0
6071,4028.0
6072,2410.0
6073,10978.0
6074,1551.0
6075,32634.0
6076,4556.0
6077,4498.0
6078,10196.0
6079,58125.0
6080,49613.0
6081,5655.0
6082,4496.0
6083,3729.0
6084,2621.0
6085,60396.0
6086,39499.0
6087,6711.0
6088,6009.0
6089,54777.0
6090,16464.0
6091,6840.0
6092,41101.0
6093,4940.0
6094,3266.0
6095,6133.0
6096,22152.0
6097,7148.0
6098,10324.0
6099,63889.0
6100,58125.0
6101,4559.0
6102,4809.0
6103,4001.0
6104,8719.0
6105,5724.0
6106,6195.0
6107,3223.0
6108,17911.0
6109,5360.0
6110,4348.0
6111,9501.0
6112,5322.0
6113,74880.0
6114,10604.0
6115,2646.0
6116,4755.0
6117,14218.0
6118,6578.0
6119,54777.0
6120,2399.0
6121,6314.0
6122,6341.0
6123,6133.0
6124,6122.0
6125,5954.0
6126,1694.0
6127,49725.0
6128,7119.0
6129,9178.0
6130,5942.0
6131,6568.0
6132,5685.0
6133,7241.0
6134,4439.0
6135,4020.0
6136,3826.0
6137,1105.0
6138,2410.0
6139,11248.0
6140,4328.0
6141,6022.0
6142,2022.0
6143,36577.0
6144,3916.0
6145,5418.0
6146,56058.0
6147,54840.0
6148,11278.0
6149,15941.0
6150,2727.0
6151,54896.0
6152,4979.0
6153,5037.0
6154,5656.0
6155,6067.0
6156,4499.0
6157,11323.0
6158,6225.0
6159,10225.0
6160,4896.0
6161,52586.0
6162,6132.0
6163,49613.0
6164,19008.0
6165,5441.0
6166,5960.0
6167,5200.0
6168,1105.0
6169,5136.0
6170,4500.0
6171,54684.0
6172,11508.0
6173,4417.0
6174,61583.0
6175,62591.0
6176,5507.0
6177,11650.0
6178,6159.0
6179,63163.0
6180,6809.0
6181,5232.0
6182,57081.0
6183,6240.0
6184,4930.0
6185,66301.0
6186,53835.0
6187,1890.0
6188,4028.0
6189,2410.0
6190,2665.0
6191,2874.0
6192,9303.0
6193,54608.0
6194,4170.0
6195,55377.0
6196,5293.0
6197,6084.0
6198,7976.0
6199,5523.0
6200,55983.0
6201,5276.0
6202,4495.0
6203,56588.0
6204,37985.0
6205,3737.0
6206,4652.0
6207,4205.0
6208,4266.0
6209,5894.0
6210,12054.0
6211,8719.0
6212,3834.0
6213,7056.0
6214,7425.0
6215,47657.0
6216,60631.0
6217,52063.0
6218,3012.0
6219,49177.0
6220,3090.0
6221,53743.0
6222,20684.0
6223,5017.0
6224,12138.0
6225,4499.0
6226,4499.0
6227,2201.0
6228,67945.0
6229,4904.0
6230,1543.0
6231,11823.0
6232,7081.0
6233,4836.0
6234,6109.0
6235,38099.0
6236,6725.0
6237,7413.0
6238,5660.0
6239,3234.0
6240,5955.0
6241,56273.0
6242,65832.0
6243,2124.0
6244,7360.0
6245,41101.0
6246,5292.0
6247,7004.0
6248,66928.0
6249,6728.0
6250,6172.0
6251,63277.0
6252,5293.0
6253,7999.0
6254,4678.0
6255,51697.0
6256,5724.0
6257,41113.0
6258,10456.0
6259,8589.0
6260,11675.0
6261,5777.0
6262,6195.0
6263,56476.0
6264,4414.0
6265,10425.0
6266,34472.0
6267,41314.0
6268,8047.0
6269,7741.0
6270,51707.0
6271,4229.0
6272,1998.0
6273,23838.0
6274,65832.0
6275,2477.0
6276,2336.0
6277,61404.0
6278,50957.0
6279,6488.0
6280,57992.0
6281,1822.0
6282,29776.0
6283,7423.0
6284,74880.0
6285,6490.0
6286,6120.0
6287,3988.0
6288,55983.0
6289,7301.0
6290,52063.0
6291,62188.0
6292,41064.0
6293,60396.0
6294,1714.0
6295,3330.0
6296,41269.0
6297,12885.0
6298,4500.0
6299,2339.0
6300,47217.0
6301,50271.0
6302,57453.0
6303,2124.0
6304,12054.0
6305,5102.0
6306,5696.0
6307,64025.0
6308,9241.0
6309,54777.0
6310,56590.0
6311,7959.0
6312,1776.0
6313,45693.0
6314,2339.0
6315,4439.0
6316,3988.0
6317,49613.0
6318,6488.0
6319,3971.0
6320,4071.0
6321,4202.0
6322,5322.0
6323,3393.0
6324,55377.0
6325,4173.0
6326,14524.0
6327,4759.0
6328,6296.0
6329,5772.0
6330,66928.0
6331,10783.0
6332,2336.0
6333,4367.0
6334,41314.0
6335,57992.0
6336,6869.0
6337,16570.0
6338,4671.0
6339,60589.0
6340,55377.0
6341,4634.0
6342,4357.0
6343,60396.0
6344,7958.0
6345,2974.0
6346,22996.0
6347,50361.0
6348,25600.0
6349,4439.0
6350,2714.0
6351,5177.0
6352,14040.0
6353,3572.0
6354,6355.0
6355,6075.0
6356,64113.0
6357,58315.0
6358,5949.0
6359,4908.0
6360,51595.0
6361,2723.0
6362,7043.0
6363,5229.0
6364,65529.0
6365,60508.0
6366,1551.0
6367,61873.0
6368,4917.0
6369,4111.0
6370,5924.0
6371,2476.0
6372,14238.0
6373,21213.0
6374,51372.0
6375,60396.0
6376,6075.0
6377,60260.0
6378,2124.0
6379,5937.0
6380,12611.0
6381,32859.0
6382,6502.0
6383,11783.0
6384,5087.0
6385,1998.0
6386,12881.0
6387,8685.0
6388,3862.0
6389,5619.0
6390,45883.0
6391,57920.0
6392,3963.0
6393,4028.0
6394,60260.0
6395,5502.0
6396,5985.0
6397,5954.0
6398,45995.0
6399,23944.0
6400,5177.0
6401,6765.0
6402,5942.0
6403,1443.0
6404,51372.0
6405,13258.0
6406,7466.0
6407,4672.0
6408,12007.0
6409,8735.0
6410,5590.0
6411,4758.0
6412,13241.0
6413,4387.0
6414,58315.0
6415,3334.0
6416,54481.0
6417,23598.5
6418,4028.0
6419,5179.0
6420,5625.0
6421,5441.0
6422,45883.0
6423,2815.0
6424,20684.0
6425,11520.0
6426,9113.0
6427,41314.0
6428,7425.0
6429,4316.0
6430,51345.0
6431,60260.0
6432,58315.0
6433,44280.0
6434,1998.0
6435,5954.0
6436,11625.0
6437,2339.0
6438,3000.0
6439,2339.0
6440,44144.0
6441,4272.0
6442,4294.0
6443,49207.0
6444,5102.0
6445,60396.0
6446,4517.0
6447,7212.0
6448,11783.0
6449,45883.0
6450,6568.0
6451,55377.0
6452,49465.0
6453,4095.0
6454,7699.0
6455,4914.0
6456,60260.0
6457,2339.0
6458,9439.0
6459,11205.0
6460,45257.0
6461,76255.0
6462,42521.0
6463,67153.0
6464,7609.0
6465,5793.0
6466,7081.0
6467,57920.0
6468,10525.0
6469,41269.0
6470,5943.0
6471,1776.0
6472,6389.0
6473,5042.0
6474,69244.0
6475,51595.0
6476,6468.0
6477,13524.0
6478,55502.0
6479,49553.0
6480,4132.0
6481,4637.0
6482,59827.0
6483,4522.0
6484,6226.0
6485,5606.0
6486,53152.0
6487,5808.0
6488,5817.0
6489,66063.0
6490,3336.0
6491,6324.0
6492,45693.0
6493,56590.0
6494,50271.0
6495,9719.0
6496,62448.0
6497,3654.0
6498,4499.0
6499,9788.0
6500,56588.0
6501,3860.0
6502,60508.0
6503,66928.0
6504,5892.0
6505,4637.0
6506,4416.0
6507,5888.0
6508,60232.0
6509,60232.0
6510,15123.0
6511,6262.0
6512,6111.0
6513,9371.0
6514,3685.0
6515,5178.0
6516,14766.0
6517,66063.0
6518,55983.0
6519,6408.0
6520,47778.0
6521,44280.0
6522,9771.0
6523,2966.0
6524,45693.0
6525,4357.0
6526,5552.0
6527,60508.0
6528,6568.0
6529,13477.0
6530,5380.0
6531,5955.0
6532,4755.0
6533,44622.0
6534,4660.0
6535,3090.0
6536,14975.0
6537,31982.0
6538,4792.0
6539,5014.0
6540,7344.0
6541,60978.0
6542,3654.0
6543,40084.0
6544,4500.0
6545,4020.0
6546,5955.0
6547,4502.0
6548,11393.0
6549,3194.0
6550,2738.0
6551,4263.0
6552,6848.0
6553,6109.0
6554,24056.0
6555,45883.0
6556,5407.0
6557,15457.5
6558,77008.0
6559,4209.0
6560,13524.0
6561,6662.0
6562,55502.0
6563,68303.0
6564,22152.0
6565,5923.0
6566,2696.0
6567,5549.0
6568,6534.0
6569,7489.0
6570,13054.0
6571,4853.0
6572,6296.0
6573,5632.0
6574,4994.0
6575,49177.0
6576,7774.0
6577,4792.0
6578,47441.0
6579,50969.0
6580,7530.0
6581,6776.0
6582,44280.0
6583,4165.0
6584,3951.0
6585,4488.0
6586,60508.0
6587,51875.0
6588,10605.0
6589,2124.0
6590,5823.0
6591,12032.0
6592,67004.0
6593,5606.0
6594,8442.0
6595,10744.0
6596,3916.0
6597,4357.0
6598,2022.0
6599,8621.0
6600,32347.0
6601,12054.0
6602,9026.0
6603,4478.0
6604,69561.0
6605,8382.0
6606,4007.0
6607,42457.0
6608,3466.0
6609,12007.0
6610,1830.0
6611,5888.0
6612,7426.0
6613,2785.0
6614,8391.0
6615,58125.0
6616,4357.0
6617,6488.0
6618,41281.0
6619,6314.0
6620,6663.0
6621,1755.0
6622,1776.0
6623,4007.0
6624,12972.0
6625,39499.0
6626,17464.0
6627,15625.0
6628,22996.0
6629,13524.0
6630,10643.0
6631,44144.0
6632,6288.0
6633,55377.0
6634,67004.0
6635,59537.0
6636,9201.0
6637,6443.0
6638,13200.0
6639,47205.0
6640,4359.0
6641,13882.0
6642,5231.0
6643,55983.0
6644,3864.0
6645,6215.0
6646,53364.0
6647,2339.0
6648,6293.0
6649,11057.0
6650,5761.0
6651,4500.0
6652,4001.0
6653,54608.0
6654,7927.0
6655,4294.0
6656,62221.0
6657,39555.0
6658,3877.0
6659,41269.0
6660,7116.0
6661,51817.0
6662,8059.0
6663,38099.0
6664,5865.0
6665,64285.0
6666,2201.0
6667,2901.0
6668,9412.0
6669,7310.0
6670,59537.0
6671,3219.0
6672,5467.0
6673,7570.0
6674,4755.0
6675,59106.0
6676,14702.0
6677,49207.0
6678,11129.0
6679,5953.0
6680,60978.0
6681,24225.0
6682,45189.0
6683,4977.0
6684,5227.0
6685,5293.0
6686,8442.0
6687,7425.0
6688,3957.0
6689,23598.5
6690,4977.0
6691,53645.0
6692,44280.0
6693,9693.0
6694,66155.0
6695,4381.0
6696,3150.0
6697,5955.0
6698,63979.0
6699,5942.0
6700,53937.0
6701,6578.0
6702,1755.0
6703,4144.0
6704,3393.0
6705,5441.0
6706,12454.0
6707,13830.0
6708,8275.0
6709,6691.0
6710,6827.0
6711,13524.0
6712,8258.0
6713,3471.0
6714,3389.0
6715,7434.0
6716,3806.0
6717,62591.0
6718,54777.0
6719,4637.0
6720,10742.0
6721,4963.0
6722,5467.0
6723,6275.0
6724,54777.0
6725,9443.0
6726,2343.0
6727,4496.0
6728,51697.0
6729,5949.0
6730,54841.0
6731,56879.0
6732,41281.0
6733,2723.0
6734,55983.0
6735,1604.0
6736,4111.0
6737,13054.0
6738,39321.0
6739,6577.0
6740,12454.0
6741,9320.0
6742,5761.0
6743,65832.0
6744,5876.0
6745,52287.0
6746,7877.0
6747,5569.0
6748,12348.0
6749,45883.0
6750,4751.0
6751,2700.0
6752,20760.0
6753,12658.0
6754,76829.0
6755,10768.0
6756,1755.0
6757,6296.0
6758,2480.0
6759,64173.0
6760,2124.0
6761,60589.0
6762,9978.0
6763,3860.0
6764,5037.0
6765,52063.0
6766,54777.0
6767,45693.0
6768,79349.0
6769,49207.0
6770,5943.0
6771,4068.0
6772,17992.0
6773,7646.0
6774,11625.0
6775,7846.5
6776,6818.0
6777,2050.0
6778,4704.0
6779,41064.0
6780,29825.0
6781,37985.0
6782,6067.0
6783,6765.0
6784,44280.0
6785,3465.0
6786,6076.0
6787,5569.0
6788,32646.0
6789,7772.0
6790,6191.0
6791,5441.0
6792,3999.0
6793,4499.0
6794,12605.0
6795,5215.0
6796,60978.0
6797,6909.0
6798,62729.0
6799,5843.0
6800,4958.0
6801,10820.0
6802,57017.0
6803,2410.0
6804,5102.0
6805,5606.0
6806,4000.0
6807,42457.0
6808,66928.0
6809,4294.0
6810,4028.0
6811,4039.0
6812,56588.0
6813,14552.0
6814,48289.0
6815,7877.0
6816,4099.0
6817,6158.0
6818,45995.0
6819,4453.0
6820,5955.0
6821,60978.0
6822,93200.0
6823,7424.0
6824,60260.0
6825,7787.0
6826,2359.0
6827,8803.0
6828,1714.0
6829,34460.0
6830,60396.0
6831,2336.0
6832,5102.0
6833,4385.0
6834,5932.0
6835,5136.0
6836,2339.0
6837,6437.0
6838,7526.0
6839,37985.0
6840,1543.0
6841,23944.0
6842,13588.0
6843,10069.0
6844,51817.0
6845,37985.0
6846,41269.0
6847,58125.0
6848,5014.0
6849,53152.0
6850,8641.0
6851,10426.0
6852,41314.0
6853,42521.0
6854,51817.0
6855,11508.0
6856,4648.0
6857,7494.0
6858,44280.0
6859,5102.0
6860,53209.0
6861,6776.0
6862,8100.0
6863,10208.0
6864,49725.0
6865,49613.0
6866,45693.0
6867,7136.0
6868,5507.0
6869,60508.0
6870,44144.0
6871,5380.0
6872,14014.0
6873,4969.0
6874,6252.0
6875,5632.0
6876,53209.0
6877,6277.0
6878,7999.0
6879,5407.0
6880,6277.0
6881,2327.0
6882,37985.0
6883,45995.0
6884,5943.0
6885,4001.0
6886,13524.0
6887,52287.0
6888,2074.0
6889,4056.0
6890,61933.0
6891,11205.0
6892,13110.0
6893,6195.0
6894,9840.0
6895,10967.0
6896,9642.0
6897,89729.0
6898,51817.0
6899,50868.0
6900,7539.0
6901,1694.0
6902,39555.0
6903,4230.0
6904,5206.0
6905,7978.0
6906,56702.0
6907,5697.0
6908,83594.0
6909,7768.0
6910,51817.0
6911,49856.0
6912,66155.0
6913,4031.0
6914,5177.0
6915,3090.0
6916,7584.0
6917,4792.0
6918,6489.0
6919,43910.0
6920,6395.0
6921,5942.0
6922,4415.0
6923,8442.0
6924,54896.0
6925,3393.0
6926,1998.0
6927,54684.0
6928,3999.0
6929,41314.0
6930,6082.0
6931,31902.0
6932,38099.0
6933,3860.0
6934,60260.0
6935,5033.0
6936,2409.0
6937,54684.0
6938,4556.0
6939,2228.0
6940,5937.0
6941,4202.0
6942,3127.0
6943,4086.0
6944,6153.0
6945,6977.0
6946,53937.0
6947,54608.0
6948,39321.0
6949,18189.0
6950,11319.0
6951,5942.0
6952,75785.0
6953,8938.0
6954,6068.0
6955,3971.0
6956,22140.0
6957,79069.0
6958,19194.0
6959,9420.0
6960,4678.0
6961,3999.0
6962,10979.0
6963,77744.0
6964,5942.0
6965,5441.0
6966,2476.0
6967,55983.0
6968,74844.0
6969,54608.0
6970,4724.0
6971,3916.0
6972,53152.0
6973,17670.0
6974,3554.0
6975,74880.0
6976,4230.0
6977,4452.0
6978,49725.0
6979,4469.0
6980,51875.0
6981,5102.0
6982,59021.0
6983,66779.0
6984,10425.0
6985,3090.0
6986,5042.0
6987,41314.0
6988,8786.0
6989,5523.0
6990,6578.0
6991,62591.0
6992,5322.0
6993,27976.0
6994,60365.0
6995,5656.0
6996,51595.0
6997,5309.0
6998,5810.0
6999,5040.0
7000,4339.0
7001,2939.0
7002,4709.0
7003,5817.0
7004,11444.0
7005,4106.0
7006,5761.0
7007,4933.0
7008,51817.0
7009,14658.0
7010,64801.0
7011,6109.0
7012,54684.0
7013,8016.0
7014,56588.0
7015,12958.0
7016,48213.0
7017,18934.0
7018,8112.0
7019,14074.0
7020,4152.0
7021,5231.0
7022,6785.0
7023,60555.0
7024,4121.0
7025,12454.0
7026,9849.0
7027,4031.0
7028,4020.0
7029,6271.0
7030,10746.0
7031,9798.0
7032,9879.0
7033,8112.0
7034,52392.0
7035,6578.0
7036,6075.0
7037,10010.0
7038,64173.0
7039,64173.0
7040,11310.0
7041,6082.0
7042,31450.0
7043,8220.0
7044,2150.0
7045,42457.0
7046,4272.0
7047,15690.0
7048,44280.0
7049,4566.0
7050,11307.0
7051,4028.0
7052,5518.0
7053,6476.0
7054,64173.0
7055,5632.0
7056,4387.0
7057,53937.0
7058,7955.0
7059,6855.0
7060,4337.0
7061,8112.0
7062,10967.0
7063,3379.0
7064,6732.0
7065,3000.0
7066,3621.0
7067,74273.0
7068,38099.0
7069,7489.0
7070,5185.0
7071,7277.0
7072,7488.0
7073,58111.0
7074,4064.0
7075,6797.0
7076,4656.0
7077,42457.0
7078,66928.0
7079,64113.0
7080,5178.0
7081,50271.0
7082,8574.0
7083,39547.0
7084,10376.5
7085,4963.0
7086,4789.0
7087,7568.0
7088,3988.0
7089,52063.0
7090,70431.0
7091,4827.0
7092,4111.0
7093,16530.0
7094,3916.0
7095,59929.0
7096,13873.0
7097,13830.0
7098,3334.0
7099,23944.0
7100,12056.0
7101,3334.0
7102,6368.0
7103,4755.0
7104,9509.0
7105,6195.0
7106,2228.0
7107,4755.0
7108,6437.0
7109,53082.0
7110,20316.0
7111,3574.0
7112,4971.0
7113,7838.0
7114,41281.0
7115,4499.0
7116,5949.0
7117,60978.0
7118,4210.0
7119,9277.0
7120,3989.0
7121,19185.0
7122,4672.0
7123,8719.0
7124,6450.0
7125,36577.0
7126,6250.0
7127,11488.0
7128,5937.0
7129,39623.0
7130,15154.0
7131,6009.0
7132,13524.0
7133,67004.0
7134,56588.0
7135,5955.0
7136,4500.0
7137,15204.0
7138,12617.0
7139,69244.0
7140,11129.0
7141,4819.0
7142,6578.0
7143,16098.0
7144,91659.0
7145,7425.0
7146,14264.0
7147,17604.0
7148,4755.0
7149,1890.0
7150,10349.0
7151,49725.0
7152,10744.0
7153,12768.0
7154,7392.0
7155,3813.0
7156,14681.0
7157,5159.0
7158,62188.0
7159,4671.0
7160,5761.0
7161,2339.0
7162,63935.0
7163,60508.0
7164,5131.0
7165,76605.0
7166,5943.0
7167,5772.0
7168,20684.0
7169,24120.0
7170,61273.0
7171,1714.0
7172,6900.0
7173,45185.0
7174,6786.0
7175,5177.0
7176,6032.0
7177,6010.0
7178,10680.0
7179,58315.0
7180,5276.0
7181,60978.0
7182,5823.0
7183,6145.0
7184,67004.0
7185,48851.0
7186,6919.0
7187,91659.0
7188,2738.0
7189,11310.0
7190,4752.0
7191,9800.5
7192,3999.0
7193,3961.0
7194,15204.0
7195,4363.0
7196,6956.0
7197,4165.0
7198,4755.0
7199,54896.0
7200,3959.0
7201,3499.0
7202,20684.0
7203,54608.0
7204,42424.0
7205,54684.0
7206,11335.0
7207,3334.0
7208,37417.0
7209,4089.0
7210,4230.0
7211,49725.0
7212,5507.0
7213,17683.0
7214,45185.0
7215,7101.0
7216,12054.0
7217,3491.0
7218,2480.0
7219,4390.0
7220,4337.0
7221,8140.0
7222,47585.0
7223,63277.0
7224,3862.0
7225,56476.0
7226,11508.0
7227,11129.0
7228,3705.0
7229,3090.0
7230,49553.0
7231,58282.0
7232,69625.0
7233,53164.0
7234,47408.0
7235,6962.0
7236,4390.0
7237,5577.0
7238,6461.0
7239,56702.0
7240,4000.0
7241,5805.0
7242,4909.0
7243,2339.0
7244,23424.0
7245,49553.0
7246,4589.0
7247,7575.0
7248,3961.0
7249,5761.0
7250,9277.0
7251,5365.0
7252,5750.0
7253,53152.0
7254,3471.0
7255,5954.0
7256,7584.0
7257,7081.0
7258,60396.0
7259,64285.0
7260,5942.0
7261,5178.0
7262,41064.0
7263,54777.0
7264,3988.0
7265,5943.0
7266,4469.0
7267,66928.0
7268,69713.0
7269,8534.0
7270,6132.0
7271,3471.0
7272,3916.0
7273,6067.0
7274,6946.0
7275,76612.0
7276,23898.0
7277,8475.0
7278,55982.0
7279,43697.0
7280,5292.0
7281,14355.0
7282,44025.0
7283,6584.0
7284,4001.0
7285,4071.0
7286,4001.0
7287,6432.0
7288,7877.0
7289,3999.0
7290,6578.0
7291,52287.0
7292,52522.0
7293,2124.0
7294,10593.0
7295,11625.0
7296,6079.0
7297,2301.0
7298,54684.0
7299,3379.0
7300,4612.0
7301,7992.0
7302,5178.0
7303,25000.0
7304,6324.0
7305,9201.0
7306,12454.0
7307,42457.0
7308,3860.0
7309,6308.0
7310,7576.0
7311,6450.0
7312,4357.0
7313,4792.0
7314,21285.0
7315,52287.0
7316,16548.0
7317,3108.0
7318,49401.0
7319,6262.0
7320,4173.0
7321,8055.0
7322,3979.0
7323,10586.0
7324,54608.0
7325,6314.0
7326,16508.0
7327,6082.0
7328,11310.0
7329,54777.0
7330,23484.0
7331,4971.0
7332,11310.0
7333,5943.0
7334,3361.0
7335,56991.0
7336,10680.0
7337,56588.0
7338,11319.0
7339,6161.0
7340,5291.0
7341,39847.0
7342,5310.0
7343,6296.0
7344,5954.0
7345,13173.0
7346,2336.0
7347,4620.0
7348,2723.0
7349,2339.0
7350,9701.0
7351,53164.0
7352,2350.0
7353,10744.0
7354,50271.0
7355,14040.0
7356,5803.0
7357,52287.0
7358,37985.0
7359,1830.0
7360,6663.0
7361,11803.0
7362,52287.0
7363,5102.0
7364,3100.0
7365,66063.0
7366,7950.0
7367,54777.0
7368,9201.0
7369,55502.0
7370,13988.0
7371,45883.0
7372,48234.0
7373,76681.0
7374,9506.0
7375,3859.0
7376,64173.0
7377,2704.0
7378,45693.0
7379,2939.0
7380,42521.0
7381,4706.0
7382,5740.0
7383,5339.0
7384,2679.0
7385,54608.0
7386,2228.0
7387,27976.0
7388,54684.0
7389,3306.0
7390,4500.0
7391,1694.0
7392,5276.0
7393,67004.0
7394,7426.0
7395,57017.0
7396,4502.0
7397,4500.0
7398,54896.0
7399,11129.0
7400,23377.0
7401,7584.0
7402,6502.0
7403,3334.0
7404,4536.0
7405,23944.0
7406,2105.0
7407,51707.0
7408,11069.0
7409,42521.0
7410,54896.0
7411,65529.0
7412,2723.0
7413,4416.0
7414,4496.0
7415,3282.0
7416,6389.0
7417,4601.0
7418,3962.0
7419,90045.5
7420,52715.0
7421,5761.0
7422,3016.0
7423,3956.0
7424,47585.0
7425,57920.0
7426,2201.0
7427,59537.0
7428,8226.0
7429,4416.0
7430,6158.0
7431,56702.0
7432,60508.0
7433,12389.0
7434,59021.0
7435,51707.0
7436,4502.0
7437,52287.0
7438,51697.0
7439,2339.0
7440,4149.0
7441,4387.0
7442,44652.0
7443,7641.0
7444,9787.0
7445,54608.0
7446,27792.0
7447,15393.0
7448,70588.0
7449,7979.0
7450,44144.0
7451,6296.0
7452,6427.0
7453,8803.0
7454,6172.0
7455,18135.0
7456,6450.0
7457,5179.0
7458,10783.0
7459,2124.0
7460,2637.0
7461,39321.0
7462,7927.0
7463,76612.0
7464,3451.0
7465,6510.0
7466,10128.0
7467,38099.0
7468,15336.0
7469,6906.0
7470,6568.0
7471,7411.0
7472,6191.0
7473,6568.0
7474,9141.0
7475,14766.0
7476,6324.0
7477,4007.0
7478,3732.0
7479,4452.0
7480,4348.0
7481,5018.0
7482,4359.0
7483,19541.0
7484,5232.0
7485,5152.0
7486,4173.0
7487,9767.0
7488,5017.0
7489,6690.0
7490,63277.0
7491,51457.0
7492,2150.0
7493,27976.0
7494,2050.0
7495,6133.0
7496,4779.0
7497,6568.0
7498,54481.0
7499,13524.0
7500,4069.0
7501,3646.0
7502,4478.0
7503,54115.0
7504,24056.0
7505,7425.0
7506,4028.0
7507,60396.0
7508,4415.0
7509,51875.0
7510,16149.0
7511,2336.0
7512,54777.0
7513,12780.0
7514,60978.0
7515,54777.0
7516,5882.0
7517,4249.0
7518,60107.0
7519,84669.0
7520,5206.0
7521,11310.0
7522,8233.0
7523,4111.0
7524,47657.0
7525,2410.0
7526,67769.0
7527,37146.0
7528,54841.0
7529,5954.0
7530,3571.0
7531,11508.0
7532,4258.0
7533,6630.0
7534,6578.0
7535,59033.0
7536,4009.0
7537,55377.0
7538,61404.0
7539,3013.0
7540,8988.0
7541,4977.0
7542,61032.0
7543,44144.0
7544,3016.0
7545,9879.0
7546,1788.0
7547,11307.0
7548,73099.0
7549,11698.0
7550,11520.0
7551,3961.0
7552,4893.0
7553,4748.0
7554,7813.0
7555,4810.0
7556,6112.0
7557,3034.0
7558,9277.0
7559,6990.0
7560,7982.0
7561,45145.0
7562,64173.0
7563,2098.0
7564,7425.0
7565,2747.0
7566,49177.0
7567,8447.0
7568,8869.0
7569,3090.0
7570,20684.0
7571,3810.0
7572,12397.0
7573,16569.0
7574,4363.0
7575,5955.0
7576,3629.0
7577,4417.0
7578,57939.0
7579,1551.0
7580,6122.0
7581,6578.0
7582,3572.0
7583,69244.0
7584,45257.0
7585,5949.0
7586,4096.0
7587,4173.0
7588,2228.0
7589,11205.0
7590,3988.0
7591,55377.0
7592,51595.0
7593,7004.0
7594,8111.0
7595,2276.0
7596,4111.0
7597,4663.0
7598,5817.0
7599,59929.0
7600,3971.0
7601,2916.0
7602,7958.0
7603,2835.0
7604,3466.0
7605,6578.0
7606,10608.0
7607,32859.0
7608,8111.0
7609,4659.0
7610,41064.0
7611,41064.0
7612,9493.0
7613,5603.0
7614,6292.0
7615,14880.0
7616,11919.0
7617,39499.0
7618,4629.0
7619,17683.0
7620,7539.0
7621,6584.0
7622,2361.0
7623,45600.0
7624,4168.0
7625,3911.0
7626,4977.0
7627,4452.0
7628,4387.0
7629,65529.0
7630,57405.0
7631,50271.0
7632,6458.0
7633,73481.0
7634,4417.0
7635,2276.0
7636,5955.0
7637,3587.0
7638,84075.0
7639,4556.0
7640,12054.0
7641,5365.0
7642,45693.0
7643,3862.0
7644,3102.0
7645,2343.0
7646,4030.0
7647,40570.0
7648,5949.0
7649,4788.0
7650,76684.0
7651,5176.0
7652,35554.0
7653,7032.0
7654,38099.0
7655,41064.0
7656,11205.0
7657,4097.0
7658,6319.0
7659,63277.0
7660,4453.0
7661,11516.0
7662,45257.0
7663,36577.0
7664,2447.0
7665,28510.0
7666,60232.0
7667,59537.0
7668,7302.0
7669,57081.0
7670,10058.0
7671,3000.0
7672,6133.0
7673,8111.0
7674,39377.0
7675,54896.0
7676,5761.0
7677,5761.0
7678,11520.0
7679,6807.0
7680,7353.0
7681,5817.0
7682,5060.0
7683,15918.0
7684,11973.0
7685,54684.0
7686,4948.0
7687,39783.0
7688,3280.0
7689,31982.0
7690,4873.0
7691,60260.0
7692,4570.0
7693,5120.0
7694,3446.0
7695,60978.0
7696,55502.0
7697,1890.0
7698,5118.0
7699,6287.0
7700,6909.0
7701,10058.0
7702,6132.0
7703,4496.0
7704,2339.0
7705,13014.0
7706,6956.0
7707,5760.0
7708,3965.0
7709,52287.0
7710,51457.0
7711,5813.0
7712,6804.0
7713,6577.0
7714,4452.0
7715,5943.0
7716,64285.0
7717,49553.0
7718,4111.0
7719,5953.0
7720,7982.0
7721,30080.0
7722,5892.0
7723,5949.0
7724,62636.0
7725,10753.0
7726,8719.0
7727,55502.0
7728,5823.0
7729,4827.0
7730,5232.0
7731,44405.0
7732,4793.0
7733,6161.0
7734,6633.0
7735,56588.0
7736,6583.0
7737,16951.0
7738,7154.0
7739,3862.0
7740,13725.0
7741,5815.0
7742,4909.0
7743,5942.0
7744,53152.0
7745,44939.0
7746,15793.0
7747,51707.0
7748,52175.0
7749,55983.0
7750,5624.0
7751,6060.0
7752,2228.0
7753,66779.0
7754,5441.0
7755,30092.0
7756,6489.0
7757,56590.0
7758,4896.0
7759,6450.0
7760,4105.0
7761,15603.0
7762,6390.0
7763,6048.0
7764,7007.0
7765,12623.0
7766,11139.0
7767,2637.0
7768,13711.0
7769,50271.0
7770,4478.0
7771,2361.0
7772,4071.0
7773,3663.0
7774,5234.0
7775,58125.0
7776,6067.0
7777,3988.0
7778,11613.0
7779,4612.0
7780,4499.0
7781,5496.0
7782,2339.0
7783,3361.0
7784,5102.0
7785,5733.0
7786,2301.0
7787,11069.0
7788,43729.0
7789,3012.0
7790,13279.0
7791,8803.0
7792,18685.0
7793,10542.0
7794,1776.0
7795,55983.0
7796,4755.0
7797,57017.0
7798,4071.0
7799,51457.0
7800,3971.0
7801,22152.0
7802,6692.0
7803,5708.0
7804,7412.0
7805,45257.0
7806,6249.0
7807,9526.0
7808,60396.0
7809,4612.0
7810,16413.0
7811,64159.5
7812,2050.0
7813,67769.0
7814,5943.0
7815,51707.0
7816,62169.0
7817,51707.0
7818,24122.0
7819,49207.0
7820,61873.0
7821,60508.0
7822,5322.0
7823,10680.0
7824,5842.0
7825,6457.0
7826,4459.0
7827,61032.0
7828,67085.0
7829,5949.0
7830,60978.0
7831,17013.0
7832,51570.5
7833,5483.0
7834,5547.0
7835,5418.0
7836,10838.0
7837,58315.0
7838,9879.0
7839,7352.0
7840,11675.0
7841,6169.0
7842,4979.0
7843,2410.0
7844,11698.0
7845,6262.0
7846,3998.0
7847,1714.0
7848,6296.0
7849,60260.0
7850,13661.0
7851,5182.0
7852,5955.0
7853,60978.0
7854,4548.0
7855,4427.0
7856,51117.0
7857,60260.0
7858,3543.0
7859,53645.0
7860,2700.0
7861,2409.0
7862,4099.0
7863,51875.0
7864,6133.0
7865,11617.0
7866,2614.0
7867,3916.0
7868,56588.0
7869,2568.0
7870,4069.0
7871,51372.0
7872,4784.0
7873,45600.0
7874,14490.0
7875,8647.0
7876,1830.0
7877,4836.0
7878,56588.0
7879,5322.0
7880,51270.0
7881,5292.0
7882,2228.0
7883,74127.0
7884,3334.0
7885,7488.0
7886,7958.0
7887,6128.0
7888,3423.0
7889,3100.0
7890,54684.0
7891,6296.0
7892,11966.0
7893,4069.0
7894,60396.0
7895,5060.0
7896,70400.0
7897,41314.0
7898,60396.0
7899,59033.0
7900,2339.0
7901,5978.0
7902,48851.0
7903,49613.0
7904,42521.0
7905,4500.0
7906,2339.0
7907,13812.5
7908,54115.0
7909,8043.0
7910,12990.0
7911,5654.0
7912,4491.0
7913,74365.0
7914,5341.0
7915,6067.0
7916,5117.0
7917,2228.0
7918,56588.0
7919,14554.0
7920,52287.0
7921,16765.0
7922,3543.0
7923,4358.0
7924,4363.0
7925,5882.0
7926,4637.0
7927,6450.0
7928,1977.0
7929,6532.0
7930,52287.0
7931,8774.0
7932,6868.0
7933,6437.0
7934,7352.0
7935,6292.0
7936,51595.0
7937,25612.0
7938,35532.0
7939,73334.0
7940,60232.0
7941,3951.0
7942,11429.0
7943,17202.0
7944,4111.0
7945,9788.0
7946,1776.0
7947,4613.0
7948,2447.0
7949,6488.0
7950,5955.0
7951,72268.0
7952,10425.0
7953,3834.0
7954,11129.0
7955,8111.0
7956,11729.0
7957,6832.0
7958,4359.0
7959,12476.0
7960,6092.0
7961,8111.0
7962,41113.0
7963,5060.0
7964,5805.0
7965,6032.0
7966,53512.0
7967,2339.0
7968,6403.0
7969,3153.0
7970,58315.0
7971,5937.0
7972,60365.0
7973,3528.0
7974,51875.0
7975,27976.0
7976,7425.0
7977,5530.0
7978,4020.0
7979,26060.0
7980,15543.0
7981,4111.0
7982,6977.0
7983,51372.0
7984,3153.0
7985,4391.0
7986,7212.0
7987,22152.0
7988,3349.0
7989,4919.0
7990,9723.0
7991,4589.0
7992,16429.0
7993,54896.0
7994,2835.0
7995,2343.0
7996,2857.0
7997,6461.0
7998,4581.0
7999,15380.0
8000,15282.0
8001,9141.0
8002,6450.0
8003,4724.0
8004,4403.0
8005,7762.0
8006,11469.0
8007,45883.0
8008,36565.0
8009,35532.0
8010,4499.0
8011,52063.0
8012,7774.0
8013,67004.0
8014,8913.0
8015,2339.0
8016,55983.0
8017,64831.0
8018,4453.0
8019,15276.0
8020,5656.0
8021,6502.0
8022,14524.0
8023,6577.0
8024,1788.0
8025,7484.0
8026,60978.0
8027,4313.0
8028,69785.0
8029,5322.0
8030,27792.0
8031,4556.0
8032,70233.0
8033,6461.0
8034,10118.0
8035,4330.0
8036,9419.0
8037,4658.0
8038,7504.0
8039,87060.0
8040,4020.0
8041,6502.0
8042,61933.0
8043,13443.0
8044,41101.0
8045,2339.0
8046,54684.0
8047,3999.0
8048,14283.0
8049,13830.0
8050,64173.0
8051,52586.0
8052,43376.0
8053,7005.0
8054,3000.0
8055,54608.0
8056,41113.0
8057,5660.0
8058,4663.0
8059,4495.0
8060,9136.0
8061,4922.0
8062,55983.0
8063,20299.0
8064,9088.0
8065,45257.0
8066,79148.0
8067,79461.0
8068,53071.0
8069,51707.0
8070,4209.0
8071,6069.0
8072,5230.0
8073,53152.0
8074,87746.0
8075,45883.0
8076,4496.0
8077,15199.0
8078,11350.0
8079,46097.0
8080,14310.0
8081,14861.0
8082,5114.0
8083,1548.0
8084,55983.0
8085,4836.0
8086,6724.0
8087,72125.0
8088,6568.0
8089,69244.0
8090,4165.0
8091,4945.0
8092,59827.0
8093,6000.0
8094,41113.0
8095,6427.0
8096,40945.0
8097,3543.0
8098,13525.0
8099,10061.0
8100,9121.0
8101,66301.0
8102,10243.0
8103,53152.0
8104,6942.0
8105,8275.0
8106,48851.0
8107,3998.0
8108,10438.0
8109,6690.0
8110,9277.0
8111,3100.0
8112,6275.0
8113,15123.0
8114,4284.0
8115,5648.0
8116,42312.0
8117,41281.0
8118,4502.0
8119,3597.0
8120,2105.0
8121,83594.0
8122,14553.0
8123,51707.0
8124,9922.0
8125,4138.0
8126,4501.0
8127,7332.0
8128,10150.0
8129,6578.0
8130,54608.0
8131,60978.0
8132,23898.0
8133,3393.0
8134,7393.0
8135,58125.0
8136,4479.0
8137,10121.0
8138,9201.0
8139,3709.0
8140,49613.0
8141,4028.0
8142,4589.0
8143,61899.0
8144,60260.0
8145,4453.0
8146,54608.0
8147,10222.0
8148,5842.0
8149,54608.0
8150,29980.0
8151,36712.0
8152,3994.0
8153,52287.0
8154,15078.0
8155,11100.0
8156,37985.0
8157,12318.0
8158,4284.0
8159,4173.0
8160,69168.0
8161,39859.0
8162,6578.0
8163,4761.0
8164,2361.0
8165,65529.0
8166,4439.0
8167,11069.0
8168,1924.0
8169,11323.0
8170,5507.0
8171,8832.0
8172,5942.0
8173,45693.0
8174,66928.0
8175,7959.0
8176,9730.0
8177,76941.0
8178,4672.0
8179,11352.0
8180,27864.0
8181,3687.0
8182,5696.0
8183,8498.0
8184,6521.0
8185,6787.0
8186,5390.0
8187,44280.0
8188,56991.0
8189,3855.0
8190,60508.0
8191,1543.0
8192,64831.0
8193,2901.0
8194,4028.0
8195,69168.0
8196,4570.0
8197,7469.0
8198,4634.0
8199,5179.0
8200,7344.0
8201,5656.0
8202,10889.0
8203,4555.0
8204,7757.0
8205,2228.0
8206,9198.0
8207,5622.0
8208,3911.0
8209,4555.0
8210,4069.0
8211,20633.0
8212,7081.0
8213,51707.0
8214,6711.0
8215,36700.0
8216,4028.0
8217,50297.0
8218,12276.0
8219,3855.0
8220,5577.0
8221,4827.0
8222,43729.0
8223,50271.0
8224,8112.0
8225,54684.0
8226,3282.0
8227,7576.0
8228,17794.0
8229,5875.0
8230,8497.0
8231,5093.0
8232,6131.0
8233,2410.0
8234,54684.0
8235,3336.0
8236,6583.0
8237,9093.0
8238,11919.0
8239,52392.0
8240,5622.0
8241,9840.0
8242,66928.0
8243,5477.0
8244,17433.0
8245,4506.0
8246,13162.0
8247,66697.0
8248,8134.0
8249,9201.0
8250,11129.0
8251,16212.0
8252,10711.0
8253,6711.0
8254,4496.0
8255,5096.0
8256,53164.0
8257,6438.0
8258,7179.0
8259,44144.0
8260,4000.0
8261,5988.0
8262,4363.0
8263,12150.0
8264,65517.0
8265,48289.0
8266,11319.0
8267,5632.0
8268,15719.0
8269,41269.0
8270,48079.0
8271,27976.0
8272,7572.0
8273,50385.0
8274,4792.0
8275,9501.0
8276,10643.0
8277,10009.0
8278,6165.0
8279,54777.0
8280,5380.0
8281,53499.0
8282,49725.0
8283,3393.0
8284,7386.0
8285,4547.0
8286,5441.0
8287,4554.0
8288,3685.0
8289,3644.0
8290,45693.0
8291,3944.0
8292,44144.0
8293,7958.0
8294,7927.0
8295,45805.0
8296,7617.0
8297,11205.0
8298,9012.0
8299,38043.0
8300,2336.0
8301,81169.0
8302,5267.0
8303,4896.0
8304,45600.0
8305,4111.0
8306,67441.0
8307,5014.0
8308,60160.0
8309,3859.0
8310,60351.0
8311,4729.0
8312,12032.0
8313,6843.0
8314,15876.0
8315,44144.0
8316,34460.0
8317,6067.0
8318,45693.0
8319,39321.0
8320,20684.0
8321,4819.0
8322,11129.0
8323,60396.0
8324,3979.0
8325,6002.0
8326,45185.0
8327,44405.0
8328,14148.0
8329,41064.0
8330,4001.0
8331,4327.0
8332,3450.0
8333,6128.0
8334,15708.0
8335,4501.0
8336,3957.0
8337,4399.0
8338,3000.0
8339,2150.0
8340,7054.0
8341,2074.0
8342,5888.0
8343,54841.0
8344,74844.0
8345,57992.0
8346,37985.0
8347,6274.0
8348,7950.0
8349,4262.0
8350,2339.0
8351,61049.0
8352,32230.0
8353,60160.0
8354,9090.0
8355,4555.0
8356,7900.0
8357,12293.0
8358,3334.0
8359,4020.0
8360,39499.0
8361,81585.0
8362,2815.0
8363,5322.0
8364,3014.0
8365,3574.0
8366,13391.0
8367,57992.0
8368,60365.0
8369,14040.0
8370,2694.0
8371,61899.0
8372,67497.0
8373,2126.0
8374,4893.0
8375,3610.0
8376,7472.0
8377,11069.0
8378,6128.0
8379,58282.0
8380,59033.0
8381,44144.0
8382,6297.5
8383,2228.0
8384,49613.0
8385,3574.0
8386,3090.0
8387,28510.0
8388,61933.0
8389,4649.0
8390,55983.0
8391,8776.0
8392,4762.0
8393,19593.0
8394,1998.0
8395,44280.0
8396,3100.0
8397,12990.0
8398,9353.0
8399,56590.0
8400,5102.0
8401,12634.0
8402,5260.0
8403,15123.0
8404,10668.0
8405,6067.0
8406,12054.0
8407,87007.0
8408,49725.0
8409,4656.0
8410,5225.0
8411,52287.0
8412,3862.0
8413,55377.0
8414,12307.5
8415,5339.0
8416,11383.0
8417,50271.0
8418,3389.0
8419,5955.0
8420,7919.0
8421,27864.0
8422,1830.0
8423,47286.5
8424,5206.0
8425,5772.0
8426,83239.0
8427,11179.0
8428,3133.0
8429,4007.0
8430,66077.0
8431,2124.0
8432,5399.0
8433,4054.0
8434,6082.0
8435,6623.0
8436,27976.0
8437,50271.0
8438,3090.0
8439,3000.0
8440,3288.0
8441,8264.0
8442,49207.0
8443,44280.0
8444,10744.0
8445,6780.0
8446,4099.0
8447,4027.0
8448,3389.0
8449,48289.0
8450,2987.0
8451,6461.0
8452,6502.0
8453,45185.0
8454,11520.0
8455,5888.0
8456,7813.0
8457,2482.0
8458,51697.0
8459,6172.0
8460,6122.0
8461,3707.0
8462,42457.0
8463,6461.0
8464,5949.0
8465,7212.0
8466,56943.0
8467,28510.0
8468,4696.0
8469,14744.0
8470,44280.0
8471,4515.0
8472,4266.0
8473,28332.0
8474,17925.0
8475,80077.0
8476,31682.0
8477,5857.0
8478,16593.0
8479,64238.0
8480,4752.0
8481,5823.0
8482,64831.0
8483,4357.0
8484,28872.0
8485,3334.0
8486,10067.0
8487,47217.0
8488,7999.0
8489,12143.0
8490,49613.0
8491,44144.0
8492,8719.0
8493,4387.0
8494,3191.0
8495,51707.0
8496,9035.5
8497,1543.0
8498,55377.0
8499,44682.0
8500,6158.0
8501,2480.0
8502,11069.0
8503,5805.0
8504,4449.0
8505,6461.0
8506,4620.0
8507,4590.0
8508,57992.0
8509,4001.0
8510,2410.0
8511,6074.0
8512,66928.0
8513,56590.0
8514,51345.0
8515,2738.0
8516,63889.0
8517,53164.0
8518,37985.0
8519,57837.0
8520,4297.0
8521,5136.0
8522,5177.0
8523,8988.0
8524,27976.0
8525,4796.0
8526,4028.0
8527,41281.0
8528,6295.0
8529,2098.0
8530,13446.0
8531,2410.0
8532,7762.0
8533,3918.0
8534,4414.0
8535,6568.0
8536,5177.0
8537,5864.0
8538,7212.0
8539,27976.0
8540,14218.0
8541,5574.0
8542,7237.0
8543,62188.0
8544,3393.0
8545,6134.0
8546,10479.0
8547,41064.0
8548,4202.0
8549,5808.0
8550,59996.0
8551,5177.0
8552,5057.0
8553,5805.0
8554,4348.0
8555,41314.0
8556,4417.0
8557,8046.0
8558,5954.0
8559,7768.0
8560,9736.0
8561,53164.0
8562,2051.0
8563,65445.0
8564,52287.0
8565,62748.0
8566,6489.0
8567,4499.0
8568,2336.0
8569,8148.0
8570,74594.0
8571,2477.0
8572,4556.0
8573,6200.0
8574,41269.0
8575,6171.0
8576,36712.0
8577,4501.0
8578,4499.0
8579,3831.0
8580,7207.0
8581,11586.0
8582,5441.0
8583,3971.0
8584,5949.0
8585,45883.0
8586,54684.0
8587,6583.0
8588,89359.0
8589,40593.0
8590,54608.0
8591,1551.0
8592,7767.0
8593,6744.0
8594,14014.0
8595,49177.0
8596,6488.0
8597,41269.0
8598,8111.0
8599,4988.0
8600,7813.0
8601,55983.0
8602,10058.0
8603,4724.0
8604,5499.0
8605,3050.0
8606,35532.0
8607,51817.0
8608,20760.0
8609,8899.0
8610,5441.0
8611,11139.0
8612,4413.0
8613,69168.0
8614,5960.0
8615,52287.0
8616,3844.0
8617,22140.0
8618,61597.0
8619,53164.0
8620,4736.0
8621,5102.0
8622,6015.0
8623,3496.0
8624,13095.0
8625,1544.0
8626,67071.0
8627,6489.0
8628,37985.0
8629,2091.0
8630,54608.0
8631,10822.0
8632,2700.0
8633,28510.0
8634,4455.0
8635,4807.0
8636,6133.0
8637,4367.0
8638,5406.0
8639,5840.0
8640,62045.0
8641,7212.0
8642,49177.0
8643,5818.0
8644,5322.0
8645,3988.0
8646,3571.0
8647,54608.0
8648,54684.0
8649,5206.0
8650,13866.0
8651,2339.0
8652,2339.0
8653,6717.0
8654,5949.0
8655,49725.0
8656,54841.0
8657,18871.0
8658,3860.0
8659,16770.0
8660,4502.0
8661,7212.0
8662,54608.0
8663,8644.0
8664,62045.0
8665,38099.0
8666,45600.0
8667,76255.0
8668,5176.0
8669,44571.0
8670,45883.0
8671,4069.0
8672,9045.0
8673,6488.0
8674,6412.0
8675,18450.0
8676,56476.0
8677,54896.0
8678,65529.0
8679,12658.0
8680,51707.0
8681,2901.0
8682,4499.0
8683,25000.0
8684,3834.0
8685,4500.0
8686,50271.0
8687,4759.0
8688,7326.0
8689,6179.0
8690,7767.0
8691,22198.0
8692,2694.0
8693,4357.0
8694,74594.0
8695,7425.0
8696,11236.0
8697,4500.0
8698,12214.0
8699,49553.0
8700,5960.0
8701,69168.0
8702,5206.0
8703,53645.0
8704,11310.0
8705,4337.0
8706,5975.0
8707,53947.0
8708,58864.0
8709,4173.0
8710,12440.0
8711,6489.0
8712,5635.0
8713,3282.0
8714,51875.0
8715,5955.0
8716,5696.0
8717,13601.0
8718,4500.0
8719,2456.0
8720,59021.0
8721,9100.0
8722,1977.0
8723,5093.0
8724,58394.0
8725,2132.0
8726,57505.0
8727,3093.0
8728,42457.0
8729,12570.0
8730,6840.0
8731,9807.0
8732,4672.0
8733,10248.0
8734,14658.0
8735,2339.0
8736,13524.0
8737,32859.0
8738,11129.0
8739,51384.0
8740,7487.0
8741,5364.0
8742,11488.0
8743,54608.0
8744,50271.0
8745,38099.0
8746,39555.0
8747,6843.0
8748,15794.0
8749,4294.0
8750,4784.0
8751,6841.0
8752,45693.0
8753,7410.0
8754,52522.0
8755,18668.0
8756,9400.0
8757,68112.0
8758,60396.0
8759,4678.0
8760,12183.0
8761,59929.0
8762,12658.0
8763,6490.0
8764,51707.0
8765,2857.0
8766,3512.0
8767,56273.0
8768,11642.0
8769,49207.0
8770,1443.0
8771,3393.0
8772,56058.0
8773,69825.0
8774,11307.0
8775,1603.0
8776,9201.0
8777,6432.0
8778,11025.0
8779,74844.0
8780,2057.0
8781,3811.0
8782,3729.0
8783,45257.0
8784,45257.0
8785,12166.0
8786,4502.0
8787,3361.0
8788,5817.0
8789,48851.0
8790,27864.0
8791,78897.0
8792,57017.0
8793,4979.0
8794,4020.0
8795,6161.0
8796,5293.0
8797,1550.0
8798,14255.0
8799,5810.0
8800,17794.0
8801,54608.0
8802,4387.0
8803,4792.0
8804,5772.0
8805,5950.0
8806,7688.0
8807,64113.0
8808,4599.0
8809,2250.0
8810,6169.0
8811,5574.0
8812,3245.0
8813,52063.0
8814,2436.0
8815,32646.0
8816,5977.0
8817,12348.0
8818,3471.0
8819,3334.0
8820,14073.0
8821,7004.0
8822,60631.0
8823,1603.0
8824,1776.0
8825,64890.0
8826,82553.0
8827,5955.0
8828,14223.0
8829,10733.0
8830,22152.0
8831,7572.0
8832,6437.0
8833,2000.0
8834,5563.0
8835,38099.0
8836,2203.0
8837,22140.0
8838,4629.0
8839,5954.0
8840,53209.0
8841,12054.0
8842,55983.0
8843,77039.0
8844,56476.0
8845,5953.0
8846,6339.0
8847,13524.0
8848,3336.0
8849,2343.0
8850,14238.0
8851,27864.0
8852,49725.0
8853,1776.0
8854,4501.0
8855,65457.0
8856,16773.0
8857,2738.0
8858,44546.0
8859,4687.0
8860,7043.0
8861,4427.0
8862,4265.0
8863,34792.0
8864,7425.0
8865,4676.0
8866,12546.0
8867,4387.0
8868,8508.0
8869,8426.0
8870,4502.0
8871,3016.0
8872,5761.0
8873,5584.0
8874,56588.0
8875,82281.0
8876,81284.0
8877,1714.0
8878,65445.0
8879,12118.0
8880,8005.0
8881,10491.0
8882,37985.0
8883,11844.0
8884,4964.0
8885,49725.0
8886,5643.0
8887,1714.0
8888,4792.0
8889,6443.0
8890,5390.0
8891,38099.0
8892,4048.0
8893,3986.0
8894,56702.0
8895,5467.0
8896,2694.0
8897,10979.0
8898,7263.0
8899,62729.0
8900,45995.0
8901,53937.0
8902,50271.0
8903,5977.0
8904,4496.0
8905,55983.0
8906,17548.0
8907,51707.0
8908,11675.0
8909,50473.0
8910,6000.0
8911,3988.0
8912,3014.0
8913,45600.0
8914,4757.0
8915,60260.0
8916,3644.0
8917,4024.0
8918,55502.0
8919,3991.0
8920,36712.0
8921,9383.0
8922,6209.0
8923,10998.0
8924,4537.0
8925,52063.0
8926,54684.0
8927,5180.0
8928,7847.0
8929,9000.0
8930,69244.0
8931,3979.0
8932,17434.5
8933,14539.0
8934,67004.0
8935,6292.0
8936,4792.0
8937,2339.0
8938,75933.0
8939,2361.0
8940,6122.0
8941,25600.0
8942,75093.0
8943,41064.0
8944,49725.0
8945,43697.0
8946,6009.0
8947,41113.0
8948,6488.0
8949,7958.0
8950,4416.0
8951,4111.0
8952,5102.0
8953,4593.0
8954,4792.0
8955,17738.0
8956,5435.0
8957,1551.0
8958,3282.0
8959,4637.0
8960,4755.0
8961,10425.0
8962,9668.0
8963,60365.0
8964,11409.0
8965,6122.0
8966,12452.0
8967,3450.0
8968,4390.0
8969,3185.0
8970,74956.0
8971,8112.0
8972,8433.0
8973,4000.0
8974,4417.0
8975,38099.0
8976,5536.0
8977,6287.0
8978,57017.0
8979,4585.0
8980,13524.0
8981,50271.0
8982,5636.0
8983,4979.0
8984,5348.0
8985,4499.0
8986,7221.0
8987,61873.0
8988,6488.0
8989,41314.0
8990,57920.0
8991,11298.0
8992,6048.0
8993,5761.0
8994,2050.0
8995,47408.0
8996,57017.0
8997,5896.0
8998,54896.0
8999,66928.0
9000,3096.0
9001,2201.0
9002,4230.0
9003,52586.0
9004,13524.0
9005,3488.0
9006,10849.0
9007,54608.0
9008,13089.0
9009,7488.0
9010,38099.0
9011,2339.0
9012,2477.0
9013,9840.0
9014,66928.0
9015,75933.0
9016,8442.0
9017,5805.0
9018,13314.0
9019,11666.0
9020,23898.0
9021,6200.0
9022,98465.0
9023,4667.0
9024,32859.0
9025,7518.0
9026,58223.0
9027,2124.0
9028,42521.0
9029,4556.0
9030,23944.0
9031,3860.0
9032,2780.0
9033,4502.0
9034,20356.0
9035,4672.0
9036,6319.0
9037,72730.0
9038,5542.0
9039,7424.0
9040,3574.0
9041,48298.0
9042,8258.0
9043,49725.0
9044,51817.0
9045,63579.0
9046,7593.0
9047,51707.0
9048,57081.0
9049,5226.0
9050,4436.0
9051,6296.0
9052,12408.0
9053,4417.0
9054,13728.0
9055,32859.0
9056,3684.0
9057,2339.0
9058,37985.0
9059,4338.0
9060,83797.0
9061,5892.0
9062,4780.0
9063,17016.5
9064,3625.0
9065,5276.0
9066,4930.0
9067,2737.0
9068,52175.0
9069,6017.0
9070,54684.0
9071,50271.0
9072,5574.0
9073,49613.0
9074,38099.0
9075,4979.0
9076,6133.0
9077,66063.0
9078,3000.0
9079,2414.0
9080,4452.0
9081,5029.0
9082,66063.0
9083,5219.0
9084,50271.0
9085,3334.0
9086,9277.0
9087,3389.0
9088,50398.0
9089,27976.0
9090,7425.0
9091,58315.0
9092,5342.0
9093,53164.0
9094,54896.0
9095,54684.0
9096,6170.0
9097,60508.0
9098,4173.0
9099,45805.0
9100,12166.0
9101,42521.0
9102,43729.0
9103,7959.0
9104,4294.0
9105,49553.0
9106,27792.0
9107,3788.0
9108,2568.0
9109,1543.0
9110,5314.0
9111,10426.0
9112,44280.0
9113,4780.0
9114,12605.0
9115,10688.0
9116,7393.0
9117,2476.0
9118,58125.0
9119,4971.0
9120,7504.0
9121,11497.0
9122,10570.0
9123,48234.0
9124,6252.0
9125,39499.0
9126,6437.0
9127,6489.0
9128,2050.0
9129,60508.0
9130,5365.0
9131,10799.0
9132,4915.0
9133,4028.0
9134,6389.0
9135,34460.0
9136,5380.0
9137,6122.0
9138,58315.0
9139,4099.0
9140,2105.0
9141,15679.0
9142,2124.0
9143,19597.0
9144,3628.0
9145,6024.0
9146,32923.0
9147,4337.0
9148,89537.0
9149,4415.0
9150,6009.0
9151,10301.0
9152,2389.0
9153,5960.0
9154,3729.0
9155,11508.0
9156,2700.0
9157,10744.0
9158,5102.0
9159,16467.0
9160,5823.0
9161,5042.0
9162,2339.0
9163,64831.0
9164,3357.0
9165,42521.0
9166,4663.0
9167,2603.0
9168,50297.0
9169,5234.0
9170,1543.0
9171,66063.0
9172,12150.0
9173,3393.0
9174,5864.0
9175,1550.0
9176,55983.0
9177,3587.0
9178,2057.0
9179,68112.0
9180,5823.0
9181,69244.0
9182,2614.0
9183,3610.0
9184,3346.0
9185,42521.0
9186,3475.0
9187,4728.0
9188,16254.0
9189,6032.0
9190,4301.0
9191,3916.0
9192,11068.0
9193,4189.0
9194,32923.0
9195,61649.0
9196,3569.0
9197,12990.0
9198,7490.0
9199,45600.0
9200,4783.0
9201,4496.0
9202,14312.0
9203,7286.0
9204,2476.0
9205,4048.0
9206,4896.0
9207,4357.0
9208,49613.0
9209,53757.0
9210,3000.0
9211,13400.0
9212,41314.0
9213,2477.0
9214,5102.0
9215,62045.0
9216,54896.0
9217,4390.0
9218,7072.0
9219,7959.0
9220,4134.0
9221,102648.0
9222,6195.0
9223,2212.0
9224,4142.0
9225,5954.0
9226,5239.0
9227,4173.0
9228,3727.0
9229,14207.0
9230,6840.0
9231,84896.0
9232,13054.0
9233,52175.0
9234,9750.0
9235,6219.0
9236,3393.0
9237,61161.0
9238,52175.0
9239,55502.0
9240,10202.0
9241,5954.0
9242,4250.0
9243,73369.0
9244,4896.0
9245,55983.0
9246,50271.0
9247,7212.0
9248,6698.0
9249,6060.0
9250,3843.0
9251,14524.0
9252,55982.0
9253,37985.0
9254,5728.0
9255,44144.0
9256,50271.0
9257,57405.0
9258,4909.0
9259,4500.0
9260,41101.0
9261,47585.0
9262,4967.0
9263,4827.0
9264,44144.0
9265,5656.0
9266,51595.0
9267,11680.0
9268,5934.0
9269,55502.0
9270,4348.0
9271,41314.0
9272,49207.0
9273,57081.0
9274,5943.0
9275,36577.0
9276,36712.0
9277,13524.0
9278,3623.0
9279,6437.0
9280,4414.0
9281,27976.0
9282,8621.0
9283,6133.0
9284,4896.0
9285,9983.0
9286,3551.0
9287,7834.0
9288,7900.0
9289,8930.0
9290,49725.0
9291,6450.0
9292,52287.0
9293,56702.0
9294,8133.0
9295,60260.0
9296,6389.0
9297,7982.0
9298,2329.0
9299,2835.0
9300,6568.0
9301,7548.0
9302,32609.0
9303,4404.0
9304,69580.0
9305,6711.0
9306,50398.0
9307,3401.0
9308,6200.0
9309,4079.0
9310,14349.0
9311,4112.0
9312,3822.0
9313,49553.0
9314,4678.0
9315,11854.0
9316,27792.0
9317,7212.0
9318,6196.0
9319,3611.0
9320,14911.0
9321,41064.0
9322,4174.0
9323,4452.0
9324,2056.0
9325,54608.0
9326,3014.0
9327,52287.0
9328,4827.0
9329,54608.0
9330,5227.0
9331,5949.0
9332,58125.0
9333,1543.0
9334,72125.0
9335,7116.0
9336,51707.0
9337,6006.0
9338,50271.0
9339,7488.0
9340,3014.0
9341,9444.0
9342,2074.0
9343,1694.0
9344,7352.0
9345,59033.0
9346,3153.0
9347,2700.0
9348,41314.0
9349,5953.0
9350,2738.0
9351,7404.0
9352,34681.0
9353,4453.0
9354,7954.0
9355,42457.0
9356,55983.0
9357,42457.0
9358,5177.0
9359,3090.0
9360,7077.0
9361,11520.0
9362,53209.0
9363,10866.0
9364,4556.0
9365,59929.0
9366,38648.0
9367,58125.0
9368,6023.5
9369,6734.0
9370,6032.0
9371,4366.0
9372,13182.0
9373,53645.0
9374,78316.0
9375,2339.0
9376,11488.0
9377,2476.0
9378,12918.0
9379,51457.0
9380,6932.0
9381,3646.0
9382,12118.0
9383,10586.0
9384,7908.0
9385,9735.0
9386,47395.0
9387,7437.0
9388,2350.0
9389,5656.0
9390,41281.0
9391,49725.0
9392,24056.0
9393,5817.0
9394,54896.0
9395,2410.0
9396,4149.0
9397,3917.0
9398,2276.0
9399,6200.0
9400,9141.0
9401,5953.0
9402,5942.0
9403,4452.0
9404,5943.0
9405,6067.0
9406,11186.0
9407,51707.0
9408,59033.0
9409,4663.0
9410,6326.0
9411,4960.0
9412,51405.0
9413,3705.0
9414,4111.0
9415,2836.0
9416,60260.0
9417,6367.0
9418,2339.0
9419,2603.0
9420,13588.0
9421,5207.0
9422,53499.0
9423,6437.0
9424,4975.0
9425,3684.0
9426,50361.0
9427,5293.0
9428,15708.0
9429,7212.0
9430,62045.0
9431,3834.0
9432,3050.0
9433,54481.0
9434,3629.0
9435,41314.0
9436,5955.0
9437,4789.0
9438,42457.0
9439,3223.0
9440,2637.0
9441,56590.0
9442,4027.0
9443,53164.0
9444,62045.0
9445,3999.0
9446,6287.0
9447,23898.0
9448,64831.0
9449,2208.0
9450,5027.0
9451,50297.0
9452,20796.0
9453,4229.0
9454,54841.0
9455,3623.0
9456,32859.0
9457,67004.0
9458,8526.0
9459,4663.0
9460,3998.0
9461,32923.0
9462,12054.0
9463,13524.0
9464,17463.0
9465,55502.0
9466,2309.0
9467,4755.0
9468,9296.0
9469,5720.0
9470,42457.0
9471,75016.0
9472,42212.0
9473,4793.0
9474,10243.0
9475,5955.0
9476,4496.0
9477,6172.0
9478,4432.0
9479,3855.0
9480,5576.0
9481,4284.0
9482,7284.0
9483,49553.0
9484,1830.0
9485,13410.0
9486,45693.0
9487,3999.0
9488,6578.0
9489,73388.0
9490,2339.0
9491,58394.0
9492,87118.0
9493,7104.0
9494,3467.0
9495,4453.0
9496,8832.0
9497,6487.0
9498,5750.0
9499,60160.0
9500,5441.0
9501,69168.0
9502,5102.0
9503,4056.0
9504,45995.0
9505,14250.0
9506,5292.0
9507,4691.0
9508,60508.0
9509,26060.0
9510,5292.0
9511,2723.0
9512,5632.0
9513,7025.0
9514,2074.0
9515,5955.0
9516,48289.0
9517,70154.0
9518,15078.0
9519,5760.0
9520,3831.0
9521,70714.0
9522,7352.0
9523,6395.0
9524,45257.0
9525,6878.0
9526,2098.0
9527,9090.0
9528,3014.0
9529,5657.0
9530,8145.0
9531,5275.0
9532,4363.0
9533,4672.0
9534,65529.0
9535,3363.0
9536,6292.0
9537,5622.0
9538,6502.0
9539,5102.0
9540,2361.0
9541,5955.0
9542,49553.0
9543,4979.0
9544,5955.0
9545,5523.0
9546,14962.0
9547,54841.0
9548,7501.0
9549,4500.0
9550,55983.0
9551,5617.0
9552,45257.0
9553,9506.0
9554,3184.0
9555,4161.0
9556,2124.0
9557,6067.0
9558,6578.0
9559,4674.0
9560,6363.0
9561,67004.0
9562,7572.0
9563,2901.0
9564,5174.0
9565,10967.0
9566,8640.0
9567,3999.0
9568,8641.0
9569,5257.5
9570,4364.0
9571,37417.0
9572,67004.0
9573,4417.0
9574,3971.0
9575,69407.0
9576,4687.0
9577,3050.0
9578,49553.0
9579,7423.0
9580,1654.0
9581,5227.0
9582,4526.0
9583,3862.0
9584,4501.0
9585,7433.0
9586,84222.0
9587,60555.0
9588,5953.0
9589,7904.0
9590,5955.0
9591,5810.0
9592,6319.0
9593,59929.0
9594,5761.0
9595,65872.0
9596,8111.0
9597,56588.0
9598,6181.0
9599,10802.0
9600,6195.0
9601,6627.0
9602,7877.0
9603,9840.0
9604,6551.0
9605,6375.0
9606,32556.0
9607,4499.0
9608,9277.0
9609,53152.0
9610,6122.0
9611,41064.0
9612,11455.0
9613,6502.0
9614,53071.0
9615,64969.0
9616,2612.0
9617,4496.0
9618,3980.0
9619,22152.0
9620,3236.0
9621,41269.0
9622,58125.0
9623,3885.0
9624,37985.0
9625,51707.0
9626,13054.0
9627,5617.0
9628,7263.0
9629,9840.0
9630,9798.0
9631,4979.0
9632,4814.0
9633,6117.0
9634,14868.0
9635,1830.0
9636,41064.0
9637,56588.0
9638,45672.0
9639,2124.0
9640,4499.0
9641,74041.0
9642,6324.0
9643,27976.0
9644,25993.0
9645,4284.0
9646,6461.0
9647,60978.0
9648,4158.0
9649,4230.0
9650,2105.0
9651,26396.0
9652,35520.0
9653,4589.0
9654,7412.0
9655,61049.0
9656,6048.5
9657,6568.0
9658,6300.0
9659,6892.0
9660,6584.0
9661,4173.0
9662,53164.0
9663,4348.0
9664,9105.0
9665,45257.0
9666,52175.0
9667,39783.0
9668,4368.0
9669,5954.0
9670,6207.0
9671,69244.0
9672,8757.0
9673,2744.0
9674,57057.0
9675,54684.0
9676,6252.0
9677,44378.0
9678,25995.0
9679,51595.0
9680,4250.0
9681,44280.0
9682,5761.0
9683,17778.0
9684,9879.0
9685,7489.0
9686,12183.0
9687,5750.0
9688,2840.0
9689,4072.0
9690,4637.0
9691,13077.0
9692,5102.0
9693,6420.0
9694,51817.0
9695,52287.0
9696,6489.0
9697,7085.0
9698,37985.0
9699,7474.0
9700,4556.0
9701,64700.0
9702,1755.0
9703,5618.0
9704,5094.0
9705,57992.0
9706,11069.0
9707,5178.0
9708,14376.0
9709,11310.0
9710,10018.0
9711,29764.0
9712,20360.0
9713,7874.0
9714,6461.0
9715,7135.0
9716,7424.0
9717,8776.0
9718,6133.0
9719,1714.0
9720,49613.0
9721,36763.0
9722,5780.0
9723,2124.0
9724,60508.0
9725,3999.0
9726,11488.0
9727,2738.0
9728,3918.0
9729,3006.0
9730,1924.0
9731,57081.0
9732,3140.0
9733,5467.0
9734,3451.0
9735,53645.0
9736,55502.0
9737,6450.0
9738,7145.0
9739,4427.0
9740,6319.0
9741,6461.0
9742,55377.0
9743,4327.0
9744,4125.0
9745,63889.0
9746,5857.0
9747,54684.0
9748,5915.0
9749,52063.0
9750,2767.0
9751,39321.0
9752,19279.0
9753,3393.0
9754,54608.0
9755,7575.0
9756,5960.0
9757,9735.0
9758,6490.0
9759,3020.0
9760,2201.0
9761,51875.0
9762,14148.0
9763,3153.0
9764,56588.0
9765,9390.0
9766,2339.0
9767,4789.0
9768,49725.0
9769,10962.0
9770,37985.0
9771,10890.0
9772,6869.0
9773,20979.0
9774,53835.0
9775,20760.0
9776,52044.0
9777,2792.0
9778,55377.0
9779,42457.0
9780,41064.0
9781,12454.0
9782,6067.0
9783,49177.0
9784,43165.0
9785,4555.0
9786,69168.0
9787,8192.0
9788,55572.0
9789,6296.0
9790,4496.0
9791,4229.0
9792,4589.0
9793,49553.0
9794,4284.0
9795,4780.0
9796,7305.0
9797,4940.0
9798,45185.0
9799,8789.0
9800,27976.0
9801,51817.0
9802,2250.0
9803,68112.0
9804,61049.0
9805,64113.0
9806,62636.0
9807,3999.0
9808,5177.0
9809,55983.0
9810,6461.0
9811,13695.0
9812,6390.0
9813,28510.0
9814,49725.0
9815,54481.0
9816,4672.0
9817,4933.0
9818,58125.0
9819,8242.5
9820,5949.0
9821,52287.0
9822,4979.0
9823,53209.0
9824,66723.0
9825,4378.0
9826,14259.0
9827,53209.0
9828,53126.0
9829,57505.0
9830,4337.0
9831,10575.0
9832,4461.0
9833,3175.0
9834,6437.0
9835,76157.0
9836,4111.0
9837,4272.0
9838,8321.0
9839,37432.0
9840,4819.0
9841,57742.0
9842,51875.0
9843,5102.0
9844,24122.0
9845,61583.0
9846,6488.0
9847,7570.0
9848,2903.0
9849,69168.0
9850,6389.0
9851,51457.0
9852,52175.0
9853,41064.0
9854,4387.0
9855,5178.0
9856,7221.0
9857,69885.0
9858,6461.0
9859,6262.0
9860,32923.0
9861,6593.0
9862,62591.0
9863,6544.0
9864,13524.0
9865,6734.0
9866,24122.0
9867,4827.0
9868,3393.0
9869,8112.0
9870,6109.0
9871,4181.0
9872,5103.0
9873,84793.0
9874,5276.0
9875,45805.0
9876,23944.0
9877,6578.0
9878,9073.0
9879,5352.0
9880,4028.0
9881,6444.0
9882,52175.0
9883,5530.0
9884,4971.0
9885,6568.0
9886,5956.0
9887,6314.0
9888,19668.0
9889,5772.0
9890,5702.0
9891,22414.0
9892,5667.0
9893,11698.0
9894,6132.0
9895,6568.0
9896,2336.0
9897,5027.0
9898,16624.0
9899,8112.0
9900,6490.0
9901,6287.0
9902,4099.0
9903,12498.0
9904,6998.0
9905,58315.0
9906,55377.0
9907,52287.0
9908,72192.0
9909,54481.0
9910,52287.0
9911,51707.0
9912,10338.0
9913,42457.0
9914,64173.0
9915,2336.0
9916,5942.0
9917,7572.0
9918,69113.0
9919,4792.0
9920,14238.0
9921,6450.0
9922,5012.0
9923,60396.0
9924,3389.0
9925,4909.0
9926,6324.0
9927,60555.0
9928,60260.0
9929,52175.0
9930,62617.0
9931,6869.0
9932,17441.0
9933,45257.0
9934,4337.0
9935,12570.0
9936,4827.0
9937,59253.0
9938,3788.0
9939,2477.0
9940,60396.0
9941,62188.0
9942,10301.0
9943,1822.0
9944,45995.0
9945,4500.0
9946,38099.0
9947,56588.0
9948,6161.0
9949,73297.0
9950,2476.0
9951,6992.0
9952,57405.0
9953,7141.0
9954,3471.0
9955,3496.0
9956,2201.0
9957,45257.0
9958,6568.0
9959,66267.0
9960,44280.0
9961,34460.0
9962,55377.0
9963,6067.0
9964,14628.0
9965,7575.0
9966,9776.0
9967,13403.0
9968,9840.0
9969,13398.0
9970,49896.0
9971,4496.0
9972,20760.0
9973,5871.0
9974,4547.0
9975,9201.0
9976,20185.0
9977,52175.0
9978,70220.0
9979,6521.0
9980,62045.0
9981,60978.0
9982,42521.0
9983,5178.0
9984,7316.0
9985,4041.0
9986,9272.0
9987,10578.0
9988,52287.0
9989,6067.0
9990,5235.0
9991,53512.0
9992,14933.0
9993,36763.0
9994,4491.0
9995,6489.0
9996,1890.0
9997,11488.0
9998,75721.0
9999,5420.0
10000,1755.0
10001,37900.0
10002,7425.0
10003,10376.0
10004,20760.0
10005,3096.0
10006,29765.0
10007,6195.0
10008,12276.0
10009,5949.0
10010,4896.0
10011,5098.0
10012,60396.0
10013,6390.0
10014,3862.0
10015,7575.0
10016,60260.0
10017,3000.0
10018,57666.0
10019,9201.0
10020,37985.0
10021,47545.0
10022,11786.0
10023,2436.0
10024,4755.0
10025,56702.0
10026,5823.0
10027,60396.0
10028,4836.0
10029,6324.0
10030,2050.0
10031,62045.0
10032,41064.0
10033,64285.0
10034,15414.0
10035,24234.0
10036,20684.0
10037,5254.0
10038,3374.0
10039,4111.0
10040,49177.0
10041,4819.0
10042,54608.0
10043,45693.0
10044,45230.0
10045,1800.0
10046,54684.0
10047,3720.0
10048,62617.0
10049,6461.0
10050,4857.0
10051,5668.0
10052,31292.0
10053,58125.0
10054,14670.0
10055,4544.0
10056,51707.0
10057,5547.0
10058,4637.0
10059,54777.0
10060,64831.0
10061,8111.0
10062,5772.0
10063,6840.0
10064,7570.0
10065,20760.0
10066,35554.0
10067,4313.0
10068,5840.0
10069,7572.0
10070,21948.0
10071,3393.0
10072,4111.0
10073,7709.0
10074,8927.0
10075,32881.0
10076,6033.0
10077,7426.0
10078,10680.0
10079,19113.0
10080,60396.0
10081,57017.0
10082,60365.0
10083,61583.0
10084,5656.0
10085,29764.0
10086,2410.0
10087,42521.0
10088,7677.0
10089,4827.0
10090,4664.0
10091,37929.0
10092,4020.0
10093,58212.0
10094,6980.0
10095,14889.0
10096,4099.0
10097,4896.0
10098,49613.0
10099,2738.0
10100,2359.0
10101,6158.0
10102,79461.0
10103,7119.0
10104,49613.0
10105,6308.0
10106,64969.0
10107,4620.0
10108,60260.0
10109,5761.0
10110,51707.0
10111,3943.0
10112,5960.0
10113,10785.0
10114,52287.0
10115,36565.0
10116,37985.0
10117,64831.0
10118,63889.0
10119,47657.0
10120,4205.0
10121,6968.0
10122,5888.0
10123,3258.0
10124,4389.0
10125,52063.0
10126,9201.0
10127,4784.0
10128,46097.0
10129,4672.0
10130,9746.0
10131,4656.0
10132,5499.0
10133,53152.0
10134,4099.0
10135,39499.0
10136,57920.0
10137,39499.0
10138,6311.0
10139,13332.0
10140,3349.0
10141,45883.0
10142,3685.0
10143,44280.0
10144,73297.0
10145,8219.0
10146,9201.0
10147,4229.0
10148,3096.0
10149,8838.0
10150,56588.0
10151,10260.0
10152,7575.0
10153,6084.0
10154,60232.0
10155,5103.0
10156,11310.0
10157,3723.0
10158,23424.0
10159,2228.0
10160,3346.0
10161,11323.0
10162,47586.0
10163,73448.0
10164,5918.0
10165,4339.0
10166,6460.0
10167,3754.0
10168,48851.0
10169,3349.0
10170,5772.0
10171,12424.0
10172,5772.0
10173,74365.0
10174,3633.0
10175,7476.0
10176,68303.0
10177,23898.0
10178,64831.0
10179,69244.0
10180,5206.0
10181,6578.0
10182,57939.0
10183,5293.0
10184,5378.0
10185,6502.0
10186,45600.0
10187,4158.0
10188,6536.0
10189,53209.0
10190,4658.0
10191,4979.0
10192,5949.0
10193,5293.0
10194,6583.0
10195,5772.0
10196,4672.0
10197,52175.0
10198,6578.0
10199,61404.0
10200,66723.0
10201,42457.0
10202,4363.0
10203,4348.0
10204,10196.0
10205,74388.0
10206,9201.0
10207,17433.0
10208,6177.0
10209,10426.0
10210,37985.0
10211,52522.0
10212,6200.0
10213,8133.0
10214,7955.0
10215,1776.0
10216,5177.0
10217,11188.0
10218,3397.0
10219,8641.0
10220,61404.0
10221,64173.0
10222,11545.0
10223,51595.0
10224,6776.0
10225,4348.0
10226,60260.0
10227,4111.0
10228,5624.0
10229,5949.0
10230,70588.0
10231,67769.0
10232,5040.0
10233,5949.0
10234,6962.0
10235,6015.0
10236,53440.0
10237,8426.0
10238,78943.0
10239,4783.0
10240,6048.0
10241,4731.0
10242,4500.0
10243,5894.0
10244,7423.0
10245,55502.0
10246,7174.0
10247,61873.0
10248,4403.0
10249,11675.0
10250,7575.0
10251,51457.0
10252,6198.0
10253,6082.0
10254,24056.0
10255,4783.0
10256,2857.0
10257,18209.0
10258,5206.0
10259,7737.0
10260,54684.0
10261,54684.0
10262,6287.0
10263,8490.0
10264,56878.0
10265,6296.0
10266,1105.0
10267,6488.0
10268,58562.0
10269,49207.0
10270,3810.0
10271,51384.0
10272,4672.0
10273,7584.0
10274,7466.0
10275,11752.0
10276,9353.0
10277,51057.0
10278,51707.0
10279,5229.0
10280,5754.0
10281,4194.0
10282,52175.0
10283,22140.0
10284,7423.0
10285,9945.0
10286,4755.0
10287,6133.0
10288,9141.0
10289,5293.0
10290,4496.0
10291,4266.0
10292,6489.0
10293,4272.0
10294,43910.0
10295,60508.0
10296,4559.0
10297,51457.0
10298,13524.0
10299,1105.0
10300,45693.0
10301,17621.0
10302,16706.0
10303,4971.0
10304,6489.0
10305,50957.0
10306,7425.0
10307,10849.0
10308,13410.0
10309,5539.0
10310,4500.0
10311,38616.0
10312,2074.0
10313,4068.0
10314,52715.0
10315,7424.0
10316,4105.0
10317,7425.0
10318,58125.0
10319,54608.0
10320,4896.0
10321,6491.0
10322,11069.0
10323,7709.0
10324,3365.0
10325,60074.0
10326,2675.0
10327,6122.0
10328,4757.0
10329,4417.0
10330,12209.0
10331,4276.0
10332,61933.0
10333,3646.0
10334,10090.0
10335,49553.0
10336,67473.0
10337,34460.0
10338,57017.0
10339,4959.0
10340,38099.0
10341,2074.0
10342,33856.0
10343,5229.0
10344,41064.0
10345,45185.0
10346,6444.0
10347,6159.0
10348,50361.0
10349,56590.0
10350,41120.0
10351,3393.0
10352,4729.0
10353,67004.0
10354,9175.0
10355,59021.0
10356,7529.0
10357,53152.0
10358,11520.0
10359,42521.0
10360,45883.0
10361,3826.0
10362,3610.0
10363,14889.0
10364,4687.0
10365,38099.0
10366,66063.0
10367,22152.0
10368,7420.0
10369,4028.0
10370,3000.0
10371,57129.0
10372,1776.0
10373,54896.0
10374,4757.0
10375,7425.0
10376,3538.0
10377,4020.0
10378,11129.0
10379,7488.0
10380,6141.0
10381,23838.0
10382,4337.0
10383,6585.0
10384,45805.0
10385,49613.0
10386,55087.0
10387,1800.0
10388,42521.0
10389,4556.0
10390,57081.0
10391,6109.0
10392,49553.0
10393,69168.0
10394,5232.0
10395,4165.0
10396,5656.0
10397,6568.0
10398,45883.0
10399,9884.0
10400,5253.0
10401,41269.0
10402,6271.0
10403,20356.0
10404,10018.0
10405,6172.0
10406,6147.0
10407,15824.0
10408,57992.0
10409,11310.0
10410,3999.0
10411,5441.0
10412,4896.0
10413,6488.0
10414,3191.0
10415,59033.0
10416,3918.0
10417,6489.0
10418,49553.0
10419,6568.0
10420,4071.0
10421,65115.0
10422,37405.0
10423,3354.0
10424,3993.0
10425,6287.0
10426,5888.0
10427,4731.0
10428,4839.0
10429,14985.0
10430,5894.0
10431,13054.0
10432,45257.0
10433,51372.0
10434,55502.0
10435,51457.0
10436,7844.0
10437,9840.0
10438,2339.0
10439,41269.0
10440,55502.0
10441,13017.0
10442,47205.0
10443,44610.0
10444,49896.0
10445,15268.0
10446,50473.0
10447,87118.0
10448,5227.0
10449,2465.0
10450,44081.0
10451,5348.0
10452,49613.0
10453,5656.0
10454,61873.0
10455,4827.0
10456,4896.0
10457,51707.0
10458,5817.0
10459,7423.0
10460,8005.0
10461,2409.0
10462,54777.0
10463,7489.0
10464,6067.0
10465,52063.0
10466,5178.0
10467,6594.0
10468,3191.0
10469,45600.0
10470,38099.0
10471,49613.0
10472,55502.0
10473,44863.0
10474,5667.0
10475,4896.0
10476,5667.0
10477,9284.0
10478,6132.0
10479,7575.0
10480,5668.0
10481,6060.0
10482,6692.0
10483,12424.0
10484,6432.0
10485,16455.0
10486,37985.0
10487,7054.0
10488,3834.0
10489,74981.0
10490,7484.0
10491,39321.0
10492,4496.0
10493,23944.0
10494,54684.0
10495,6578.0
10496,54608.0
10497,10483.0
10498,67004.0
10499,3361.0
10500,7387.0
10501,5337.0
10502,56273.0
10503,6067.0
10504,8111.0
10505,4149.0
10506,5772.0
10507,15560.0
10508,31682.0
10509,32859.0
10510,6578.0
10511,14264.0
10512,4827.0
10513,3999.0
10514,39499.0
10515,5917.0
10516,3153.0
10517,1714.0
10518,4792.0
10519,69244.0
10520,61404.0
10521,3191.0
10522,16099.0
10523,44280.0
10524,60508.0
10525,32859.0
10526,5399.0
10527,3024.0
10528,2074.0
10529,49884.0
10530,49553.0
10531,11675.0
10532,54608.0
10533,7689.0
10534,5749.0
10535,4926.0
10536,16738.0
10537,16254.0
10538,12222.0
10539,60260.0
10540,5949.0
10541,3571.0
10542,68317.0
10543,65529.0
10544,49553.0
10545,49725.0
10546,44069.0
10547,6909.0
10548,4827.0
10549,7762.0
10550,12150.0
10551,5179.0
10552,4262.0
10553,45435.0
10554,6450.0
10555,3971.0
10556,3685.0
10557,2074.0
10558,53152.0
10559,44280.0
10560,2124.0
10561,10961.0
10562,2414.0
10563,11479.0
10564,8186.0
10565,4969.0
10566,6048.0
10567,4007.0
10568,56702.0
10569,5955.0
10570,15353.0
10571,49177.0
10572,6461.0
10573,6395.0
10574,62591.0
10575,6008.0
10576,5943.0
10577,53152.0
10578,4706.0
10579,56588.0
10580,64113.0
10581,5520.0
10582,5917.0
10583,50271.0
10584,9349.0
10585,6132.0
10586,55136.5
10587,6048.0
10588,7489.0
10589,7004.0
10590,1714.0
10591,4728.0
10592,4499.0
10593,8059.0
10594,4500.0
10595,4687.0
10596,60508.0
10597,4550.0
10598,2723.0
10599,4357.0
10600,2723.0
10601,47585.0
10602,42521.0
10603,5285.0
10604,3918.0
10605,5619.0
10606,3090.0
10607,1604.0
10608,2339.0
10609,6082.0
10610,5959.0
10611,7106.0
10612,13874.0
10613,4111.0
10614,62188.0
10615,6489.0
10616,7584.0
10617,3869.0
10618,11231.0
10619,2050.0
10620,4827.0
10621,45883.0
10622,3862.0
10623,3999.0
10624,6461.0
10625,6578.0
10626,6319.0
10627,69168.0
10628,4691.0
10629,3153.0
10630,11634.0
10631,3014.0
10632,7031.0
10633,12379.0
10634,74754.0
10635,3264.0
10636,64831.0
10637,12649.0
10638,3569.0
10639,45883.0
10640,2228.0
10641,6502.0
10642,57992.0
10643,64173.0
10644,12380.0
10645,1998.0
10646,4930.0
10647,5220.0
10648,51697.0
10649,53209.0
10650,65529.0
10651,16875.0
10652,4230.0
10653,6578.0
10654,7423.0
10655,5507.0
10656,7959.0
10657,6215.0
10658,10248.0
10659,8177.0
10660,3010.0
10661,50271.0
10662,8938.0
10663,6610.0
10664,5102.0
10665,3102.0
10666,5606.0
10667,32230.0
10668,59021.0
10669,5656.0
10670,10425.0
10671,5708.0
10672,49553.0
10673,4612.0
10674,49207.0
10675,4357.0
10676,6296.0
10677,5960.0
10678,56588.0
10679,63889.0
10680,41281.0
10681,4792.0
10682,6275.0
10683,6515.0
10684,45995.0
10685,6630.0
10686,17054.0
10687,6510.0
10688,5574.0
10689,7476.0
10690,5483.0
10691,50815.0
10692,5949.0
10693,32923.0
10694,42521.0
10695,4827.0
10696,4041.0
10697,51707.0
10698,6951.0
10699,7004.0
10700,51707.0
10701,2150.0
10702,55983.0
10703,6120.0
10704,4414.0
10705,5293.0
10706,2409.0
10707,3866.0
10708,4165.0
10709,4658.0
10710,7877.0
10711,3962.0
10712,3266.0
10713,6836.0
10714,4755.0
10715,14766.0
10716,2476.0
10717,60260.0
10718,13014.0
10719,42412.0
10720,11520.0
10721,9840.0
10722,51405.0
10723,20356.0
10724,48851.0
10725,14364.0
10726,5817.0
10727,57920.0
10728,8112.0
10729,2410.0
10730,5872.0
10731,4934.0
10732,78400.0
10733,6186.0
10734,49725.0
10735,5451.0
10736,5772.0
10737,2835.0
10738,3957.0
10739,11448.0
10740,5805.0
10741,54684.0
10742,64407.0
10743,6568.0
10744,8134.0
10745,4437.0
10746,62045.0
10747,4371.0
10748,12138.0
10749,8233.0
10750,2409.0
10751,10058.0
10752,5103.0
10753,5178.0
10754,24122.0
10755,22020.0
10756,29764.0
10757,64801.0
10758,7413.0
10759,3569.0
10760,68112.0
10761,78918.0
10762,49613.0
10763,5798.0
10764,6578.0
10765,56588.0
10766,9598.0
10767,5380.0
10768,57992.0
10769,53645.0
10770,3988.0
10771,44280.0
10772,4149.0
10773,7012.0
10774,4165.0
10775,7708.0
10776,28872.0
10777,76545.0
10778,53743.0
10779,4554.0
10780,24206.0
10781,49553.0
10782,60260.0
10783,54684.0
10784,5360.0
10785,4601.0
10786,6319.0
10787,54684.0
10788,2399.0
10789,7767.0
10790,61873.0
10791,1830.0
10792,51697.0
10793,7958.0
10794,53152.0
10795,5949.0
10796,6319.0
10797,5915.0
10798,55377.0
10799,4762.0
10800,12090.0
10801,3090.0
10802,43811.0
10803,5943.0
10804,4111.0
10805,44280.0
10806,3512.0
10807,64113.0
10808,5657.0
10809,4963.0
10810,4501.0
10811,6532.0
10812,41064.0
10813,6067.0
10814,53209.0
10815,5823.0
10816,49613.0
10817,5660.0
10818,3999.0
10819,4020.0
10820,18798.0
10821,5953.0
10822,2228.0
10823,4556.0
10824,5949.0
10825,2336.0
10826,60555.0
10827,10523.0
10828,6191.0
10829,15624.0
10830,11310.0
10831,11129.0
10832,9945.0
10833,12571.0
10834,4497.0
10835,67130.0
10836,29622.0
10837,4942.0
10838,56590.0
10839,64285.0
10840,72237.0
10841,81284.0
10842,5404.0
10843,49613.0
10844,5632.0
10845,54841.0
10846,3105.0
10847,5949.0
10848,60555.0
10849,5808.0
10850,62617.0
10851,3014.0
10852,102114.0
10853,5647.0
10854,7175.0
10855,17371.0
10856,7081.0
10857,5954.0
10858,57939.0
10859,5070.0
10860,20684.0
10861,56702.0
10862,6502.0
10863,45257.0
10864,7685.0
10865,4020.0
10866,6158.0
10867,5336.0
10868,2098.0
10869,5888.0
10870,11205.0
10871,49725.0
10872,5018.0
10873,3015.0
10874,6375.0
10875,56588.0
10876,4149.0
10877,35532.0
10878,3988.0
10879,4099.0
10880,54841.0
10881,62729.0
10882,7426.0
10883,29980.0
10884,53276.0
10885,62045.0
10886,70088.0
10887,5182.0
10888,25623.0
10889,7141.0
10890,5954.0
10891,4069.0
10892,31436.0
10893,5178.0
10894,5622.0
10895,3334.0
10896,3334.0
10897,4111.0
10898,11955.0
10899,67004.0
10900,5805.0
10901,3994.0
10902,3644.0
10903,2637.0
10904,9241.0
10905,3000.0
10906,5517.0
10907,4359.0
10908,4111.0
10909,22152.0
10910,4325.0
10911,5942.0
10912,4348.0
10913,3085.0
10914,63362.0
10915,3234.0
10916,47408.0
10917,4324.0
10918,70400.0
10919,49553.0
10920,7446.0
10921,41314.0
10922,7728.0
10923,7423.0
10924,49177.0
10925,5092.0
10926,6067.0
10927,62793.0
10928,15540.0
10929,4715.0
10930,3090.0
10931,7424.0
10932,71901.0
10933,24122.0
10934,58394.0
10935,6819.0
10936,7484.0
10937,5507.0
10938,67769.0
10939,6577.0
10940,8534.0
10941,8111.0
10942,31982.0
10943,56476.0
10944,8148.0
10945,4724.0
10946,45883.0
10947,5152.0
10948,7529.0
10949,66928.0
10950,19321.0
10951,1654.0
10952,52287.0
10953,53499.0
10954,3105.0
10955,6947.0
10956,6489.0
10957,47844.0
10958,4001.0
10959,3302.0
10960,48213.0
10961,4496.0
10962,5960.0
10963,12740.0
10964,12920.0
10965,4359.0
10966,2723.0
10967,14553.0
10968,8869.0
10969,3916.0
10970,20760.0
10971,4500.0
10972,7683.0
10973,8111.0
10974,12217.0
10975,2456.0
10976,5365.0
10977,2124.0
10978,45693.0
10979,3671.0
10980,93674.0
10981,10058.0
10982,2477.0
10983,20684.0
10984,8111.0
10985,12768.0
10986,2482.0
10987,6296.0
10988,4020.0
10989,8938.0
10990,12765.0
10991,57081.0
10992,54684.0
10993,5441.0
10994,4500.0
10995,9879.0
10996,5103.0
10997,5177.0
10998,57742.0
10999,51819.0
11000,4007.0
11001,6476.0
11002,7332.0
11003,6067.0
11004,4079.0
11005,43430.0
11006,10576.0
11007,10018.0
11008,8944.0
11009,8483.0
11010,7076.0
11011,5040.0
11012,12108.0
11013,37256.0
11014,60978.0
11015,7212.0
11016,56476.0
11017,44280.0
11018,23838.0
11019,6741.0
11020,6488.0
11021,2098.0
11022,32859.0
11023,5556.0
11024,5291.0
11025,1105.0
11026,4792.0
11027,8988.0
11028,2343.0
11029,5177.0
11030,10744.0
11031,10643.0
11032,2910.0
11033,3000.0
11034,4190.0
11035,3971.0
11036,11777.0
11037,6132.0
11038,4696.0
11039,3862.0
11040,7353.0
11041,7584.0
11042,57017.0
11043,64173.0
11044,55983.0
11045,11129.0
11046,74687.0
11047,37985.0
11048,9723.0
11049,3727.0
11050,12978.0
11051,2050.0
11052,62524.0
11053,59033.0
11054,5525.0
11055,7152.0
11056,49725.0
11057,4364.0
11058,7813.0
11059,4612.0
11060,52063.0
11061,7425.0
11062,5955.0
11063,13386.0
11064,17996.0
11065,54115.0
11066,51372.0
11067,5881.0
11068,5076.0
11069,9105.0
11070,56879.0
11071,57943.0
11072,62188.0
11073,58315.0
11074,6797.0
11075,5780.0
11076,69168.0
11077,42521.0
11078,43376.0
11079,6017.0
11080,4871.0
11081,8111.0
11082,8423.0
11083,4357.0
11084,7763.0
11085,5954.0
11086,16140.0
11087,3105.0
11088,7291.0
11089,88292.0
11090,5949.0
11091,2723.0
11092,12114.0
11093,3574.0
11094,60508.0
11095,5880.0
11096,4799.0
11097,7423.0
11098,51697.0
11099,2105.0
11100,2350.0
11101,45693.0
11102,45257.0
11103,4732.0
11104,2750.0
11105,49725.0
11106,5201.0
11107,4453.0
11108,7317.0
11109,13095.0
11110,4506.0
11111,67004.0
11112,4413.0
11113,10785.0
11114,22152.0
11115,8224.0
11116,4971.0
11117,6461.0
11118,45883.0
11119,84756.0
11120,3497.0
11121,5174.0
11122,38099.0
11123,7677.0
11124,3571.0
11125,9907.0
11126,56588.0
11127,60978.0
11128,5949.0
11129,12150.0
11130,44280.0
11131,6878.0
11132,8498.0
11133,7767.0
11134,4079.0
11135,7518.0
11136,12990.0
11137,3810.0
11138,7412.0
11139,2201.0
11140,86461.0
11141,19774.0
11142,5888.0
11143,9092.0
11144,3000.0
11145,3357.0
11146,66108.0
11147,66928.0
11148,5390.0
11149,52522.0
11150,4071.0
11151,9435.0
11152,56588.0
11153,4896.0
11154,3389.0
11155,60508.0
11156,10271.0
11157,2098.0
11158,56588.0
11159,12990.0
11160,8792.0
11161,5355.0
11162,4601.0
11163,5803.0
11164,2960.0
11165,11205.0
11166,5365.0
11167,4541.0
11168,2409.0
11169,6956.0
11170,16572.0
11171,6158.0
11172,5954.0
11173,5399.0
11174,1443.0
11175,7106.0
11176,60508.0
11177,6534.0
11178,4477.0
11179,4559.0
11180,9277.0
11181,5823.0
11182,5330.0
11183,22152.0
11184,6048.0
11185,7576.0
11186,7954.0
11187,2477.0
11188,3219.0
11189,12184.0
11190,39847.0
11191,63163.0
11192,13168.0
11193,54684.0
11194,5441.0
11195,2410.0
11196,6577.0
11197,9420.0
11198,5380.0
11199,5467.0
11200,4495.0
11201,1551.0
11202,7979.0
11203,7761.0
11204,5761.0
11205,4792.0
11206,67004.0
11207,4556.0
11208,60978.0
11209,3998.0
11210,74365.0
11211,4912.0
11212,59357.0
11213,5985.0
11214,51697.0
11215,4152.0
11216,59021.0
11217,8273.0
11218,4414.0
11219,7344.0
11220,8148.0
11221,53743.0
11222,45883.0
11223,8111.0
11224,4000.0
11225,4977.0
11226,27864.0
11227,7484.0
11228,60160.0
11229,8253.0
11230,5942.0
11231,5943.0
11232,7425.0
11233,51817.0
11234,6067.0
11235,8777.0
11236,45257.0
11237,61212.0
11238,6271.0
11239,3282.0
11240,5006.0
11241,57081.0
11242,5136.0
11243,59033.0
11244,4165.0
11245,60260.0
11246,6461.0
11247,6067.0
11248,4867.0
11249,54608.0
11250,4272.0
11251,48493.0
11252,9735.0
11253,3685.0
11254,4663.0
11255,4499.0
11256,7104.0
11257,7366.0
11258,3330.0
11259,5523.0
11260,2250.0
11261,52287.0
11262,4556.0
11263,6248.0
11264,58315.0
11265,60260.0
11266,6172.0
11267,4998.0
11268,64700.0
11269,57992.0
11270,56476.0
11271,8489.0
11272,7489.0
11273,3862.0
11274,6568.0
11275,54608.0
11276,7813.0
11277,4499.0
11278,56590.0
11279,4001.0
11280,57081.0
11281,2361.0
11282,4801.0
11283,8988.0
11284,66155.0
11285,5206.0
11286,3361.0
11287,3048.0
11288,11792.0
11289,10018.0
11290,54608.0
11291,4724.0
11292,3610.0
11293,18579.0
11294,4056.0
11295,4094.0
11296,9175.0
11297,1105.0
11298,6276.0
11299,5177.0
11300,6489.0
11301,6177.0
11302,6067.0
11303,5227.0
11304,6271.0
11305,44144.0
11306,10680.0
11307,55377.0
11308,8647.0
11309,8283.0
11310,6840.0
11311,44652.0
11312,56588.0
11313,4453.0
11314,5232.0
11315,2309.0
11316,18209.0
11317,6332.0
11318,12518.0
11319,68739.0
11320,80626.0
11321,7434.0
11322,6389.0
11323,1714.0
11324,6444.0
11325,8803.0
11326,1551.0
11327,5418.0
11328,44583.0
11329,4007.0
11330,36577.0
11331,2276.0
11332,69244.0
11333,57081.0
11334,60978.0
11335,57017.0
11336,4338.0
11337,5949.0
11338,56702.0
11339,53835.0
11340,11383.0
11341,60978.0
11342,6292.0
11343,4000.0
11344,7562.0
11345,7490.0
11346,57920.0
11347,7353.0
11348,48851.0
11349,4620.0
11350,11129.0
11351,5102.0
11352,45805.0
11353,14574.0
11354,4327.0
11355,2124.0
11356,21463.0
11357,4499.0
11358,5027.0
11359,5206.0
11360,5557.0
11361,9390.0
11362,55377.0
11363,51707.0
11364,6412.0
11365,66671.0
11366,58282.0
11367,10420.0
11368,4439.0
11369,7646.0
11370,20760.0
11371,48795.0
11372,5727.0
11373,2464.0
11374,5041.0
11375,5037.0
11376,4704.0
11377,51057.0
11378,63362.0
11379,1998.0
11380,5881.0
11381,16272.0
11382,4106.0
11383,2477.0
11384,5238.0
11385,5823.0
11386,6799.0
11387,10578.0
11388,14364.0
11389,1604.0
11390,2150.0
11391,4403.0
11392,57405.0
11393,8118.0
11394,3569.0
11395,43910.0
11396,12166.0
11397,7489.0
11398,15134.0
11399,45805.0
11400,78550.0
11401,5949.0
11402,93579.0
11403,8790.0
11404,5103.0
11405,56081.0
11406,67004.0
11407,6450.0
11408,49725.0
11409,51345.0
11410,6031.0
11411,6461.0
11412,60978.0
11413,22152.0
11414,36712.0
11415,2056.0
11416,15336.0
11417,3450.0
11418,9178.0
11419,9064.0
11420,5955.0
11421,3797.0
11422,56590.0
11423,44144.0
11424,43910.0
11425,62729.0
11426,72201.0
11427,8043.0
11428,2201.0
11429,5178.0
11430,69168.0
11431,5177.0
11432,6032.0
11433,6741.0
11434,11763.0
11435,56546.0
11436,7352.0
11437,3622.0
11438,3989.0
11439,39321.0
11440,3619.0
11441,4637.0
11442,12385.0
11443,67769.0
11444,4500.0
11445,4979.0
11446,60978.0
11447,2022.0
11448,3654.0
11449,42212.0
11450,7004.0
11451,3361.0
11452,54841.0
11453,2836.0
11454,5949.0
11455,1890.0
11456,10248.0
11457,54684.0
11458,50361.0
11459,58212.0
11460,4893.0
11461,3393.0
11462,47395.0
11463,6488.0
11464,5810.0
11465,4126.0
11466,60260.0
11467,45257.0
11468,56590.0
11469,7212.0
11470,68303.0
11471,8705.0
11472,2836.0
11473,3980.0
11474,3467.0
11475,2091.0
11476,6404.0
11477,42212.0
11478,5953.0
11479,32859.0
11480,7639.0
11481,61933.0
11482,10019.0
11483,60260.0
11484,10983.0
11485,5942.0
11486,16613.0
11487,8118.0
11488,6296.0
11489,10744.0
11490,10849.0
11491,4170.0
11492,11508.0
11493,5954.0
11494,5322.0
11495,5441.0
11496,6133.0
11497,32923.0
11498,4246.0
11499,14028.0
11500,45600.0
11501,69168.0
11502,62729.0
11503,3996.0
11504,22140.0
11505,4658.0
11506,49613.0
11507,66928.0
11508,53645.0
11509,2410.0
11510,56476.0
11511,10093.0
11512,6287.0
11513,2339.0
11514,17103.0
11515,84464.0
11516,51345.0
11517,19194.0
11518,12454.0
11519,4498.0
11520,16519.0
11521,9879.0
11522,2050.0
11523,6752.0
11524,3745.0
11525,4671.0
11526,4612.0
11527,55377.0
11528,55377.0
11529,6296.0
11530,7125.0
11531,5483.0
11532,75803.0
11533,1443.0
11534,60160.0
11535,5322.0
11536,49725.0
11537,57081.0
11538,11319.0
11539,5610.0
11540,32923.0
11541,2624.0
11542,13524.0
11543,12408.0
11544,3393.0
11545,5943.0
11546,44144.0
11547,4413.0
11548,4502.0
11549,3153.0
11550,60508.0
11551,10578.0
11552,50271.0
11553,60555.0
11554,43910.0
11555,59332.0
11556,10604.0
11557,7287.0
11558,5177.0
11559,31982.0
11560,13419.0
11561,13083.0
11562,5195.0
11563,3999.0
11564,5230.0
11565,11520.0
11566,6290.0
11567,3000.0
11568,47408.0
11569,8246.0
11570,6885.0
11571,6075.0
11572,13812.5
11573,11205.0
11574,24908.0
11575,11497.0
11576,12138.0
11577,3015.0
11578,44144.0
11579,7488.0
11580,5232.0
11581,5850.0
11582,12150.0
11583,49613.0
11584,50271.0
11585,9891.0
11586,2723.0
11587,4496.0
11588,6122.0
11589,4672.0
11590,4792.0
11591,3496.0
11592,39499.0
11593,3334.0
11594,54608.0
11595,6095.0
11596,3282.0
11597,27864.0
11598,4209.0
11599,55983.0
11600,3234.0
11601,51457.0
11602,5955.0
11603,3916.0
11604,2124.0
11605,4971.0
11606,5303.0
11607,51707.0
11608,4556.0
11609,2737.0
11610,5557.0
11611,53209.0
11612,17922.0
11613,4923.0
11614,67004.0
11615,69739.0
11616,4357.0
11617,22140.0
11618,13818.0
11619,5818.0
11620,6170.0
11621,6437.0
11622,3845.0
11623,4416.0
11624,5669.0
11625,34472.0
11626,5220.0
11627,62748.0
11628,47657.0
11629,2051.0
11630,14094.0
11631,6324.0
11632,13588.0
11633,2124.0
11634,5227.0
11635,4348.0
11636,8705.0
11637,2124.0
11638,5152.0
11639,11928.0
11640,4416.0
11641,48851.0
11642,14839.0
11643,87060.0
11644,10318.0
11645,6734.0
11646,5178.0
11647,53164.0
11648,2410.0
11649,55983.0
11650,4658.0
11651,6489.0
11652,5104.0
11653,4768.0
11654,4229.0
11655,5246.0
11656,7950.0
11657,56588.0
11658,11987.0
11659,60260.0
11660,45995.0
11661,53645.0
11662,6395.0
11663,6290.0
11664,69459.0
11665,1776.0
11666,2339.0
11667,3379.0
11668,7742.0
11669,3288.0
11670,10058.0
11671,25000.0
11672,7813.0
11673,4439.0
11674,3734.0
11675,5955.0
11676,60508.0
11677,2480.0
11678,9940.0
11679,12123.0
11680,1788.0
11681,7412.0
11682,4111.0
11683,56588.0
11684,10217.0
11685,4099.0
11686,7958.0
11687,3594.0
11688,51817.0
11689,12033.0
11690,56590.0
11691,4294.0
11692,60978.0
11693,7352.0
11694,54896.0
11695,13095.0
11696,5955.0
11697,5040.0
11698,52063.0
11699,13758.0
11700,5227.0
11701,67769.0
11702,3346.0
11703,2124.0
11704,35554.0
11705,4496.0
11706,39736.0
11707,4827.0
11708,2111.0
11709,16076.0
11710,7021.0
11711,4086.0
11712,42457.0
11713,7774.0
11714,44583.0
11715,55983.0
11716,41314.0
11717,10680.0
11718,7954.0
11719,6607.0
11720,4387.0
11721,64285.0
11722,5688.0
11723,72065.0
11724,45883.0
11725,90157.0
11726,87872.0
11727,3916.0
11728,4968.0
11729,4827.0
11730,61404.0
11731,2124.0
11732,51817.0
11733,11069.0
11734,11129.0
11735,7484.0
11736,52287.0
11737,51817.0
11738,12518.0
11739,5176.0
11740,60232.0
11741,68507.0
11742,4687.0
11743,51058.0
11744,6262.0
11745,9697.0
11746,60396.0
11747,7575.0
11748,4909.0
11749,37846.0
11750,6450.0
11751,7490.0
11752,71117.0
11753,42457.0
11754,7081.0
11755,4056.0
11756,11567.0
11757,63889.0
11758,3621.0
11759,3498.0
11760,7958.0
11761,5800.0
11762,12474.0
11763,11319.0
11764,5969.0
11765,4230.0
11766,7572.0
11767,4294.0
11768,4348.0
11769,5177.0
11770,4454.0
11771,34944.0
11772,3918.0
11773,44280.0
11774,29094.0
11775,7387.0
11776,44610.0
11777,77889.0
11778,2960.0
11779,2098.0
11780,12632.0
11781,5894.0
11782,7411.0
11783,7425.0
11784,5888.0
11785,4152.0
11786,6989.0
11787,9840.0
11788,3389.0
11789,39948.0
11790,6437.0
11791,7412.0
11792,7488.0
11793,5955.0
11794,5403.0
11795,6128.0
11796,11307.0
11797,5942.0
11798,5744.0
11799,4979.0
11800,2480.0
11801,54684.0
11802,4556.0
11803,70323.0
11804,11691.0
11805,69265.0
11806,3269.0
11807,7584.0
11808,5939.0
11809,2603.0
11810,4500.0
11811,4604.0
11812,7529.0
11813,5942.0
11814,5755.0
11815,42312.0
11816,20786.0
11817,51707.0
11818,5174.0
11819,6450.0
11820,5896.0
11821,7240.0
11822,7135.0
11823,28510.0
11824,54684.0
11825,3236.0
11826,50271.0
11827,4969.0
11828,12990.0
11829,4099.0
11830,24056.0
11831,56476.0
11832,7575.0
11833,2050.0
11834,5523.0
11835,37985.0
11836,13524.0
11837,1830.0
11838,2436.0
11839,5949.0
11840,49725.0
11841,5949.0
11842,13937.0
11843,4827.0
11844,47545.0
11845,5937.0
11846,69515.0
11847,3971.0
11848,3977.0
11849,5507.0
11850,4784.0
11851,29992.0
11852,55502.0
11853,1830.0
11854,4033.0
11855,6745.0
11856,12990.0
11857,4439.0
11858,56588.0
11859,27792.0
11860,10123.0
11861,63804.0
11862,9178.0
11863,61933.0
11864,6568.0
11865,3354.0
11866,6840.0
11867,3843.0
11868,6821.0
11869,3649.0
11870,74365.0
11871,9578.0
11872,10954.0
11873,11409.0
11874,66063.0
11875,6488.0
11876,5823.0
11877,11069.0
11878,4613.0
11879,4272.0
11880,45883.0
11881,8988.0
11882,29980.0
11883,12408.0
11884,51372.0
11885,4729.0
11886,3010.0
11887,83952.0
11888,3631.0
11889,2336.0
11890,1443.0
11891,45883.0
11892,53743.0
11893,7584.0
11894,4385.0
11895,52175.0
11896,61212.0
11897,41064.0
11898,4363.0
11899,40843.0
11900,7480.0
11901,7135.0
11902,4387.0
11903,60260.0
11904,6133.0
11905,7425.0
11906,5733.0
11907,10680.0
11908,2410.0
11909,3551.0
11910,4001.0
11911,2056.0
11912,11786.0
11913,8853.0
11914,2080.0
11915,14784.0
11916,1776.0
11917,32923.0
11918,4776.0
11919,2124.0
11920,6275.0
11921,4751.0
11922,5089.0
11923,3607.0
11924,49613.0
11925,6015.0
11926,7689.0
11927,8357.0
11928,10052.0
11929,61583.0
11930,6489.0
11931,57393.0
11932,5485.0
11933,60260.0
11934,7774.0
11935,3720.0
11936,49207.0
11937,5166.0
11938,51457.0
11939,3980.0
11940,41064.0
11941,60568.0
11942,12978.0
11943,7212.0
11944,56588.0
11945,53164.0
11946,2339.0
11947,5761.0
11948,13830.0
11949,8619.0
11950,28872.0
11951,2655.0
11952,55983.0
11953,64173.0
11954,3946.0
11955,3381.0
11956,52063.0
11957,6510.0
11958,4387.0
11959,5888.0
11960,9855.0
11961,6186.0
11962,64285.0
11963,32859.0
11964,8111.0
11965,14014.0
11966,2124.0
11967,42457.0
11968,41314.0
11969,5761.0
11970,61023.0
11971,11323.0
11972,9277.0
11973,63816.0
11974,5232.0
11975,1776.0
11976,11508.0
11977,12054.0
11978,39499.0
11979,4832.0
11980,2480.0
11981,7762.0
11982,2098.0
11983,14988.0
11984,45883.0
11985,54841.0
11986,2201.0
11987,57405.0
11988,6489.0
11989,60260.0
11990,4881.0
11991,8869.0
11992,5102.0
11993,64285.0
11994,11319.0
11995,8536.0
11996,42457.0
11997,4387.0
11998,44280.0
11999,9971.0
12000,36546.0
12001,82553.0
12002,4827.0
12003,6450.0
12004,11783.0
12005,4417.0
12006,7424.0
12007,5656.0
12008,6122.0
12009,3090.0
12010,5610.0
12011,69244.0
12012,5817.0
12013,4656.0
12014,52522.0
12015,28510.0
12016,4500.0
12017,31982.0
12018,7488.0
12019,38099.0
12020,25993.0
12021,4977.0
12022,41113.0
12023,3346.0
12024,5227.0
12025,2150.0
12026,2080.0
12027,61201.0
12028,2836.0
12029,66928.0
12030,64113.0
12031,5372.0
12032,40447.0
12033,19920.0
12034,58394.0
12035,66063.0
12036,4620.0
12037,44405.0
12038,4284.0
12039,4651.0
12040,60978.0
12041,36577.0
12042,56588.0
12043,2080.0
12044,64700.0
12045,56590.0
12046,39499.0
12047,6634.0
12048,5042.0
12049,60508.0
12050,4416.0
12051,4357.0
12052,4496.0
12053,19428.0
12054,5177.0
12055,1890.0
12056,1714.0
12057,5539.0
12058,6219.0
12059,4452.0
12060,2621.0
12061,8130.0
12062,5569.0
12063,6488.0
12064,2074.0
12065,3831.0
12066,54684.0
12067,5605.0
12068,4979.0
12069,54777.0
12070,13200.0
12071,6841.0
12072,54608.0
12073,3940.0
12074,9141.0
12075,4499.0
12076,22029.0
12077,4649.0
12078,39321.0
12079,56702.0
12080,4415.0
12081,7479.0
12082,3569.0
12083,11205.0
12084,44280.0
12085,3831.0
12086,75016.0
12087,5954.0
12088,5949.0
12089,3860.0
12090,63277.0
12091,7193.0
12092,56273.0
12093,2098.0
12094,60508.0
12095,6195.0
12096,7487.0
12097,55983.0
12098,56588.0
12099,5322.0
12100,4781.0
12101,37985.0
12102,6131.0
12103,61583.0
12104,12605.0
12105,64113.0
12106,6195.0
12107,54777.0
12108,36565.0
12109,4028.0
12110,11068.0
12111,1924.0
12112,10895.0
12113,70088.0
12114,15510.0
12115,11429.0
12116,6753.0
12117,6179.0
12118,77889.0
12119,3330.0
12120,9105.0
12121,58282.0
12122,6287.0
12123,2737.0
12124,4500.0
12125,3936.0
12126,4658.0
12127,9840.0
12128,3572.0
12129,56590.0
12130,4148.0
12131,11675.0
12132,51345.0
12133,3096.0
12134,8111.0
12135,1551.0
12136,6171.0
12137,4977.0
12138,5955.0
12139,5955.0
12140,6347.0
12141,5499.0
12142,74441.0
12143,14962.0
12144,4367.0
12145,76143.0
12146,15761.0
12147,5098.0
12148,62448.0
12149,6395.0
12150,22473.0
12151,9000.0
12152,9735.0
12153,3253.0
12154,7950.0
12155,5120.0
12156,6109.0
12157,4071.0
12158,4663.0
12159,11129.0
12160,3862.0
12161,10822.0
12162,45693.0
12163,2359.0
12164,68415.0
12165,4202.0
12166,5910.0
12167,6448.0
12168,3223.0
12169,11310.0
12170,2994.0
12171,5465.0
12172,14364.0
12173,5234.0
12174,41113.0
12175,45693.0
12176,9298.0
12177,54684.0
12178,11129.0
12179,5135.0
12180,54608.0
12181,11843.0
12182,35554.0
12183,4658.0
12184,49613.0
12185,45693.0
12186,60508.0
12187,67004.0
12188,4674.0
12189,12276.0
12190,3357.0
12191,9536.0
12192,1654.0
12193,5421.0
12194,4979.0
12195,6020.0
12196,3957.0
12197,3961.0
12198,44322.0
12199,5060.0
12200,41314.0
12201,42457.0
12202,6311.0
12203,19857.0
12204,24234.0
12205,58125.0
12206,10142.0
12207,54841.0
12208,5380.0
12209,6450.0
12210,23838.0
12211,57992.0
12212,6977.0
12213,59021.0
12214,11448.0
12215,53645.0
12216,60396.0
12217,4359.0
12218,51707.0
12219,6568.0
12220,5603.0
12221,13711.0
12222,13840.0
12223,12990.0
12224,5502.0
12225,47395.0
12226,9178.0
12227,7484.0
12228,7958.0
12229,3014.0
12230,7353.0
12231,15014.0
12232,2994.0
12233,2737.0
12234,9884.0
12235,2361.0
12236,4589.0
12237,7045.5
12238,31756.0
12239,57868.0
12240,11307.0
12241,5806.0
12242,64173.0
12243,66928.0
12244,5026.0
12245,52175.0
12246,13023.0
12247,55983.0
12248,5954.0
12249,2124.0
12250,5949.0
12251,3862.0
12252,6067.0
12253,42521.0
12254,41113.0
12255,4663.0
12256,6350.0
12257,6711.0
12258,3324.0
12259,14775.0
12260,32646.0
12261,6395.0
12262,1830.0
12263,3860.0
12264,8111.0
12265,4768.0
12266,4896.0
12267,53743.0
12268,67769.0
12269,53440.0
12270,7352.0
12271,5227.0
12272,55750.0
12273,6568.0
12274,4502.0
12275,51817.0
12276,67473.0
12277,10503.0
12278,6314.0
12279,4969.0
12280,9798.0
12281,2276.0
12282,2901.0
12283,61049.0
12284,9735.0
12285,9697.0
12286,6437.0
12287,19014.0
12288,7927.0
12289,55377.0
12290,5924.0
12291,9105.0
12292,49725.0
12293,4417.0
12294,59033.0
12295,5066.0
12296,69244.0
12297,9730.0
12298,12150.0
12299,69168.0
12300,3357.0
12301,44280.0
12302,3980.0
12303,74844.0
12304,3234.0
12305,4151.0
12306,5494.5
12307,5156.0
12308,2621.0
12309,35520.0
12310,51457.0
12311,5954.0
12312,4818.0
12313,15543.0
12314,57992.0
12315,42457.0
12316,6841.0
12317,6740.0
12318,45995.0
12319,15942.0
12320,43910.0
12321,3926.0
12322,3505.0
12323,4873.0
12324,44144.0
12325,8906.0
12326,7466.0
12327,22152.0
12328,6450.0
12329,9493.0
12330,20684.0
12331,45693.0
12332,21335.0
12333,11520.0
12334,10427.0
12335,16286.0
12336,4001.0
12337,51405.0
12338,2201.0
12339,4971.0
12340,2409.0
12341,2074.0
12342,5177.0
12343,4933.0
12344,3993.0
12345,10783.0
12346,5040.0
12347,6710.0
12348,4789.0
12349,45693.0
12350,70600.0
12351,10680.0
12352,8722.0
12353,12836.0
12354,5178.0
12355,74127.0
12356,44144.0
12357,5622.0
12358,42457.0
12359,10428.0
12360,42521.0
12361,1890.0
12362,4313.0
12363,4230.0
12364,54608.0
12365,50271.0
12366,3957.0
12367,4337.0
12368,44704.0
12369,13524.0
12370,47395.0
12371,3961.0
12372,3090.0
12373,52586.0
12374,5605.0
12375,49553.0
12376,6489.0
12377,10164.0
12378,20760.0
12379,4417.0
12380,2339.0
12381,8012.0
12382,66155.0
12383,46097.0
12384,3999.0
12385,4857.0
12386,4357.0
12387,22729.0
12388,5639.0
12389,60260.0
12390,64729.0
12391,12033.0
12392,4593.0
12393,10837.5
12394,5800.0
12395,3184.0
12396,44144.0
12397,3862.0
12398,8622.0
12399,5892.0
12400,50297.0
12401,6015.0
12402,3201.0
12403,4349.0
12404,2124.0
12405,64025.0
12406,5103.0
12407,11829.0
12408,76684.0
12409,4499.0
12410,41064.0
12411,13079.0
12412,6196.0
12413,3988.0
12414,6679.0
12415,6458.0
12416,8752.0
12417,11207.0
12418,3330.0
12419,4007.0
12420,6461.0
12421,11069.0
12422,6568.0
12423,45371.0
12424,42521.0
12425,60260.0
12426,55983.0
12427,7412.0
12428,6450.0
12429,5888.0
12430,3916.0
12431,2410.0
12432,10425.0
12433,2051.0
12434,7927.0
12435,4629.0
12436,51707.0
12437,6962.0
12438,51707.0
12439,32770.0
12440,2836.0
12441,3048.0
12442,14977.0
12443,3689.0
12444,41281.0
12445,5871.0
12446,75485.0
12447,53937.0
12448,6220.0
12449,10335.0
12450,3911.0
12451,6262.0
12452,5330.0
12453,11589.0
12454,12454.0
12455,14061.0
12456,10222.0
12457,12318.0
12458,3716.0
12459,7353.0
12460,74365.0
12461,58111.0
12462,12317.0
12463,5339.0
12464,12408.0
12465,2098.0
12466,60260.0
12467,45693.0
12468,60396.0
12469,45995.0
12470,62045.0
12471,56476.0
12472,55502.0
12473,39499.0
12474,6489.0
12475,60260.0
12476,4200.0
12477,41269.0
12478,7119.0
12479,57992.0
12480,11247.0
12481,31622.0
12482,14349.0
12483,5916.0
12484,12266.0
12485,12465.0
12486,72065.0
12487,11310.0
12488,13233.0
12489,9175.0
12490,52175.0
12491,2723.0
12492,8641.0
12493,2489.0
12494,7575.0
12495,4020.0
12496,13773.0
12497,9745.0
12498,1543.0
12499,7344.0
12500,4496.0
12501,4505.0
12502,10680.0
12503,7076.0
12504,7958.0
12505,49725.0
12506,73231.0
12507,4784.0
12508,5817.0
12509,3916.0
12510,11129.0
12511,5430.0
12512,11205.0
12513,4357.0
12514,6821.0
12515,6307.0
12516,4731.0
12517,7487.0
12518,6321.0
12519,14554.5
12520,2409.0
12521,17240.0
12522,3834.0
12523,4755.0
12524,3471.0
12525,7206.0
12526,58125.0
12527,18875.0
12528,44144.0
12529,2410.0
12530,4827.0
12531,4496.0
12532,5289.0
12533,7488.0
12534,23898.0
12535,20684.0
12536,10608.0
12537,73369.0
12538,4697.0
12539,62524.0
12540,58864.0
12541,5314.0
12542,41269.0
12543,4211.0
12544,8816.0
12545,6158.0
12546,37985.0
12547,5177.0
12548,6122.0
12549,58750.0
12550,10164.0
12551,9758.0
12552,3336.0
12553,67809.0
12554,24443.0
12555,62524.0
12556,64831.0
12557,18849.0
12558,3129.0
12559,63579.0
12560,1776.0
12561,51707.0
12562,6568.0
12563,49613.0
12564,7489.0
12565,2203.0
12566,5964.0
12567,6374.0
12568,12360.0
12569,4357.0
12570,11479.0
12571,3100.0
12572,4702.0
12573,8029.0
12574,54896.0
12575,4792.0
12576,8111.0
12577,4454.0
12578,3846.0
12579,4732.0
12580,55377.0
12581,1998.0
12582,6048.5
12583,6695.0
12584,57393.0
12585,64285.0
12586,36712.0
12587,9201.0
12588,3393.0
12589,49553.0
12590,11940.0
12591,8423.0
12592,5042.0
12593,50957.0
12594,51457.0
12595,59189.0
12596,15097.0
12597,4363.0
12598,4363.0
12599,45033.0
12600,37985.0
12601,54684.0
12602,4971.0
12603,3247.0
12604,53645.0
12605,11675.0
12606,58125.0
12607,49613.0
12608,5286.0
12609,3729.0
12610,42457.0
12611,5943.0
12612,17604.0
12613,4416.0
12614,4121.0
12615,57565.0
12616,39499.0
12617,53152.0
12618,47205.0
12619,16276.0
12620,6437.0
12621,6389.0
12622,10680.0
12623,11120.0
12624,45185.0
12625,6458.0
12626,93417.0
12627,10542.0
12628,2201.0
12629,7412.0
12630,4233.0
12631,60396.0
12632,9719.0
12633,10783.0
12634,53499.0
12635,3980.0
12636,42746.0
12637,7141.0
12638,6049.0
12639,45156.0
12640,6489.0
12641,3979.0
12642,9840.0
12643,23944.0
12644,2091.0
12645,21504.0
12646,6590.0
12647,7069.0
12648,56588.0
12649,8251.0
12650,12045.0
12651,5622.0
12652,3980.0
12653,9587.0
12654,3150.0
12655,2901.0
12656,5441.0
12657,2836.0
12658,3330.0
12659,6390.0
12660,16665.0
12661,6200.0
12662,54481.0
12663,12033.0
12664,6207.0
12665,6195.0
12666,12356.0
12667,4416.0
12668,1776.0
12669,52392.0
12670,9810.0
12671,55502.0
12672,4294.0
12673,29764.0
12674,49725.0
12675,10425.0
12676,3754.0
12677,5324.0
12678,2050.0
12679,4338.0
12680,4555.0
12681,4138.0
12682,78240.0
12683,9277.0
12684,27976.0
12685,5623.0
12686,1998.0
12687,69168.0
12688,6564.0
12689,5127.0
12690,20760.0
12691,4007.0
12692,55983.0
12693,3436.0
12694,5499.0
12695,54684.0
12696,51595.0
12697,11069.0
12698,8246.0
12699,4780.0
12700,1755.0
12701,9904.0
12702,39499.0
12703,4348.0
12704,14348.666666666666
12705,5441.0
12706,6271.0
12707,7207.0
12708,2896.0
12709,2476.0
12710,49613.0
12711,49553.0
12712,3543.0
12713,47205.0
12714,4796.0
12715,20360.0
12716,7895.0
12717,2815.0
12718,3090.0
12719,53937.0
12720,2835.0
12721,2309.0
12722,2723.0
12723,4111.0
12724,70431.0
12725,5761.0
12726,54777.0
12727,9879.0
12728,5943.0
12729,4439.0
12730,42724.0
12731,12771.0
12732,3466.0
12733,2968.0
12734,56588.0
12735,3998.0
12736,5761.0
12737,5685.0
12738,3855.0
12739,6461.0
12740,29170.0
12741,8490.0
12742,4453.0
12743,5595.0
12744,55377.0
12745,9332.0
12746,5606.0
12747,18798.0
12748,2700.0
12749,5805.0
12750,62045.0
12751,10400.0
12752,69825.0
12753,6461.0
12754,7325.0
12755,2339.0
12756,4056.0
12757,53164.0
12758,4452.0
12759,22140.0
12760,50271.0
12761,9840.0
12762,6177.0
12763,2276.0
12764,3999.0
12765,7425.0
12766,5590.0
12767,52175.0
12768,7241.0
12769,5227.0
12770,11783.0
12771,55347.0
12772,55502.0
12773,12150.0
12774,3862.0
12775,12348.0
12776,7489.0
12777,5696.0
12778,80566.0
12779,59254.0
12780,4502.0
12781,7749.0
12782,6296.0
12783,3998.0
12784,6568.0
12785,48079.0
12786,12214.0
12787,11448.0
12788,4498.0
12789,6268.0
12790,5954.0
12791,4173.0
12792,3999.0
12793,8568.0
12794,72125.0
12795,4020.0
12796,4979.0
12797,3774.0
12798,3654.0
12799,5960.0
12800,6461.0
12801,37929.0
12802,6195.0
12803,2410.0
12804,49725.0
12805,4564.0
12806,2301.0
12807,5942.0
12808,54841.0
12809,3105.0
12810,49725.0
12811,14524.0
12812,58315.0
12813,55983.0
12814,6369.0
12815,38099.0
12816,5177.0
12817,3996.0
12818,6200.0
12819,6568.0
12820,52175.0
12821,6564.0
12822,1443.0
12823,11400.0
12824,1998.0
12825,3000.0
12826,7489.0
12827,9778.0
12828,4028.0
12829,10768.0
12830,3709.0
12831,4452.0
12832,5955.0
12833,13014.0
12834,67004.0
12835,8816.0
12836,9587.0
12837,49553.0
12838,6489.0
12839,4452.0
12840,2343.0
12841,9534.0
12842,5276.0
12843,6032.0
12844,14954.0
12845,6122.0
12846,11853.0
12847,32062.0
12848,4923.0
12849,5015.0
12850,3918.0
12851,7408.0
12852,7767.0
12853,6318.0
12854,13107.0
12855,47395.0
12856,3959.0
12857,9723.0
12858,4589.0
12859,55136.5
12860,10202.0
12861,14154.0
12862,5323.0
12863,37658.0
12864,6488.0
12865,4327.0
12866,15058.0
12867,5943.0
12868,49177.0
12869,6048.0
12870,52175.0
12871,61873.0
12872,7592.0
12873,2480.0
12874,4452.0
12875,6122.0
12876,60160.0
12877,4789.0
12878,6450.0
12879,24056.0
12880,4589.0
12881,5955.0
12882,4896.0
12883,82553.0
12884,8844.0
12885,6076.0
12886,74844.0
12887,58125.0
12888,52287.0
12889,41064.0
12890,9278.0
12891,54115.0
12892,5219.0
12893,11129.0
12894,49725.0
12895,5881.0
12896,6133.0
12897,69713.0
12898,60160.0
12899,53209.0
12900,60978.0
12901,4213.0
12902,60260.0
12903,2339.0
12904,8832.0
12905,6030.0
12906,3916.0
12907,5281.0
12908,4556.0
12909,53499.0
12910,4230.0
12911,60396.0
12912,4390.0
12913,65872.0
12914,71428.0
12915,4139.0
12916,4158.0
12917,1776.0
12918,5955.0
12919,69168.0
12920,3401.5
12921,45883.0
12922,5104.0
12923,56588.0
12924,53164.0
12925,51817.0
12926,5293.0
12927,3980.0
12928,5126.0
12929,53152.0
12930,7833.0
12931,4792.0
12932,55983.0
12933,45257.0
12934,51372.0
12935,2526.0
12936,37929.0
12937,5685.0
12938,45805.0
12939,60978.0
12940,51875.0
12941,6122.0
12942,5823.0
12943,6339.0
12944,45230.0
12945,3571.0
12946,50969.0
12947,80566.0
12948,42457.0
12949,4266.0
12950,3811.0
12951,55983.0
12952,6461.0
12953,19077.0
12954,58562.0
12955,61874.0
12956,9153.0
12957,16232.0
12958,13524.0
12959,4327.0
12960,5322.0
12961,4755.0
12962,57057.0
12963,56476.0
12964,54684.0
12965,45883.0
12966,44144.0
12967,7423.0
12968,5664.0
12969,16835.0
12970,66928.0
12971,10425.0
12972,14620.0
12973,51875.0
12974,3282.0
12975,54841.0
12976,4784.0
12977,13954.0
12978,7425.0
12979,41314.0
12980,13524.0
12981,2124.0
12982,5805.0
12983,55983.0
12984,7338.0
12985,9861.0
12986,2050.0
12987,9735.0
12988,4229.0
12989,45883.0
12990,4788.0
12991,6352.0
12992,4499.0
12993,60555.0
12994,6437.0
12995,7613.0
12996,53164.0
12997,3554.0
12998,8112.0
12999,13182.0
13000,5632.0
13001,45185.0
13002,5690.0
13003,6611.0
13004,7021.0
13005,2361.0
13006,9904.0
13007,4536.0
13008,60232.0
13009,4979.0
13010,31436.0
13011,3282.0
13012,7017.0
13013,1551.0
13014,6067.0
13015,4316.0
13016,7572.0
13017,7425.0
13018,4357.0
13019,53209.0
13020,54684.0
13021,62448.0
13022,6067.0
13023,2410.0
13024,12524.0
13025,3729.0
13026,52063.0
13027,5102.0
13028,10838.0
13029,5949.0
13030,3988.0
13031,10135.0
13032,49553.0
13033,64890.0
13034,5037.0
13035,56476.0
13036,73369.0
13037,5441.0
13038,62045.0
13039,4028.0
13040,11545.0
13041,78550.0
13042,2750.0
13043,4417.0
13044,2410.0
13045,62045.0
13046,11214.0
13047,12013.0
13048,56590.0
13049,32923.0
13050,15123.0
13051,4048.0
13052,5357.0
13053,4792.0
13054,49553.0
13055,8111.0
13056,4028.0
13057,4977.0
13058,4294.0
13059,12243.0
13060,5052.0
13061,4788.0
13062,2737.0
13063,5037.0
13064,1788.0
13065,10159.0
13066,54684.0
13067,49553.0
13068,1694.0
13069,9775.0
13070,6594.0
13071,7958.0
13072,62591.0
13073,3971.0
13074,6450.0
13075,13014.0
13076,2150.0
13077,12990.0
13078,39321.0
13079,41064.0
13080,69713.0
13081,5041.0
13082,71056.0
13083,4233.0
13084,68505.0
13085,1998.0
13086,8578.0
13087,60978.0
13088,12474.0
13089,64285.0
13090,14052.0
13091,45185.0
13092,5942.0
13093,6133.0
13094,39321.0
13095,4049.0
13096,6663.0
13097,60260.0
13098,5610.0
13099,3457.0
13100,28510.0
13101,64113.0
13102,45230.0
13103,12572.0
13104,4233.0
13105,5954.0
13106,11409.0
13107,60701.0
13108,27792.0
13109,49725.0
13110,6060.0
13111,64801.0
13112,1890.0
13113,7763.0
13114,57596.0
13115,49613.0
13116,8535.0
13117,8148.0
13118,30092.0
13119,49613.0
13120,5322.0
13121,5179.0
13122,3720.0
13123,13294.0
13124,66928.0
13125,53164.0
13126,98912.0
13127,7412.0
13128,66155.0
13129,4294.0
13130,38099.0
13131,54684.0
13132,7366.0
13133,53164.0
13134,2201.0
13135,14259.0
13136,80985.0
13137,4111.0
13138,5563.0
13139,14763.0
13140,3860.0
13141,41269.0
13142,41314.0
13143,4547.0
13144,5413.0
13145,5523.0
13146,6568.0
13147,9840.0
13148,54608.0
13149,4637.0
13150,5507.0
13151,11730.0
13152,50271.0
13153,8345.0
13154,69885.0
13155,2124.0
13156,64173.0
13157,6389.0
13158,5177.0
13159,39321.0
13160,5441.0
13161,11310.0
13162,7021.0
13163,4363.0
13164,3105.0
13165,54841.0
13166,6262.0
13167,4500.0
13168,4827.0
13169,12406.0
13170,11129.0
13171,5328.0
13172,4390.0
13173,55983.0
13174,51697.0
13175,58282.0
13176,7081.0
13177,41113.0
13178,60508.0
13179,64890.0
13180,5902.0
13181,9840.0
13182,3528.0
13183,72125.0
13184,5960.0
13185,4165.0
13186,10680.0
13187,3334.0
13188,3726.0
13189,6985.0
13190,5507.0
13191,3570.0
13192,6450.0
13193,4294.0
13194,68507.0
13195,3093.0
13196,4506.0
13197,21063.0
13198,74365.0
13199,34472.0
13200,13446.0
13201,2343.0
13202,2350.0
13203,9671.0
13204,56702.0
13205,4417.0
13206,11319.0
13207,4589.0
13208,4354.0
13209,60365.0
13210,5322.0
13211,2150.0
13212,27792.0
13213,3361.0
13214,4979.0
13215,4294.0
13216,5610.0
13217,54684.0
13218,3279.0
13219,3020.0
13220,27864.0
13221,43811.0
13222,4348.0
13223,48851.0
13224,57689.0
13225,2966.0
13226,11129.0
13227,3951.0
13228,5720.0
13229,32923.0
13230,65944.0
13231,52063.0
13232,9383.0
13233,4020.0
13234,1443.0
13235,8112.0
13236,6017.0
13237,10668.0
13238,4165.0
13239,4071.0
13240,2200.0
13241,4054.0
13242,5817.0
13243,16210.0
13244,5660.0
13245,23898.0
13246,39622.0
13247,6914.0
13248,34792.0
13249,49553.0
13250,37985.0
13251,22152.0
13252,64285.0
13253,60555.0
13254,3357.0
13255,5989.0
13256,12474.0
13257,9377.0
13258,6657.0
13259,4230.0
13260,7167.0
13261,2050.0
13262,48213.0
13263,6461.0
13264,2074.0
13265,5880.0
13266,2150.0
13267,5549.0
13268,5060.0
13269,53164.0
13270,12138.0
13271,61583.0
13272,5894.0
13273,6488.0
13274,56476.0
13275,8719.0
13276,3184.0
13277,7078.0
13278,5939.0
13279,3971.0
13280,6395.0
13281,53743.0
13282,5325.0
13283,2480.0
13284,2080.0
13285,47586.0
13286,6032.0
13287,53743.0
13288,2737.0
13289,5102.0
13290,2074.0
13291,7425.0
13292,5398.0
13293,2343.0
13294,10604.0
13295,4393.0
13296,54841.0
13297,6461.0
13298,60508.0
13299,39499.0
13300,10073.0
13301,12978.0
13302,6450.0
13303,6568.0
13304,1998.0
13305,11520.0
13306,29656.0
13307,8885.0
13308,3674.0
13309,54896.0
13310,2105.0
13311,9201.0
13312,6068.0
13313,4020.0
13314,4048.0
13315,5134.0
13316,2339.0
13317,6461.0
13318,5955.0
13319,57017.0
13320,11269.0
13321,45185.0
13322,6450.0
13323,14624.0
13324,1890.0
13325,55983.0
13326,79954.0
13327,9798.0
13328,8988.0
13329,5102.0
13330,5523.0
13331,44280.0
13332,54481.0
13333,4007.0
13334,55983.0
13335,14014.0
13336,4272.0
13337,66155.0
13338,5883.0
13339,47205.0
13340,17306.0
13341,5949.0
13342,2516.0
13343,2228.0
13344,8111.0
13345,6450.0
13346,54684.0
13347,54608.0
13348,62255.0
13349,52287.0
13350,4683.0
13351,6032.0
13352,3496.0
13353,4000.0
13354,54896.0
13355,12538.0
13356,4030.0
13357,51457.0
13358,4671.0
13359,47545.0
13360,4755.0
13361,9945.0
13362,5955.0
13363,6293.0
13364,67153.0
13365,34472.0
13366,72268.0
13367,6450.0
13368,51707.0
13369,73369.0
13370,7220.0
13371,6271.0
13372,22683.0
13373,2874.0
13374,3000.0
13375,3961.0
13376,41269.0
13377,5704.0
13378,14880.0
13379,7212.0
13380,49613.0
13381,15250.0
13382,60232.0
13383,43711.0
13384,4028.0
13385,63277.0
13386,5937.0
13387,4111.0
13388,5098.0
13389,39321.0
13390,5817.0
13391,62188.0
13392,14343.0
13393,2124.0
13394,2276.0
13395,17860.0
13396,7958.0
13397,5107.0
13398,55983.0
13399,2203.0
13400,6080.0
13401,3014.0
13402,4758.0
13403,62169.0
13404,60260.0
13405,6009.0
13406,7053.0
13407,5761.0
13408,41269.0
13409,10324.0
13410,49177.0
13411,5565.0
13412,50868.0
13413,6132.0
13414,3994.0
13415,5042.0
13416,51707.0
13417,7424.0
13418,57081.0
13419,9002.0
13420,41064.0
13421,5955.0
13422,6461.0
13423,49553.0
13424,72783.0
13425,55983.0
13426,7423.0
13427,9090.0
13428,6296.0
13429,57939.0
13430,38099.0
13431,6319.0
13432,51875.0
13433,49553.0
13434,60555.0
13435,2074.0
13436,39555.0
13437,4111.0
13438,45995.0
13439,4007.0
13440,61873.0
13441,41064.0
13442,4414.0
13443,7352.0
13444,5772.0
13445,3999.0
13446,53164.0
13447,4847.0
13448,11111.0
13449,5954.0
13450,52063.0
13451,72125.0
13452,3001.0
13453,13293.0
13454,51384.0
13455,23484.0
13456,50361.0
13457,60232.0
13458,10247.0
13459,61933.0
13460,5136.0
13461,11006.0
13462,7221.0
13463,6067.0
13464,7813.0
13465,69885.0
13466,41064.0
13467,20760.0
13468,61873.0
13469,10349.0
13470,5937.0
13471,57837.0
13472,2359.0
13473,4496.0
13474,4055.0
13475,53152.0
13476,14880.0
13477,9840.0
13478,74844.0
13479,2480.0
13480,74480.0
13481,4564.0
13482,3999.0
13483,6489.0
13484,7489.0
13485,5956.0
13486,14014.0
13487,54896.0
13488,60978.0
13489,9768.0
13490,6466.0
13491,2203.0
13492,69535.0
13493,49613.0
13494,49613.0
13495,6132.0
13496,6676.0
13497,64173.0
13498,53152.0
13499,6343.0
13500,2343.0
13501,6489.0
13502,51345.0
13503,6172.0
13504,7584.0
13505,58125.0
13506,10586.0
13507,4209.0
13508,8913.0
13509,32062.0
13510,57017.0
13511,4389.0
13512,56476.0
13513,41269.0
13514,3012.0
13515,22152.0
13516,14640.0
13517,2228.0
13518,5103.0
13519,6597.0
13520,49553.0
13521,1830.0
13522,5040.0
13523,60978.0
13524,14702.0
13525,13524.0
13526,6075.0
13527,5774.0
13528,4190.0
13529,37128.0
13530,3471.0
13531,6230.0
13532,8618.0
13533,12150.0
13534,4589.0
13535,11372.0
13536,10638.0
13537,6132.0
13538,4656.0
13539,4977.0
13540,57939.0
13541,8148.0
13542,2339.0
13543,4453.0
13544,5840.0
13545,37985.0
13546,45257.0
13547,6109.0
13548,18753.0
13549,6577.0
13550,52392.0
13551,1998.0
13552,55983.0
13553,6294.0
13554,5018.0
13555,60365.0
13556,3014.0
13557,4500.0
13558,2339.0
13559,50271.0
13560,66928.0
13561,5790.0
13562,4391.0
13563,6488.0
13564,38043.0
13565,54608.0
13566,45185.0
13567,67833.0
13568,44144.0
13569,3543.0
13570,42457.0
13571,52063.0
13572,24056.0
13573,4007.0
13574,59021.0
13575,28080.0
13576,6444.0
13577,4498.0
13578,6489.0
13579,41314.0
13580,9506.0
13581,6109.0
13582,2201.0
13583,12900.0
13584,3184.0
13585,74844.0
13586,5322.0
13587,57081.0
13588,45693.0
13589,56590.0
13590,45185.0
13591,4413.0
13592,7484.0
13593,55983.0
13594,8043.0
13595,62591.0
13596,80566.0
13597,72125.0
13598,4165.0
13599,51595.0
13600,3860.0
13601,11488.0
13602,2050.0
13603,5441.0
13604,29764.0
13605,10247.0
13606,4979.0
13607,50957.0
13608,7424.0
13609,6195.0
13610,4648.0
13611,8148.0
13612,3381.0
13613,64831.0
13614,8220.0
13615,38099.0
13616,27792.0
13617,53164.0
13618,2477.0
13619,5040.0
13620,60978.0
13621,57920.0
13622,2200.0
13623,5284.0
13624,6568.0
13625,6625.0
13626,4687.0
13627,5380.0
13628,59827.0
13629,5915.0
13630,3381.0
13631,31436.0
13632,67004.0
13633,10711.0
13634,8345.0
13635,3707.0
13636,4056.0
13637,14859.0
13638,6437.0
13639,7091.0
13640,6390.0
13641,1551.0
13642,5954.0
13643,15543.0
13644,4363.0
13645,60978.0
13646,12443.0
13647,60508.0
13648,67497.0
13649,5092.0
13650,10233.0
13651,54777.0
13652,3349.0
13653,10425.0
13654,9612.0
13655,73581.0
13656,23838.0
13657,2336.0
13658,4827.0
13659,4056.0
13660,5888.0
13661,4142.0
13662,3281.0
13663,8432.0
13664,3098.0
13665,32923.0
13666,5817.0
13667,60601.0
13668,11928.0
13669,6074.0
13670,60978.0
13671,7572.0
13672,84756.0
13673,27792.0
13674,57017.0
13675,61873.0
13676,6287.0
13677,15206.0
13678,3834.0
13679,22140.0
13680,6022.0
13681,11175.0
13682,10995.0
13683,41064.0
13684,3860.0
13685,3153.0
13686,58315.0
13687,11456.0
13688,4145.0
13689,4316.0
13690,9828.0
13691,4007.0
13692,83797.0
13693,12990.0
13694,6578.0
13695,4209.0
13696,4620.0
13697,6037.0
13698,6225.0
13699,7127.5
13700,4793.0
13701,51817.0
13702,6869.0
13703,3594.0
13704,4783.0
13705,6840.0
13706,11319.0
13707,3471.0
13708,7408.0
13709,4414.0
13710,4502.0
13711,45995.0
13712,9064.0
13713,5523.0
13714,37929.0
13715,72339.0
13716,4477.0
13717,10961.0
13718,5818.0
13719,58315.0
13720,6092.0
13721,51595.0
13722,5617.0
13723,56476.0
13724,5639.0
13725,29694.0
13726,56590.0
13727,2339.0
13728,8555.0
13729,4173.0
13730,9840.0
13731,9879.0
13732,4165.0
13733,5280.0
13734,5955.0
13735,47844.0
13736,3001.0
13737,13410.0
13738,3587.0
13739,15311.0
13740,68303.0
13741,5410.0
13742,5954.0
13743,18450.0
13744,11675.0
13745,4452.0
13746,5339.0
13747,2477.0
13748,10549.0
13749,3100.0
13750,11803.0
13751,70431.0
13752,2480.0
13753,4846.0
13754,59033.0
13755,3603.0
13756,27792.0
13757,3988.0
13758,6502.0
13759,3998.0
13760,5227.0
13761,4316.0
13762,12107.0
13763,4792.0
13764,5943.0
13765,6131.0
13766,5954.0
13767,31982.0
13768,60160.0
13769,6132.0
13770,55087.0
13771,6312.0
13772,3072.0
13773,7191.5
13774,5955.0
13775,13200.0
13776,3393.0
13777,4496.0
13778,54841.0
13779,1105.0
13780,5744.0
13781,3450.0
13782,1105.0
13783,6443.0
13784,4453.0
13785,10318.0
13786,6321.0
13787,53499.0
13788,29764.0
13789,9879.0
13790,4909.0
13791,2477.0
13792,4190.0
13793,3543.0
13794,7958.0
13795,6131.0
13796,10999.0
13797,6450.0
13798,11129.0
13799,44280.0
13800,60508.0
13801,60396.0
13802,49613.0
13803,14314.0
13804,5910.0
13805,43711.0
13806,55502.0
13807,6724.0
13808,65529.0
13809,7383.0
13810,6292.0
13811,14150.0
13812,51595.0
13813,5120.0
13814,2124.0
13815,62524.0
13816,13054.0
13817,4294.0
13818,52287.0
13819,3610.0
13820,2339.0
13821,45185.0
13822,38099.0
13823,9840.0
13824,4137.0
13825,6776.0
13826,48851.0
13827,10002.0
13828,51817.0
13829,3862.0
13830,44144.0
13831,6461.0
13832,58315.0
13833,6506.0
13834,17604.0
13835,2359.0
13836,53746.0
13837,12305.0
13838,62617.0
13839,82863.0
13840,4453.0
13841,4172.0
13842,5136.0
13843,9694.0
13844,2359.0
13845,5949.0
13846,3996.0
13847,4581.0
13848,11584.0
13849,5322.0
13850,5502.0
13851,60260.0
13852,3016.0
13853,4637.0
13854,48079.0
13855,5322.0
13856,2960.0
13857,4417.0
13858,4979.0
13859,11900.0
13860,3916.0
13861,3015.0
13862,4663.0
13863,60978.0
13864,6489.0
13865,6500.0
13866,59033.0
13867,64285.0
13868,4099.0
13869,5322.0
13870,55377.0
13871,6153.0
13872,56702.0
13873,51457.0
13874,1755.0
13875,9156.0
13876,6109.0
13877,6195.0
13878,7193.0
13879,23898.0
13880,4417.0
13881,49177.0
13882,5108.0
13883,5850.0
13884,90960.0
13885,8898.0
13886,3788.0
13887,40593.0
13888,2738.0
13889,2098.0
13890,45883.0
13891,11532.0
13892,3177.0
13893,2359.0
13894,41269.0
13895,4068.0
13896,5177.0
13897,2409.0
13898,13182.0
13899,4500.0
13900,61873.0
13901,8687.0
13902,1998.0
13903,13556.0
13904,3498.0
13905,51457.0
13906,4559.0
13907,44280.0
13908,9595.0
13909,47586.0
13910,4663.0
13911,7341.0
13912,79517.0
13913,44405.0
13914,54777.0
13915,67769.0
13916,3916.0
13917,4896.0
13918,7954.0
13919,15583.0
13920,5761.0
13921,3191.0
13922,10783.0
13923,22152.0
13924,6554.0
13925,51875.0
13926,17201.0
13927,10669.0
13928,6450.0
13929,5102.0
13930,5975.0
13931,4028.0
13932,5955.0
13933,15728.0
13934,6672.0
13935,10680.0
13936,4792.0
13937,7572.0
13938,5178.0
13939,8842.0
13940,45672.0
13941,5276.0
13942,1890.0
13943,4979.0
13944,57081.0
13945,43865.0
13946,4792.0
13947,31982.0
13948,61873.0
13949,6427.0
13950,4230.0
13951,64113.0
13952,4230.0
13953,12150.0
13954,5937.0
13955,11508.0
13956,3096.0
13957,1890.0
13958,5070.0
13959,4792.0
13960,51384.0
13961,55377.0
13962,48234.0
13963,72237.0
13964,3971.0
13965,4948.0
13966,5286.0
13967,8396.0
13968,4755.0
13969,6461.0
13970,3754.0
13971,6308.0
13972,37985.0
13973,5954.0
13974,6860.0
13975,4672.0
13976,51457.0
13977,6285.0
13978,5954.0
13979,4896.0
13980,49553.0
13981,6443.0
13982,12978.0
13983,22140.0
13984,10744.0
13985,5772.0
13986,11553.0
13987,50271.0
13988,4417.0
13989,9840.0
13990,6293.0
13991,54608.0
13992,9349.0
13993,2874.0
13994,45805.0
13995,6578.0
13996,3471.0
13997,61392.0
13998,55347.0
13999,4338.0
14000,22306.0
14001,4793.0
14002,4231.0
14003,37594.0
14004,65529.0
14005,9201.0
14006,11409.0
14007,47408.0
14008,60396.0
14009,13168.0
14010,6461.0
14011,53440.0
14012,4297.0
14013,3357.0
14014,4506.0
14015,4896.0
14016,5955.0
14017,66928.0
14018,3450.0
14019,6691.0
14020,2201.0
14021,3843.0
14022,2250.0
14023,4700.0
14024,5699.0
14025,3563.0
14026,64113.0
14027,51697.0
14028,7579.0
14029,4111.0
14030,13054.0
14031,5731.0
14032,3090.0
14033,69168.0
14034,6133.0
14035,45693.0
14036,57081.0
14037,58315.0
14038,6502.0
14039,7761.0
14040,6489.0
14041,10052.0
14042,54777.0
14043,5060.0
14044,6255.0
14045,2056.0
14046,5685.0
14047,8275.0
14048,45257.0
14049,11205.0
14050,43910.0
14051,4209.0
14052,50822.0
14053,4020.0
14054,2463.0
14055,3862.0
14056,32444.0
14057,1604.0
14058,2785.0
14059,72652.0
14060,6158.0
14061,60365.0
14062,13608.0
14063,53209.0
14064,60396.0
14065,2343.0
14066,7228.0
14067,2862.0
14068,45693.0
14069,41974.0
14070,5610.0
14071,5220.0
14072,42457.0
14073,4165.0
14074,41314.0
14075,17828.0
14076,4209.0
14077,69168.0
14078,2201.0
14079,4401.0
14080,5915.0
14081,57856.0
14082,51707.0
14083,47329.0
14084,7145.0
14085,4249.0
14086,3282.0
14087,5019.0
14088,10680.0
14089,6324.0
14090,3381.0
14091,2994.0
14092,4755.0
14093,45693.0
14094,44546.0
14095,5949.0
14096,6797.0
14097,45883.0
14098,40593.0
14099,49553.0
14100,56476.0
14101,6624.0
14102,80129.0
14103,76280.0
14104,47217.0
14105,7424.0
14106,28510.0
14107,6133.0
14108,5177.0
14109,54684.0
14110,60508.0
14111,45805.0
14112,4876.0
14113,7498.0
14114,17604.0
14115,5495.0
14116,51707.0
14117,4134.0
14118,4368.0
14119,6920.0
14120,11803.0
14121,5227.0
14122,4141.0
14123,8478.0
14124,10358.0
14125,92193.0
14126,5943.0
14127,49207.0
14128,3269.0
14129,69244.0
14130,60260.0
14131,11335.0
14132,6191.0
14133,4144.0
14134,62549.0
14135,3569.0
14136,2276.0
14137,1776.0
14138,5507.0
14139,3625.0
14140,4896.0
14141,4297.0
14142,61873.0
14143,3324.0
14144,6840.0
14145,53152.0
14146,4896.0
14147,4658.0
14148,8719.0
14149,3860.0
14150,6170.0
14151,7950.0
14152,7530.0
14153,55377.0
14154,10680.0
14155,7890.0
14156,67004.0
14157,4672.0
14158,55502.0
14159,4363.0
14160,51595.0
14161,42457.0
14162,6131.0
14163,7584.0
14164,49553.0
14165,11928.0
14166,44546.0
14167,3191.0
14168,7494.0
14169,10643.0
14170,4209.0
14171,4453.0
14172,1544.0
14173,60978.0
14174,43729.0
14175,25993.0
14176,3354.0
14177,5500.0
14178,3971.0
14179,62188.0
14180,3497.0
14181,53152.0
14182,29776.0
14183,57856.0
14184,23418.0
14185,4793.0
14186,6461.0
14187,2327.0
14188,6966.0
14189,3999.0
14190,7732.0
14191,6489.0
14192,5636.0
14193,4637.0
14194,27792.0
14195,48289.0
14196,6489.0
14197,56588.0
14198,2074.0
14199,11106.0
14200,6450.0
14201,4348.0
14202,7344.0
14203,11205.0
14204,4427.0
14205,14889.0
14206,45805.0
14207,11205.0
14208,45883.0
14209,1890.0
14210,4724.0
14211,54608.0
14212,5550.0
14213,2359.0
14214,3948.0
14215,9201.0
14216,60260.0
14217,5790.0
14218,12978.0
14219,4933.0
14220,10785.0
14221,68415.0
14222,3819.0
14223,7425.0
14224,49553.0
14225,14343.0
14226,6158.0
14227,6561.0
14228,61933.0
14229,38099.0
14230,47429.0
14231,6744.0
14232,5955.0
14233,3996.0
14234,65529.0
14235,7412.0
14236,4515.0
14237,6067.0
14238,51817.0
14239,13874.0
14240,5179.0
14241,4702.0
14242,49613.0
14243,7145.0
14244,20760.0
14245,11698.0
14246,3551.0
14247,35490.0
14248,7021.0
14249,6578.0
14250,54608.0
14251,85249.0
14252,45805.0
14253,6977.0
14254,5135.0
14255,6443.0
14256,5805.0
14257,15683.5
14258,27941.0
14259,51092.0
14260,13083.0
14261,57393.0
14262,47217.0
14263,63277.0
14264,4172.0
14265,4439.0
14266,44571.0
14267,4099.0
14268,41974.0
14269,3996.0
14270,3820.0
14271,11129.0
14272,24122.0
14273,6132.0
14274,7106.0
14275,3423.0
14276,79349.0
14277,12990.0
14278,4500.0
14279,4863.0
14280,3999.0
14281,5936.0
14282,55377.0
14283,17295.0
14284,67004.0
14285,6921.0
14286,5949.0
14287,18387.0
14288,74441.0
14289,4799.0
14290,7950.0
14291,11838.0
14292,52287.0
14293,5910.0
14294,51707.0
14295,54608.0
14296,24234.0
14297,5178.0
14298,4121.0
14299,47395.0
14300,5749.0
14301,23838.0
14302,4027.0
14303,5955.0
14304,7004.0
14305,9719.0
14306,54608.0
14307,12175.0
14308,6699.0
14309,56588.0
14310,4028.0
14311,4881.0
14312,4455.0
14313,5390.0
14314,7021.0
14315,4556.0
14316,2339.0
14317,5441.0
14318,4500.0
14319,61889.0
14320,4020.0
14321,15228.0
14322,27864.0
14323,9933.0
14324,74956.0
14325,11698.0
14326,2476.0
14327,4165.0
14328,13360.0
14329,66928.0
14330,68507.0
14331,7859.0
14332,9904.0
14333,6489.0
14334,54777.0
14335,2836.0
14336,9946.0
14337,6268.0
14338,56702.0
14339,4755.0
14340,3324.0
14341,4709.0
14342,44280.0
14343,15543.0
14344,2410.0
14345,10680.0
14346,5261.0
14347,7774.0
14348,12197.0
14349,60260.0
14350,1776.0
14351,6274.0
14352,5960.0
14353,1966.0
14354,4179.0
14355,16391.0
14356,55983.0
14357,6502.0
14358,3587.0
14359,5840.0
14360,63577.0
14361,4724.0
14362,49725.0
14363,4755.0
14364,4387.0
14365,3923.0
14366,4417.0
14367,51707.0
14368,5898.0
14369,10680.0
14370,62591.0
14371,7424.0
14372,6134.0
14373,7487.0
14374,52570.0
14375,7141.0
14376,39555.0
14377,13588.0
14378,4149.0
14379,8275.0
14380,6583.0
14381,4500.0
14382,49553.0
14383,4324.0
14384,5322.0
14385,4496.0
14386,6744.0
14387,15632.0
14388,13168.0
14389,5772.0
14390,66928.0
14391,7053.0
14392,67497.0
14393,6450.0
14394,45995.0
14395,49613.0
14396,5949.0
14397,37985.0
14398,66723.0
14399,53164.0
14400,37929.0
14401,7950.0
14402,9534.0
14403,4896.0
14404,5523.0
14405,15624.0
14406,6568.0
14407,6461.0
14408,2723.0
14409,9141.0
14410,5530.0
14411,4656.0
14412,78870.0
14413,8124.0
14414,10979.0
14415,83759.0
14416,1654.0
14417,53407.0
14418,5955.0
14419,3050.0
14420,17460.0
14421,56702.0
14422,3253.0
14423,7045.5
14424,63277.0
14425,13367.0
14426,49177.0
14427,57081.0
14428,4578.0
14429,74388.0
14430,4672.0
14431,4740.0
14432,5943.0
14433,5915.0
14434,7030.0
14435,4837.0
14436,4971.0
14437,1776.0
14438,2201.0
14439,10208.0
14440,59033.0
14441,8641.0
14442,3150.0
14443,45883.0
14444,3979.0
14445,36577.0
14446,6009.0
14447,55502.0
14448,2694.0
14449,1714.0
14450,16465.0
14451,52287.0
14452,5092.0
14453,7959.0
14454,16353.0
14455,6461.0
14456,6292.0
14457,4359.0
14458,7752.0
14459,6275.0
14460,10593.0
14461,53152.0
14462,74273.0
14463,21870.0
14464,57003.0
14465,44280.0
14466,2518.0
14467,2350.0
14468,27864.0
14469,4452.0
14470,3407.5
14471,61873.0
14472,4387.0
14473,9840.0
14474,51372.0
14475,2395.0
14476,4257.0
14477,4672.0
14478,23838.0
14479,6389.0
14480,9945.0
14481,48538.0
14482,4499.0
14483,48289.0
14484,68112.0
14485,60160.0
14486,49613.0
14487,3098.0
14488,51457.0
14489,22140.0
14490,77665.0
14491,11247.0
14492,4363.0
14493,5227.0
14494,8253.0
14495,9998.0
14496,61933.0
14497,5322.0
14498,5955.0
14499,50271.0
14500,8193.0
14501,12408.0
14502,41281.0
14503,51707.0
14504,1526.0
14505,24234.0
14506,58970.0
14507,50361.0
14508,7072.0
14509,3897.0
14510,11448.0
14511,6296.0
14512,26396.0
14513,5208.0
14514,1694.0
14515,5833.0
14516,2476.0
14517,7366.0
14518,4637.0
14519,5336.0
14520,43252.0
14521,10893.0
14522,41101.0
14523,49613.0
14524,2124.0
14525,6271.0
14526,9201.0
14527,59254.0
14528,4499.0
14529,4439.0
14530,17670.0
14531,2835.0
14532,24234.0
14533,42521.0
14534,12138.0
14535,4357.0
14536,11803.0
14537,8111.0
14538,44432.0
14539,53152.0
14540,6133.0
14541,41064.0
14542,13001.0
14543,2050.0
14544,16210.0
14545,6159.0
14546,56476.0
14547,4792.0
14548,11860.0
14549,12408.0
14550,51817.0
14551,3595.0
14552,5206.0
14553,6389.0
14554,7472.0
14555,12209.0
14556,10069.0
14557,49725.0
14558,2124.0
14559,9828.0
14560,74844.0
14561,3397.0
14562,4096.0
14563,7572.0
14564,2977.0
14565,5388.0
14566,9424.0
14567,53937.0
14568,54481.0
14569,52287.0
14570,55377.0
14571,3127.0
14572,7207.0
14573,69244.0
14574,14284.0
14575,1776.0
14576,7665.0
14577,5915.0
14578,6932.0
14579,7767.0
14580,6109.0
14581,57920.0
14582,4099.0
14583,6450.0
14584,9768.0
14585,3971.0
14586,4827.0
14587,40933.0
14588,6292.0
14589,3471.0
14590,7066.0
14591,4971.0
14592,69168.0
14593,7761.0
14594,51875.0
14595,4913.0
14596,51819.0
14597,4439.0
14598,22140.0
14599,6117.0
14600,5691.0
14601,66928.0
14602,7877.0
14603,6324.0
14604,7900.0
14605,41269.0
14606,44144.0
14607,54608.0
14608,54777.0
14609,15812.0
14610,3916.0
14611,3829.0
14612,2900.0
14613,2201.0
14614,5488.0
14615,1830.0
14616,3961.0
14617,1543.0
14618,5321.0
14619,6032.0
14620,8043.0
14621,3947.0
14622,66234.0
14623,4158.0
14624,60260.0
14625,53209.0
14626,61746.0
14627,7257.0
14628,4348.0
14629,9654.0
14630,4729.0
14631,40593.0
14632,5177.0
14633,5102.0
14634,1998.0
14635,8169.0
14636,6489.0
14637,5315.0
14638,4169.0
14639,5507.0
14640,37985.0
14641,6067.0
14642,57017.0
14643,10318.0
14644,58125.0
14645,5892.0
14646,2339.0
14647,3745.0
14648,45776.0
14649,5314.0
14650,78988.0
14651,3381.0
14652,27864.0
14653,7487.0
14654,66928.0
14655,13474.0
14656,11129.0
14657,4500.0
14658,4755.0
14659,51875.0
14660,38099.0
14661,39499.0
14662,5943.0
14663,14868.0
14664,4209.0
14665,7053.0
14666,2124.0
14667,5760.0
14668,44610.0
14669,2336.0
14670,52287.0
14671,5292.0
14672,6427.0
14673,6489.0
14674,7738.0
14675,1776.0
14676,2393.0
14677,5042.0
14678,51595.0
14679,4926.0
14680,5954.0
14681,44280.0
14682,60508.0
14683,2723.0
14684,50969.0
14685,2614.0
14686,54777.0
14687,6314.0
14688,5918.0
14689,10317.0
14690,5102.0
14691,45805.0
14692,45257.0
14693,4209.0
14694,6724.0
14695,7488.0
14696,10018.0
14697,29980.0
14698,7416.0
14699,5623.0
14700,44432.0
14701,11310.0
14702,12348.0
14703,35490.0
14704,13556.0
14705,3015.0
14706,4337.0
14707,5322.0
14708,5892.0
14709,13706.0
14710,7257.0
14711,49553.0
14712,6023.5
14713,8456.0
14714,8589.0
14715,4056.0
14716,5955.0
14717,4337.0
14718,6450.0
14719,45883.0
14720,5955.0
14721,60978.0
14722,85249.0
14723,5012.0
14724,4399.0
14725,55347.0
14726,9315.0
14727,11993.0
14728,7471.0
14729,4498.0
14730,3571.0
14731,69713.0
14732,4338.0
14733,22445.0
14734,4209.0
14735,5103.0
14736,4165.0
14737,50271.0
14738,11691.0
14739,4348.0
14740,7576.0
14741,53164.0
14742,4977.0
14743,7487.0
14744,14238.0
14745,2124.0
14746,4436.0
14747,2339.0
14748,10680.0
14749,77076.0
14750,4165.0
14751,4496.0
14752,5967.0
14753,3716.0
14754,53743.0
14755,1776.0
14756,1788.0
14757,51058.0
14758,1830.0
14759,11007.0
14760,8059.0
14761,47395.0
14762,49725.0
14763,53164.0
14764,2723.0
14765,9840.0
14766,3971.0
14767,6172.0
14768,61933.0
14769,3349.0
14770,27864.0
14771,44682.0
14772,54684.0
14773,4660.0
14774,4337.0
14775,39321.0
14776,5448.0
14777,3862.0
14778,8148.0
14779,60260.0
14780,3102.0
14781,81993.0
14782,3999.0
14783,10744.0
14784,4678.0
14785,4465.0
14786,2276.0
14787,6488.0
14788,6450.0
14789,5894.0
14790,3000.0
14791,3772.0
14792,16392.0
14793,4249.0
14794,5760.0
14795,4239.0
14796,31682.0
14797,4554.0
14798,49465.0
14799,4165.0
14800,49613.0
14801,4111.0
14802,62188.0
14803,55087.0
14804,42457.0
14805,5073.0
14806,9798.0
14807,53743.0
14808,10499.0
14809,41281.0
14810,5100.0
14811,8719.0
14812,52287.0
14813,16212.0
14814,3911.0
14815,6663.0
14816,44144.0
14817,8447.0
14818,6883.0
14819,22152.0
14820,10744.0
14821,6711.0
14822,49177.0
14823,67769.0
14824,50271.0
14825,7575.0
14826,28872.0
14827,50810.0
14828,55502.0
14829,5177.0
14830,2361.0
14831,76941.0
14832,3389.0
14833,54684.0
14834,3971.0
14835,2150.0
14836,66267.0
14837,5177.0
14838,56588.0
14839,3957.0
14840,4453.0
14841,39555.0
14842,6122.0
14843,2336.0
14844,45097.0
14845,69168.0
14846,5206.0
14847,39555.0
14848,12900.0
14849,3918.0
14850,45883.0
14851,6714.0
14852,5632.0
14853,6461.0
14854,4545.0
14855,14051.0
14856,54896.0
14857,41113.0
14858,9201.0
14859,53937.0
14860,64831.0
14861,47585.0
14862,5817.0
14863,4496.0
14864,5219.0
14865,4756.0
14866,4347.0
14867,45883.0
14868,10608.0
14869,10225.0
14870,3489.0
14871,13138.0
14872,11448.0
14873,11469.0
14874,20760.0
14875,6262.0
14876,4284.0
14877,5504.0
14878,5523.0
14879,6172.0
14880,2050.0
14881,5418.0
14882,11675.0
14883,7081.0
14884,6395.0
14885,60978.0
14886,54777.0
14887,5685.0
14888,20760.0
14889,6296.0
14890,3918.0
14891,4496.0
14892,3000.0
14893,8927.0
14894,3450.0
14895,38099.0
14896,7774.0
14897,12120.0
14898,5606.0
14899,7212.0
14900,5093.0
14901,7487.0
14902,11310.0
14903,9879.0
14904,31682.0
14905,4099.0
14906,61873.0
14907,8201.0
14908,2614.0
14909,67769.0
14910,4000.0
14911,42521.0
14912,4149.0
14913,6296.0
14914,4354.0
14915,4073.0
14916,4348.0
14917,54608.0
14918,53152.0
14919,4138.0
14920,5037.0
14921,56702.0
14922,61933.0
14923,5888.0
14924,60508.0
14925,4799.0
14926,5954.0
14927,64509.0
14928,10395.0
14929,51405.0
14930,48876.0
14931,52287.0
14932,10738.0
14933,4502.0
14934,4096.0
14935,41113.0
14936,3467.0
14937,51595.0
14938,4748.0
14939,8111.0
14940,5805.0
14941,8435.0
14942,3734.0
14943,60365.0
14944,5857.0
14945,6195.0
14946,6200.0
14947,16980.0
14948,4496.0
14949,10003.0
14950,2767.0
14951,2339.0
14952,51372.0
14953,5871.0
14954,4387.0
14955,45805.0
14956,39499.0
14957,6287.0
14958,4111.0
14959,62045.0
14960,11488.0
14961,12264.0
14962,78025.0
14963,3393.0
14964,7635.0
14965,66063.0
14966,42521.0
14967,60260.0
14968,4229.0
14969,49613.0
14970,6133.0
14971,49613.0
14972,8111.0
14973,14733.0
14974,8043.0
14975,63277.0
14976,4956.0
14977,8112.0
14978,27976.0
14979,6111.0
14980,4651.0
14981,44280.0
14982,60260.0
14983,4390.0
14984,6461.0
14985,41269.0
14986,45185.0
14987,15543.0
14988,4526.0
14989,5780.0
14990,8186.0
14991,4896.0
14992,12249.0
14993,11553.0
14994,15869.0
14995,23898.0
14996,38099.0
14997,5938.0
14998,28510.0
14999,60555.0
15000,2336.0
15001,54777.0
15002,64831.0
15003,6133.0
15004,3811.0
15005,4357.0
15006,5177.0
15007,4496.0
15008,7434.0
15009,60978.0
15010,6753.0
15011,93200.0
15012,58876.0
15013,73377.0
15014,4030.0
15015,7950.0
15016,12894.0
15017,13588.0
15018,5465.0
15019,3607.0
15020,5918.0
15021,14791.0
15022,10744.0
15023,27976.0
15024,7437.0
15025,7584.0
15026,17259.0
15027,4086.0
15028,8111.0
15029,55982.0
15030,6158.0
15031,4499.0
15032,82393.0
15033,3584.0
15034,11639.0
15035,4656.0
15036,7088.0
15037,6444.0
15038,45693.0
15039,56588.0
15040,6200.0
15041,3015.0
15042,65529.0
15043,12990.0
15044,6461.0
15045,6744.0
15046,7727.0
15047,6489.0
15048,23898.0
15049,13014.0
15050,5293.0
15051,11478.0
15052,3971.0
15053,12185.0
15054,68507.0
15055,6502.0
15056,7212.0
15057,57529.0
15058,5724.0
15059,3762.0
15060,8895.0
15061,6112.0
15062,1755.0
15063,3471.0
15064,8069.0
15065,6067.0
15066,5102.0
15067,50271.0
15068,6581.0
15069,2339.0
15070,3687.0
15071,4629.0
15072,49613.0
15073,4756.0
15074,3685.0
15075,2228.0
15076,60508.0
15077,7487.0
15078,1998.0
15079,4755.0
15080,38099.0
15081,59929.0
15082,57017.0
15083,60396.0
15084,1694.0
15085,3150.0
15086,6489.0
15087,8555.0
15088,6601.0
15089,4746.0
15090,44280.0
15091,14034.0
15092,6324.0
15093,23731.0
15094,7584.0
15095,22755.0
15096,7426.0
15097,7898.0
15098,10813.0
15099,2480.0
15100,4977.0
15101,42521.0
15102,11129.0
15103,4971.0
15104,7862.0
15105,7110.0
15106,4506.0
15107,5942.0
15108,2339.0
15109,60978.0
15110,58876.0
15111,3591.0
15112,51384.0
15113,37985.0
15114,21669.0
15115,51819.0
15116,4028.0
15117,12247.0
15118,51117.0
15119,3999.0
15120,54481.0
15121,3093.0
15122,4876.0
15123,60232.0
15124,6488.0
15125,4709.0
15126,5051.0
15127,66063.0
15128,2723.0
15129,5323.0
15130,4000.0
15131,7212.0
15132,2586.0
15133,57992.0
15134,6598.0
15135,57453.0
15136,2480.0
15137,5102.0
15138,5937.0
15139,3909.0
15140,2050.0
15141,57992.0
15142,51595.0
15143,5178.0
15144,10744.0
15145,39321.0
15146,5060.0
15147,4796.0
15148,2723.0
15149,7844.0
15150,1551.0
15151,27792.0
15152,10895.0
15153,9701.0
15154,50271.0
15155,7271.0
15156,5954.0
15157,9879.0
15158,4656.0
15159,60396.0
15160,4979.0
15161,3496.0
15162,5178.0
15163,6892.0
15164,5536.0
15165,54608.0
15166,4302.0
15167,61874.0
15168,2738.0
15169,4612.0
15170,70095.0
15171,52063.0
15172,4589.0
15173,4556.0
15174,12150.0
15175,4454.0
15176,5624.0
15177,5086.0
15178,5823.0
15179,6398.0
15180,4637.0
15181,67497.0
15182,53645.0
15183,5502.0
15184,5380.0
15185,4294.0
15186,48289.0
15187,39783.0
15188,10669.0
15189,10783.0
15190,6450.0
15191,6488.0
15192,6442.0
15193,5649.0
15194,6198.0
15195,31450.0
15196,61583.0
15197,69713.0
15198,4913.0
15199,3393.0
15200,9840.0
15201,8983.0
15202,2201.0
15203,3999.0
15204,6820.0
15205,12900.0
15206,3911.0
15207,8778.0
15208,4272.0
15209,12054.0
15210,39859.0
15211,10376.0
15212,4500.0
15213,45257.0
15214,9788.0
15215,6968.0
15216,52063.0
15217,57856.0
15218,3551.0
15219,7434.0
15220,3379.0
15221,6502.0
15222,5070.0
15223,6067.0
15224,4663.0
15225,3258.0
15226,52063.0
15227,7909.0
15228,49613.0
15229,51819.0
15230,2150.0
15231,4573.0
15232,5949.0
15233,7212.0
15234,3361.0
15235,4500.0
15236,11295.0
15237,6461.0
15238,22140.0
15239,5209.0
15240,74365.0
15241,4969.0
15242,4069.0
15243,8377.0
15244,7054.0
15245,4593.0
15246,6728.0
15247,4609.0
15248,45672.0
15249,4979.0
15250,6450.0
15251,5012.0
15252,4672.0
15253,3885.0
15254,8112.0
15255,5892.0
15256,9455.0
15257,6090.0
15258,65529.0
15259,2074.0
15260,2723.0
15261,5179.0
15262,6015.0
15263,56702.0
15264,4149.0
15265,11468.0
15266,54608.0
15267,8224.0
15268,40843.0
15269,4969.0
15270,6109.0
15271,56476.0
15272,4111.0
15273,13241.0
15274,64173.0
15275,5865.0
15276,51457.0
15277,49613.0
15278,10628.0
15279,43865.0
15280,69885.0
15281,9538.0
15282,4007.0
15283,53512.0
15284,4181.0
15285,29980.0
15286,7484.0
15287,31528.0
15288,1788.0
15289,13107.0
15290,44081.0
15291,10907.0
15292,4294.0
15293,4255.0
15294,4048.0
15295,57666.0
15296,3105.0
15297,4165.0
15298,10783.0
15299,12920.0
15300,49725.0
15301,6450.0
15302,29980.0
15303,8355.0
15304,11175.0
15305,6450.0
15306,5672.0
15307,4000.0
15308,11319.0
15309,2723.0
15310,4165.0
15311,6763.0
15312,3568.0
15313,10012.0
15314,7959.0
15315,31432.0
15316,59254.0
15317,2994.0
15318,7104.0
15319,7425.0
15320,4755.0
15321,58032.0
15322,10450.0
15323,61985.0
15324,6133.0
15325,10680.0
15326,44144.0
15327,6577.0
15328,12349.0
15329,6172.0
15330,73377.0
15331,6450.0
15332,55983.0
15333,3553.0
15334,7352.0
15335,55377.0
15336,23281.0
15337,2862.0
15338,60365.0
15339,4339.0
15340,5949.0
15341,5148.0
15342,54684.0
15343,14552.0
15344,69244.0
15345,5102.0
15346,11319.0
15347,51817.0
15348,2339.0
15349,5955.0
15350,39377.0
15351,4769.0
15352,36712.0
15353,4502.0
15354,1830.0
15355,5619.0
15356,12791.0
15357,11691.0
15358,4783.0
15359,63979.0
15360,4499.0
15361,44144.0
15362,7488.0
15363,2823.0
15364,7072.0
15365,13734.0
15366,4363.0
15367,5294.0
15368,69168.0
15369,6287.0
15370,32923.0
15371,3280.0
15372,4500.0
15373,7950.0
15374,2339.0
15375,14074.0
15376,2050.0
15377,5659.0
15378,2723.0
15379,3623.0
15380,11129.0
15381,7569.0
15382,60978.0
15383,9201.0
15384,54841.0
15385,6395.0
15386,6578.0
15387,6855.0
15388,6043.0
15389,2250.0
15390,4674.0
15391,3000.0
15392,7106.0
15393,4452.0
15394,4933.0
15395,11129.0
15396,5761.0
15397,6186.0
15398,4755.0
15399,30808.0
15400,8112.0
15401,45693.0
15402,4165.0
15403,5943.0
15404,5656.0
15405,59021.0
15406,41314.0
15407,8111.0
15408,69244.0
15409,4111.0
15410,62617.0
15411,3096.0
15412,3243.0
15413,57939.0
15414,6548.0
15415,41269.0
15416,51875.0
15417,6195.0
15418,47738.0
15419,50957.0
15420,54896.0
15421,5348.0
15422,60978.0
15423,21915.0
15424,2399.0
15425,3857.0
15426,59033.0
15427,50969.0
15428,8112.0
15429,7639.0
15430,60260.0
15431,2124.0
15432,9879.0
15433,43729.0
15434,59033.0
15435,61127.0
15436,31436.0
15437,9870.0
15438,7484.0
15439,13054.0
15440,6128.0
15441,53835.0
15442,58315.0
15443,59265.0
15444,4894.0
15445,5178.0
15446,4445.0
15447,6287.0
15448,3499.0
15449,4556.0
15450,3282.0
15451,3379.0
15452,7425.0
15453,41064.0
15454,53152.0
15455,5293.0
15456,6241.0
15457,16245.0
15458,16068.0
15459,72339.0
15460,52063.0
15461,36577.0
15462,42521.0
15463,8036.0
15464,75721.0
15465,6067.0
15466,5380.0
15467,5937.0
15468,6395.0
15469,2723.0
15470,6032.0
15471,10929.0
15472,3685.0
15473,61933.0
15474,6006.0
15475,43910.0
15476,23753.0
15477,1998.0
15478,4330.0
15479,62188.0
15480,11488.0
15481,4187.0
15482,3379.0
15483,10967.0
15484,53164.0
15485,9768.0
15486,2339.0
15487,2105.0
15488,12978.0
15489,2132.0
15490,51457.0
15491,60555.0
15492,3401.0
15493,9277.0
15494,16137.0
15495,39744.0
15496,51457.0
15497,62221.0
15498,4357.0
15499,5293.0
15500,4975.0
15501,8589.0
15502,46601.0
15503,2203.0
15504,8478.0
15505,4007.0
15506,10870.0
15507,50271.0
15508,5610.0
15509,7243.0
15510,53071.0
15511,2518.0
15512,20173.0
15513,57920.0
15514,5820.0
15515,2748.0
15516,5177.0
15517,7122.0
15518,58562.0
15519,14355.0
15520,4387.0
15521,4121.0
15522,50823.0
15523,6153.0
15524,97702.0
15525,60365.0
15526,5949.0
15527,82933.0
15528,4452.0
15529,45693.0
15530,4456.0
15531,10744.0
15532,12054.0
15533,9141.0
15534,7877.0
15535,4363.0
15536,4687.0
15537,5103.0
15538,55377.0
15539,5418.0
15540,13524.0
15541,2723.0
15542,5954.0
15543,4855.0
15544,4792.0
15545,9771.0
15546,57405.0
15547,6015.0
15548,2651.0
15549,3716.0
15550,6502.0
15551,4417.0
15552,3998.0
15553,3623.0
15554,55087.0
15555,6133.0
15556,13569.0
15557,42424.0
15558,9610.0
15559,6905.0
15560,51707.0
15561,51875.0
15562,60978.0
15563,6461.0
15564,6450.0
15565,4368.0
15566,60978.0
15567,3302.0
15568,52175.0
15569,44280.0
15570,66928.0
15571,56476.0
15572,10836.0
15573,1543.0
15574,4453.0
15575,69244.0
15576,15288.0
15577,17703.0
15578,4731.0
15579,43711.0
15580,15132.0
15581,5760.0
15582,5833.0
15583,2616.0
15584,4499.0
15585,69168.0
15586,3016.0
15587,11987.0
15588,51817.0
15589,99327.0
15590,51817.0
15591,7053.0
15592,5292.0
15593,5017.0
15594,2056.0
15595,64285.0
15596,2201.0
15597,4499.0
15598,4500.0
15599,12410.0
15600,57081.0
15601,5656.0
15602,6369.0
15603,2477.0
15604,61873.0
15605,6568.0
15606,2482.0
15607,76605.0
15608,45185.0
15609,6195.0
15610,39377.0
15611,8635.0
15612,49177.0
15613,41281.0
15614,4911.0
15615,45883.0
15616,24234.0
15617,4007.0
15618,41269.0
15619,49553.0
15620,6444.0
15621,56476.0
15622,2836.0
15623,14744.0
15624,2464.0
15625,6444.0
15626,5955.0
15627,9461.0
15628,11856.0
15629,14301.0
15630,16803.0
15631,13367.0
15632,2482.0
15633,64238.0
15634,6256.0
15635,58125.0
15636,8224.0
15637,5145.0
15638,23838.0
15639,14313.0
15640,5120.0
15641,3072.0
15642,53209.0
15643,49553.0
15644,6594.0
15645,7212.0
15646,74844.0
15647,62617.0
15648,4221.0
15649,3266.0
15650,11323.0
15651,1830.0
15652,4755.0
15653,5955.0
15654,41064.0
15655,20684.0
15656,3977.0
15657,6089.0
15658,60508.0
15659,7081.0
15660,7046.0
15661,5883.0
15662,63277.0
15663,6324.0
15664,2901.0
15665,54841.0
15666,9000.0
15667,59571.0
15668,8799.0
15669,4674.0
15670,45776.0
15671,61933.0
15672,6450.0
15673,52380.0
15674,4755.0
15675,37985.0
15676,53824.0
15677,60508.0
15678,7412.0
15679,74880.0
15680,96844.0
15681,7054.0
15682,2464.0
15683,3357.0
15684,4811.0
15685,10069.0
15686,4413.0
15687,9201.0
15688,5772.0
15689,15312.0
15690,72339.0
15691,52287.0
15692,6489.0
15693,5685.0
15694,5014.0
15695,3860.0
15696,39499.0
15697,37985.0
15698,3979.0
15699,5955.0
15700,3357.0
15701,6287.0
15702,3998.0
15703,42521.0
15704,6090.0
15705,13231.0
15706,48289.0
15707,6461.0
15708,4267.0
15709,4071.0
15710,64285.0
15711,14565.0
15712,5656.0
15713,7992.0
15714,6776.0
15715,1551.0
15716,5441.0
15717,3610.0
15718,4637.0
15719,7551.0
15720,58315.0
15721,3543.0
15722,44438.0
15723,41281.0
15724,50969.0
15725,5955.0
15726,7172.0
15727,7292.0
15728,7056.0
15729,5937.0
15730,22717.0
15731,9000.0
15732,1776.0
15733,7426.0
15734,67004.0
15735,3846.0
15736,2862.0
15737,4700.0
15738,4357.0
15739,4720.0
15740,32923.0
15741,55502.0
15742,4368.0
15743,27792.0
15744,11175.0
15745,1543.0
15746,2477.0
15747,11553.0
15748,5943.0
15749,5817.0
15750,53152.0
15751,2098.0
15752,6171.0
15753,4363.0
15754,6324.0
15755,4755.0
15756,4755.0
15757,47844.0
15758,2723.0
15759,47408.0
15760,51457.0
15761,31721.0
15762,60160.0
15763,3191.0
15764,6461.0
15765,54777.0
15766,45776.0
15767,20684.0
15768,4417.0
15769,6711.0
15770,60508.0
15771,3943.0
15772,6311.0
15773,54896.0
15774,42777.0
15775,11129.0
15776,4170.0
15777,12360.0
15778,3999.0
15779,5972.0
15780,45257.0
15781,5289.0
15782,13930.0
15783,4594.0
15784,7046.0
15785,5467.0
15786,2353.0
15787,2723.0
15788,53152.0
15789,4294.0
15790,6450.0
15791,5523.0
15792,30760.0
15793,41064.0
15794,2792.0
15795,9840.0
15796,5227.0
15797,3860.0
15798,16210.0
15799,25470.0
15800,2835.0
15801,4165.0
15802,5499.0
15803,5849.0
15804,2464.0
15805,68184.0
15806,6840.0
15807,60508.0
15808,50271.0
15809,4239.0
15810,8883.0
15811,10901.0
15812,7575.0
15813,6296.0
15814,3096.0
15815,70431.0
15816,1714.0
15817,2737.0
15818,4019.0
15819,10584.0
15820,4500.0
15821,4789.0
15822,1776.0
15823,64969.0
15824,9377.0
15825,55983.0
15826,48851.0
15827,14364.0
15828,64569.0
15829,4274.0
15830,15825.0
15831,64285.0
15832,4578.0
15833,5632.0
15834,3324.0
15835,39321.0
15836,58315.0
15837,61933.0
15838,9412.0
15839,6807.0
15840,6956.0
15841,6488.0
15842,12276.0
15843,2201.0
15844,4213.0
15845,62591.0
15846,5568.0
15847,8224.0
15848,56590.0
15849,6067.0
15850,6146.0
15851,6191.0
15852,29980.0
15853,54841.0
15854,6292.0
15855,27864.0
15856,4020.0
15857,72339.0
15858,80566.0
15859,60508.0
15860,13303.0
15861,7585.0
15862,16212.0
15863,4559.0
15864,5454.0
15865,6296.0
15866,4145.0
15867,5027.0
15868,59880.0
15869,75317.0
15870,48079.0
15871,41269.0
15872,10744.0
15873,4202.0
15874,5124.0
15875,6195.0
15876,2621.0
15877,10828.0
15878,2051.0
15879,20760.0
15880,57920.0
15881,8631.0
15882,23523.0
15883,12836.0
15884,62188.0
15885,6594.0
15886,3379.0
15887,4287.0
15888,3860.0
15889,4658.0
15890,64285.0
15891,15697.0
15892,5949.0
15893,4262.0
15894,10648.0
15895,7496.0
15896,6395.0
15897,39321.0
15898,64173.0
15899,49553.0
15900,8112.0
15901,7774.0
15902,57017.0
15903,64113.0
15904,9201.0
15905,11271.0
15906,56588.0
15907,67769.0
15908,6595.0
15909,9767.0
15910,5232.0
15911,4496.0
15912,13023.0
15913,49553.0
15914,6489.0
15915,5942.0
15916,49465.0
15917,4741.0
15918,6158.0
15919,8579.0
15920,49725.0
15921,101531.0
15922,5206.0
15923,49553.0
15924,6461.0
15925,58125.0
15926,8062.0
15927,11055.0
15928,4672.0
15929,2080.0
15930,60508.0
15931,55377.0
15932,54684.0
15933,7028.0
15934,53164.0
15935,6489.0
15936,3334.0
15937,10090.0
15938,12821.0
15939,63027.0
15940,52063.0
15941,2723.0
15942,4499.0
15943,15154.0
15944,12821.0
15945,55983.0
15946,60978.0
15947,2124.0
15948,5949.0
15949,34460.0
15950,7488.0
15951,89541.0
15952,6951.0
15953,4337.0
15954,2436.0
15955,41269.0
15956,5441.0
15957,3288.0
15958,7192.0
15959,20760.0
15960,31462.0
15961,2056.0
15962,69244.0
15963,4971.0
15964,5949.0
15965,2410.0
15966,48948.0
15967,54608.0
15968,9884.0
15969,62591.0
15970,43729.0
15971,6734.0
15972,56476.0
15973,3999.0
15974,9668.0
15975,10019.0
15976,5846.0
15977,4496.0
15978,55377.0
15979,4020.0
15980,32646.0
15981,8172.0
15982,49896.0
15983,60396.0
15984,3096.0
15985,69825.0
15986,29980.0
15987,6985.0
15988,6161.0
15989,13386.0
15990,2436.0
15991,50473.0
15992,53164.0
15993,6883.0
15994,60396.0
15995,3862.0
15996,6075.0
15997,37668.0
15998,2343.0
15999,57790.0
16000,38099.0
16001,2339.0
16002,51117.0
16003,50823.0
16004,14839.0
16005,4796.0
16006,3587.0
16007,2960.0
16008,10744.0
16009,5635.0
16010,13403.0
16011,2614.0
16012,13720.0
16013,4729.0
16014,5206.0
16015,9277.0
16016,42521.0
16017,6412.0
16018,4658.0
16019,3466.0
16020,5441.0
16021,4417.0
16022,7596.0
16023,17794.0
16024,7212.0
16025,8251.0
16026,47217.0
16027,4417.0
16028,9828.0
16029,5960.0
16030,60396.0
16031,15268.0
16032,8069.0
16033,3831.0
16034,2057.0
16035,5102.0
16036,58125.0
16037,4357.0
16038,4961.0
16039,14364.0
16040,6450.0
16041,5102.0
16042,4038.0
16043,9283.0
16044,6200.0
16045,4249.0
16046,4589.0
16047,5089.0
16048,5902.0
16049,9277.0
16050,7808.0
16051,6450.0
16052,54684.0
16053,55377.0
16054,17464.0
16055,20760.0
16056,52522.0
16057,7410.0
16058,5632.0
16059,52287.0
16060,17621.0
16061,52063.0
16062,52287.0
16063,2700.0
16064,7054.0
16065,42457.0
16066,51707.0
16067,3916.0
16068,28457.0
16069,51707.0
16070,45033.0
16071,14889.0
16072,56991.0
16073,22140.0
16074,17604.0
16075,10018.0
16076,4556.0
16077,4453.0
16078,6195.0
16079,3393.0
16080,4500.0
16081,6932.0
16082,2051.0
16083,58315.0
16084,48795.0
16085,5943.0
16086,9884.0
16087,9891.0
16088,6122.0
16089,4099.0
16090,49177.0
16091,4339.0
16092,47408.0
16093,8909.0
16094,3959.0
16095,4637.0
16096,12990.0
16097,24056.0
16098,3466.0
16099,6692.0
16100,42457.0
16101,5027.0
16102,4863.0
16103,4162.0
16104,3096.0
16105,12894.0
16106,4071.0
16107,4086.0
16108,60396.0
16109,13184.0
16110,2250.0
16111,24129.0
16112,6466.0
16113,5365.0
16114,5178.0
16115,4170.0
16116,7471.0
16117,11129.0
16118,41314.0
16119,5212.0
16120,64285.0
16121,3862.0
16122,1977.0
16123,2056.0
16124,45185.0
16125,6023.5
16126,7423.0
16127,6458.0
16128,2426.0
16129,3334.0
16130,5100.0
16131,2250.0
16132,53440.0
16133,5227.0
16134,37985.0
16135,5523.0
16136,42521.0
16137,53743.0
16138,61873.0
16139,7081.0
16140,9313.0
16141,14264.0
16142,53164.0
16143,4048.0
16144,6465.0
16145,42521.0
16146,65033.0
16147,61933.0
16148,48851.0
16149,6293.0
16150,68705.0
16151,12150.0
16152,7212.0
16153,3153.0
16154,6395.0
16155,3999.0
16156,6437.0
16157,5771.0
16158,5441.0
16159,32923.0
16160,3334.0
16161,3987.0
16162,49613.0
16163,62617.0
16164,9678.0
16165,3621.0
16166,8148.0
16167,19383.0
16168,4452.0
16169,4499.0
16170,49553.0
16171,56073.0
16172,49177.0
16173,5360.0
16174,6122.0
16175,2737.0
16176,69713.0
16177,5955.0
16178,60508.0
16179,6390.0
16180,2673.0
16181,1105.0
16182,13054.0
16183,5040.0
16184,3764.0
16185,5882.0
16186,6488.0
16187,4348.0
16188,64173.0
16189,36712.0
16190,5441.0
16191,56069.0
16192,2343.0
16193,5949.0
16194,6840.0
16195,2203.0
16196,11520.0
16197,60555.0
16198,3000.0
16199,61873.0
16200,17094.0
16201,6510.0
16202,66928.0
16203,49725.0
16204,7020.0
16205,7467.0
16206,11045.0
16207,3100.0
16208,32923.0
16209,51707.0
16210,53512.0
16211,61933.0
16212,28510.0
16213,7610.0
16214,4755.0
16215,5007.0
16216,52287.0
16217,69407.0
16218,9840.0
16219,3251.0
16220,72339.0
16221,5291.0
16222,7950.0
16223,3050.0
16224,54608.0
16225,1830.0
16226,3980.0
16227,22152.0
16228,6314.0
16229,4356.0
16230,7412.0
16231,11497.0
16232,3361.0
16233,74880.0
16234,31682.0
16235,5760.0
16236,3990.0
16237,5960.0
16238,7411.0
16239,4971.0
16240,2203.0
16241,3016.0
16242,48851.0
16243,7838.0
16244,1714.0
16245,5670.0
16246,7466.0
16247,52715.0
16248,5954.0
16249,5954.0
16250,6483.0
16251,11335.0
16252,4755.0
16253,4452.0
16254,3946.0
16255,13287.0
16256,66063.0
16257,4896.0
16258,1998.0
16259,8124.0
16260,5335.0
16261,4144.0
16262,49613.0
16263,32859.0
16264,10425.0
16265,3000.0
16266,32923.0
16267,8944.0
16268,82113.0
16269,4436.0
16270,53164.0
16271,44652.0
16272,2327.0
16273,2124.0
16274,3048.0
16275,5279.0
16276,4755.0
16277,52287.0
16278,26253.0
16279,2700.0
16280,47657.0
16281,54684.0
16282,65529.0
16283,3831.0
16284,32923.0
16285,2477.0
16286,3467.0
16287,11383.0
16288,54481.0
16289,85729.0
16290,4672.0
16291,58032.0
16292,9866.0
16293,12454.0
16294,5043.0
16295,7425.0
16296,4294.0
16297,31432.0
16298,3393.0
16299,2124.0
16300,61873.0
16301,58315.0
16302,4755.0
16303,54684.0
16304,5606.0
16305,8596.0
16306,6067.0
16307,6122.0
16308,60160.0
16309,3096.0
16310,10002.0
16311,5435.0
16312,37256.0
16313,44144.0
16314,6090.0
16315,52175.0
16316,7120.0
16317,55983.0
16318,5771.0
16319,4589.0
16320,4663.0
16321,4658.0
16322,4575.0
16323,62255.0
16324,41281.0
16325,3918.0
16326,5605.0
16327,13200.0
16328,4499.0
16329,5931.0
16330,36700.0
16331,4977.0
16332,6489.0
16333,7519.0
16334,5657.0
16335,3357.0
16336,20760.0
16337,4896.0
16338,4480.0
16339,8641.0
16340,9092.0
16341,49553.0
16342,14944.0
16343,4357.0
16344,6489.0
16345,25993.0
16346,2250.0
16347,15835.0
16348,3999.0
16349,49725.0
16350,23910.0
16351,42521.0
16352,4500.0
16353,3363.0
16354,4363.0
16355,3971.0
16356,5646.0
16357,6510.0
16358,4149.0
16359,10744.0
16360,8442.0
16361,5892.0
16362,6461.0
16363,4499.0
16364,3334.0
16365,54777.0
16366,3957.0
16367,4000.0
16368,53074.0
16369,12138.0
16370,6932.0
16371,8382.0
16372,8802.0
16373,60410.0
16374,3862.0
16375,4593.0
16376,20760.0
16377,2836.0
16378,47395.0
16379,6617.0
16380,7466.0
16381,31982.0
16382,3330.0
16383,9945.0
16384,60365.0
16385,68303.0
16386,41281.0
16387,64831.0
16388,51819.0
16389,6489.0
16390,64969.0
16391,57920.0
16392,5632.0
16393,54608.0
16394,13200.0
16395,15018.0
16396,6578.0
16397,3988.0
16398,3245.0
16399,6450.0
16400,5771.0
16401,4189.0
16402,4202.0
16403,2704.0
16404,14223.0
16405,56590.0
16406,62591.0
16407,5632.0
16408,7017.0
16409,44144.0
16410,80458.0
16411,44144.0
16412,49553.0
16413,3943.0
16414,10711.0
16415,37846.0
16416,12261.0
16417,11139.0
16418,57992.0
16419,3175.0
16420,54841.0
16421,5227.0
16422,45097.0
16423,4831.0
16424,4416.0
16425,5372.0
16426,60260.0
16427,6832.0
16428,4566.0
16429,53209.0
16430,49725.0
16431,4499.0
16432,7081.0
16433,12680.0
16434,10744.0
16435,3696.0
16436,5232.0
16437,4392.0
16438,45805.0
16439,3980.0
16440,11664.0
16441,5331.0
16442,59033.0
16443,4618.0
16444,3279.0
16445,74417.0
16446,7488.0
16447,22140.0
16448,4811.0
16449,60396.0
16450,4111.0
16451,41269.0
16452,41113.0
16453,4944.0
16454,5883.0
16455,57999.0
16456,4403.0
16457,52287.0
16458,11129.0
16459,54608.0
16460,4896.0
16461,6262.0
16462,45995.0
16463,5793.0
16464,4439.0
16465,64238.0
16466,6533.0
16467,12990.0
16468,43193.0
16469,40296.0
16470,2150.0
16471,10523.0
16472,18398.0
16473,13801.0
16474,4672.0
16475,5954.0
16476,4262.0
16477,51384.0
16478,6593.0
16479,9241.0
16480,8014.0
16481,9312.0
16482,3496.0
16483,2329.0
16484,52287.0
16485,52522.0
16486,4221.0
16487,5203.0
16488,4499.0
16489,7845.0
16490,6177.0
16491,17223.0
16492,13122.0
16493,55377.0
16494,5232.0
16495,7237.0
16496,67706.0
16497,3014.0
16498,5660.0
16499,15625.0
16500,11319.0
16501,10542.0
16502,53152.0
16503,54684.0
16504,57565.0
16505,5652.0
16506,11139.0
16507,3389.0
16508,10458.0
16509,50271.0
16510,52287.0
16511,52392.0
16512,11639.0
16513,56588.0
16514,11129.0
16515,49553.0
16516,12538.0
16517,4979.0
16518,6532.0
16519,69885.0
16520,6450.0
16521,4417.0
16522,12138.0
16523,41113.0
16524,22152.0
16525,4202.0
16526,51697.0
16527,2700.0
16528,53937.0
16529,28510.0
16530,4453.0
16531,36577.0
16532,56588.0
16533,5335.0
16534,55983.0
16535,9578.0
16536,46097.0
16537,52570.0
16538,13419.0
16539,7484.0
16540,8816.0
16541,6520.0
16542,34460.0
16543,12658.0
16544,6450.0
16545,3988.0
16546,11520.0
16547,22140.0
16548,5817.0
16549,3334.0
16550,6444.0
16551,3727.0
16552,14154.0
16553,10643.0
16554,11310.0
16555,4165.0
16556,4111.0
16557,49613.0
16558,60160.0
16559,45257.0
16560,6568.0
16561,6293.0
16562,6455.0
16563,6450.0
16564,5495.0
16565,4453.0
16566,6276.0
16567,2339.0
16568,5649.0
16569,73448.0
16570,6067.0
16571,56588.0
16572,8508.0
16573,8534.0
16574,53152.0
16575,6032.0
16576,1788.0
16577,51345.0
16578,52175.0
16579,5954.0
16580,1830.0
16581,13608.0
16582,5099.0
16583,8938.0
16584,5985.0
16585,9945.0
16586,52287.0
16587,8836.0
16588,5322.0
16589,45693.0
16590,10744.0
16591,11698.0
16592,4979.0
16593,5949.0
16594,56702.0
16595,6802.0
16596,54684.0
16597,4915.0
16598,1603.0
16599,4755.0
16600,5955.0
16601,8111.0
16602,3354.0
16603,6512.0
16604,4354.0
16605,4330.0
16606,84756.0
16607,4165.0
16608,7488.0
16609,6277.0
16610,3509.0
16611,4414.0
16612,10533.0
16613,1694.0
16614,60365.0
16615,3381.0
16616,4496.0
16617,3998.0
16618,2476.0
16619,13054.0
16620,18018.0
16621,38099.0
16622,52063.0
16623,17082.0
16624,8198.0
16625,3916.0
16626,6502.0
16627,8076.0
16628,6294.0
16629,3090.0
16630,10069.0
16631,5343.0
16632,41281.0
16633,2410.0
16634,53209.0
16635,32859.0
16636,4417.0
16637,44144.0
16638,61873.0
16639,6450.0
16640,9277.0
16641,7908.0
16642,4439.0
16643,49553.0
16644,10744.0
16645,45805.0
16646,3797.0
16647,50271.0
16648,6437.0
16649,12150.0
16650,6448.0
16651,13182.0
16652,5226.0
16653,60232.0
16654,6841.0
16655,64173.0
16656,6122.0
16657,53164.0
16658,60260.0
16659,3489.0
16660,64173.0
16661,4977.0
16662,7315.0
16663,66928.0
16664,74365.0
16665,49725.0
16666,11139.0
16667,4508.0
16668,14264.0
16669,50992.0
16670,4827.0
16671,6488.0
16672,47844.0
16673,43910.0
16674,54608.0
16675,53209.0
16676,77196.0
16677,64113.0
16678,12978.0
16679,39622.0
16680,10522.0
16681,3393.0
16682,54841.0
16683,1548.0
16684,42212.0
16685,11803.0
16686,53937.0
16687,8063.0
16688,66928.0
16689,5325.0
16690,20606.0
16691,5530.0
16692,4506.0
16693,67809.0
16694,55377.0
16695,4086.0
16696,3726.0
16697,12813.0
16698,6186.0
16699,58125.0
16700,8202.0
16701,44144.0
16702,6878.0
16703,6723.0
16704,53164.0
16705,50297.0
16706,2228.0
16707,12054.0
16708,8111.0
16709,4819.0
16710,72447.0
16711,56588.0
16712,24056.0
16713,7173.0
16714,4368.0
16715,3354.0
16716,6909.0
16717,42521.0
16718,13830.0
16719,56273.0
16720,6259.0
16721,50361.0
16722,2250.0
16723,5227.0
16724,3393.0
16725,5677.0
16726,5894.0
16727,10575.0
16728,13974.0
16729,57920.0
16730,51707.0
16731,6714.0
16732,20684.0
16733,47408.0
16734,5060.0
16735,1543.0
16736,2339.0
16737,2336.0
16738,47585.0
16739,4111.0
16740,65529.0
16741,11557.0
16742,3334.0
16743,3324.0
16744,11383.0
16745,7644.0
16746,11319.0
16747,65529.0
16748,7110.0
16749,12138.0
16750,68303.0
16751,8426.0
16752,4977.0
16753,6601.0
16754,5126.0
16755,2410.0
16756,60508.0
16757,54841.0
16758,67004.0
16759,42457.0
16760,57017.0
16761,4393.0
16762,4755.0
16763,2336.0
16764,66063.0
16765,5805.0
16766,3334.0
16767,6132.0
16768,54608.0
16769,2098.0
16770,10744.0
16771,4792.0
16772,13386.0
16773,5042.0
16774,6594.0
16775,5227.0
16776,1776.0
16777,3324.0
16778,72125.0
16779,44610.0
16780,6822.0
16781,64969.0
16782,54684.0
16783,44280.0
16784,13506.0
16785,54777.0
16786,3014.0
16787,6461.0
16788,6568.0
16789,4746.0
16790,6529.0
16791,4979.0
16792,12214.0
16793,1830.0
16794,34460.0
16795,59021.0
16796,4371.0
16797,1443.0
16798,4414.0
16799,51595.0
16800,41064.0
16801,3611.0
16802,8944.0
16803,7117.0
16804,3990.0
16805,56161.0
16806,50271.0
16807,5364.0
16808,3401.0
16809,53364.0
16810,62448.0
16811,6133.0
16812,18135.0
16813,2276.0
16814,3622.0
16815,3381.0
16816,6133.0
16817,13083.0
16818,4537.0
16819,61583.0
16820,3015.0
16821,37985.0
16822,7081.0
16823,7749.0
16824,62255.0
16825,55502.0
16826,4276.0
16827,11310.0
16828,13240.0
16829,6489.0
16830,2124.0
16831,3763.0
16832,8192.0
16833,32634.0
16834,85820.0
16835,62636.0
16836,11550.0
16837,53440.0
16838,6067.0
16839,6311.0
16840,68317.0
16841,45693.0
16842,4714.0
16843,51345.0
16844,42424.0
16845,60365.0
16846,5012.0
16847,10228.0
16848,4620.0
16849,57017.0
16850,6067.0
16851,5103.0
16852,54896.0
16853,4414.0
16854,5960.0
16855,5042.0
16856,4417.0
16857,60365.0
16858,8251.0
16859,6200.0
16860,2336.0
16861,12410.0
16862,3999.0
16863,2564.0
16864,62045.0
16865,8063.0
16866,44280.0
16867,2966.0
16868,60508.0
16869,5823.0
16870,11006.0
16871,10724.0
16872,3127.0
16873,6585.0
16874,7838.0
16875,4687.0
16876,10680.0
16877,4680.0
16878,6977.0
16879,4556.0
16880,11069.0
16881,6568.0
16882,60396.0
16883,54684.0
16884,54896.0
16885,4732.0
16886,6489.0
16887,80715.0
16888,7426.0
16889,14889.0
16890,6296.0
16891,2124.0
16892,80544.0
16893,6461.0
16894,2464.0
16895,14681.0
16896,12118.0
16897,54608.0
16898,4230.0
16899,3379.0
16900,1551.0
16901,3813.0
16902,54777.0
16903,5772.0
16904,3754.0
16905,48169.0
16906,4001.0
16907,7494.0
16908,6958.0
16909,1830.0
16910,7575.0
16911,4417.0
16912,39321.0
16913,9277.0
16914,60508.0
16915,6432.0
16916,2111.0
16917,3150.0
16918,6893.0
16919,32923.0
16920,5943.0
16921,5417.0
16922,13014.0
16923,5584.0
16924,44144.0
16925,60396.0
16926,5177.0
16927,48851.0
16928,3916.0
16929,68743.0
16930,9922.0
16931,38099.0
16932,4612.0
16933,5040.0
16934,27792.0
16935,9073.0
16936,52175.0
16937,53209.0
16938,5955.0
16939,5888.0
16940,14814.0
16941,4554.0
16942,54608.0
16943,45257.0
16944,53364.0
16945,6722.0
16946,6461.0
16947,14310.0
16948,42457.0
16949,5314.0
16950,11853.0
16951,56702.0
16952,7425.0
16953,16254.0
16954,7412.0
16955,6694.0
16956,7958.0
16957,6583.0
16958,3654.0
16959,60396.0
16960,39766.0
16961,2276.0
16962,54841.0
16963,5177.0
16964,5292.0
16965,41064.0
16966,49177.0
16967,9032.0
16968,2621.0
16969,7411.0
16970,56702.0
16971,26980.0
16972,12978.0
16973,50271.0
16974,8043.0
16975,1924.0
16976,51707.0
16977,3266.0
16978,3458.0
16979,53937.0
16980,5754.0
16981,3096.0
16982,5718.0
16983,6461.0
16984,5102.0
16985,51595.0
16986,2614.0
16987,6209.0
16988,13054.0
16989,3466.0
16990,6711.0
16991,11057.0
16992,6093.0
16993,2276.0
16994,5955.0
16995,6977.0
16996,4566.0
16997,12222.0
16998,7954.0
16999,60396.0
17000,6084.0
17001,6390.0
17002,12499.0
17003,6139.0
17004,7005.0
17005,6195.0
17006,7479.0
17007,4658.0
17008,2339.0
17009,13089.0
17010,5502.0
17011,4173.0
17012,2339.0
17013,5656.0
17014,3674.0
17015,4724.0
17016,6186.0
17017,4348.0
17018,58125.0
17019,5178.0
17020,4048.0
17021,3393.0
17022,9201.0
17023,5949.0
17024,4500.0
17025,49725.0
17026,4263.0
17027,47507.0
17028,6324.0
17029,1443.0
17030,45883.0
17031,6109.0
17032,49613.0
17033,50969.0
17034,6292.0
17035,5949.0
17036,57920.0
17037,5954.0
17038,27792.0
17039,39499.0
17040,41314.0
17041,11553.0
17042,8112.0
17043,45883.0
17044,12256.0
17045,4359.0
17046,4390.0
17047,10744.0
17048,68415.0
17049,6502.0
17050,52287.0
17051,26666.0
17052,4556.0
17053,68841.0
17054,15204.0
17055,4559.0
17056,6577.0
17057,6863.0
17058,6032.0
17059,4363.0
17060,4979.0
17061,51457.0
17062,11205.0
17063,7488.0
17064,5939.0
17065,2977.0
17066,12007.0
17067,5696.0
17068,4229.0
17069,7224.0
17070,4496.0
17071,61583.0
17072,51697.0
17073,4746.0
17074,4390.0
17075,5441.0
17076,3096.0
17077,54841.0
17078,4979.0
17079,2723.0
17080,11664.0
17081,4345.0
17082,6294.0
17083,12771.0
17084,44144.0
17085,4863.0
17086,6461.0
17087,53152.0
17088,2738.0
17089,54115.0
17090,4451.0
17091,4499.0
17092,51817.0
17093,4020.0
17094,4672.0
17095,57417.0
17096,4969.0
17097,67004.0
17098,43811.0
17099,4202.0
17100,2614.0
17101,7762.0
17102,4073.0
17103,7081.0
17104,2150.0
17105,57992.0
17106,32859.0
17107,57992.0
17108,12990.0
17109,5817.0
17110,6578.0
17111,51457.0
17112,4499.0
17113,7413.0
17114,7488.0
17115,5289.0
17116,5670.0
17117,2339.0
17118,6093.0
17119,12570.0
17120,3791.0
17121,6461.0
17122,60232.0
17123,7572.0
17124,3980.0
17125,5601.0
17126,56702.0
17127,7424.0
17128,69168.0
17129,6489.0
17130,2994.0
17131,1830.0
17132,3999.0
17133,4324.0
17134,6172.0
17135,7462.0
17136,65529.0
17137,14008.0
17138,15312.0
17139,60508.0
17140,5125.0
17141,4111.0
17142,8214.0
17143,3965.0
17144,12410.0
17145,9840.0
17146,4416.0
17147,1105.0
17148,64113.0
17149,2339.0
17150,5772.0
17151,4020.0
17152,14355.0
17153,6826.0
17154,6158.0
17155,51595.0
17156,41281.0
17157,41974.0
17158,56476.0
17159,7877.0
17160,6067.0
17161,44144.0
17162,3379.0
17163,20684.0
17164,16837.0
17165,10061.0
17166,3496.0
17167,15204.0
17168,2228.0
17169,77039.0
17170,3916.0
17171,6488.0
17172,53937.0
17173,50271.0
17174,6172.0
17175,57074.0
17176,6740.0
17177,7175.0
17178,2228.0
17179,13104.0
17180,53164.0
17181,5178.0
17182,49725.0
17183,4363.0
17184,64831.0
17185,10608.0
17186,2339.0
17187,15831.0
17188,2201.0
17189,64173.0
17190,5102.0
17191,53937.0
17192,45257.0
17193,5681.0
17194,49725.0
17195,3015.0
17196,6324.0
17197,49177.0
17198,56702.0
17199,3251.0
17200,12468.0
17201,2823.0
17202,22157.0
17203,5467.0
17204,4612.0
17205,51384.0
17206,4979.0
17207,6863.0
17208,76143.0
17209,10248.0
17210,14620.0
17211,6776.0
17212,2150.0
17213,45600.0
17214,5322.0
17215,59324.0
17216,4896.0
17217,3656.0
17218,7484.0
17219,10715.0
17220,52063.0
17221,4452.0
17222,4499.0
17223,12546.0
17224,11456.0
17225,67004.0
17226,5790.0
17227,24163.0
17228,52287.0
17229,54841.0
17230,5343.0
17231,47217.0
17232,4499.0
17233,9086.0
17234,35490.0
17235,60396.0
17236,2098.0
17237,8336.0
17238,50271.0
17239,4499.0
17240,8977.5
17241,57920.0
17242,3349.0
17243,36700.0
17244,1776.0
17245,7153.0
17246,50361.0
17247,5960.0
17248,11310.0
17249,8799.0
17250,57075.0
17251,5943.0
17252,53937.0
17253,3000.0
17254,12134.0
17255,53499.0
17256,7192.0
17257,60365.0
17258,14350.0
17259,56476.0
17260,6172.0
17261,8112.0
17262,6412.0
17263,31450.0
17264,43711.0
17265,4500.0
17266,2228.0
17267,6343.0
17268,62448.0
17269,12150.0
17270,52392.0
17271,9879.0
17272,7580.0
17273,18482.0
17274,15405.0
17275,2482.0
17276,2815.0
17277,7959.0
17278,5943.0
17279,49613.0
17280,6892.0
17281,5772.0
17282,61933.0
17283,22140.0
17284,68743.0
17285,4672.0
17286,64890.0
17287,4361.0
17288,8885.0
17289,67769.0
17290,4209.0
17291,7774.0
17292,17703.0
17293,63725.0
17294,53164.0
17295,4158.0
17296,45185.0
17297,5805.0
17298,78428.0
17299,54684.0
17300,10018.0
17301,13524.0
17302,6432.0
17303,9828.0
17304,11129.0
17305,6195.0
17306,14364.0
17307,51707.0
17308,5206.0
17309,4145.0
17310,65529.0
17311,1105.0
17312,2105.0
17313,16003.0
17314,52063.0
17315,9265.0
17316,5293.0
17317,7489.0
17318,70543.0
17319,6172.0
17320,4844.0
17321,7424.0
17322,4769.0
17323,74880.0
17324,3393.0
17325,6461.0
17326,39321.0
17327,60508.0
17328,5506.0
17329,4071.0
17330,51707.0
17331,53152.0
17332,4439.0
17333,3860.0
17334,2124.0
17335,4393.0
17336,5888.0
17337,11069.0
17338,4593.0
17339,4893.0
17340,67004.0
17341,20684.0
17342,6181.0
17343,6690.0
17344,64890.0
17345,1543.0
17346,5606.0
17347,3475.0
17348,4294.0
17349,3611.0
17350,5954.0
17351,54841.0
17352,10425.0
17353,59021.0
17354,7167.0
17355,6502.0
17356,38099.0
17357,4977.0
17358,2477.0
17359,3916.0
17360,7434.0
17361,2836.0
17362,6578.0
17363,6825.0
17364,64285.0
17365,3822.0
17366,3457.0
17367,6822.0
17368,63163.0
17369,8463.0
17370,45883.0
17371,4173.0
17372,51707.0
17373,4846.0
17374,7575.0
17375,5772.0
17376,2361.0
17377,5520.0
17378,6706.0
17379,6450.0
17380,8130.0
17381,10373.0
17382,1755.0
17383,3727.0
17384,14880.0
17385,8854.0
17386,3574.0
17387,12792.0
17388,10680.0
17389,42521.0
17390,5943.0
17391,64173.0
17392,4417.0
17393,44280.0
17394,3393.0
17395,7877.0
17396,51707.0
17397,6791.0
17398,9124.0
17399,11520.0
17400,38099.0
17401,3685.0
17402,4257.0
17403,4827.0
17404,18038.0
17405,5943.0
17406,6248.0
17407,4496.0
17408,64173.0
17409,6568.0
17410,57102.0
17411,6122.0
17412,5177.0
17413,67769.0
17414,5955.0
17415,5943.0
17416,5942.0
17417,4416.0
17418,3999.0
17419,6311.0
17420,3393.0
17421,5820.0
17422,7731.0
17423,9884.0
17424,49553.0
17425,6295.0
17426,5152.0
17427,3884.0
17428,17535.0
17429,2723.0
17430,74365.0
17431,79024.0
17432,3788.0
17433,1551.0
17434,12780.0
17435,4827.0
17436,29954.0
17437,45995.0
17438,9493.0
17439,73689.0
17440,41281.0
17441,6488.0
17442,18135.0
17443,42457.0
17444,7496.0
17445,39555.0
17446,52287.0
17447,3543.0
17448,9980.0
17449,6165.0
17450,7006.0
17451,6262.0
17452,2719.0
17453,47657.0
17454,54608.0
17455,11129.0
17456,41269.0
17457,55983.0
17458,11468.0
17459,4756.0
17460,9775.0
17461,7484.0
17462,4673.0
17463,5888.0
17464,3996.0
17465,3754.0
17466,1551.0
17467,6238.0
17468,2201.0
17469,2410.0
17470,12684.0
17471,12455.0
17472,7215.0
17473,2476.0
17474,2339.0
17475,4729.0
17476,41113.0
17477,9735.0
17478,6568.0
17479,7692.0
17480,11179.0
17481,5625.0
17482,4945.0
17483,5322.0
17484,3916.0
17485,70431.0
17486,7774.0
17487,5499.0
17488,4731.0
17489,1714.0
17490,52287.0
17491,3379.0
17492,48851.0
17493,13423.0
17494,10890.0
17495,3015.0
17496,4222.0
17497,6177.0
17498,47545.0
17499,51595.0
17500,51819.0
17501,5410.0
17502,4387.0
17503,60396.0
17504,15002.0
17505,61049.0
17506,4027.0
17507,4814.0
17508,3623.0
17509,78913.0
17510,4307.0
17511,29170.0
17512,4556.0
17513,5792.0
17514,2468.0
17515,38043.0
17516,41281.0
17517,6324.0
17518,6032.5
17519,76829.0
17520,22152.0
17521,5227.0
17522,3177.0
17523,5178.0
17524,3379.0
17525,4836.0
17526,12150.0
17527,20772.0
17528,11928.0
17529,72065.0
17530,66928.0
17531,3048.0
17532,45693.0
17533,3512.0
17534,4173.0
17535,7145.0
17536,29954.0
17537,45883.0
17538,4549.0
17539,64890.0
17540,6461.0
17541,68415.0
17542,22152.0
17543,4294.0
17544,69265.0
17545,60220.0
17546,53743.0
17547,45185.0
17548,2339.0
17549,31622.0
17550,13524.0
17551,6488.0
17552,2409.0
17553,13918.0
17554,5954.0
17555,66267.0
17556,5040.0
17557,11691.0
17558,56590.0
17559,7978.0
17560,11448.0
17561,9017.0
17562,43376.0
17563,2339.0
17564,68303.0
17565,1890.0
17566,66671.0
17567,5960.0
17568,6744.0
17569,71229.0
17570,12474.0
17571,4724.0
17572,2343.0
17573,5910.0
17574,4452.0
17575,3467.0
17576,3674.0
17577,48233.0
17578,2476.0
17579,66063.0
17580,4230.0
17581,11853.0
17582,2343.0
17583,5523.0
17584,56991.0
17585,15615.0
17586,5042.0
17587,6332.0
17588,6702.0
17589,10672.0
17590,56588.0
17591,6172.0
17592,7927.0
17593,28510.0
17594,11508.0
17595,69244.0
17596,51707.0
17597,4073.0
17598,4028.0
17599,5042.0
17600,11570.0
17601,5178.0
17602,49553.0
17603,4297.0
17604,5276.0
17605,45805.0
17606,7838.0
17607,4144.0
17608,60978.0
17609,6120.0
17610,14503.0
17611,4503.0
17612,47586.0
17613,26360.0
17614,5960.0
17615,7424.0
17616,50271.0
17617,4072.0
17618,39610.0
17619,55983.0
17620,65529.0
17621,53209.0
17622,1998.0
17623,47586.0
17624,3916.0
17625,3813.0
17626,47429.0
17627,4357.0
17628,55377.0
17629,3379.0
17630,2737.0
17631,12150.0
17632,7424.0
17633,6354.0
17634,6082.0
17635,12990.0
17636,4165.0
17637,2022.0
17638,51345.0
17639,56588.0
17640,60555.0
17641,22140.0
17642,9277.0
17643,14245.0
17644,6461.0
17645,15889.0
17646,5610.0
17647,6215.0
17648,4971.0
17649,11793.0
17650,54608.0
17651,60978.0
17652,49553.0
17653,8702.5
17654,54777.0
17655,15542.0
17656,62748.0
17657,49613.0
17658,7927.0
17659,51391.0
17660,5953.0
17661,10243.0
17662,4028.0
17663,12033.0
17664,13525.0
17665,57081.0
17666,2201.0
17667,5101.0
17668,7954.0
17669,53071.0
17670,5810.0
17671,39377.0
17672,65529.0
17673,53209.0
17674,3361.0
17675,7221.0
17676,4028.0
17677,2124.0
17678,4913.0
17679,6342.0
17680,20688.0
17681,41101.0
17682,7563.0
17683,4500.0
17684,53440.0
17685,51305.0
17686,2203.0
17687,80566.0
17688,5018.0
17689,57920.0
17690,4363.0
17691,36980.0
17692,8817.0
17693,3393.0
17694,4230.0
17695,6331.0
17696,45257.0
17697,53634.0
17698,3453.0
17699,56588.0
17700,44144.0
17701,6115.0
17702,5660.0
17703,2228.0
17704,96205.0
17705,51595.0
17706,5037.0
17707,12637.0
17708,49553.0
17709,50957.0
17710,1776.0
17711,56476.0
17712,1551.0
17713,2750.0
17714,22140.0
17715,12747.0
17716,60508.0
17717,6450.0
17718,8705.0
17719,6067.0
17720,6082.0
17721,6131.0
17722,5937.0
17723,5817.0
17724,6353.0
17725,4249.0
17726,61273.0
17727,6825.0
17728,32859.0
17729,4028.0
17730,74844.0
17731,5955.0
17732,6024.0
17733,6339.0
17734,5761.0
17735,5120.0
17736,51457.0
17737,55087.0
17738,7487.0
17739,13455.0
17740,51707.0
17741,57057.0
17742,8029.0
17743,60508.0
17744,6133.0
17745,5452.0
17746,2353.0
17747,4039.0
17748,1830.0
17749,2738.0
17750,54896.0
17751,5902.0
17752,8004.0
17753,3280.0
17754,5231.0
17755,4204.0
17756,10604.0
17757,11205.0
17758,13944.0
17759,7424.0
17760,3916.0
17761,5026.0
17762,75933.0
17763,62448.0
17764,5070.5
17765,4977.0
17766,11900.0
17767,5041.0
17768,5761.0
17769,6489.0
17770,8391.0
17771,4076.0
17772,38099.0
17773,15355.5
17774,8885.0
17775,22152.0
17776,4498.0
17777,47545.0
17778,6711.0
17779,4968.0
17780,3389.0
17781,3379.0
17782,5955.0
17783,9861.0
17784,7488.0
17785,4048.0
17786,4896.0
17787,66928.0
17788,56702.0
17789,53152.0
17790,1890.0
17791,4094.0
17792,50969.0
17793,41314.0
17794,49613.0
17795,6578.0
17796,22140.0
17797,7329.0
17798,50271.0
17799,41101.0
17800,8253.0
17801,4314.0
17802,2132.0
17803,10112.0
17804,7563.0
17805,5924.0
17806,51707.0
17807,4496.0
17808,10264.0
17809,54841.0
17810,2723.0
17811,57920.0
17812,4307.0
17813,56476.0
17814,62524.0
17815,3587.0
17816,22140.0
17817,62045.0
17818,53743.0
17819,4637.0
17820,51707.0
17821,51875.0
17822,7304.0
17823,5107.0
17824,16823.0
17825,55502.0
17826,9671.0
17827,60365.0
17828,7877.0
17829,4789.0
17830,12605.0
17831,3884.0
17832,3860.0
17833,4027.0
17834,4501.0
17835,2857.0
17836,15813.0
17837,6032.0
17838,1890.0
17839,21819.0
17840,49725.0
17841,5549.0
17842,2201.0
17843,49725.0
17844,9855.0
17845,57081.0
17846,3862.0
17847,17794.0
17848,8580.0
17849,4338.0
17850,54608.0
17851,5888.0
17852,7212.0
17853,50271.0
17854,61049.0
17855,4209.0
17856,3528.0
17857,10073.0
17858,8467.0
17859,5322.0
17860,64139.0
17861,73481.0
17862,32923.0
17863,5977.0
17864,6578.0
17865,6122.0
17866,5817.0
17867,52287.0
17868,4173.0
17869,6395.0
17870,4190.0
17871,7584.0
17872,5949.0
17873,13122.0
17874,5496.0
17875,6067.0
17876,78025.0
17877,10604.0
17878,51707.0
17879,4019.0
17880,5177.0
17881,11205.0
17882,15784.0
17883,27792.0
17884,4417.0
17885,6578.0
17886,1776.0
17887,1543.0
17888,2835.0
17889,3987.0
17890,4357.0
17891,4327.0
17892,41113.0
17893,60508.0
17894,6161.0
17895,5910.0
17896,45257.0
17897,4452.0
17898,14658.0
17899,56702.0
17900,2050.0
17901,5930.0
17902,60978.0
17903,2903.0
17904,6461.0
17905,49725.0
17906,36565.0
17907,3822.0
17908,37985.0
17909,65529.0
17910,7425.0
17911,22140.0
17912,51372.0
17913,50969.0
17914,11584.0
17915,3346.0
17916,51875.0
17917,2482.0
17918,54608.0
17919,11205.0
17920,8112.0
17921,91177.0
17922,3393.0
17923,51345.0
17924,8909.0
17925,54115.0
17926,3346.0
17927,5943.0
17928,14954.0
17929,6324.0
17930,2835.0
17931,8534.0
17932,3000.0
17933,2056.0
17934,6067.0
17935,66063.0
17936,6514.0
17937,57405.0
17938,3571.0
17939,45883.0
17940,21740.0
17941,23038.0
17942,53152.0
17943,12423.0
17944,10720.0
17945,81284.0
17946,1800.0
17947,9807.0
17948,2074.0
17949,47585.0
17950,6122.0
17951,37985.0
17952,4452.0
17953,3000.0
17954,1443.0
17955,1105.0
17956,9879.0
17957,3911.0
17958,62793.0
17959,10425.0
17960,2201.0
17961,3434.0
17962,11307.0
17963,6450.0
17964,20684.0
17965,8483.0
17966,2409.0
17967,10826.0
17968,3754.0
17969,10002.0
17970,2276.0
17971,6489.0
17972,7692.0
17973,4933.0
17974,4149.0
17975,53624.0
17976,2823.0
17977,54777.0
17978,6082.0
17979,2098.0
17980,4814.0
17981,41314.0
17982,5605.0
17983,51697.0
17984,50271.0
17985,6324.0
17986,64139.0
17987,6412.0
17988,51817.0
17989,17522.0
17990,51819.0
17991,5685.0
17992,8111.0
17993,27976.0
17994,49896.0
17995,4499.0
17996,10058.0
17997,2723.0
17998,9105.0
17999,58125.0
18000,59108.0
18001,5954.0
18002,6461.0
18003,6024.0
18004,6319.0
18005,5042.0
18006,12546.0
18007,60396.0
18008,54608.0
18009,3361.0
18010,60365.0
18011,7530.0
18012,62188.0
18013,10822.0
18014,3998.0
18015,5949.0
18016,73369.0
18017,3433.0
18018,6274.0
18019,107216.0
18020,5823.0
18021,51819.0
18022,67473.0
18023,66063.0
18024,2074.0
18025,3253.0
18026,12855.0
18027,5027.0
18028,47408.0
18029,4654.0
18030,29776.0
18031,27976.0
18032,23944.0
18033,5960.0
18034,10608.0
18035,4359.0
18036,3379.0
18037,8112.0
18038,3971.0
18039,55983.0
18040,4678.0
18041,32923.0
18042,2339.0
18043,5135.0
18044,8526.0
18045,53440.0
18046,53937.0
18047,4505.0
18048,17082.0
18049,8140.0
18050,6502.0
18051,51372.0
18052,4071.0
18053,56702.0
18054,4272.0
18055,3466.0
18056,6791.0
18057,2208.0
18058,11129.0
18059,7425.0
18060,44144.0
18061,3090.0
18062,68303.0
18063,7767.0
18064,11456.0
18065,2124.0
18066,63979.0
18067,32923.0
18068,6937.0
18069,45185.0
18070,6461.0
18071,60260.0
18072,3014.0
18073,54115.0
18074,12389.0
18075,6075.0
18076,11006.0
18077,2526.0
18078,6437.0
18079,8112.0
18080,5179.0
18081,8454.0
18082,60978.0
18083,4417.0
18084,4348.0
18085,5410.0
18086,80129.0
18087,6668.0
18088,29776.0
18089,60508.0
18090,4594.0
18091,75597.0
18092,61873.0
18093,8641.0
18094,54608.0
18095,8877.0
18096,2700.0
18097,4898.0
18098,6118.0
18099,57017.0
18100,7950.0
18101,60508.0
18102,47586.0
18103,7484.0
18104,1543.0
18105,2276.0
18106,7958.0
18107,67497.0
18108,11205.0
18109,45995.0
18110,3223.0
18111,1714.0
18112,3096.0
18113,60978.0
18114,5441.0
18115,5441.0
18116,6502.0
18117,7488.0
18118,5696.0
18119,60160.0
18120,4111.0
18121,5322.0
18122,53209.0
18123,11069.0
18124,53743.0
18125,4914.0
18126,52287.0
18127,56588.0
18128,42521.0
18129,1998.0
18130,14238.0
18131,49725.0
18132,3457.0
18133,29406.0
18134,2156.0
18135,53164.0
18136,54608.0
18137,4547.0
18138,62729.0
18139,6153.0
18140,65457.0
18141,60978.0
18142,55377.0
18143,4000.0
18144,3629.0
18145,3961.0
18146,5942.0
18147,2835.0
18148,60508.0
18149,7488.0
18150,5772.0
18151,55377.0
18152,45257.0
18153,6015.0
18154,50271.0
18155,45883.0
18156,3191.0
18157,5542.0
18158,56879.0
18159,13588.0
18160,11846.0
18161,61583.0
18162,11675.0
18163,4651.0
18164,7487.0
18165,6133.0
18166,14074.0
18167,42457.0
18168,3999.0
18169,8112.0
18170,14880.0
18171,11319.0
18172,12530.0
18173,57920.0
18174,52380.0
18175,8112.0
18176,52063.0
18177,3346.0
18178,1694.0
18179,20293.0
18180,60396.0
18181,57920.0
18182,5937.0
18183,4033.0
18184,4111.0
18185,4128.0
18186,60160.0
18187,13538.0
18188,60508.0
18189,62188.0
18190,3010.0
18191,4363.0
18192,13432.0
18193,67769.0
18194,5888.0
18195,53152.0
18196,58111.0
18197,9840.0
18198,54684.0
18199,10575.0
18200,3090.0
18201,4783.0
18202,4755.0
18203,102114.0
18204,3362.0
18205,54684.0
18206,51372.0
18207,42521.0
18208,2723.0
18209,7004.0
18210,5942.0
18211,54841.0
18212,53164.0
18213,64831.0
18214,5949.0
18215,7476.0
18216,7425.0
18217,5892.0
18218,49613.0
18219,3546.0
18220,4173.0
18221,4517.0
18222,6226.0
18223,5628.0
18224,9654.0
18225,49725.0
18226,6678.0
18227,64173.0
18228,5761.0
18229,57081.0
18230,6133.0
18231,5293.0
18232,6008.0
18233,6489.0
18234,57081.0
18235,12780.0
18236,5761.0
18237,45230.0
18238,57666.0
18239,56588.0
18240,75721.0
18241,62524.0
18242,5534.0
18243,55983.0
18244,39321.0
18245,69113.0
18246,5231.0
18247,51595.0
18248,6578.0
18249,52175.0
18250,45672.0
18251,71117.0
18252,76808.0
18253,4272.0
18254,3708.0
18255,8930.0
18256,3269.0
18257,8118.0
18258,2723.0
18259,5153.0
18260,60508.0
18261,3381.0
18262,3334.0
18263,6489.0
18264,5761.0
18265,5955.0
18266,64285.0
18267,4478.0
18268,41314.0
18269,7128.0
18270,1776.0
18271,6458.0
18272,44280.0
18273,55377.0
18274,5174.0
18275,36712.0
18276,3330.0
18277,1694.0
18278,50868.0
18279,54481.0
18280,6578.0
18281,2410.0
18282,6412.0
18283,8676.0
18284,5232.0
18285,6578.0
18286,44280.0
18287,96844.0
18288,6314.0
18289,7781.0
18290,6314.0
18291,44280.0
18292,4173.0
18293,56879.0
18294,80566.0
18295,41269.0
18296,8632.0
18297,52287.0
18298,5954.0
18299,7281.0
18300,7593.0
18301,43376.0
18302,6324.0
18303,3357.0
18304,9540.0
18305,7106.0
18306,77196.0
18307,6488.0
18308,2051.0
18309,6395.0
18310,7763.0
18311,3571.0
18312,11247.0
18313,6311.0
18314,4186.0
18315,44144.0
18316,22152.0
18317,9968.0
18318,5237.0
18319,3943.0
18320,8747.0
18321,45185.0
18322,57920.0
18323,7237.0
18324,39321.0
18325,61874.0
18326,5441.0
18327,1890.0
18328,4827.0
18329,47545.0
18330,4130.0
18331,13944.0
18332,13947.0
18333,4130.0
18334,5322.0
18335,6779.0
18336,52063.0
18337,8529.0
18338,1977.0
18339,4025.0
18340,4554.0
18341,5364.0
18342,49553.0
18343,2336.0
18344,6132.0
18345,11520.0
18346,6787.0
18347,7072.0
18348,4502.0
18349,5632.0
18350,6060.0
18351,13054.0
18352,3393.0
18353,59827.0
18354,4390.0
18355,48670.0
18356,4454.0
18357,4165.0
18358,8918.0
18359,5780.0
18360,5813.0
18361,5253.0
18362,5323.0
18363,6985.0
18364,63277.0
18365,16443.0
18366,5960.0
18367,55983.0
18368,11129.0
18369,3912.0
18370,3543.0
18371,64831.0
18372,7288.0
18373,6786.0
18374,52392.0
18375,6489.0
18376,7416.0
18377,79349.0
18378,54896.0
18379,6109.0
18380,54684.0
18381,5441.0
18382,6395.0
18383,16140.0
18384,6308.0
18385,7584.0
18386,6002.0
18387,2339.0
18388,5791.0
18389,45883.0
18390,5823.0
18391,7487.0
18392,3072.0
18393,6489.0
18394,5014.0
18395,4500.0
18396,6032.0
18397,64005.0
18398,72268.0
18399,11675.0
18400,4439.0
18401,6450.0
18402,3015.0
18403,6067.0
18404,59929.0
18405,4249.0
18406,44144.0
18407,14208.0
18408,10789.0
18409,55502.0
18410,50271.0
18411,65517.0
18412,54896.0
18413,3096.0
18414,62448.0
18415,4496.0
18416,53164.0
18417,6248.0
18418,51345.0
18419,45883.0
18420,11679.0
18421,20929.0
18422,5023.0
18423,65457.0
18424,21245.0
18425,1105.0
18426,3458.0
18427,6548.0
18428,48851.0
18429,2723.0
18430,6067.0
18431,7797.0
18432,7958.0
18433,6275.0
18434,10799.0
18435,3000.0
18436,7918.0
18437,8842.0
18438,12918.0
18439,82617.0
18440,5232.0
18441,2482.0
18442,59290.0
18443,5037.0
18444,54608.0
18445,4896.0
18446,54684.0
18447,12118.0
18448,3862.0
18449,3334.0
18450,5421.0
18451,57920.0
18452,3465.0
18453,2339.0
18454,4239.0
18455,9840.0
18456,5892.0
18457,12599.5
18458,60396.0
18459,55983.0
18460,21669.0
18461,25000.0
18462,12408.0
18463,72268.0
18464,54684.0
18465,65529.0
18466,66063.0
18467,9485.0
18468,2339.0
18469,71389.0
18470,2074.0
18471,60396.0
18472,23838.0
18473,4649.0
18474,9798.0
18475,69244.0
18476,4909.0
18477,53164.0
18478,6438.0
18479,6633.0
18480,3574.0
18481,7176.0
18482,49613.0
18483,51817.0
18484,11627.0
18485,5293.0
18486,50271.0
18487,37985.0
18488,72268.0
18489,4445.0
18490,3334.0
18491,6186.0
18492,6109.0
18493,6179.0
18494,72339.0
18495,1776.0
18496,6262.0
18497,13524.0
18498,56590.0
18499,62617.0
18500,8112.0
18501,43711.0
18502,10604.0
18503,53209.0
18504,4294.0
18505,1830.0
18506,4229.0
18507,6324.0
18508,6367.0
18509,5523.0
18510,4500.0
18511,5881.0
18512,2271.0
18513,52715.0
18514,7076.0
18515,45156.0
18516,6128.0
18517,5942.0
18518,4499.0
18519,4069.0
18520,4452.0
18521,4755.0
18522,6461.0
18523,60396.0
18524,20684.0
18525,3619.0
18526,4453.0
18527,57081.0
18528,11983.0
18529,6489.0
18530,53743.0
18531,59033.0
18532,11488.0
18533,6195.0
18534,51707.0
18535,4961.0
18536,4699.0
18537,3457.0
18538,9847.0
18539,29837.0
18540,20349.0
18541,4348.0
18542,4496.0
18543,10849.0
18544,5915.0
18545,4453.0
18546,53071.0
18547,3280.0
18548,4381.0
18549,4755.0
18550,4417.0
18551,62045.0
18552,5070.0
18553,51457.0
18554,6611.0
18555,7332.0
18556,48289.0
18557,2835.0
18558,60978.0
18559,6598.0
18560,6698.0
18561,9424.0
18562,4435.0
18563,6488.0
18564,4499.0
18565,5093.0
18566,5618.0
18567,60396.0
18568,5102.0
18569,1443.0
18570,11319.0
18571,5176.0
18572,5843.0
18573,6759.0
18574,4768.0
18575,23838.0
18576,39377.0
18577,3998.0
18578,2836.0
18579,8029.0
18580,39847.0
18581,6488.0
18582,40843.0
18583,49725.0
18584,11069.0
18585,52175.0
18586,42521.0
18587,7635.0
18588,45883.0
18589,66063.0
18590,6296.0
18591,2126.0
18592,60978.0
18593,62591.0
18594,6082.0
18595,6542.0
18596,61933.0
18597,6060.0
18598,41113.0
18599,2836.0
18600,45257.0
18601,65529.0
18602,73369.0
18603,2436.0
18604,82553.0
18605,59033.0
18606,3831.0
18607,1755.0
18608,3379.0
18609,10783.0
18610,2477.0
18611,3381.0
18612,27864.0
18613,2723.0
18614,60508.0
18615,57405.0
18616,42521.0
18617,5950.0
18618,4347.0
18619,5102.0
18620,4658.0
18621,7539.0
18622,56702.0
18623,44432.0
18624,27976.0
18625,7907.0
18626,8003.0
18627,2329.0
18628,45883.0
18629,5810.0
18630,60260.0
18631,7768.0
18632,67071.0
18633,5102.0
18634,3980.0
18635,45600.0
18636,54608.0
18637,55502.0
18638,3689.0
18639,5206.0
18640,5960.0
18641,42457.0
18642,56702.0
18643,48079.0
18644,63338.0
18645,8903.0
18646,42521.0
18647,7927.0
18648,54684.0
18649,4452.0
18650,45435.0
18651,5955.0
18652,61404.0
18653,1776.0
18654,35510.0
18655,13341.0
18656,13688.0
18657,9720.0
18658,57017.0
18659,41064.0
18660,3457.0
18661,39321.0
18662,6488.0
18663,5648.0
18664,13524.0
18665,44144.0
18666,6067.0
18667,8224.0
18668,76045.0
18669,10217.0
18670,13713.0
18671,59254.0
18672,4499.0
18673,49725.0
18674,8980.0
18675,69997.0
18676,2327.0
18677,11310.0
18678,69356.0
18679,5910.0
18680,54777.0
18681,57920.0
18682,6339.0
18683,3334.0
18684,3999.0
18685,67769.0
18686,54777.0
18687,5685.0
18688,3572.0
18689,64113.0
18690,54896.0
18691,12728.0
18692,53440.0
18693,4149.0
18694,5754.0
18695,69997.0
18696,5549.0
18697,37985.0
18698,8111.0
18699,65115.0
18700,44025.0
18701,4672.0
18702,10164.0
18703,9433.0
18704,6312.0
18705,59917.0
18706,4662.0
18707,51372.0
18708,6275.0
18709,5289.0
18710,12470.0
18711,4637.0
18712,6133.0
18713,68415.0
18714,7021.0
18715,5888.0
18716,60426.0
18717,12013.0
18718,4942.0
18719,1694.0
18720,5037.0
18721,3674.0
18722,52063.0
18723,5953.0
18724,56476.0
18725,60396.0
18726,10744.0
18727,16213.0
18728,51707.0
18729,2410.0
18730,67473.0
18731,7316.0
18732,60631.0
18733,1543.0
18734,2476.0
18735,2464.0
18736,2343.0
18737,92193.0
18738,51457.0
18739,6224.0
18740,10680.0
18741,4783.0
18742,24234.0
18743,6461.0
18744,3291.0
18745,5818.0
18746,4499.0
18747,2339.0
18748,41064.0
18749,5549.0
18750,5605.0
18751,5293.0
18752,5939.0
18753,27792.0
18754,45883.0
18755,60508.0
18756,5881.0
18757,5810.0
18758,4844.0
18759,2901.0
18760,31982.0
18761,5949.0
18762,54684.0
18763,4732.0
18764,51372.0
18765,8121.0
18766,52063.0
18767,44144.0
18768,14366.0
18769,4359.0
18770,9879.0
18771,61873.0
18772,6287.0
18773,4209.0
18774,6287.0
18775,6502.0
18776,32859.0
18777,7487.0
18778,5095.0
18779,5632.0
18780,11322.0
18781,36700.0
18782,54684.0
18783,5703.0
18784,4827.0
18785,6132.0
18786,6930.0
18787,5817.0
18788,4585.0
18789,4783.0
18790,5292.0
18791,4230.0
18792,11664.0
18793,50297.0
18794,32634.0
18795,60260.0
18796,9319.0
18797,5622.0
18798,45257.0
18799,39499.0
18800,7488.0
18801,5441.0
18802,6489.0
18803,3361.0
18804,59929.0
18805,3013.0
18806,2477.0
18807,69244.0
18808,5705.0
18809,5771.0
18810,48079.0
18811,51707.0
18812,4118.0
18813,13410.0
18814,6488.0
18815,2056.0
18816,53071.0
18817,55377.0
18818,12632.0
18819,5136.0
18820,44144.0
18821,4111.0
18822,6015.0
18823,17043.0
18824,51875.0
18825,5178.0
18826,6296.0
18827,2339.0
18828,4028.0
18829,6733.0
18830,15204.0
18831,6194.0
18832,3994.0
18833,4500.0
18834,1998.0
18835,4294.0
18836,14355.0
18837,49613.0
18838,4846.0
18839,47395.0
18840,6488.0
18841,4500.0
18842,5239.0
18843,66063.0
18844,5949.0
18845,22152.0
18846,5054.0
18847,48851.0
18848,54608.0
18849,6161.0
18850,5840.0
18851,4672.0
18852,2124.0
18853,3791.0
18854,17604.0
18855,7412.0
18856,60396.0
18857,2480.0
18858,6343.0
18859,54684.0
18860,49553.0
18861,2714.0
18862,5915.0
18863,8112.0
18864,5823.0
18865,6412.0
18866,3862.0
18867,53743.0
18868,12118.0
18869,5276.0
18870,45230.0
18871,5499.0
18872,6867.0
18873,5954.0
18874,5708.0
18875,4478.0
18876,2994.0
18877,7135.0
18878,1714.0
18879,6711.0
18880,11069.0
18881,3912.0
18882,82257.0
18883,2336.0
18884,47507.0
18885,54896.0
18886,7950.0
18887,5206.0
18888,10899.0
18889,39610.0
18890,68721.0
18891,57920.0
18892,14702.0
18893,66928.0
18894,3393.0
18895,44144.0
18896,6067.0
18897,55983.0
18898,2150.0
18899,3359.0
18900,60365.0
18901,5588.0
18902,5507.0
18903,6067.0
18904,42521.0
18905,5447.0
18906,53071.0
18907,5954.0
18908,3988.0
18909,8059.0
18910,3000.0
18911,4515.0
18912,42457.0
18913,6395.0
18914,58111.0
18915,6339.0
18916,8043.0
18917,4496.0
18918,18471.0
18919,54841.0
18920,4363.0
18921,45672.0
18922,34460.0
18923,11675.0
18924,78428.0
18925,5857.0
18926,8124.0
18927,4979.0
18928,5289.0
18929,6067.0
18930,7709.0
18931,11383.0
18932,3090.0
18933,9807.0
18934,4454.0
18935,7353.0
18936,3961.0
18937,2862.0
18938,16729.0
18939,3015.0
18940,50271.0
18941,5934.0
18942,55983.0
18943,7635.0
18944,2723.0
18945,37417.0
18946,5953.0
18947,16548.0
18948,4453.0
18949,41314.0
18950,53164.0
18951,48079.0
18952,60365.0
18953,6461.0
18954,61933.0
18955,6159.0
18956,52287.0
18957,2464.0
18958,4491.0
18959,5892.0
18960,59021.0
18961,3381.0
18962,16213.0
18963,39321.0
18964,5624.0
18965,3194.0
18966,5060.0
18967,7412.0
18968,8816.0
18969,4549.0
18970,4589.0
18971,13653.0
18972,7212.0
18973,10783.0
18974,11653.0
18975,7471.0
18976,4105.0
18977,21631.0
18978,2836.0
18979,7352.0
18980,17043.0
18981,66705.0
18982,60260.0
18983,54684.0
18984,4827.0
18985,3194.0
18986,4500.0
18987,3994.0
18988,39499.0
18989,52175.0
18990,13588.0
18991,6461.0
18992,5954.0
18993,3467.0
18994,4165.0
18995,8353.0
18996,3862.0
18997,4152.0
18998,7832.0
18999,44069.0
19000,4385.0
19001,45693.0
19002,2637.0
19003,55377.0
19004,51457.0
19005,6945.0
19006,3014.0
19007,6568.0
19008,6437.0
19009,43376.0
19010,62045.0
19011,56590.0
19012,5810.0
19013,74981.0
19014,3072.0
19015,1105.0
19016,77190.5
19017,44280.0
19018,3971.0
19019,6122.0
19020,6131.0
19021,8148.0
19022,4020.0
19023,69407.0
19024,7374.0
19025,68303.0
19026,5669.0
19027,5888.0
19028,41314.0
19029,49553.0
19030,16560.0
19031,72237.0
19032,41314.0
19033,7584.0
19034,3108.0
19035,39783.0
19036,1694.0
19037,5547.0
19038,6461.0
19039,54896.0
19040,15204.0
19041,3000.0
19042,10297.0
19043,5619.0
19044,12222.0
19045,62591.0
19046,44144.0
19047,3709.0
19048,53152.0
19049,4230.0
19050,2477.0
19051,4028.0
19052,43865.0
19053,2339.0
19054,13767.0
19055,54608.0
19056,4399.0
19057,5441.0
19058,5691.0
19059,1788.0
19060,7172.0
19061,11318.0
19062,2150.0
19063,3623.0
19064,47217.0
19065,7910.0
19066,4637.0
19067,69168.0
19068,5502.0
19069,11859.0
19070,60508.0
19071,63935.0
19072,4281.0
19073,5322.0
19074,70016.0
19075,38099.0
19076,10097.0
19077,3489.0
19078,51457.0
19079,11383.0
19080,49725.0
19081,27864.0
19082,51595.0
19083,6450.0
19084,18094.0
19085,55377.0
19086,5657.0
19087,9424.0
19088,77465.0
19089,66063.0
19090,55684.0
19091,6308.0
19092,73245.0
19093,6167.0
19094,3348.0
19095,3951.0
19096,5525.0
19097,3249.0
19098,5949.0
19099,51817.0
19100,57017.0
19101,52063.0
19102,7768.0
19103,44405.0
19104,3918.0
19105,5632.0
19106,4633.0
19107,4099.0
19108,20000.0
19109,13014.0
19110,9943.0
19111,45883.0
19112,45805.0
19113,3286.0
19114,3496.0
19115,13536.0
19116,1830.0
19117,77389.0
19118,7687.0
19119,6544.0
19120,3028.0
19121,9201.0
19122,23898.0
19123,5632.0
19124,4704.0
19125,54608.0
19126,6489.0
19127,7172.0
19128,12138.0
19129,3150.0
19130,60508.0
19131,52392.0
19132,6109.0
19133,4477.0
19134,4714.0
19135,71206.0
19136,6500.0
19137,3977.0
19138,1890.0
19139,4977.0
19140,55983.0
19141,59033.0
19142,58315.0
19143,3091.0
19144,4779.0
19145,58111.0
19146,17672.0
19147,6303.0
19148,37256.0
19149,64173.0
19150,27792.0
19151,53743.0
19152,51707.0
19153,8100.0
19154,19165.0
19155,58394.0
19156,4499.0
19157,12978.0
19158,41101.0
19159,4417.0
19160,4500.0
19161,57057.0
19162,55983.0
19163,38099.0
19164,45805.0
19165,11205.0
19166,6568.0
19167,45097.0
19168,4452.0
19169,6161.0
19170,16391.0
19171,8449.0
19172,3379.0
19173,1788.0
19174,3090.0
19175,60396.0
19176,7572.0
19177,9113.0
19178,5102.0
19179,8112.0
19180,80626.0
19181,41269.0
19182,19194.0
19183,50271.0
19184,5772.0
19185,2228.0
19186,13798.0
19187,4672.0
19188,4197.0
19189,4971.0
19190,5967.0
19191,5037.0
19192,9807.0
19193,17604.0
19194,34472.0
19195,5507.0
19196,9887.0
19197,3457.0
19198,5790.0
19199,11129.0
19200,5632.0
19201,101780.0
19202,4165.0
19203,4502.0
19204,4496.0
19205,6158.0
19206,9926.0
19207,4363.0
19208,6553.0
19209,60260.0
19210,3681.0
19211,13524.0
19212,49613.0
19213,49725.0
19214,2339.0
19215,4500.0
19216,3379.0
19217,3999.0
19218,5761.0
19219,5293.0
19220,37985.0
19221,7950.0
19222,10768.0
19223,2124.0
19224,54115.0
19225,5467.0
19226,38099.0
19227,5768.0
19228,5103.0
19229,4500.0
19230,5822.0
19231,6133.0
19232,6973.0
19233,5177.0
19234,59805.0
19235,49725.0
19236,6389.0
19237,6745.0
19238,1694.0
19239,12276.0
19240,57017.0
19241,51817.0
19242,63579.0
19243,49725.0
19244,39377.0
19245,4912.0
19246,5810.0
19247,10680.0
19248,6042.0
19249,7081.0
19250,87060.0
19251,5557.0
19252,59254.0
19253,3471.0
19254,51372.0
19255,8116.0
19256,54841.0
19257,51457.0
19258,15702.0
19259,4499.0
19260,8140.0
19261,7425.0
19262,6714.0
19263,49613.0
19264,5937.0
19265,5292.0
19266,4416.0
19267,54608.0
19268,52570.0
19269,41269.0
19270,10523.0
19271,6542.0
19272,7352.0
19273,3623.0
19274,10744.0
19275,4755.0
19276,62493.0
19277,13322.0
19278,14313.0
19279,3574.0
19280,64025.0
19281,18450.0
19282,5772.0
19283,3357.0
19284,4071.0
19285,3393.0
19286,11116.0
19287,3788.0
19288,4658.0
19289,3334.0
19290,3811.0
19291,5881.0
19292,56588.0
19293,41314.0
19294,3393.0
19295,49613.0
19296,6262.0
19297,5037.0
19298,13524.0
19299,54684.0
19300,5660.0
19301,5606.0
19302,7212.0
19303,12138.0
19304,3524.0
19305,36577.0
19306,7487.0
19307,5810.0
19308,6869.0
19309,13169.0
19310,5960.0
19311,5322.0
19312,5955.0
19313,66189.0
19314,3979.0
19315,4748.0
19316,5955.0
19317,5772.0
19318,3963.0
19319,9884.0
19320,60396.0
19321,82317.0
19322,4496.0
19323,6489.0
19324,7284.0
19325,28510.0
19326,11205.0
19327,8277.0
19328,69244.0
19329,5126.0
19330,37985.0
19331,66671.0
19332,8111.0
19333,11237.0
19334,74844.0
19335,68303.0
19336,57868.0
19337,2476.0
19338,9730.0
19339,7584.0
19340,45600.0
19341,4434.0
19342,10425.0
19343,6008.0
19344,50271.0
19345,4556.0
19346,6461.0
19347,7813.0
19348,5530.0
19349,61404.0
19350,62188.0
19351,13968.0
19352,18640.0
19353,4294.0
19354,3846.0
19355,2476.0
19356,51457.0
19357,11383.0
19358,58315.0
19359,5206.0
19360,2477.0
19361,6468.0
19362,5293.0
19363,5655.0
19364,45672.0
19365,2124.0
19366,66723.0
19367,3465.0
19368,56702.0
19369,5136.0
19370,60396.0
19371,44144.0
19372,9277.0
19373,6578.0
19374,2613.0
19375,3999.0
19376,45883.0
19377,23838.0
19378,2203.0
19379,45883.0
19380,9776.0
19381,5574.0
19382,52175.0
19383,4637.0
19384,3998.0
19385,6133.0
19386,32859.0
19387,6310.0
19388,5339.0
19389,6956.0
19390,10744.0
19391,9277.0
19392,4439.0
19393,49725.0
19394,57920.0
19395,57393.0
19396,11488.0
19397,4359.0
19398,60978.0
19399,12078.0
19400,13054.0
19401,3551.0
19402,5441.0
19403,52175.0
19404,8111.0
19405,5954.0
19406,4648.0
19407,6977.0
19408,4979.0
19409,3571.0
19410,4453.0
19411,1776.0
19412,2738.0
19413,59021.0
19414,6044.0
19415,5656.0
19416,44318.0
19417,8805.0
19418,6799.0
19419,3090.0
19420,44280.0
19421,2723.0
19422,4162.0
19423,52063.0
19424,7131.0
19425,11520.0
19426,11069.0
19427,4173.0
19428,51457.0
19429,5618.0
19430,58864.0
19431,57453.0
19432,12095.5
19433,2836.0
19434,9198.0
19435,60396.0
19436,54608.0
19437,6747.0
19438,37985.0
19439,4678.0
19440,5269.0
19441,5942.0
19442,51817.0
19443,7474.0
19444,10058.0
19445,65944.0
19446,50361.0
19447,4613.0
19448,8055.0
19449,7148.0
19450,6186.0
19451,6938.0
19452,5654.0
19453,4028.0
19454,23898.0
19455,1543.0
19456,56702.0
19457,2381.0
19458,6489.0
19459,9277.0
19460,4499.0
19461,60396.0
19462,1830.0
19463,45883.0
19464,5809.0
19465,5177.0
19466,5760.0
19467,54608.0
19468,5651.0
19469,50957.0
19470,6015.0
19471,5292.0
19472,5227.0
19473,42777.0
19474,38099.0
19475,4294.0
19476,5177.0
19477,5303.0
19478,51875.0
19479,6135.0
19480,3916.0
19481,47585.0
19482,59265.0
19483,76829.0
19484,8321.0
19485,10469.0
19486,57081.0
19487,2056.0
19488,2105.0
19489,54306.0
19490,6792.5
19491,1694.0
19492,1996.0
19493,2862.0
19494,56435.0
19495,47585.0
19496,19984.0
19497,7265.0
19498,8111.0
19499,9315.0
19500,59290.0
19501,2836.0
19502,8112.0
19503,16883.0
19504,2339.0
19505,44432.0
19506,2353.0
19507,7412.0
19508,9967.0
19509,7145.0
19510,74441.0
19511,14126.0
19512,54684.0
19513,3979.0
19514,8111.0
19515,6133.0
19516,41064.0
19517,17738.0
19518,5942.0
19519,5871.0
19520,4827.0
19521,7053.0
19522,55502.0
19523,7423.0
19524,4099.0
19525,92848.0
19526,11069.0
19527,11448.0
19528,6223.0
19529,60555.0
19530,5413.0
19531,3708.0
19532,70095.0
19533,7767.0
19534,39555.0
19535,3916.0
19536,61404.0
19537,7813.0
19538,44280.0
19539,5574.0
19540,2977.0
19541,5632.0
19542,3916.0
19543,6147.0
19544,14784.0
19545,8489.0
19546,7563.0
19547,2098.0
19548,60260.0
19549,31682.0
19550,4914.0
19551,43193.0
19552,54777.0
19553,4789.0
19554,77120.0
19555,4593.0
19556,56476.0
19557,45693.0
19558,24234.0
19559,4262.0
19560,9735.0
19561,4359.0
19562,3466.0
19563,4048.0
19564,5418.0
19565,3349.0
19566,60508.0
19567,41118.0
19568,12518.0
19569,3357.0
19570,54896.0
19571,3266.0
19572,5740.0
19573,13524.0
19574,3014.0
19575,60978.0
19576,6132.0
19577,4267.0
19578,3831.0
19579,2723.0
19580,48851.0
19581,71901.0
19582,54896.0
19583,68317.0
19584,6461.0
19585,6461.0
19586,4810.0
19587,4913.0
19588,60365.0
19589,2203.0
19590,4477.0
19591,6395.0
19592,64744.0
19593,9566.0
19594,5949.0
19595,12527.0
19596,3538.0
19597,9373.0
19598,6432.0
19599,54684.0
19600,55983.0
19601,57017.0
19602,2361.0
19603,4792.0
19604,2203.0
19605,4414.0
19606,3831.0
19607,9799.0
19608,6319.0
19609,58125.0
19610,7834.0
19611,3450.0
19612,6473.0
19613,8885.0
19614,37900.0
19615,6132.0
19616,4168.0
19617,49725.0
19618,2201.0
19619,53743.0
19620,5960.0
19621,4020.0
19622,42521.0
19623,4189.0
19624,5574.0
19625,5902.0
19626,45693.0
19627,5955.0
19628,72339.0
19629,2750.0
19630,44280.0
19631,7518.0
19632,6841.0
19633,4246.0
19634,6092.0
19635,2748.0
19636,41281.0
19637,7584.0
19638,4799.0
19639,6450.0
19640,58032.0
19641,49613.0
19642,14789.0
19643,6009.0
19644,2366.0
19645,44806.0
19646,68184.0
19647,16044.0
19648,5441.0
19649,10732.0
19650,93579.0
19651,3819.0
19652,4027.0
19653,6375.0
19654,12276.0
19655,52287.0
19656,5041.0
19657,64831.0
19658,53743.0
19659,3246.0
19660,51875.0
19661,6319.0
19662,47408.0
19663,4141.0
19664,4755.0
19665,53757.0
19666,6009.0
19667,7021.0
19668,53645.0
19669,7423.0
19670,52287.0
19671,55983.0
19672,60260.0
19673,55983.0
19674,42457.0
19675,5102.0
19676,3674.0
19677,4496.0
19678,4453.0
19679,5579.0
19680,4253.0
19681,6296.0
19682,11587.0
19683,3961.0
19684,1714.0
19685,41974.0
19686,71520.0
19687,11205.0
19688,9798.0
19689,4205.0
19690,7550.0
19691,5099.0
19692,4205.0
19693,4209.0
19694,7584.0
19695,3357.0
19696,7584.0
19697,10979.0
19698,5220.0
19699,5906.0
19700,5949.0
19701,9668.0
19702,4284.0
19703,4672.0
19704,4213.0
19705,1443.0
19706,50409.0
19707,3961.0
19708,7762.0
19709,6017.0
19710,10384.0
19711,64173.0
19712,6958.0
19713,4501.0
19714,7584.0
19715,4724.0
19716,11129.0
19717,10167.0
19718,62169.0
19719,5549.0
19720,49553.0
19721,3090.0
19722,22140.0
19723,7177.0
19724,12150.0
19725,5954.0
19726,5006.0
19727,12054.0
19728,3940.0
19729,8669.0
19730,17794.0
19731,12138.0
19732,3185.0
19733,27864.0
19734,4338.0
19735,6132.0
19736,53645.0
19737,4501.0
19738,5523.0
19739,5227.0
19740,56588.0
19741,6122.0
19742,23898.0
19743,5441.0
19744,6432.0
19745,4817.0
19746,24122.0
19747,66928.0
19748,6292.0
19749,2614.0
19750,9201.0
19751,55502.0
19752,5937.0
19753,10967.0
19754,66129.0
19755,50361.0
19756,41101.0
19757,2091.0
19758,4917.0
19759,4228.0
19760,6167.0
19761,6398.0
19762,6490.0
19763,53743.0
19764,27792.0
19765,4500.0
19766,5603.0
19767,5420.0
19768,12424.0
19769,6128.0
19770,3563.0
19771,5800.0
19772,3000.0
19773,4357.0
19774,8375.0
19775,6082.0
19776,6122.0
19777,7053.0
19778,55347.0
19779,8043.0
19780,43910.0
19781,5943.0
19782,7284.0
19783,3623.0
19784,56588.0
19785,5943.0
19786,2738.0
19787,3918.0
19788,2476.0
19789,22140.0
19790,6805.0
19791,8816.0
19792,64801.0
19793,60508.0
19794,27792.0
19795,5418.0
19796,3105.0
19797,5892.0
19798,12544.0
19799,5390.0
19800,14524.0
19801,5102.0
19802,63979.0
19803,5149.0
19804,49207.0
19805,11109.0
19806,52287.0
19807,4556.0
19808,8111.0
19809,6271.0
19810,3466.0
19811,5771.0
19812,4028.0
19813,31462.0
19814,5320.0
19815,4508.0
19816,6489.0
19817,4209.0
19818,3357.0
19819,4827.0
19820,4942.0
19821,2410.0
19822,42521.0
19823,6198.0
19824,3862.0
19825,1755.0
19826,12978.0
19827,18871.0
19828,4524.0
19829,51697.0
19830,50297.0
19831,8937.0
19832,54608.0
19833,4672.0
19834,7135.0
19835,3393.0
19836,57453.0
19837,7830.0
19838,52392.0
19839,6488.0
19840,3324.0
19841,6262.0
19842,13798.0
19843,4589.0
19844,54684.0
19845,4209.0
19846,5095.0
19847,6275.0
19848,5949.0
19849,45257.0
19850,51457.0
19851,51707.0
19852,7488.0
19853,46556.0
19854,2056.0
19855,50271.0
19856,11553.0
19857,1890.0
19858,4672.0
19859,2201.0
19860,22140.0
19861,5408.0
19862,6488.0
19863,52175.0
19864,3354.0
19865,5603.0
19866,4000.0
19867,59033.0
19868,3855.0
19869,79349.0
19870,62045.0
19871,9201.0
19872,6158.0
19873,3194.0
19874,5577.0
19875,3999.0
19876,60555.0
19877,58125.0
19878,17777.0
19879,36565.0
19880,5530.0
19881,10081.0
19882,1714.0
19883,67769.0
19884,13054.0
19885,57920.0
19886,8112.0
19887,5284.0
19888,11900.0
19889,50957.0
19890,7021.0
19891,3324.0
19892,7922.0
19893,14262.0
19894,60260.0
19895,4658.0
19896,8277.0
19897,4756.0
19898,4547.0
19899,57453.0
19900,52175.0
19901,4049.0
19902,28510.0
19903,10503.0
19904,34472.0
19905,7081.0
19906,47395.0
19907,60260.0
19908,49613.0
19909,3826.0
19910,23944.0
19911,6566.0
19912,35554.0
19913,90157.0
19914,52287.0
19915,12138.0
19916,10123.0
19917,3571.0
19918,24122.0
19919,53624.0
19920,3393.0
19921,2835.0
19922,4421.0
19923,49725.0
19924,5955.0
19925,1443.0
19926,67004.0
19927,74365.0
19928,4566.0
19929,8029.0
19930,5441.0
19931,12044.0
19932,2480.0
19933,50271.0
19934,8062.0
19935,60508.0
19936,4637.0
19937,5178.0
19938,37526.0
19939,51707.0
19940,1998.0
19941,95088.0
19942,3471.0
19943,7877.0
19944,5322.0
19945,7346.0
19946,50957.0
19947,3948.0
19948,9771.0
19949,4789.0
19950,54896.0
19951,6009.0
19952,3957.0
19953,56588.0
19954,42521.0
19955,45805.0
19956,1996.0
19957,2339.0
19958,37417.0
19959,51457.0
19960,15615.0
19961,48851.0
19962,5293.0
19963,21378.0
19964,4755.0
19965,10785.0
19966,6544.0
19967,4827.0
19968,48213.0
19969,42521.0
19970,69101.0
19971,57081.0
19972,5955.0
19973,3471.0
19974,1543.0
19975,44280.0
19976,55982.0
19977,3763.0
19978,5656.0
19979,2228.0
19980,5949.0
19981,4617.0
19982,5102.0
19983,2476.0
19984,7687.0
19985,18313.0
19986,47217.0
19987,3820.0
19988,17136.0
19989,6300.0
19990,53164.0
19991,4348.0
19992,70961.0
19993,5176.0
19994,32859.0
19995,20000.0
19996,51595.0
19997,10018.0
19998,6663.0
19999,8652.0
20000,54684.0
20001,4111.0
20002,4934.0
20003,8043.0
20004,37658.0
20005,8148.0
20006,56702.0
20007,55377.0
20008,49613.0
20009,6985.0
20010,3298.0
20011,54896.0
20012,62448.0
20013,3884.0
20014,5252.0
20015,10344.0
20016,41113.0
20017,6395.0
20018,4792.0
20019,9201.0
20020,9861.0
20021,3342.0
20022,81421.0
20023,3334.0
20024,51707.0
20025,11129.0
20026,2700.0
20027,39736.0
20028,8428.0
20029,19908.0
20030,9141.0
20031,7804.0
20032,49553.0
20033,53152.0
20034,10768.0
20035,56081.0
20036,4792.0
20037,3699.0
20038,3916.0
20039,4294.0
20040,18875.0
20041,2124.0
20042,5206.0
20043,64173.0
20044,6292.0
20045,5949.0
20046,6122.0
20047,60260.0
20048,6548.0
20049,9668.0
20050,5187.0
20051,72125.0
20052,45257.0
20053,5293.0
20054,36577.0
20055,62793.0
20056,4387.0
20057,45883.0
20058,54841.0
20059,8112.0
20060,61933.0
20061,36565.0
20062,5696.0
20063,6311.0
20064,1714.0
20065,5960.0
20066,60555.0
20067,5955.0
20068,48079.0
20069,57453.0
20070,5654.0
20071,41101.0
20072,52287.0
20073,11127.0
20074,49553.0
20075,45805.0
20076,15288.0
20077,6994.0
20078,67769.0
20079,56590.0
20080,56588.0
20081,2750.0
20082,27792.0
20083,6075.0
20084,8134.0
20085,4728.0
20086,2916.0
20087,4593.0
20088,4961.0
20089,53743.0
20090,54896.0
20091,4020.0
20092,11069.0
20093,45693.0
20094,60396.0
20095,70600.0
20096,65529.0
20097,55983.0
20098,4338.0
20099,5019.0
20100,60396.0
20101,22140.0
20102,5291.0
20103,54777.0
20104,4556.0
20105,62560.0
20106,4746.0
20107,6786.0
20108,5465.0
20109,6401.0
20110,4451.0
20111,2410.0
20112,4000.0
20113,2987.0
20114,6840.0
20115,8111.0
20116,6799.0
20117,11620.0
20118,49553.0
20119,6324.0
20120,4501.0
20121,44280.0
20122,6195.0
20123,4417.0
20124,67769.0
20125,5955.0
20126,92607.0
20127,3126.0
20128,53440.0
20129,4111.0
20130,6296.0
20131,49553.0
20132,66155.0
20133,53937.0
20134,6203.0
20135,39377.0
20136,56588.0
20137,3811.0
20138,1694.0
20139,3466.0
20140,7575.0
20141,3862.0
20142,44280.0
20143,6437.0
20144,2966.0
20145,32859.0
20146,5643.0
20147,5330.0
20148,6122.0
20149,56702.0
20150,3843.0
20151,49613.0
20152,4209.0
20153,2821.0
20154,6024.0
20155,6840.0
20156,69625.0
20157,8589.0
20158,54841.0
20159,11666.0
20160,14954.0
20161,31982.0
20162,5214.0
20163,5782.5
20164,3450.0
20165,9419.0
20166,2098.0
20167,7584.0
20168,4816.0
20169,58315.0
20170,51819.0
20171,11627.0
20172,3306.0
20173,5392.0
20174,12210.0
20175,19288.0
20176,4000.0
20177,52063.0
20178,2339.0
20179,13095.0
20180,6194.0
20181,54608.0
20182,51817.0
20183,9943.0
20184,54115.0
20185,7677.0
20186,5102.0
20187,8111.0
20188,3551.0
20189,105638.0
20190,3754.0
20191,35554.0
20192,51819.0
20193,61597.0
20194,6092.0
20195,4363.0
20196,4933.0
20197,2410.0
20198,5560.0
20199,54841.0
20200,11247.0
20201,2074.0
20202,4498.0
20203,53152.0
20204,5949.0
20205,2201.0
20206,10018.0
20207,2105.0
20208,56476.0
20209,6461.0
20210,2482.0
20211,11520.0
20212,7774.0
20213,11007.0
20214,56588.0
20215,28510.0
20216,5817.0
20217,5176.0
20218,10018.0
20219,8321.0
20220,75485.0
20221,53645.0
20222,12791.0
20223,4439.0
20224,6172.0
20225,1105.0
20226,5125.0
20227,12328.0
20228,41269.0
20229,6744.0
20230,4550.0
20231,5006.0
20232,4055.0
20233,23838.0
20234,3845.0
20235,5178.0
20236,1830.0
20237,3782.0
20238,4453.0
20239,2056.0
20240,6756.0
20241,84557.0
20242,19459.0
20243,2309.0
20244,9893.0
20245,14193.0
20246,3999.0
20247,6914.0
20248,6620.0
20249,4968.0
20250,51595.0
20251,9715.0
20252,11520.0
20253,2844.0
20254,1998.0
20255,16612.0
20256,9000.0
20257,4611.0
20258,4208.0
20259,4099.0
20260,58282.0
20261,4390.0
20262,6141.0
20263,5006.0
20264,77994.0
20265,5805.0
20266,6271.0
20267,64113.0
20268,51875.0
20269,65445.0
20270,11928.0
20271,5177.0
20272,5102.0
20273,6287.0
20274,5817.0
20275,1788.0
20276,4724.0
20277,5236.0
20278,9303.0
20279,44280.0
20280,6952.0
20281,3393.0
20282,5660.0
20283,2343.0
20284,62448.0
20285,11940.0
20286,2723.0
20287,6067.0
20288,15912.0
20289,4258.0
20290,2723.0
20291,6568.0
20292,38043.0
20293,4099.0
20294,45185.0
20295,49553.0
20296,4249.0
20297,56879.0
20298,7467.0
20299,3831.0
20300,4556.0
20301,6489.0
20302,13179.0
20303,34460.0
20304,52715.0
20305,9216.0
20306,5267.0
20307,3010.0
20308,69244.0
20309,1543.0
20310,5314.0
20311,4168.0
20312,7106.0
20313,3393.0
20314,9303.0
20315,7572.0
20316,60260.0
20317,19113.0
20318,6502.0
20319,11129.0
20320,8869.0
20321,4071.0
20322,33979.0
20323,55983.0
20324,3182.0
20325,44280.0
20326,4294.0
20327,6533.0
20328,9867.0
20329,36577.0
20330,5780.0
20331,4165.0
20332,49725.0
20333,10425.0
20334,4715.0
20335,8816.0
20336,45693.0
20337,60978.0
20338,19961.0
20339,4071.0
20340,54608.0
20341,37526.0
20342,3127.0
20343,5368.0
20344,4496.0
20345,7982.0
20346,38099.0
20347,9723.0
20348,32859.0
20349,5177.0
20350,24791.0
20351,52175.0
20352,2150.0
20353,3916.0
20354,7352.0
20355,42521.0
20356,6067.0
20357,53164.0
20358,4672.0
20359,2750.0
20360,49725.0
20361,5410.0
20362,4687.0
20363,4357.0
20364,4399.0
20365,3194.0
20366,5544.0
20367,51457.0
20368,3591.0
20369,20684.0
20370,11069.0
20371,1890.0
20372,6489.0
20373,13360.0
20374,2700.0
20375,5622.0
20376,2862.0
20377,3191.0
20378,6461.0
20379,4266.0
20380,4294.0
20381,61933.0
20382,67137.0
20383,4086.0
20384,5942.0
20385,2821.0
20386,3499.0
20387,4423.0
20388,7484.0
20389,6395.0
20390,5891.0
20391,5231.0
20392,54115.0
20393,14355.0
20394,7489.0
20395,5441.0
20396,6633.0
20397,3674.0
20398,4939.0
20399,51595.0
20400,3184.0
20401,6568.0
20402,8112.0
20403,4672.0
20404,5955.0
20405,64285.0
20406,11129.0
20407,3998.0
20408,9735.0
20409,1551.0
20410,2050.0
20411,10425.0
20412,2621.0
20413,51875.0
20414,4165.0
20415,62188.0
20416,5006.0
20417,73481.0
20418,7631.0
20419,4952.0
20420,5136.0
20421,5574.0
20422,44280.0
20423,51707.0
20424,62448.0
20425,4491.0
20426,6568.0
20427,4687.0
20428,4007.0
20429,1996.0
20430,3823.0
20431,5178.0
20432,4755.0
20433,58315.0
20434,10672.0
20435,15939.0
20436,2343.0
20437,7950.0
20438,60365.0
20439,7478.5
20440,5954.0
20441,67004.0
20442,51405.0
20443,3979.0
20444,3450.0
20445,7025.0
20446,60978.0
20447,20684.0
20448,4111.0
20449,58282.0
20450,6489.0
20451,62255.0
20452,2477.0
20453,4007.0
20454,3571.0
20455,45693.0
20456,2437.0
20457,5441.0
20458,6568.0
20459,61049.0
20460,3864.0
20461,9392.0
20462,45883.0
20463,5760.0
20464,6158.0
20465,9933.0
20466,57920.0
20467,5404.0
20468,6324.0
20469,14364.0
20470,9945.0
20471,55377.0
20472,49553.0
20473,60978.0
20474,54684.0
20475,22140.0
20476,1714.0
20477,6985.0
20478,49553.0
20479,8266.0
20480,6634.0
20481,11188.0
20482,59033.0
20483,6723.0
20484,45918.0
20485,70095.0
20486,4672.0
20487,2836.0
20488,6461.0
20489,8486.0
20490,5507.0
20491,65033.0
20492,5949.0
20493,62524.0
20494,5491.0
20495,10425.0
20496,14150.0
20497,6296.0
20498,6181.0
20499,48550.0
20500,5323.0
20501,6578.0
20502,7774.0
20503,9105.0
20504,3999.0
20505,27976.0
20506,5851.0
20507,62188.0
20508,10373.0
20509,51817.0
20510,5892.0
20511,6568.0
20512,5294.0
20513,6721.0
20514,4257.0
20515,57081.0
20516,54841.0
20517,3000.0
20518,45693.0
20519,11205.0
20520,11069.0
20521,6568.0
20522,56590.0
20523,6840.0
20524,6296.0
20525,5892.0
20526,7240.0
20527,70767.0
20528,32859.0
20529,6963.0
20530,4266.0
20531,3127.0
20532,12747.0
20533,6161.0
20534,11829.0
20535,68739.0
20536,4007.0
20537,3810.0
20538,4755.0
20539,4440.0
20540,27792.0
20541,56588.0
20542,4939.0
20543,4593.0
20544,8980.0
20545,5772.0
20546,12918.0
20547,2329.0
20548,3153.0
20549,3393.0
20550,2353.0
20551,7251.0
20552,5037.0
20553,61404.0
20554,62045.0
20555,41064.0
20556,6109.0
20557,8201.0
20558,55377.0
20559,4361.0
20560,7234.0
20561,2074.0
20562,12855.0
20563,6295.0
20564,3357.0
20565,2339.0
20566,6262.0
20567,80544.0
20568,69168.0
20569,59021.0
20570,9828.0
20571,6832.0
20572,89729.0
20573,52063.0
20574,49613.0
20575,13162.0
20576,4170.0
20577,6412.0
20578,11729.0
20579,3000.0
20580,51697.0
20581,4499.0
20582,3988.0
20583,69885.0
20584,60260.0
20585,1822.0
20586,3397.0
20587,54841.0
20588,21108.0
20589,12894.0
20590,9113.0
20591,50361.0
20592,3298.0
20593,22140.0
20594,66940.0
20595,54777.0
20596,4896.0
20597,62549.0
20598,60160.0
20599,6476.0
20600,4347.0
20601,2343.0
20602,78428.0
20603,5892.0
20604,5698.0
20605,4942.0
20606,7877.0
20607,8329.0
20608,53164.0
20609,7425.0
20610,55983.0
20611,5817.0
20612,56590.0
20613,8904.0
20614,12150.0
20615,6690.0
20616,4515.0
20617,4417.0
20618,5943.0
20619,8427.0
20620,9986.0
20621,4663.0
20622,8719.0
20623,4202.0
20624,7212.0
20625,6324.0
20626,6476.0
20627,7196.0
20628,4111.0
20629,8641.0
20630,2464.0
20631,4380.0
20632,69244.0
20633,4071.0
20634,4230.0
20635,13525.0
20636,4414.0
20637,1543.0
20638,8043.0
20639,37932.0
20640,45995.0
20641,1105.0
20642,3174.0
20643,56588.0
20644,3324.0
20645,54608.0
20646,2228.0
20647,3962.0
20648,4755.0
20649,6015.0
20650,49725.0
20651,7021.0
20652,6759.0
20653,4173.0
20654,67004.0
20655,4023.0
20656,14154.0
20657,9121.0
20658,2201.0
20659,54115.0
20660,43258.0
20661,4500.0
20662,51707.0
20663,2336.0
20664,11739.5
20665,4020.0
20666,5761.0
20667,3302.0
20668,9866.0
20669,6489.0
20670,1443.0
20671,7853.0
20672,6450.0
20673,6292.0
20674,4179.0
20675,2057.0
20676,5924.0
20677,2276.0
20678,11970.0
20679,57017.0
20680,54841.0
20681,45883.0
20682,66063.0
20683,4149.0
20684,12138.0
20685,60508.0
20686,54608.0
20687,6611.0
20688,60260.0
20689,6271.0
20690,5177.0
20691,6092.0
20692,5817.0
20693,54841.0
20694,5068.0
20695,11129.0
20696,6048.0
20697,34472.0
20698,8111.0
20699,6423.0
20700,5619.0
20701,59537.0
20702,54608.0
20703,9387.0
20704,5309.0
20705,6292.0
20706,1543.0
20707,10425.0
20708,66928.0
20709,38043.0
20710,57393.0
20711,5955.0
20712,6332.0
20713,6109.0
20714,4362.0
20715,13122.0
20716,3090.0
20717,4221.0
20718,41314.0
20719,3000.0
20720,3012.0
20721,2410.0
20722,6577.0
20723,62617.0
20724,12464.0
20725,5099.0
20726,56273.0
20727,9353.0
20728,6389.0
20729,36712.0
20730,5648.0
20731,2359.0
20732,5409.0
20733,7487.0
20734,5610.0
20735,2857.0
20736,7304.0
20737,5420.0
20738,40296.0
20739,4879.0
20740,49725.0
20741,61933.0
20742,3999.0
20743,7424.0
20744,5937.0
20745,11216.0
20746,5622.0
20747,4672.0
20748,45693.0
20749,49613.0
20750,4556.0
20751,3646.0
20752,5574.0
20753,56073.0
20754,5103.0
20755,53743.0
20756,10073.0
20757,64285.0
20758,7326.0
20759,21244.0
20760,5549.0
20761,10680.0
20762,9277.0
20763,3428.0
20764,52287.0
20765,10483.0
20766,37374.0
20767,3100.0
20768,5790.0
20769,6067.0
20770,56702.0
20771,7927.0
20772,7412.0
20773,49553.0
20774,5942.0
20775,4821.0
20776,44144.0
20777,5322.0
20778,20760.0
20779,5227.0
20780,61583.0
20781,52063.0
20782,3610.0
20783,14355.0
20784,41269.0
20785,14014.0
20786,3644.0
20787,55087.0
20788,66928.0
20789,9090.0
20790,2409.0
20791,11876.0
20792,53209.0
20793,10794.0
20794,43910.0
20795,6166.0
20796,45336.0
20797,61873.0
20798,2359.0
20799,41269.0
20800,12990.0
20801,3013.0
20802,9426.0
20803,6502.0
20804,14364.0
20805,8433.0
20806,17598.0
20807,35532.0
20808,49613.0
20809,51372.0
20810,2336.0
20811,56590.0
20812,37985.0
20813,17746.0
20814,5960.0
20815,4048.0
20816,12054.0
20817,7950.0
20818,3860.0
20819,4825.0
20820,42521.0
20821,51595.0
20822,2124.0
20823,5177.0
20824,6461.0
20825,5103.0
20826,66077.0
20827,69168.0
20828,4357.0
20829,5546.0
20830,55983.0
20831,4961.0
20832,3466.0
20833,14973.0
20834,6502.0
20835,4637.0
20836,6277.0
20837,3625.0
20838,64890.0
20839,4500.0
20840,45776.0
20841,11129.0
20842,6067.0
20843,5407.0
20844,6181.0
20845,4296.0
20846,52392.0
20847,6158.0
20848,2339.0
20849,9433.0
20850,6460.0
20851,72730.0
20852,51707.0
20853,5977.0
20854,4453.0
20855,10202.0
20856,4209.0
20857,6502.0
20858,7143.0
20859,35520.0
20860,5103.0
20861,13944.0
20862,9879.0
20863,31462.0
20864,4612.0
20865,5483.0
20866,4349.0
20867,10324.0
20868,4262.0
20869,3916.0
20870,41281.0
20871,7153.0
20872,11129.0
20873,4294.0
20874,70793.0
20875,6460.0
20876,2987.0
20877,15708.0
20878,6712.0
20879,14203.5
20880,60978.0
20881,37929.0
20882,4363.0
20883,5949.0
20884,6502.0
20885,9746.0
20886,67004.0
20887,5100.0
20888,4007.0
20889,5513.0
20890,4099.0
20891,29096.0
20892,60508.0
20893,57920.0
20894,2738.0
20895,61597.0
20896,14565.0
20897,42457.0
20898,10460.0
20899,14313.0
20900,1890.0
20901,2124.0
20902,56073.0
20903,52287.0
20904,11520.0
20905,60260.0
20906,9788.0
20907,6324.0
20908,9735.0
20909,7425.0
20910,53209.0
20911,4496.0
20912,7091.0
20913,51384.0
20914,8903.0
20915,15917.0
20916,32923.0
20917,52175.0
20918,3521.0
20919,4454.0
20920,6510.0
20921,9935.0
20922,3911.0
20923,3988.0
20924,2074.0
20925,7411.0
20926,4294.0
20927,4401.0
20928,6568.0
20929,4056.0
20930,9779.0
20931,4499.0
20932,4233.0
20933,54777.0
20934,6430.0
20935,4977.0
20936,5955.0
20937,5954.0
20938,10018.0
20939,6461.0
20940,3979.0
20941,3361.0
20942,8719.0
20943,10425.0
20944,5178.0
20945,3393.0
20946,5915.0
20947,5502.0
20948,6296.0
20949,60260.0
20950,56702.0
20951,6032.0
20952,5833.0
20953,6682.0
20954,53152.0
20955,10248.0
20956,20000.0
20957,43910.0
20958,4094.0
20959,51457.0
20960,53071.0
20961,44622.0
20962,6172.0
20963,52175.0
20964,62448.0
20965,42457.0
20966,41064.0
20967,16770.0
20968,6747.0
20969,81321.0
20970,80566.0
20971,5805.0
20972,54608.0
20973,4896.0
20974,49725.0
20975,4715.0
20976,52175.0
20977,6032.0
20978,5949.0
20979,4363.0
20980,2623.0
20981,52392.0
20982,62524.0
20983,3357.0
20984,53164.0
20985,74844.0
20986,5292.0
20987,7212.0
20988,65529.0
20989,12740.0
20990,6287.0
20991,5220.0
20992,30630.0
20993,38099.0
20994,4613.0
20995,7572.0
20996,6165.0
20997,5955.0
20998,14261.0
20999,4977.0
21000,2056.0
21001,7838.0
21002,8112.0
21003,59254.0
21004,16023.0
21005,7053.0
21006,5227.0
21007,5853.0
21008,5800.0
21009,6502.0
21010,3072.0
21011,4079.0
21012,52063.0
21013,64831.0
21014,47545.0
21015,4755.0
21016,31902.0
21017,13209.0
21018,17434.5
21019,7305.0
21020,53743.0
21021,9735.0
21022,5792.0
21023,4439.0
21024,4501.0
21025,6985.0
21026,6996.0
21027,6169.0
21028,11310.0
21029,55502.0
21030,11069.0
21031,3940.0
21032,51457.0
21033,4455.0
21034,2480.0
21035,6466.0
21036,3090.0
21037,6109.0
21038,4731.0
21039,2212.0
21040,11520.0
21041,7927.0
21042,51707.0
21043,9277.0
21044,7353.0
21045,7170.0
21046,5949.0
21047,4263.0
21048,44144.0
21049,15126.0
21050,6827.0
21051,69885.0
21052,2336.0
21053,50271.0
21054,4337.0
21055,5817.0
21056,3247.0
21057,49725.0
21058,3318.0
21059,10199.0
21060,6582.0
21061,7425.0
21062,11675.0
21063,9945.0
21064,57081.0
21065,4337.0
21066,57405.0
21067,3026.0
21068,42521.0
21069,14819.0
21070,57565.0
21071,42521.0
21072,6921.0
21073,3623.0
21074,6067.0
21075,34472.0
21076,38099.0
21077,3291.0
21078,3423.0
21079,39847.0
21080,13446.0
21081,5178.0
21082,15018.0
21083,15204.0
21084,2966.0
21085,4168.0
21086,27864.0
21087,12150.0
21088,6075.0
21089,52044.0
21090,42521.0
21091,1998.0
21092,6450.0
21093,51457.0
21094,80715.0
21095,20760.0
21096,51707.0
21097,12138.0
21098,20356.0
21099,60365.0
21100,11488.0
21101,7425.0
21102,41269.0
21103,6354.0
21104,8322.0
21105,5177.0
21106,6502.0
21107,4347.0
21108,44647.0
21109,4876.0
21110,5177.0
21111,57057.0
21112,50473.0
21113,4502.0
21114,54841.0
21115,39847.0
21116,6052.0
21117,49207.0
21118,5135.0
21119,11205.0
21120,60508.0
21121,4796.0
21122,6161.0
21123,59929.0
21124,7462.0
21125,13970.0
21126,6031.0
21127,22140.0
21128,26980.0
21129,4998.0
21130,5248.5
21131,60978.0
21132,4933.0
21133,5042.0
21134,60978.0
21135,5435.0
21136,20606.0
21137,5684.0
21138,4672.0
21139,53947.0
21140,6821.0
21141,3988.0
21142,6186.0
21143,7425.0
21144,4496.0
21145,5178.0
21146,10999.0
21147,7221.0
21148,10050.0
21149,57554.0
21150,51707.0
21151,3362.0
21152,5015.0
21153,4213.0
21154,3389.0
21155,4847.0
21156,62524.0
21157,57992.0
21158,56702.0
21159,36700.0
21160,4149.0
21161,27864.0
21162,52175.0
21163,4757.0
21164,4416.0
21165,45995.0
21166,16420.0
21167,56273.0
21168,52063.0
21169,67710.0
21170,6568.0
21171,9178.0
21172,20760.0
21173,6195.0
21174,45185.0
21175,3980.0
21176,6568.0
21177,5888.0
21178,79965.0
21179,10243.0
21180,3096.0
21181,69885.0
21182,15667.0
21183,5823.0
21184,5502.0
21185,5303.0
21186,5385.0
21187,9945.0
21188,13209.0
21189,6312.0
21190,4390.0
21191,65529.0
21192,12408.0
21193,4556.0
21194,6324.0
21195,6544.0
21196,3571.0
21197,1776.0
21198,7309.0
21199,3334.0
21200,51819.0
21201,3685.0
21202,57920.0
21203,7575.0
21204,45883.0
21205,5949.0
21206,7251.0
21207,67809.0
21208,3336.0
21209,58125.0
21210,2361.0
21211,60508.0
21212,60396.0
21213,5102.0
21214,5507.0
21215,5101.0
21216,5918.0
21217,50969.0
21218,21416.0
21219,14150.0
21220,61933.0
21221,4601.0
21222,6508.0
21223,3302.0
21224,4389.0
21225,7877.0
21226,10664.0
21227,15577.0
21228,3015.0
21229,51707.0
21230,8442.0
21231,7804.0
21232,55502.0
21233,6797.0
21234,53835.0
21235,4637.0
21236,54608.0
21237,6450.0
21238,55983.0
21239,36763.0
21240,4230.0
21241,56476.0
21242,5260.0
21243,5507.0
21244,6032.0
21245,4755.0
21246,20000.0
21247,7484.0
21248,5632.0
21249,2738.0
21250,6275.0
21251,5530.0
21252,39847.0
21253,1776.0
21254,6502.0
21255,60365.0
21256,56476.0
21257,16383.0
21258,3988.0
21259,45693.0
21260,49553.0
21261,49613.0
21262,6873.0
21263,6297.0
21264,77633.0
21265,3078.0
21266,64285.0
21267,6489.0
21268,6122.0
21269,11205.0
21270,56702.0
21271,21669.0
21272,2074.0
21273,4118.0
21274,4672.0
21275,15393.0
21276,67769.0
21277,3389.0
21278,47545.0
21279,4617.0
21280,60978.0
21281,10425.0
21282,1551.0
21283,3671.0
21284,4896.0
21285,12045.0
21286,7877.0
21287,4658.0
21288,32646.0
21289,6423.0
21290,3096.0
21291,8719.0
21292,13293.0
21293,4979.0
21294,60160.0
21295,8233.0
21296,6311.0
21297,11139.0
21298,6791.0
21299,9201.0
21300,54608.0
21301,4554.0
21302,5102.0
21303,65033.0
21304,13830.0
21305,3551.0
21306,4814.0
21307,4020.0
21308,6287.0
21309,5504.0
21310,2910.0
21311,55983.0
21312,6158.0
21313,8130.0
21314,5618.0
21315,10680.0
21316,54684.0
21317,6578.0
21318,51817.0
21319,12098.0
21320,4755.0
21321,7320.0
21322,100288.0
21323,13524.0
21324,4079.0
21325,3999.0
21326,6725.0
21327,66122.0
21328,8111.0
21329,3194.0
21330,4498.0
21331,3584.0
21332,51875.0
21333,18188.0
21334,56702.0
21335,6194.0
21336,5942.0
21337,6792.5
21338,3175.0
21339,14544.0
21340,5177.0
21341,5632.0
21342,39622.0
21343,5955.0
21344,4111.0
21345,4743.0
21346,4844.0
21347,11059.0
21348,6067.0
21349,4249.0
21350,37985.0
21351,17307.0
21352,7412.0
21353,4792.0
21354,3749.0
21355,3791.0
21356,8111.0
21357,60260.0
21358,6450.0
21359,47217.0
21360,4500.0
21361,3397.0
21362,4111.0
21363,49613.0
21364,6215.0
21365,6271.0
21366,56590.0
21367,4658.0
21368,13944.0
21369,19180.0
21370,69459.0
21371,7250.0
21372,67497.0
21373,6779.0
21374,1551.0
21375,4656.0
21376,4499.0
21377,10226.5
21378,6082.0
21379,37985.0
21380,8803.0
21381,10425.0
21382,2124.0
21383,60365.0
21384,13241.0
21385,7352.0
21386,5603.0
21387,4402.0
21388,4541.0
21389,4721.0
21390,9840.0
21391,60365.0
21392,4173.0
21393,4146.0
21394,54841.0
21395,51817.0
21396,57453.0
21397,74594.0
21398,54777.0
21399,7563.0
21400,32859.0
21401,4860.0
21402,4028.0
21403,37244.0
21404,5960.0
21405,3093.0
21406,11205.0
21407,7352.0
21408,52287.0
21409,6840.0
21410,5026.0
21411,62045.0
21412,6734.0
21413,41314.0
21414,54608.0
21415,5943.0
21416,57992.0
21417,7081.0
21418,4190.0
21419,5520.0
21420,64285.0
21421,4556.0
21422,52175.0
21423,54896.0
21424,4371.0
21425,53209.0
21426,5441.0
21427,4499.0
21428,4524.0
21429,38099.0
21430,4549.0
21431,10090.0
21432,4663.0
21433,11310.0
21434,7489.0
21435,36565.0
21436,52715.0
21437,4027.0
21438,2960.0
21439,13410.0
21440,2835.0
21441,6473.0
21442,4724.0
21443,4028.0
21444,3393.0
21445,45185.0
21446,4496.0
21447,9840.0
21448,5892.0
21449,66379.0
21450,4426.0
21451,25993.0
21452,4165.0
21453,3587.0
21454,1543.0
21455,6568.0
21456,34472.0
21457,49613.0
21458,64173.0
21459,22140.0
21460,12679.0
21461,6342.0
21462,49465.0
21463,14889.0
21464,1755.0
21465,2410.0
21466,4672.0
21467,5810.0
21468,38099.0
21469,32859.0
21470,7412.0
21471,2339.0
21472,7562.0
21473,15204.0
21474,44280.0
21475,39499.0
21476,56702.0
21477,5226.0
21478,54608.0
21479,51875.0
21480,67004.0
21481,10220.0
21482,56588.0
21483,78923.0
21484,6324.0
21485,6008.0
21486,4118.0
21487,73369.0
21488,57992.0
21489,2228.0
21490,10978.0
21491,9799.0
21492,60978.0
21493,10946.0
21494,3734.0
21495,74441.0
21496,3916.0
21497,57453.0
21498,52063.0
21499,7838.0
21500,5093.0
21501,13746.0
21502,5203.0
21503,7487.0
21504,6690.0
21505,4370.0
21506,1714.0
21507,4000.0
21508,22140.0
21509,12408.0
21510,50271.0
21511,53209.0
21512,45672.0
21513,13410.0
21514,2994.0
21515,44280.0
21516,7212.0
21517,11854.0
21518,62524.0
21519,23838.0
21520,6158.0
21521,5043.0
21522,7692.0
21523,47205.0
21524,8838.0
21525,5206.0
21526,55983.0
21527,58315.0
21528,5276.0
21529,4048.0
21530,5227.0
21531,7610.0
21532,54684.0
21533,3646.0
21534,2614.0
21535,62188.0
21536,6568.0
21537,52522.0
21538,5135.0
21539,9840.0
21540,4071.0
21541,3393.0
21542,2836.0
21543,69407.0
21544,50271.0
21545,6953.0
21546,6093.0
21547,3219.0
21548,41269.0
21549,11129.0
21550,52586.0
21551,2091.0
21552,44583.0
21553,5060.0
21554,47657.0
21555,42770.0
21556,71058.0
21557,53164.0
21558,20606.0
21559,29406.0
21560,7031.0
21561,8790.0
21562,6512.0
21563,2836.0
21564,3471.0
21565,31982.0
21566,49725.0
21567,39610.0
21568,7950.0
21569,53209.0
21570,7845.0
21571,2477.0
21572,3015.0
21573,4807.0
21574,50271.0
21575,5823.0
21576,5939.0
21577,6122.0
21578,4284.0
21579,41269.0
21580,7043.0
21581,6412.0
21582,3720.0
21583,4056.0
21584,4449.0
21585,2336.0
21586,6255.0
21587,5102.0
21588,4653.0
21589,4757.0
21590,8112.0
21591,39555.0
21592,4746.0
21593,3862.0
21594,3858.0
21595,6633.0
21596,20760.0
21597,15154.0
21598,6489.0
21599,6714.0
21600,50271.0
21601,1830.0
21602,102648.0
21603,8437.0
21604,4229.0
21605,6037.0
21606,4969.0
21607,3362.0
21608,53071.0
21609,23846.0
21610,6200.0
21611,6310.0
21612,1890.0
21613,51697.0
21614,39555.0
21615,4502.0
21616,6578.0
21617,40369.0
21618,54115.0
21619,4117.0
21620,62748.0
21621,69739.0
21622,69168.0
21623,11676.0
21624,56588.0
21625,20684.0
21626,2150.0
21627,55983.0
21628,5358.0
21629,5102.0
21630,56588.0
21631,8100.0
21632,5857.0
21633,6075.0
21634,22152.0
21635,6935.0
21636,4499.0
21637,60508.0
21638,5943.0
21639,11675.0
21640,2339.0
21641,3960.0
21642,6444.0
21643,56702.0
21644,3699.0
21645,8111.0
21646,56702.0
21647,54841.0
21648,5206.0
21649,77120.0
21650,45995.0
21651,38099.0
21652,6229.0
21653,11838.0
21654,2410.0
21655,7594.0
21656,6450.0
21657,51697.0
21658,4367.0
21659,3471.0
21660,37985.0
21661,4910.0
21662,9178.0
21663,1105.0
21664,3911.0
21665,69713.0
21666,3831.0
21667,41064.0
21668,8104.0
21669,3831.0
21670,61933.0
21671,7250.0
21672,4922.0
21673,12013.0
21674,11141.0
21675,5823.0
21676,6389.0
21677,52715.0
21678,7999.0
21679,54777.0
21680,7572.0
21681,10680.0
21682,36565.0
21683,50822.0
21684,51384.0
21685,7542.0
21686,4977.0
21687,61404.0
21688,4909.0
21689,17823.0
21690,2022.0
21691,11783.0
21692,4496.0
21693,4452.0
21694,69515.0
21695,3671.0
21696,31982.0
21697,49725.0
21698,9516.0
21699,5823.0
21700,60978.0
21701,7584.0
21702,41113.0
21703,4993.0
21704,4202.0
21705,60160.0
21706,11246.0
21707,7038.0
21708,10018.0
21709,11520.0
21710,3584.0
21711,5135.0
21712,4802.0
21713,6578.0
21714,7104.0
21715,49613.0
21716,10247.0
21717,4827.0
21718,60508.0
21719,2723.0
21720,4945.0
21721,69997.0
21722,6568.0
21723,12990.0
21724,77196.0
21725,39847.0
21726,6122.0
21727,55983.0
21728,4111.0
21729,10301.0
21730,21903.0
21731,11520.0
21732,38590.0
21733,47395.0
21734,6135.0
21735,7212.0
21736,8718.0
21737,4111.0
21738,54841.0
21739,13103.0
21740,4637.0
21741,6711.0
21742,53152.0
21743,22140.0
21744,29764.0
21745,5026.0
21746,15825.0
21747,44280.0
21748,8823.0
21749,2228.0
21750,50271.0
21751,7346.0
21752,13103.0
21753,12654.0
21754,4359.0
21755,59033.0
21756,60396.0
21757,13398.0
21758,6821.0
21759,12518.0
21760,73581.0
21761,7245.0
21762,45257.0
21763,4500.0
21764,45995.0
21765,3916.0
21766,60978.0
21767,18030.0
21768,50271.0
21769,12033.0
21770,4130.0
21771,4556.0
21772,55377.0
21773,7366.0
21774,4453.0
21775,62793.0
21776,52522.0
21777,3776.0
21778,12747.0
21779,6273.0
21780,67769.0
21781,9201.0
21782,44144.0
21783,4496.0
21784,44013.0
21785,6354.0
21786,52175.0
21787,42521.0
21788,5955.0
21789,3543.0
21790,60260.0
21791,5507.0
21792,4675.0
21793,4979.0
21794,5677.0
21795,4663.0
21796,2228.0
21797,12499.0
21798,7284.0
21799,57920.0
21800,8440.0
21801,7012.0
21802,64173.0
21803,5098.0
21804,20760.0
21805,1694.0
21806,41269.0
21807,38099.0
21808,16370.0
21809,6169.0
21810,4496.0
21811,45883.0
21812,67769.0
21813,44144.0
21814,6590.0
21815,5668.0
21816,8478.0
21817,10374.0
21818,5560.0
21819,3015.0
21820,16467.0
21821,6427.0
21822,4357.0
21823,56476.0
21824,66063.0
21825,3760.0
21826,32859.0
21827,16653.0
21828,74880.0
21829,4126.0
21830,6568.0
21831,54841.0
21832,6133.0
21833,5750.0
21834,7022.0
21835,11928.0
21836,17223.0
21837,67004.0
21838,82989.0
21839,44280.0
21840,34460.0
21841,14524.0
21842,4348.0
21843,2836.0
21844,5772.0
21845,4071.0
21846,4111.0
21847,5485.0
21848,2476.0
21849,37985.0
21850,57868.0
21851,35554.0
21852,7903.0
21853,2410.0
21854,5685.0
21855,10470.0
21856,3646.0
21857,3266.0
21858,52063.0
21859,5388.0
21860,37985.0
21861,41113.0
21862,56588.0
21863,57405.0
21864,14620.0
21865,5960.0
21866,70822.0
21867,52570.0
21868,3379.0
21869,47657.0
21870,2339.0
21871,54684.0
21872,71058.0
21873,3754.0
21874,62729.0
21875,57677.0
21876,50271.0
21877,4944.0
21878,8445.0
21879,2723.0
21880,54841.0
21881,45693.0
21882,56588.0
21883,4796.0
21884,4714.0
21885,39847.0
21886,3863.0
21887,62045.0
21888,32859.0
21889,4827.0
21890,15038.0
21891,4896.0
21892,55377.0
21893,76941.0
21894,22819.0
21895,12054.0
21896,51595.0
21897,8988.0
21898,4836.0
21899,11129.0
21900,12150.0
21901,67601.0
21902,3379.0
21903,8641.0
21904,3282.0
21905,1800.0
21906,4724.0
21907,7426.0
21908,5380.0
21909,9907.0
21910,9241.0
21911,2482.0
21912,5954.0
21913,6129.0
21914,11205.0
21915,6144.0
21916,7352.0
21917,2250.0
21918,5805.0
21919,5694.0
21920,4367.0
21921,49725.0
21922,7530.0
21923,2201.0
21924,3733.0
21925,4173.0
21926,2124.0
21927,4257.0
21928,6287.0
21929,49177.0
21930,6723.0
21931,5507.0
21932,50271.0
21933,3980.0
21934,7420.0
21935,66077.0
21936,4637.0
21937,44280.0
21938,14114.0
21939,54115.0
21940,19543.0
21941,6666.0
21942,49553.0
21943,6488.0
21944,51817.0
21945,14469.0
21946,5892.0
21947,51817.0
21948,53152.0
21949,5399.0
21950,3100.0
21951,66928.0
21952,6502.0
21953,2738.0
21954,53074.0
21955,3762.0
21956,60365.0
21957,44144.0
21958,6133.0
21959,7167.0
21960,4559.0
21961,4501.0
21962,10680.0
21963,3862.0
21964,12150.0
21965,6287.0
21966,39321.0
21967,31982.0
21968,5875.0
21969,5333.0
21970,8239.0
21971,5746.0
21972,63226.0
21973,51595.0
21974,5568.0
21975,12878.0
21976,4069.0
21977,70095.0
21978,60365.0
21979,5960.0
21980,5750.0
21981,3979.0
21982,5942.0
21983,7212.0
21984,7425.0
21985,8198.0
21986,11520.0
21987,4672.0
21988,38099.0
21989,7421.0
21990,45257.0
21991,6254.0
21992,5346.0
21993,11675.0
21994,57565.0
21995,43811.0
21996,3622.0
21997,8418.0
21998,4452.0
21999,60555.0
22000,60260.0
22001,6032.0
22002,4755.0
22003,73231.0
22004,2339.0
22005,15250.0
22006,4402.0
22007,7731.0
22008,64285.0
22009,2098.0
22010,6568.0
22011,66928.0
22012,4831.0
22013,34460.0
22014,55983.0
22015,2339.0
22016,3471.0
22017,60141.0
22018,7220.0
22019,32923.0
22020,5937.0
22021,6590.0
22022,56588.0
22023,2343.0
22024,29776.0
22025,43865.0
22026,15364.0
22027,61933.0
22028,5954.0
22029,3633.0
22030,3397.0
22031,5937.0
22032,61649.0
22033,15990.0
22034,4330.0
22035,50992.0
22036,5102.0
22037,4672.0
22038,3862.0
22039,4262.0
22040,4449.0
22041,7838.0
22042,45883.0
22043,13285.0
22044,5937.0
22045,60978.0
22046,7813.0
22047,58223.0
22048,7336.0
22049,52175.0
22050,67004.0
22051,64189.0
22052,51817.0
22053,6219.0
22054,17043.0
22055,6510.0
22056,66928.0
22057,7484.0
22058,4239.0
22059,3791.0
22060,45805.0
22061,2228.0
22062,55377.0
22063,64173.0
22064,9668.0
22065,5092.0
22066,3140.0
22067,49553.0
22068,7404.0
22069,11868.0
22070,4893.0
22071,56476.0
22072,6132.0
22073,5276.0
22074,44647.0
22075,6224.0
22076,4453.0
22077,9884.0
22078,18875.0
22079,63935.0
22080,5937.0
22081,42457.0
22082,41269.0
22083,4073.0
22084,54684.0
22085,8350.0
22086,4229.0
22087,3569.0
22088,49207.0
22089,37929.0
22090,2098.0
22091,3251.0
22092,4499.0
22093,45257.0
22094,6262.0
22095,5019.0
22096,7762.0
22097,45257.0
22098,55983.0
22099,3433.0
22100,6319.0
22101,5954.0
22102,20356.0
22103,2901.0
22104,3013.0
22105,4165.0
22106,60260.0
22107,49613.0
22108,5635.0
22109,4755.0
22110,4500.0
22111,67473.0
22112,60232.0
22113,2203.0
22114,7895.0
22115,5617.0
22116,44144.0
22117,4491.0
22118,4367.0
22119,73369.0
22120,15615.0
22121,5960.0
22122,3393.0
22123,7196.0
22124,60508.0
22125,6450.0
22126,10496.0
22127,3584.0
22128,6015.0
22129,42457.0
22130,42212.0
22131,51875.0
22132,4194.0
22133,41064.0
22134,58315.0
22135,15082.0
22136,4500.0
22137,3862.0
22138,6461.0
22139,18628.0
22140,12138.0
22141,7310.0
22142,11139.0
22143,11247.0
22144,6067.0
22145,58876.0
22146,4348.0
22147,13281.0
22148,1105.0
22149,23944.0
22150,48289.0
22151,4637.0
22152,1714.0
22153,6374.0
22154,2050.0
22155,60978.0
22156,2966.0
22157,61873.0
22158,3408.0
22159,49725.0
22160,45257.0
22161,5220.0
22162,62067.0
22163,5536.0
22164,6060.0
22165,6048.0
22166,26726.0
22167,5441.0
22168,53152.0
22169,31982.0
22170,5939.0
22171,4417.0
22172,5375.0
22173,6461.0
22174,70431.0
22175,12546.0
22176,7959.0
22177,2056.0
22178,42521.0
22179,39321.0
22180,4011.0
22181,51707.0
22182,43910.0
22183,6061.0
22184,45883.0
22185,5892.0
22186,5918.0
22187,4783.0
22188,54841.0
22189,6867.0
22190,2785.0
22191,66928.0
22192,49553.0
22193,37985.0
22194,16560.0
22195,5685.0
22196,2056.0
22197,4593.0
22198,8687.0
22199,5760.0
22200,5093.0
22201,54608.0
22202,69168.0
22203,55983.0
22204,3379.0
22205,45693.0
22206,10744.0
22207,4111.0
22208,3282.0
22209,4501.0
22210,7437.0
22211,37405.0
22212,6163.0
22213,57729.0
22214,5949.0
22215,8112.0
22216,21423.0
22217,3016.0
22218,6067.0
22219,64831.0
22220,7488.0
22221,11205.0
22222,5558.0
22223,12939.0
22224,48079.0
22225,32859.0
22226,66928.0
22227,13103.0
22228,41101.0
22229,4436.0
22230,2700.0
22231,7950.0
22232,4357.0
22233,5632.0
22234,13347.0
22235,50271.0
22236,12990.0
22237,4262.0
22238,10680.0
22239,3393.0
22240,54608.0
22241,7207.0
22242,6882.0
22243,72447.0
22244,7954.0
22245,51457.0
22246,5619.0
22247,4721.0
22248,10680.0
22249,2410.0
22250,5352.0
22251,9840.0
22252,11129.0
22253,7576.0
22254,4173.0
22255,4111.0
22256,52287.0
22257,42457.0
22258,2327.0
22259,9855.0
22260,1890.0
22261,11100.0
22262,4536.0
22263,1543.0
22264,51595.0
22265,53209.0
22266,14808.0
22267,5101.0
22268,7959.0
22269,20760.0
22270,6277.0
22271,6588.0
22272,77120.0
22273,57920.0
22274,4556.0
22275,5954.0
22276,60396.0
22277,6067.0
22278,6075.0
22279,10104.0
22280,73657.0
22281,2482.0
22282,58313.0
22283,39847.0
22284,5178.0
22285,8088.0
22286,27792.0
22287,51875.0
22288,19920.0
22289,74015.0
22290,51595.0
22291,6461.0
22292,3999.0
22293,7167.0
22294,50271.0
22295,6067.0
22296,7221.0
22297,5955.0
22298,11205.0
22299,34043.0
22300,7488.0
22301,6776.0
22302,5790.0
22303,47545.0
22304,3467.0
22305,51707.0
22306,29128.0
22307,48851.0
22308,4500.0
22309,22140.0
22310,56702.0
22311,4266.0
22312,17794.0
22313,41064.0
22314,4499.0
22315,5949.0
22316,7774.0
22317,44280.0
22318,5202.0
22319,6082.0
22320,6956.0
22321,12391.0
22322,2339.0
22323,31462.0
22324,5949.0
22325,4705.0
22326,2482.0
22327,4001.0
22328,68317.0
22329,41269.0
22330,4130.0
22331,49725.0
22332,5087.0
22333,3754.0
22334,7212.0
22335,3916.0
22336,2124.0
22337,3249.0
22338,43910.0
22339,3649.0
22340,2614.0
22341,49553.0
22342,2339.0
22343,4827.0
22344,49553.0
22345,26597.0
22346,5177.0
22347,64733.0
22348,2464.0
22349,53152.0
22350,65405.0
22351,59108.0
22352,7490.0
22353,47205.0
22354,20277.0
22355,62188.0
22356,2339.0
22357,41113.0
22358,20340.0
22359,56273.0
22360,60160.0
22361,7484.0
22362,10248.0
22363,6752.0
22364,60365.0
22365,4500.0
22366,23944.0
22367,9284.0
22368,60260.0
22369,55377.0
22370,7135.0
22371,4846.0
22372,9840.0
22373,9735.0
22374,9840.0
22375,54841.0
22376,5178.0
22377,1105.0
22378,51457.0
22379,4757.0
22380,38099.0
22381,5177.0
22382,32923.0
22383,29656.0
22384,5949.0
22385,5102.0
22386,10503.0
22387,5102.0
22388,3401.0
22389,57666.0
22390,49613.0
22391,50271.0
22392,2901.0
22393,15876.0
22394,60260.0
22395,3734.0
22396,5956.0
22397,51817.0
22398,12990.0
22399,4555.0
22400,50271.0
22401,3860.0
22402,7897.0
22403,2153.0
22404,2477.0
22405,2124.0
22406,4663.0
22407,51457.0
22408,3862.0
22409,62188.0
22410,5231.0
22411,2339.0
22412,14524.0
22413,6304.0
22414,2022.0
22415,6082.0
22416,42412.0
22417,32634.0
22418,54684.0
22419,2098.0
22420,7959.0
22421,5772.0
22422,68317.0
22423,6158.0
22424,7425.0
22425,67004.0
22426,3381.0
22427,3014.0
22428,56476.0
22429,67137.0
22430,5042.0
22431,32347.0
22432,60260.0
22433,2675.0
22434,8000.0
22435,6117.0
22436,27976.0
22437,12015.0
22438,2105.0
22439,47408.0
22440,5943.0
22441,6544.0
22442,11323.0
22443,6461.0
22444,4433.0
22445,43729.0
22446,6032.0
22447,6009.0
22448,2700.0
22449,3916.0
22450,62591.0
22451,54306.0
22452,19279.0
22453,66937.0
22454,3999.0
22455,3379.0
22456,5015.0
22457,2074.0
22458,9798.0
22459,17053.0
22460,50969.0
22461,15531.0
22462,14034.0
22463,6461.0
22464,38099.0
22465,13014.0
22466,4961.0
22467,4149.0
22468,5499.0
22469,8534.0
22470,11698.0
22471,6900.0
22472,13103.0
22473,11785.0
22474,5441.0
22475,7053.0
22476,4789.0
22477,3699.0
22478,9241.0
22479,6324.0
22480,39499.0
22481,52392.0
22482,58125.0
22483,60396.0
22484,52175.0
22485,53071.0
22486,57017.0
22487,10661.0
22488,54898.0
22489,4387.0
22490,6044.0
22491,56588.0
22492,5708.0
22493,2074.0
22494,49553.0
22495,4149.0
22496,3001.0
22497,9893.0
22498,6470.0
22499,47844.0
22500,4000.0
22501,14565.0
22502,9201.0
22503,7081.0
22504,60555.0
22505,5177.0
22506,6324.0
22507,6195.0
22508,3956.0
22509,37985.0
22510,5894.0
22511,7835.0
22512,6592.0
22513,5950.0
22514,51457.0
22515,4979.0
22516,4556.0
22517,69168.0
22518,39321.0
22519,41281.0
22520,43910.0
22521,4810.0
22522,5006.0
22523,5955.0
22524,55502.0
22525,6461.0
22526,2022.0
22527,6062.0
22528,4691.0
22529,13411.0
22530,41974.0
22531,6578.0
22532,43165.0
22533,6344.0
22534,72065.0
22535,12990.0
22536,13608.0
22537,2410.0
22538,8233.0
22539,5949.0
22540,3720.0
22541,11357.0
22542,11069.0
22543,45883.0
22544,8340.0
22545,4452.0
22546,65529.0
22547,9901.0
22548,1890.0
22549,4297.0
22550,9840.0
22551,60555.0
22552,2339.0
22553,37929.0
22554,4755.0
22555,10264.0
22556,3389.0
22557,44280.0
22558,7466.0
22559,71920.0
22560,2271.0
22561,64113.0
22562,27976.0
22563,61485.0
22564,4284.0
22565,7996.0
22566,53164.0
22567,2100.0
22568,4341.0
22569,4783.0
22570,6677.0
22571,11372.0
22572,69244.0
22573,77196.0
22574,10732.0
22575,8416.0
22576,5176.0
22577,15822.0
22578,54896.0
22579,43729.0
22580,56590.0
22581,3466.0
22582,6914.0
22583,41269.0
22584,10741.0
22585,52175.0
22586,2343.0
22587,49856.0
22588,4757.0
22589,15889.0
22590,8483.0
22591,2476.0
22592,27864.0
22593,41269.0
22594,7687.0
22595,9840.0
22596,6294.0
22597,4499.0
22598,5823.0
22599,3943.0
22600,4500.0
22601,4266.0
22602,7575.0
22603,6067.0
22604,2350.0
22605,12197.0
22606,1654.0
22607,49725.0
22608,52063.0
22609,2704.0
22610,5441.0
22611,4426.0
22612,3467.0
22613,6172.0
22614,6048.0
22615,6840.0
22616,11271.0
22617,6271.0
22618,5568.0
22619,4142.0
22620,24468.0
22621,5955.0
22622,58069.0
22623,7065.0
22624,50271.0
22625,48851.0
22626,54481.0
22627,61485.0
22628,4836.0
22629,7056.0
22630,9214.0
22631,3860.0
22632,68303.0
22633,54115.0
22634,4111.0
22635,54684.0
22636,2410.0
22637,4676.0
22638,16738.0
22639,5823.0
22640,4111.0
22641,54896.0
22642,4337.0
22643,76927.0
22644,64831.0
22645,2476.0
22646,5289.0
22647,4067.0
22648,4387.0
22649,5145.0
22650,45693.0
22651,4731.0
22652,2361.0
22653,76681.0
22654,8029.0
22655,10575.0
22656,10893.0
22657,59805.0
22658,66928.0
22659,17082.0
22660,6461.0
22661,60508.0
22662,7413.0
22663,54684.0
22664,5732.0
22665,65445.0
22666,8038.0
22667,32923.0
22668,14348.0
22669,7488.0
22670,39555.0
22671,12474.0
22672,6306.0
22673,3393.0
22674,19920.0
22675,4111.0
22676,95819.0
22677,7425.0
22678,44432.0
22679,6461.0
22680,51595.0
22681,50957.0
22682,51058.0
22683,60396.0
22684,8548.0
22685,6966.0
22686,3361.0
22687,20760.0
22688,5772.0
22689,10005.0
22690,7172.0
22691,6732.0
22692,5177.0
22693,2074.0
22694,60365.0
22695,14702.0
22696,3015.0
22697,45257.0
22698,48718.0
22699,14301.0
22700,13014.0
22701,1788.0
22702,6131.0
22703,4743.0
22704,4001.0
22705,4478.0
22706,72237.0
22707,4230.0
22708,49553.0
22709,14364.0
22710,49207.0
22711,64831.0
22712,3980.0
22713,50271.0
22714,3685.0
22715,20000.0
22716,7576.0
22717,10744.0
22718,8111.0
22719,7116.0
22720,9988.0
22721,4500.0
22722,5178.0
22723,36712.0
22724,29622.0
22725,27792.0
22726,9855.0
22727,5937.0
22728,6932.0
22729,11173.0
22730,3860.0
22731,10090.0
22732,6200.0
22733,7909.0
22734,55502.0
22735,45805.0
22736,3775.0
22737,7612.0
22738,61933.0
22739,60978.0
22740,5125.0
22741,3763.0
22742,5949.0
22743,62591.0
22744,11452.0
22745,9277.0
22746,7496.0
22747,5289.0
22748,4416.0
22749,1714.0
22750,4914.0
22751,4286.0
22752,81407.0
22753,6122.0
22754,66063.0
22755,3346.0
22756,5507.0
22757,5892.0
22758,6461.0
22759,39499.0
22760,3182.0
22761,3563.0
22762,4020.0
22763,9723.0
22764,12499.0
22765,4781.0
22766,3569.0
22767,13524.0
22768,6873.0
22769,2339.0
22770,47395.0
22771,10050.0
22772,5232.0
22773,54896.0
22774,57565.0
22775,10757.0
22776,14029.0
22777,65529.0
22778,5174.0
22779,6133.0
22780,28510.0
22781,68303.0
22782,57181.0
22783,60160.0
22784,5441.0
22785,29776.0
22786,53835.0
22787,10260.0
22788,69168.0
22789,4158.0
22790,5800.0
22791,4806.0
22792,4874.0
22793,7999.0
22794,6431.0
22795,2250.0
22796,4028.0
22797,5114.0
22798,14001.0
22799,6930.0
22800,54608.0
22801,56588.0
22802,3572.0
22803,5823.0
22804,49884.0
22805,7555.0
22806,39321.0
22807,3050.0
22808,5289.0
22809,7411.0
22810,3012.0
22811,60865.0
22812,5955.0
22813,1535.5
22814,2750.0
22815,9506.0
22816,62448.0
22817,11335.0
22818,6158.0
22819,6390.0
22820,3475.0
22821,54481.0
22822,3026.0
22823,20760.0
22824,60410.0
22825,11310.0
22826,4796.0
22827,54684.0
22828,6594.0
22829,4651.0
22830,69168.0
22831,4173.0
22832,49725.0
22833,3988.0
22834,6444.0
22835,4449.0
22836,27792.0
22837,60508.0
22838,6489.0
22839,3916.0
22840,62591.0
22841,59254.0
22842,51817.0
22843,51372.0
22844,9750.0
22845,11619.0
22846,14590.0
22847,2480.0
22848,6356.0
22849,59254.0
22850,54684.0
22851,4324.0
22852,8258.0
22853,45257.0
22854,51707.0
22855,4649.0
22856,47586.0
22857,54684.0
22858,49207.0
22859,60260.0
22860,8391.0
22861,45693.0
22862,3393.0
22863,10262.0
22864,7489.0
22865,88813.0
22866,10826.0
22867,48851.0
22868,1966.0
22869,58125.0
22870,11318.0
22871,7950.0
22872,5720.0
22873,4839.0
22874,7948.0
22875,2700.0
22876,4413.0
22877,60365.0
22878,14154.0
22879,14154.0
22880,20340.0
22881,53164.0
22882,6240.0
22883,6314.0
22884,4908.0
22885,49553.0
22886,1443.0
22887,6489.0
22888,7031.0
22889,2410.0
22890,9828.0
22891,17336.0
22892,6271.0
22893,8534.0
22894,47586.0
22895,5656.0
22896,53152.0
22897,60260.0
22898,8100.0
22899,8806.0
22900,14936.0
22901,3916.0
22902,5656.0
22903,45883.0
22904,3014.0
22905,42521.0
22906,12880.0
22907,1548.0
22908,57992.0
22909,6568.0
22910,11675.0
22911,38099.0
22912,3013.0
22913,9136.0
22914,6663.0
22915,5463.0
22916,2409.0
22917,6048.0
22918,55377.0
22919,6502.0
22920,10995.0
22921,44405.0
22922,6437.0
22923,7353.0
22924,60978.0
22925,6082.0
22926,51819.0
22927,6476.0
22928,45693.0
22929,5465.0
22930,66122.0
22931,11129.0
22932,3471.0
22933,78428.0
22934,57790.0
22935,8111.0
22936,57057.0
22937,6913.0
22938,57057.0
22939,4896.0
22940,51697.0
22941,60508.0
22942,10374.0
22943,48851.0
22944,5530.0
22945,12267.0
22946,2836.0
22947,62591.0
22948,3685.0
22949,5390.0
22950,13303.0
22951,59254.0
22952,5820.0
22953,50271.0
22954,18347.0
22955,5390.0
22956,56702.0
22957,3015.0
22958,5239.0
22959,23484.0
22960,10878.0
22961,2339.0
22962,4672.0
22963,5089.0
22964,6133.0
22965,13023.0
22966,2201.0
22967,6342.0
22968,3306.0
22969,60508.0
22970,49725.0
22971,6443.0
22972,45693.0
22973,49553.0
22974,61516.0
22975,42212.0
22976,17437.0
22977,5134.0
22978,54684.0
22979,4203.0
22980,66077.0
22981,4881.0
22982,8112.0
22983,4500.0
22984,30808.0
22985,10680.0
22986,50868.0
22987,16212.0
22988,45693.0
22989,45805.0
22990,67004.0
22991,58282.0
22992,5448.0
22993,44144.0
22994,66301.0
22995,6015.0
22996,53835.0
22997,50271.0
22998,20623.0
22999,31902.0
23000,4637.0
23001,49613.0
23002,11383.0
23003,69168.0
23004,3862.0
23005,4784.0
23006,14944.0
23007,5162.0
23008,4961.0
23009,6488.0
23010,3423.0
23011,5761.0
23012,10744.0
23013,15018.0
23014,58315.0
23015,7517.0
23016,13944.0
23017,2409.0
23018,84222.0
23019,49725.0
23020,2836.0
23021,10690.5
23022,5828.0
23023,55302.0
23024,54841.0
23025,6181.0
23026,10584.0
23027,5330.0
23028,27864.0
23029,5204.0
23030,6213.0
23031,64173.0
23032,4581.0
23033,53947.0
23034,56590.0
23035,6324.0
23036,62591.0
23037,63579.0
23038,60978.0
23039,6568.0
23040,11247.0
23041,55983.0
23042,5232.0
23043,5577.0
23044,50271.0
23045,57812.0
23046,5939.0
23047,8838.0
23048,6630.0
23049,3798.0
23050,15508.0
23051,6568.0
23052,69244.0
23053,6186.0
23054,5954.0
23055,1998.0
23056,43729.0
23057,66928.0
23058,51819.0
23059,4672.0
23060,2050.0
23061,8112.0
23062,10744.0
23063,6437.0
23064,2250.0
23065,49725.0
23066,54684.0
23067,14113.0
23068,4496.0
23069,3571.0
23070,30144.0
23071,6932.0
23072,9531.0
23073,60508.0
23074,4266.0
23075,44013.0
23076,6324.0
23077,7425.0
23078,4499.0
23079,2056.0
23080,52287.0
23081,5817.0
23082,50297.0
23083,15663.0
23084,48079.0
23085,54608.0
23086,7487.0
23087,45257.0
23088,5606.0
23089,4363.0
23090,5323.0
23091,3674.0
23092,2124.0
23093,62045.0
23094,4173.0
23095,5960.0
23096,3916.0
23097,7329.0
23098,50868.0
23099,5579.0
23100,49553.0
23101,58315.0
23102,62617.0
23103,14702.0
23104,54841.0
23105,7293.0
23106,5955.0
23107,6634.0
23108,4161.0
23109,4499.0
23110,5947.0
23111,53835.0
23112,3072.0
23113,4819.0
23114,41652.0
23115,13524.0
23116,24122.0
23117,4449.0
23118,84534.5
23119,7892.0
23120,1604.0
23121,5232.0
23122,8111.0
23123,5102.0
23124,3361.0
23125,41269.0
23126,4502.0
23127,8111.0
23128,2409.0
23129,67769.0
23130,3862.0
23131,3862.0
23132,11059.0
23133,2276.0
23134,56590.0
23135,5950.0
23136,66928.0
23137,4452.0
23138,7004.0
23139,57939.0
23140,6569.0
23141,2694.0
23142,11188.0
23143,47408.0
23144,62591.0
23145,5960.0
23146,49725.0
23147,6395.0
23148,3336.0
23149,4338.0
23150,4499.0
23151,6159.0
23152,7284.0
23153,11854.0
23154,1694.0
23155,5282.0
23156,2621.0
23157,51595.0
23158,45776.0
23159,4028.0
23160,60365.0
23161,5937.0
23162,7164.0
23163,4387.0
23164,17047.0
23165,47586.0
23166,14314.0
23167,5504.0
23168,11520.0
23169,64113.0
23170,47586.0
23171,10999.0
23172,4449.0
23173,12990.0
23174,15199.0
23175,9141.0
23176,55087.0
23177,2477.0
23178,2835.0
23179,55983.0
23180,5037.0
23181,27976.0
23182,5624.0
23183,54684.0
23184,5148.0
23185,4111.0
23186,5953.0
23187,4499.0
23188,7892.0
23189,11205.0
23190,54841.0
23191,2336.0
23192,5734.0
23193,3862.0
23194,22152.0
23195,49725.0
23196,42521.0
23197,12896.0
23198,64700.0
23199,8111.0
23200,2343.0
23201,37985.0
23202,29764.0
23203,7999.0
23204,6994.0
23205,56702.0
23206,2124.0
23207,60232.0
23208,1551.0
23209,5547.0
23210,5902.0
23211,54684.0
23212,39321.0
23213,26682.0
23214,11625.0
23215,4139.0
23216,52175.0
23217,54684.0
23218,45185.0
23219,6287.0
23220,51372.0
23221,5177.0
23222,49613.0
23223,5883.0
23224,4229.0
23225,3689.0
23226,7971.0
23227,9840.0
23228,2050.0
23229,63804.0
23230,6630.0
23231,60260.0
23232,20760.0
23233,3754.0
23234,11139.0
23235,55983.0
23236,7212.0
23237,11675.0
23238,5042.0
23239,56588.0
23240,8757.0
23241,10608.0
23242,4499.0
23243,3393.0
23244,10222.0
23245,34472.0
23246,8988.0
23247,2250.0
23248,51819.0
23249,2723.0
23250,4792.0
23251,5768.0
23252,2516.0
23253,6696.0
23254,6711.0
23255,9073.0
23256,4501.0
23257,3519.0
23258,6450.0
23259,6476.0
23260,7982.0
23261,51707.0
23262,53164.0
23263,3623.0
23264,7081.0
23265,16391.0
23266,7774.0
23267,2410.0
23268,39682.0
23269,5880.0
23270,53164.0
23271,3374.0
23272,44280.0
23273,10248.0
23274,9879.0
23275,2673.0
23276,8112.0
23277,53152.0
23278,5937.0
23279,9907.0
23280,2410.0
23281,2250.0
23282,49207.0
23283,4979.0
23284,3090.0
23285,6270.0
23286,4506.0
23287,3471.0
23288,13524.0
23289,22140.0
23290,51707.0
23291,62045.0
23292,56273.0
23293,20684.0
23294,3568.0
23295,7242.0
23296,4086.0
23297,6109.0
23298,4809.0
23299,45883.0
23300,4417.0
23301,6450.0
23302,7080.0
23303,41113.0
23304,60978.0
23305,5309.0
23306,7353.0
23307,45185.0
23308,5467.0
23309,3633.0
23310,44144.0
23311,53164.0
23312,69997.0
23313,51875.0
23314,7584.0
23315,8111.0
23316,7021.0
23317,4500.0
23318,7927.0
23319,4316.0
23320,3393.0
23321,4816.0
23322,18758.0
23323,4900.0
23324,34472.0
23325,7344.0
23326,24234.0
23327,61874.0
23328,62793.0
23329,65529.0
23330,61933.0
23331,12138.0
23332,6287.0
23333,6195.0
23334,9090.0
23335,6144.0
23336,8111.0
23337,6389.0
23338,7089.0
23339,6985.0
23340,12900.0
23341,3496.0
23342,5883.0
23343,37256.0
23344,4387.0
23345,7425.0
23346,14173.0
23347,5818.0
23348,3194.0
23349,56702.0
23350,6287.0
23351,5955.0
23352,2124.0
23353,4660.0
23354,51817.0
23355,51817.0
23356,6342.0
23357,5087.0
23358,49613.0
23359,4202.0
23360,3324.0
23361,15729.0
23362,7639.0
23363,1551.0
23364,24122.0
23365,12465.0
23366,53152.0
23367,6432.0
23368,40843.0
23369,7494.0
23370,3282.0
23371,3466.0
23372,3282.0
23373,2901.0
23374,62045.0
23375,6510.0
23376,4452.0
23377,54608.0
23378,12646.0
23379,4700.0
23380,12045.0
23381,11664.0
23382,7938.0
23383,4338.0
23384,2124.0
23385,3000.0
23386,56590.0
23387,3000.0
23388,6488.0
23389,65872.0
23390,6412.0
23391,60232.0
23392,6692.0
23393,5102.0
23394,54777.0
23395,4262.0
23396,54608.0
23397,60232.0
23398,66077.0
23399,4097.0
23400,2343.0
23401,4348.0
23402,5375.0
23403,32923.0
23404,4205.0
23405,6276.0
23406,6461.0
23407,13830.0
23408,8112.0
23409,3216.0
23410,4173.0
23411,2339.0
23412,2339.0
23413,61873.0
23414,49725.0
23415,2994.0
23416,46041.0
23417,5451.0
23418,2124.0
23419,59021.0
23420,56273.0
23421,1105.0
23422,66063.0
23423,24981.0
23424,60365.0
23425,11319.0
23426,5960.0
23427,10744.0
23428,4714.0
23429,7877.0
23430,12465.0
23431,1543.0
23432,4294.0
23433,62549.0
23434,4896.0
23435,11520.0
23436,6332.0
23437,5040.0
23438,59537.0
23439,44280.0
23440,5007.0
23441,2700.0
23442,4700.0
23443,59021.0
23444,5892.0
23445,3127.0
23446,1694.0
23447,5954.0
23448,56476.0
23449,54684.0
23450,65529.0
23451,4499.0
23452,4177.0
23453,54841.0
23454,2339.0
23455,7999.0
23456,10850.0
23457,7109.0
23458,45883.0
23459,19201.0
23460,69489.0
23461,5765.0
23462,10744.0
23463,32859.0
23464,5949.0
23465,3105.0
23466,60978.0
23467,66928.0
23468,6060.0
23469,3834.0
23470,7764.0
23471,5227.0
23472,2410.0
23473,6067.0
23474,4044.0
23475,66063.0
23476,4071.0
23477,9277.0
23478,5942.0
23479,8046.0
23480,41314.0
23481,5547.0
23482,6172.0
23483,66155.0
23484,49177.0
23485,6109.0
23486,36700.0
23487,4637.0
23488,6578.0
23489,12454.0
23490,61933.0
23491,4593.0
23492,5042.0
23493,23944.0
23494,3979.0
23495,5033.0
23496,53126.0
23497,5104.0
23498,3090.0
23499,11868.0
23500,6339.0
23501,3971.0
23502,5220.0
23503,39432.0
23504,5102.0
23505,53645.0
23506,49553.0
23507,3393.0
23508,5042.0
23509,8253.0
23510,64113.0
23511,6450.0
23512,51457.0
23513,9735.0
23514,6220.0
23515,3349.0
23516,4274.0
23517,5355.0
23518,3953.0
23519,8733.0
23520,4111.0
23521,82816.0
23522,22382.0
23523,9296.0
23524,3623.0
23525,3288.0
23526,44682.0
23527,2960.0
23528,28510.0
23529,5227.0
23530,7410.0
23531,6461.0
23532,4243.0
23533,13883.0
23534,66928.0
23535,5227.0
23536,14766.0
23537,38099.0
23538,31622.0
23539,55983.0
23540,41281.0
23541,37929.0
23542,37985.0
23543,53743.0
23544,6711.0
23545,9419.0
23546,69168.0
23547,8118.0
23548,7584.0
23549,19783.0
23550,4499.0
23551,58125.0
23552,5823.0
23553,14040.0
23554,54608.0
23555,53164.0
23556,45693.0
23557,10228.0
23558,6133.0
23559,5955.0
23560,4028.0
23561,4020.0
23562,12440.0
23563,25660.0
23564,59537.0
23565,4549.0
23566,6458.0
23567,22140.0
23568,9493.0
23569,48169.0
23570,6122.0
23571,43865.0
23572,15540.0
23573,2150.0
23574,5888.0
23575,6512.0
23576,6158.0
23577,1714.0
23578,7047.0
23579,47441.0
23580,57920.0
23581,9216.0
23582,4612.0
23583,23944.0
23584,4111.0
23585,3389.0
23586,1830.0
23587,4788.0
23588,41101.0
23589,53440.0
23590,3381.0
23591,83549.0
23592,8043.0
23593,5871.0
23594,57992.0
23595,9424.0
23596,16025.0
23597,15188.0
23598,5949.0
23599,5606.0
23600,4731.0
23601,48851.0
23602,12007.0
23603,2098.0
23604,4787.0
23605,4027.0
23606,1606.0
23607,5027.0
23608,3175.0
23609,64173.0
23610,13095.0
23611,67004.0
23612,5037.0
23613,5805.0
23614,4498.0
23615,4896.0
23616,7022.0
23617,62729.0
23618,49553.0
23619,60978.0
23620,10680.0
23621,2361.0
23622,70588.0
23623,1551.0
23624,2050.0
23625,6195.0
23626,6324.0
23627,12054.0
23628,52715.0
23629,10867.0
23630,65529.0
23631,6956.0
23632,4601.0
23633,4827.0
23634,5178.0
23635,6489.0
23636,3334.0
23637,12255.0
23638,5943.0
23639,8391.0
23640,51875.0
23641,11448.0
23642,4499.0
23643,60978.0
23644,56588.0
23645,4502.0
23646,5322.0
23647,5949.0
23648,3381.0
23649,4099.0
23650,57992.0
23651,36700.0
23652,4111.0
23653,4205.0
23654,3916.0
23655,42457.0
23656,4028.0
23657,56702.0
23658,49553.0
23659,2464.0
23660,5949.0
23661,57017.0
23662,35510.0
23663,14962.0
23664,5179.0
23665,4028.0
23666,76684.0
23667,32444.0
23668,66077.0
23669,5677.0
23670,5823.0
23671,4439.0
23672,4424.0
23673,47586.0
23674,58125.0
23675,54608.0
23676,55377.0
23677,62560.0
23678,4498.0
23679,7813.0
23680,6172.0
23681,10058.0
23682,4649.0
23683,2436.0
23684,4337.0
23685,6444.0
23686,3466.0
23687,6067.0
23688,6885.0
23689,2476.0
23690,54608.0
23691,4769.0
23692,9933.0
23693,5380.0
23694,5823.0
23695,9353.0
23696,4502.0
23697,9433.0
23698,7656.0
23699,14014.0
23700,64173.0
23701,3282.0
23702,45693.0
23703,17164.0
23704,4672.0
23705,5660.0
23706,49613.0
23707,24122.0
23708,67209.0
23709,1551.0
23710,11069.0
23711,6307.0
23712,4979.0
23713,7529.0
23714,4266.0
23715,45257.0
23716,3374.0
23717,12747.0
23718,80566.0
23719,41064.0
23720,2336.0
23721,3191.0
23722,1830.0
23723,10248.0
23724,3457.0
23725,28872.0
23726,5060.0
23727,6128.0
23728,13687.0
23729,4028.0
23730,4836.0
23731,6488.0
23732,4393.0
23733,4783.0
23734,3998.0
23735,53937.0
23736,8799.0
23737,47408.0
23738,51697.0
23739,6048.0
23740,51595.0
23741,3389.0
23742,37417.0
23743,5888.0
23744,8442.0
23745,3754.0
23746,50271.0
23747,5715.0
23748,5102.0
23749,4792.0
23750,60978.0
23751,6432.0
23752,6287.0
23753,5942.0
23754,4933.0
23755,3993.0
23756,6584.0
23757,4056.0
23758,78400.0
23759,56702.0
23760,54608.0
23761,17548.0
23762,6219.0
23763,13688.0
23764,6590.0
23765,7106.0
23766,7927.0
23767,47408.0
23768,11205.0
23769,4348.0
23770,8668.0
23771,37985.0
23772,3407.0
23773,4978.0
23774,2150.0
23775,3999.0
23776,2350.0
23777,4704.0
23778,4933.0
23779,3568.0
23780,3393.0
23781,8768.0
23782,52175.0
23783,14133.0
23784,45805.0
23785,5523.0
23786,65529.0
23787,4676.0
23788,52287.0
23789,45805.0
23790,49207.0
23791,7767.0
23792,52063.0
23793,61649.0
23794,56590.0
23795,60396.0
23796,58125.0
23797,7347.0
23798,47217.0
23799,6120.0
23800,13122.0
23801,7212.0
23802,54777.0
23803,3862.0
23804,4111.0
23805,5342.0
23806,47395.0
23807,3498.0
23808,7395.0
23809,53937.0
23810,60978.0
23811,5949.0
23812,2050.0
23813,60713.0
23814,54608.0
23815,5955.0
23816,9879.0
23817,10604.0
23818,57081.0
23819,12847.0
23820,60396.0
23821,4359.0
23822,67769.0
23823,6032.0
23824,4827.0
23825,6009.0
23826,9371.0
23827,27864.0
23828,9945.0
23829,10189.0
23830,9383.0
23831,6172.0
23832,5917.0
23833,4589.0
23834,7437.0
23835,3963.0
23836,6067.0
23837,7313.0
23838,4617.0
23839,6819.0
23840,61933.0
23841,45012.0
23842,49725.0
23843,6067.0
23844,11383.0
23845,4934.0
23846,6827.0
23847,3015.0
23848,57992.0
23849,60978.0
23850,13103.0
23851,3393.0
23852,5178.0
23853,29170.0
23854,16359.0
23855,14341.0
23856,60508.0
23857,6158.0
23858,69885.0
23859,2738.0
23860,6024.0
23861,5206.0
23862,16393.0
23863,45672.0
23864,3621.0
23865,3916.0
23866,11829.0
23867,4453.0
23868,2821.0
23869,65905.0
23870,6568.0
23871,6186.0
23872,12007.0
23873,17794.0
23874,5937.0
23875,54608.0
23876,44405.0
23877,3979.0
23878,6692.0
23879,8112.0
23880,2327.0
23881,6030.0
23882,4768.0
23883,41314.0
23884,4165.0
23885,5410.0
23886,6487.0
23887,5685.0
23888,73771.0
23889,8396.0
23890,4020.0
23891,5206.0
23892,8112.0
23893,4781.0
23894,4417.0
23895,45883.0
23896,48851.0
23897,1755.0
23898,76684.0
23899,14880.0
23900,2339.0
23901,5293.0
23902,4680.0
23903,6172.0
23904,5040.0
23905,3998.0
23906,12222.0
23907,4979.0
23908,1890.0
23909,6067.0
23910,5702.0
23911,8831.0
23912,3689.0
23913,61933.0
23914,5815.0
23915,5177.0
23916,4663.0
23917,9840.0
23918,53152.0
23919,37985.0
23920,38044.0
23921,14074.0
23922,37929.0
23923,3496.0
23924,62591.0
23925,3357.0
23926,17619.0
23927,6489.0
23928,4453.0
23929,6450.0
23930,6461.0
23931,5618.0
23932,4048.0
23933,7488.0
23934,4814.0
23935,5322.0
23936,5641.0
23937,3393.0
23938,13325.0
23939,4028.0
23940,53499.0
23941,11675.0
23942,6200.0
23943,7767.0
23944,11698.0
23945,3001.0
23946,3291.0
23947,3940.0
23948,5841.0
23949,4113.0
23950,2901.0
23951,6015.0
23952,3988.0
23953,2901.0
23954,2203.0
23955,2476.0
23956,3862.0
23957,14544.0
23958,7053.0
23959,62617.0
23960,3855.0
23961,14889.0
23962,1998.0
23963,71229.0
23964,3105.0
23965,3090.0
23966,6450.0
23967,2359.0
23968,10578.0
23969,4416.0
23970,19054.0
23971,1755.0
23972,9353.0
23973,49613.0
23974,5007.0
23975,11310.0
23976,11396.5
23977,51058.0
23978,6489.0
23979,6461.0
23980,52586.0
23981,5178.0
23982,60396.0
23983,3712.5
23984,3689.0
23985,1830.0
23986,7425.0
23987,20719.0
23988,69168.0
23989,20603.0
23990,62045.0
23991,7021.0
23992,45883.0
23993,2750.0
23994,2343.0
23995,14301.0
23996,3627.0
23997,60508.0
23998,6578.0
23999,4357.0
24000,6207.0
24001,11448.0
24002,56590.0
24003,5421.0
24004,6277.0
24005,4393.0
24006,12533.0
24007,5232.0
24008,5093.0
24009,3466.0
24010,9671.0
24011,5178.0
24012,2074.0
24013,7919.0
24014,15154.0
24015,56588.0
24016,5660.0
24017,42521.0
24018,2723.0
24019,8899.0
24020,4099.0
24021,54896.0
24022,4390.0
24023,7518.0
24024,38099.0
24025,5937.0
24026,27792.0
24027,41281.0
24028,7353.0
24029,3721.0
24030,5293.0
24031,3862.0
24032,61404.0
24033,57081.0
24034,3961.0
24035,8449.0
24036,52522.0
24037,3820.0
24038,6161.0
24039,4867.0
24040,11205.0
24041,2105.0
24042,62188.0
24043,7584.0
24044,44280.0
24045,10058.0
24046,44622.0
24047,10425.0
24048,3546.0
24049,5953.0
24050,64831.0
24051,55377.0
24052,7304.0
24053,3999.0
24054,5018.0
24055,4048.0
24056,5955.0
24057,4496.0
24058,4294.0
24059,4556.0
24060,54115.0
24061,44144.0
24062,5760.0
24063,45805.0
24064,62045.0
24065,9510.0
24066,1105.0
24067,1714.0
24068,79588.0
24069,21285.0
24070,6200.0
24071,12013.0
24072,6743.0
24073,11739.0
24074,6932.0
24075,6172.0
24076,7489.0
24077,5293.0
24078,6946.0
24079,1694.0
24080,20684.0
24081,3000.0
24082,51058.0
24083,49177.0
24084,49553.0
24085,2966.0
24086,6310.0
24087,5507.0
24088,3569.0
24089,7413.0
24090,42777.0
24091,2203.0
24092,5535.0
24093,54608.0
24094,2410.0
24095,5350.0
24096,40084.0
24097,4821.0
24098,60601.0
24099,20684.0
24100,2901.0
24101,57868.0
24102,4023.0
24103,6158.0
24104,38099.0
24105,49896.0
24106,6598.0
24107,2476.0
24108,52522.0
24109,67004.0
24110,38099.0
24111,51875.0
24112,6448.0
24113,6319.0
24114,42312.0
24115,49553.0
24116,4338.0
24117,5915.0
24118,4893.0
24119,5943.0
24120,74365.0
24121,13818.0
24122,17222.0
24123,2150.0
24124,45883.0
24125,56702.0
24126,87159.0
24127,3971.0
24128,44280.0
24129,37048.0
24130,5656.0
24131,1543.0
24132,2250.0
24133,30222.0
24134,45144.0
24135,50271.0
24136,50969.0
24137,56702.0
24138,5135.0
24139,4262.0
24140,5231.0
24141,10979.0
24142,9655.0
24143,52175.0
24144,19201.0
24145,32859.0
24146,3813.0
24147,3194.0
24148,62729.0
24149,11497.0
24150,5289.0
24151,4979.0
24152,6568.0
24153,5955.0
24154,4914.0
24155,4469.0
24156,62549.0
24157,11069.0
24158,5204.0
24159,11520.0
24160,3961.0
24161,4357.0
24162,4672.0
24163,32923.0
24164,13014.0
24165,27864.0
24166,6294.0
24167,4554.0
24168,49725.0
24169,5954.0
24170,10018.0
24171,44280.0
24172,3644.0
24173,53937.0
24174,2410.0
24175,62729.0
24176,10260.0
24177,64285.0
24178,8246.0
24179,14670.0
24180,5525.0
24181,4755.0
24182,27976.0
24183,12150.0
24184,5896.0
24185,4755.0
24186,24122.0
24187,22140.0
24188,55983.0
24189,39321.0
24190,6695.0
24191,12075.0
24192,3361.0
24193,2723.0
24194,3988.0
24195,6924.0
24196,38099.0
24197,4056.0
24198,75933.0
24199,3334.0
24200,5761.0
24201,49613.0
24202,11488.0
24203,3563.0
24204,2477.0
24205,60260.0
24206,5468.5
24207,5177.0
24208,7021.0
24209,3844.0
24210,3762.0
24211,4556.0
24212,5943.0
24213,6512.0
24214,57565.0
24215,72125.0
24216,55377.0
24217,5352.0
24218,3393.0
24219,7412.0
24220,2409.0
24221,5275.0
24222,5768.0
24223,45672.0
24224,4566.0
24225,7954.0
24226,10470.0
24227,51595.0
24228,6461.0
24229,26474.0
24230,10360.0
24231,6017.0
24232,80458.0
24233,2353.0
24234,54684.0
24235,9840.0
24236,2723.0
24237,2074.0
24238,12990.0
24239,56588.0
24240,2665.0
24241,52287.0
24242,8062.0
24243,13168.0
24244,4969.0
24245,7474.0
24246,4348.0
24247,39859.0
24248,9668.0
24249,5943.0
24250,2091.0
24251,6548.0
24252,59537.0
24253,51817.0
24254,78400.0
24255,16811.0
24256,3877.0
24257,5985.0
24258,4674.0
24259,5761.0
24260,41269.0
24261,44081.0
24262,51817.0
24263,5806.0
24264,7950.0
24265,6444.0
24266,5756.0
24267,56588.0
24268,3729.0
24269,3584.0
24270,2359.0
24271,7833.0
24272,54777.0
24273,4780.0
24274,20000.0
24275,3389.0
24276,49177.0
24277,3194.0
24278,6412.0
24279,4672.0
24280,13524.0
24281,36565.0
24282,12557.0
24283,3563.0
24284,7868.0
24285,54841.0
24286,10090.0
24287,3986.0
24288,3862.0
24289,6899.0
24290,63389.0
24291,3961.0
24292,5256.0
24293,1694.0
24294,8111.0
24295,6502.0
24296,59929.0
24297,4338.0
24298,6568.0
24299,11835.0
24300,2900.0
24301,60260.0
24302,6010.0
24303,53552.0
24304,8883.0
24305,8869.0
24306,7329.0
24307,5019.0
24308,11088.0
24309,6271.0
24310,3334.0
24311,24056.0
24312,49725.0
24313,6395.0
24314,2250.0
24315,58125.0
24316,52175.0
24317,5407.0
24318,60978.0
24319,4387.0
24320,49725.0
24321,2723.0
24322,5299.0
24323,5772.0
24324,3000.0
24325,51817.0
24326,4977.0
24327,9671.0
24328,4502.0
24329,44280.0
24330,53209.0
24331,3860.0
24332,64139.0
24333,4000.0
24334,52287.0
24335,64285.0
24336,41281.0
24337,8988.0
24338,55502.0
24339,10687.0
24340,5276.0
24341,71708.0
24342,54684.0
24343,5421.0
24344,3105.0
24345,6132.0
24346,6212.0
24347,57081.0
24348,6740.0
24349,6060.0
24350,52175.0
24351,4452.0
24352,4556.0
24353,8059.0
24354,11129.0
24355,45883.0
24356,13386.0
24357,7895.0
24358,4499.0
24359,6502.0
24360,5842.0
24361,5960.0
24362,9558.0
24363,6084.0
24364,44280.0
24365,60260.0
24366,2150.0
24367,56590.0
24368,6578.0
24369,6032.0
24370,9086.0
24371,62045.0
24372,7584.0
24373,51405.0
24374,4347.0
24375,67004.0
24376,45883.0
24377,10202.0
24378,7412.0
24379,39555.0
24380,62793.0
24381,3090.0
24382,4263.0
24383,14670.0
24384,4501.0
24385,4393.0
24386,64113.0
24387,4007.0
24388,6115.0
24389,18135.0
24390,53937.0
24391,2835.0
24392,43376.0
24393,57992.0
24394,84756.0
24395,2836.0
24396,10608.0
24397,15204.0
24398,51817.0
24399,25835.5
24400,27792.0
24401,54608.0
24402,6198.0
24403,13168.0
24404,51117.0
24405,2203.0
24406,3397.0
24407,7774.0
24408,5939.0
24409,55377.0
24410,11156.0
24411,3361.0
24412,5102.0
24413,7425.0
24414,4170.0
24415,45600.0
24416,56588.0
24417,6132.0
24418,5102.0
24419,6577.0
24420,5761.0
24421,53164.0
24422,4299.0
24423,3014.0
24424,51875.0
24425,29954.0
24426,5934.0
24427,23944.0
24428,6594.0
24429,8560.0
24430,6450.0
24431,14186.0
24432,41314.0
24433,1443.0
24434,56588.0
24435,56590.0
24436,4499.0
24437,55502.0
24438,60365.0
24439,45371.0
24440,11843.0
24441,5800.0
24442,58111.0
24443,2994.0
24444,2336.0
24445,12675.0
24446,23898.0
24447,5467.0
24448,49613.0
24449,49725.0
24450,6568.0
24451,4056.0
24452,8240.0
24453,4294.0
24454,51817.0
24455,10978.0
24456,105638.0
24457,4453.0
24458,50271.0
24459,11426.0
24460,69885.0
24461,61873.0
24462,5102.0
24463,39610.0
24464,44144.0
24465,5937.0
24466,4755.0
24467,2336.0
24468,61933.0
24469,4403.0
24470,56073.0
24471,51817.0
24472,5178.0
24473,11372.0
24474,6109.0
24475,60396.0
24476,7774.0
24477,3354.0
24478,5226.0
24479,6075.0
24480,15889.0
24481,4426.0
24482,67769.0
24483,4500.0
24484,5805.0
24485,57920.0
24486,5227.0
24487,9083.0
24488,18360.0
24489,57453.0
24490,6780.0
24491,2476.0
24492,4989.0
24493,3988.0
24494,6473.0
24495,7212.0
24496,3090.0
24497,6663.0
24498,47217.0
24499,4413.0
24500,8112.0
24501,1830.0
24502,5746.0
24503,3918.0
24504,6009.0
24505,9390.0
24506,4173.0
24507,6450.0
24508,11785.0
24509,2201.0
24510,11129.0
24511,7412.0
24512,17548.0
24513,4173.0
24514,40447.0
24515,5177.0
24516,41064.0
24517,51457.0
24518,64831.0
24519,6985.0
24520,41064.0
24521,39847.0
24522,6082.0
24523,69997.0
24524,49177.0
24525,53645.0
24526,13347.0
24527,5089.0
24528,5954.0
24529,38099.0
24530,4228.0
24531,20684.0
24532,11675.0
24533,45693.0
24534,3279.0
24535,5850.0
24536,4417.0
24537,3489.0
24538,6060.0
24539,2228.0
24540,7433.0
24541,58394.0
24542,5881.0
24543,6109.0
24544,4379.0
24545,60232.0
24546,51817.0
24547,39610.0
24548,7164.0
24549,5206.0
24550,6272.0
24551,11650.0
24552,1998.0
24553,5040.0
24554,39499.0
24555,3596.0
24556,5892.0
24557,7770.0
24558,44546.0
24559,60365.0
24560,51345.0
24561,4044.0
24562,7221.0
24563,5950.0
24564,63277.0
24565,60508.0
24566,27864.0
24567,53937.0
24568,4612.0
24569,6437.0
24570,5177.0
24571,48213.0
24572,50271.0
24573,4337.0
24574,4111.0
24575,2516.0
24576,2723.0
24577,6825.0
24578,5853.0
24579,53743.0
24580,62524.0
24581,53209.0
24582,4223.0
24583,8029.0
24584,33979.0
24585,21693.0
24586,23190.0
24587,56588.0
24588,2410.0
24589,60160.0
24590,14014.0
24591,7950.0
24592,45371.0
24593,59021.0
24594,60365.0
24595,5282.0
24596,9616.0
24597,64113.0
24598,66928.0
24599,5228.0
24600,9884.0
24601,3436.0
24602,1830.0
24603,11696.0
24604,2339.0
24605,3546.0
24606,60508.0
24607,45257.0
24608,53743.0
24609,60260.0
24610,37526.0
24611,8112.0
24612,5402.0
24613,15917.0
24614,4257.0
24615,3251.0
24616,2480.0
24617,3361.0
24618,4501.0
24619,11069.0
24620,13188.0
24621,60508.0
24622,6582.0
24623,5467.0
24624,17013.0
24625,4048.0
24626,6199.0
24627,6133.0
24628,51384.0
24629,9668.0
24630,66928.0
24631,12150.0
24632,5750.0
24633,6312.0
24634,42424.0
24635,45693.0
24636,18505.0
24637,6728.0
24638,4020.0
24639,37985.0
24640,11488.0
24641,2436.0
24642,59033.0
24643,5399.0
24644,63949.0
24645,2105.0
24646,6294.0
24647,70431.0
24648,54896.0
24649,4498.0
24650,3342.0
24651,12191.0
24652,5515.0
24653,2477.0
24654,55502.0
24655,4498.0
24656,7584.0
24657,6443.0
24658,45693.0
24659,2228.0
24660,5902.0
24661,4499.0
24662,7206.0
24663,41064.0
24664,5441.0
24665,61873.0
24666,3096.0
24667,4019.0
24668,4672.0
24669,7304.0
24670,12854.0
24671,60232.0
24672,2339.0
24673,58315.0
24674,5665.0
24675,59537.0
24676,9201.0
24677,4755.0
24678,54608.0
24679,2050.0
24680,42457.0
24681,6271.0
24682,45097.0
24683,67004.0
24684,67769.0
24685,7425.0
24686,6219.0
24687,5507.0
24688,46601.0
24689,6353.0
24690,5441.0
24691,56476.0
24692,39499.0
24693,17514.0
24694,27976.0
24695,5691.0
24696,49553.0
24697,1443.0
24698,14489.0
24699,41281.0
24700,57565.0
24701,20684.0
24702,6200.0
24703,54841.0
24704,60508.0
24705,2449.0
24706,2738.0
24707,6568.0
24708,5232.0
24709,6489.0
24710,58315.0
24711,13305.0
24712,6893.0
24713,11205.0
24714,3127.0
24715,59021.0
24716,4028.0
24717,32230.0
24718,2482.0
24719,3707.0
24720,20606.0
24721,2738.0
24722,5322.0
24723,2410.0
24724,4172.0
24725,55502.0
24726,4399.0
24727,22140.0
24728,65391.0
24729,4111.0
24730,7484.0
24731,49725.0
24732,7426.0
24733,3389.0
24734,34460.0
24735,5177.0
24736,8803.0
24737,50271.0
24738,7518.0
24739,42521.0
24740,6292.0
24741,3471.0
24742,32923.0
24743,4827.0
24744,7978.0
24745,6292.0
24746,58282.0
24747,4126.0
24748,25558.0
24749,64113.0
24750,52287.0
24751,4366.0
24752,3219.0
24753,55983.0
24754,6319.0
24755,6725.0
24756,40435.0
24757,6339.0
24758,8130.0
24759,6015.0
24760,2339.0
24761,5949.0
24762,4456.0
24763,4027.0
24764,9000.0
24765,29610.0
24766,6776.0
24767,2835.0
24768,32859.0
24769,32646.0
24770,6568.0
24771,2124.0
24772,10186.0
24773,13103.0
24774,56588.0
24775,3916.0
24776,4612.0
24777,11129.0
24778,36577.0
24779,6432.0
24780,2476.0
24781,49613.0
24782,4453.0
24783,7366.0
24784,8186.0
24785,52175.0
24786,50361.0
24787,5915.0
24788,64173.0
24789,6537.0
24790,39321.0
24791,6885.0
24792,17703.0
24793,43729.0
24794,11520.0
24795,9141.0
24796,41064.0
24797,2336.0
24798,2836.0
24799,3998.0
24800,3860.0
24801,57017.0
24802,11520.0
24803,5102.0
24804,4672.0
24805,6296.0
24806,45693.0
24807,3988.0
24808,22140.0
24809,4500.0
24810,2201.0
24811,3860.0
24812,10608.0
24813,58125.0
24814,3090.0
24815,39555.0
24816,2696.0
24817,32859.0
24818,4357.0
24819,4469.0
24820,9277.0
24821,2074.0
24822,6490.0
24823,4099.0
24824,51707.0
24825,2074.0
24826,45883.0
24827,4453.0
24828,5955.0
24829,52715.0
24830,5185.0
24831,1788.0
24832,2767.0
24833,2747.0
24834,4724.0
24835,10058.0
24836,6132.0
24837,6015.0
24838,1830.0
24839,57005.0
24840,13182.0
24841,9840.0
24842,7910.0
24843,3971.0
24844,22140.0
24845,38099.0
24846,7268.0
24847,4440.0
24848,6144.0
24849,61873.0
24850,49553.0
24851,32923.0
24852,4792.0
24853,9353.0
24854,10058.0
24855,4439.0
24856,9566.0
24857,51707.0
24858,9891.0
24859,54608.0
24860,5857.0
24861,2201.0
24862,6952.0
24863,6139.0
24864,4173.0
24865,2201.0
24866,9879.0
24867,5579.0
24868,9404.0
24869,5276.0
24870,5772.0
24871,3918.0
24872,6437.0
24873,4417.0
24874,3360.0
24875,4020.0
24876,61933.0
24877,48298.0
24878,3090.0
24879,64890.0
24880,16653.0
24881,11480.0
24882,6437.0
24883,62188.0
24884,7363.0
24885,53440.0
24886,3191.0
24887,6169.0
24888,70793.0
24889,3685.0
24890,6437.0
24891,44280.0
24892,16488.0
24893,5441.0
24894,42457.0
24895,3855.0
24896,54777.0
24897,4724.0
24898,45693.0
24899,6287.0
24900,6412.0
24901,7569.0
24902,5102.0
24903,5093.0
24904,6048.0
24905,6450.0
24906,6711.0
24907,37417.0
24908,39859.0
24909,13410.0
24910,41314.0
24911,5823.0
24912,5177.0
24913,2250.0
24914,3093.0
24915,51817.0
24916,48298.0
24917,2098.0
24918,4779.0
24919,5983.0
24920,61873.0
24921,57529.0
24922,12417.0
24923,49207.0
24924,37594.0
24925,67769.0
24926,6082.0
24927,2410.0
24928,10202.0
24929,4348.0
24930,7927.0
24931,51707.0
24932,8121.0
24933,32556.0
24934,61899.0
24935,3845.0
24936,5102.0
24937,17604.0
24938,11627.0
24939,102384.0
24940,4250.0
24941,4979.0
24942,6488.0
24943,5040.0
24944,9353.0
24945,3855.0
24946,10680.0
24947,7805.0
24948,3843.0
24949,4390.0
24950,3264.0
24951,8111.0
24952,4414.0
24953,5910.0
24954,2901.0
24955,6314.0
24956,4415.0
24957,1105.0
24958,1788.0
24959,45883.0
24960,9461.0
24961,7753.0
24962,68415.0
24963,7808.0
24964,6032.0
24965,6165.0
24966,3012.0
24967,3498.0
24968,2621.0
24969,56991.0
24970,5949.0
24971,17094.0
24972,5656.0
24973,4544.0
24974,49725.0
24975,4656.0
24976,5409.0
24977,14218.0
24978,7426.0
24979,7584.0
24980,6905.0
24981,6951.0
24982,49613.0
24983,3826.0
24984,47586.0
24985,7845.0
24986,3674.0
24987,4600.0
24988,4390.0
24989,56991.0
24990,4449.0
24991,4359.0
24992,4303.0
24993,52063.0
24994,11205.0
24995,14880.0
24996,44280.0
24997,42521.0
24998,2336.0
24999,4439.0
25000,6799.0
25001,32646.0
25002,6568.0
25003,5954.0
25004,4173.0
25005,49177.0
25006,5958.0
25007,7360.0
25008,42521.0
25009,3466.0
25010,11205.0
25011,4266.0
25012,44432.0
25013,1996.0
25014,5176.0
25015,5892.0
25016,4748.0
25017,5206.0
25018,1443.0
25019,5983.0
25020,5617.0
25021,2480.0
25022,9201.0
25023,28510.0
25024,2518.0
25025,5095.0
25026,44144.0
25027,85360.0
25028,5390.0
25029,3878.0
25030,55983.0
25031,84820.0
25032,60260.0
25033,54608.0
25034,3096.0
25035,47408.0
25036,63793.0
25037,56588.0
25038,14868.0
25039,8752.0
25040,59559.0
25041,53645.0
25042,5099.0
25043,6548.0
25044,2436.0
25045,3549.0
25046,5954.0
25047,11783.0
25048,62748.0
25049,4612.0
25050,3393.0
25051,55983.0
25052,59033.0
25053,63725.0
25054,5322.0
25055,39555.0
25056,34472.0
25057,44280.0
25058,6133.0
25059,60508.0
25060,8980.0
25061,4071.0
25062,2098.0
25063,31902.0
25064,51457.0
25065,3266.0
25066,7803.0
25067,57565.0
25068,3860.0
25069,3971.0
25070,23838.0
25071,10248.0
25072,7959.0
25073,60396.0
25074,2477.0
25075,54481.0
25076,9734.0
25077,30080.0
25078,37668.0
25079,3633.0
25080,67137.0
25081,20684.0
25082,7212.0
25083,53164.0
25084,42521.0
25085,6122.0
25086,4348.0
25087,2464.0
25088,4496.0
25089,7425.0
25090,6489.0
25091,3959.0
25092,7535.0
25093,64173.0
25094,5656.0
25095,14355.0
25096,49613.0
25097,3433.0
25098,5276.0
25099,9879.0
25100,6883.0
25101,4165.0
25102,3521.0
25103,6872.0
25104,32923.0
25105,5322.0
25106,8544.0
25107,7959.0
25108,55377.0
25109,3956.0
25110,11069.0
25111,60508.0
25112,12348.0
25113,5102.0
25114,13524.0
25115,6015.0
25116,50969.0
25117,36712.0
25118,12544.0
25119,50271.0
25120,10770.0
25121,3000.0
25122,5939.0
25123,13014.0
25124,41269.0
25125,9893.0
25126,44144.0
25127,2132.0
25128,5954.0
25129,6128.0
25130,6310.0
25131,21948.0
25132,51457.0
25133,17522.0
25134,56476.0
25135,9168.0
25136,45883.0
25137,6489.0
25138,3754.0
25139,74273.0
25140,3393.0
25141,14301.0
25142,47586.0
25143,80544.0
25144,57992.0
25145,39499.0
25146,5102.0
25147,93181.0
25148,4453.0
25149,49553.0
25150,9269.0
25151,67004.0
25152,62045.0
25153,62067.0
25154,3862.0
25155,47657.0
25156,4979.0
25157,11129.0
25158,1830.0
25159,77467.0
25160,2476.0
25161,6935.0
25162,4211.0
25163,69625.0
25164,51819.0
25165,5761.0
25166,5888.0
25167,5530.0
25168,5103.0
25169,6489.0
25170,57129.0
25171,54840.0
25172,59265.0
25173,5943.0
25174,54608.0
25175,3324.0
25176,4146.0
25177,7594.0
25178,6724.0
25179,12215.0
25180,66063.0
25181,35520.0
25182,66928.0
25183,5817.0
25184,2228.0
25185,81407.0
25186,7924.0
25187,35554.0
25188,4564.0
25189,76314.0
25190,2977.0
25191,6458.0
25192,5441.0
25193,69168.0
25194,35554.0
25195,7838.0
25196,4202.0
25197,4259.0
25198,60508.0
25199,49725.0
25200,2738.0
25201,23494.0
25202,6510.0
25203,5955.0
25204,6340.0
25205,10069.0
25206,7123.0
25207,2637.0
25208,5093.0
25209,4209.0
25210,2464.0
25211,4165.0
25212,2614.0
25213,6262.0
25214,2339.0
25215,11951.0
25216,4000.0
25217,3587.0
25218,10648.0
25219,3988.0
25220,60701.0
25221,57017.0
25222,11943.0
25223,6584.0
25224,11129.0
25225,3989.0
25226,6966.0
25227,36565.0
25228,53152.0
25229,4783.0
25230,45257.0
25231,65832.0
25232,44405.0
25233,12684.0
25234,56476.0
25235,4585.0
25236,4417.0
25237,2301.0
25238,4498.0
25239,6455.0
25240,8816.0
25241,3948.0
25242,6262.0
25243,3862.0
25244,4056.0
25245,12454.0
25246,52175.0
25247,64139.0
25248,49177.0
25249,3000.0
25250,23944.0
25251,12435.0
25252,4294.0
25253,5102.0
25254,9412.0
25255,59189.0
25256,3709.0
25257,60508.0
25258,3379.0
25259,6592.0
25260,10066.0
25261,2874.0
25262,51372.0
25263,7488.0
25264,11893.0
25265,81284.0
25266,4556.0
25267,7425.0
25268,2022.0
25269,1890.0
25270,15312.0
25271,7968.0
25272,14524.0
25273,56345.0
25274,5776.0
25275,4801.0
25276,4769.0
25277,12118.0
25278,6568.0
25279,57920.0
25280,11100.0
25281,4945.0
25282,49613.0
25283,54684.0
25284,3604.0
25285,5504.0
25286,6482.0
25287,27792.0
25288,28872.0
25289,5410.0
25290,6502.0
25291,51457.0
25292,11712.0
25293,4545.0
25294,8379.0
25295,5927.0
25296,13529.0
25297,7478.0
25298,32609.0
25299,32634.0
25300,15154.0
25301,51405.0
25302,22140.0
25303,4792.0
25304,44280.0
25305,35490.0
25306,12408.0
25307,2339.0
25308,38099.0
25309,4229.0
25310,6450.0
25311,6090.0
25312,5291.0
25313,11271.0
25314,25612.0
25315,5761.0
25316,6568.0
25317,50271.0
25318,4439.0
25319,6437.0
25320,6008.0
25321,6337.0
25322,5954.0
25323,4500.0
25324,4763.0
25325,5937.0
25326,22140.0
25327,3968.0
25328,80626.0
25329,53152.0
25330,41113.0
25331,13944.0
25332,6015.0
25333,4186.0
25334,4499.0
25335,51595.0
25336,9901.0
25337,11069.0
25338,87872.0
25339,55377.0
25340,3354.0
25341,5502.0
25342,54684.0
25343,52063.0
25344,60365.0
25345,67769.0
25346,3280.0
25347,65529.0
25348,4687.0
25349,2339.0
25350,5206.0
25351,50271.0
25352,2568.0
25353,13947.0
25354,51697.0
25355,41113.0
25356,6443.0
25357,76736.0
25358,8394.0
25359,2228.0
25360,16233.0
25361,55983.0
25362,19194.0
25363,2074.0
25364,4449.0
25365,3988.0
25366,6568.0
25367,4499.0
25368,4000.0
25369,5949.0
25370,45257.0
25371,53552.0
25372,39499.0
25373,3269.0
25374,62188.0
25375,45805.0
25376,8111.0
25377,2359.0
25378,3916.0
25379,52522.0
25380,11448.0
25381,60568.0
25382,8111.0
25383,3334.0
25384,10783.0
25385,4257.0
25386,5685.0
25387,6583.0
25388,68705.0
25389,58315.0
25390,11844.0
25391,4229.0
25392,54684.0
25393,31982.0
25394,5177.0
25395,10279.0
25396,2723.0
25397,4637.0
25398,2336.0
25399,60260.0
25400,29622.0
25401,60260.0
25402,9840.0
25403,9668.0
25404,8652.0
25405,11291.0
25406,4007.0
25407,50361.0
25408,44322.0
25409,6169.0
25410,4746.0
25411,52175.0
25412,3813.0
25413,3000.0
25414,5950.0
25415,11205.0
25416,2339.0
25417,36700.0
25418,11603.0
25419,4977.0
25420,62045.0
25421,6461.0
25422,5177.0
25423,6461.0
25424,6022.0
25425,6186.0
25426,35532.0
25427,14324.0
25428,55278.0
25429,14469.0
25430,7958.0
25431,6577.0
25432,43376.0
25433,11853.0
25434,3496.0
25435,53645.0
25436,5101.0
25437,61583.0
25438,12054.0
25439,44622.0
25440,49613.0
25441,5227.0
25442,7609.0
25443,2327.0
25444,5441.0
25445,2480.0
25446,4112.0
25447,47586.0
25448,6533.0
25449,4190.0
25450,54608.0
25451,49884.0
25452,49207.0
25453,42622.0
25454,7982.0
25455,3219.0
25456,5610.0
25457,4205.0
25458,3860.0
25459,60978.0
25460,7383.0
25461,10680.0
25462,1890.0
25463,4547.0
25464,42457.0
25465,57529.0
25466,20477.0
25467,11689.0
25468,12267.0
25469,2836.0
25470,5960.0
25471,13817.0
25472,10744.0
25473,45693.0
25474,2074.0
25475,32347.0
25476,9641.0
25477,6489.0
25478,12150.0
25479,7012.0
25480,3646.0
25481,10154.0
25482,27864.0
25483,7241.0
25484,6444.0
25485,1890.0
25486,51457.0
25487,2738.0
25488,62045.0
25489,14808.0
25490,56588.0
25491,9347.0
25492,56590.0
25493,4165.0
25494,54896.0
25495,20606.0
25496,2201.0
25497,13014.0
25498,44280.0
25499,55983.0
25500,5208.0
25501,6883.0
25502,54777.0
25503,6132.0
25504,6252.0
25505,49177.0
25506,10052.0
25507,4118.0
25508,1543.0
25509,7572.0
25510,42521.0
25511,1998.0
25512,5934.0
25513,61933.0
25514,4439.0
25515,60396.0
25516,56590.0
25517,42457.0
25518,19311.0
25519,64285.0
25520,5892.0
25521,6792.5
25522,52287.0
25523,12663.0
25524,7423.0
25525,51817.0
25526,5502.0
25527,60555.0
25528,6909.0
25529,4111.0
25530,45883.0
25531,4190.0
25532,3280.0
25533,4499.0
25534,5102.0
25535,52287.0
25536,11520.0
25537,5102.0
25538,51875.0
25539,60160.0
25540,9534.0
25541,7232.0
25542,5441.0
25543,4496.0
25544,6489.0
25545,4064.0
25546,42457.0
25547,59021.0
25548,6389.0
25549,2276.0
25550,13318.0
25551,5954.0
25552,49725.0
25553,12054.0
25554,2126.0
25555,7053.0
25556,3471.0
25557,4541.0
25558,10680.0
25559,19165.0
25560,51697.0
25561,3014.0
25562,4357.0
25563,10069.0
25564,4923.0
25565,6578.0
25566,5227.0
25567,4489.0
25568,7240.0
25569,6008.0
25570,11783.0
25571,53835.0
25572,51707.0
25573,3834.0
25574,6207.0
25575,52287.0
25576,4755.0
25577,57920.0
25578,29777.0
25579,12454.0
25580,2723.0
25581,51345.0
25582,4501.0
25583,53937.0
25584,66928.0
25585,5817.0
25586,4505.0
25587,5232.0
25588,45883.0
25589,3015.0
25590,7813.0
25591,1443.0
25592,6597.0
25593,4499.0
25594,4603.0
25595,44144.0
25596,54841.0
25597,2124.0
25598,6075.0
25599,6510.0
25600,5955.0
25601,5955.0
25602,16728.0
25603,4028.0
25604,3979.0
25605,44546.0
25606,4477.0
25607,5632.0
25608,54777.0
25609,13200.0
25610,7784.0
25611,60260.0
25612,39555.0
25613,2228.0
25614,2276.0
25615,3754.0
25616,9175.0
25617,6423.0
25618,42457.0
25619,12007.0
25620,6024.0
25621,52392.0
25622,4500.0
25623,42457.0
25624,50822.0
25625,51372.0
25626,45805.0
25627,7352.0
25628,52063.0
25629,5033.0
25630,41860.0
25631,51384.0
25632,60260.0
25633,5523.0
25634,7768.0
25635,63277.0
25636,7363.0
25637,3090.0
25638,44280.0
25639,12634.0
25640,52287.0
25641,54608.0
25642,49613.0
25643,4417.0
25644,11323.0
25645,4979.0
25646,7692.0
25647,59021.0
25648,45693.0
25649,5513.0
25650,5632.0
25651,7426.0
25652,5888.0
25653,69168.0
25654,13818.0
25655,7426.0
25656,2476.0
25657,6262.0
25658,5937.0
25659,45883.0
25660,9141.0
25661,51595.0
25662,23898.0
25663,11675.0
25664,51372.0
25665,45672.0
25666,64831.0
25667,1543.0
25668,5102.0
25669,51707.0
25670,4969.0
25671,7572.0
25672,2074.0
25673,67769.0
25674,9677.0
25675,5618.0
25676,6977.0
25677,2651.0
25678,51457.0
25679,6200.0
25680,49613.0
25681,5103.0
25682,5657.0
25683,48851.0
25684,4629.0
25685,4637.0
25686,77665.0
25687,16843.0
25688,2203.0
25689,61933.0
25690,102114.0
25691,3496.0
25692,4389.0
25693,23944.0
25694,10202.0
25695,5208.0
25696,2111.0
25697,13338.0
25698,47408.0
25699,3569.0
25700,6443.0
25701,5178.0
25702,5550.0
25703,6502.0
25704,87694.0
25705,1566.0
25706,5027.0
25707,9433.5
25708,7352.0
25709,4417.0
25710,2409.0
25711,13472.0
25712,60555.0
25713,27976.0
25714,48298.0
25715,3979.0
25716,6172.0
25717,7423.0
25718,13240.0
25719,3090.0
25720,3105.0
25721,5236.0
25722,5502.0
25723,2278.0
25724,5102.0
25725,4554.0
25726,3971.0
25727,6568.0
25728,23898.0
25729,54896.0
25730,32923.0
25731,2339.0
25732,3633.0
25733,6191.0
25734,10643.0
25735,4071.0
25736,4998.0
25737,69168.0
25738,43711.0
25739,54684.0
25740,5467.0
25741,3862.0
25742,3621.0
25743,55982.0
25744,11310.0
25745,5132.0
25746,55983.0
25747,4755.0
25748,54608.0
25749,2836.0
25750,22140.0
25751,5780.0
25752,60260.0
25753,54608.0
25754,7763.0
25755,53645.0
25756,3336.0
25757,7196.0
25758,91487.0
25759,6032.0
25760,3855.0
25761,2339.0
25762,45883.0
25763,7053.0
25764,5942.0
25765,4250.0
25766,6973.0
25767,3862.0
25768,11520.0
25769,44081.0
25770,82113.0
25771,2464.0
25772,4496.0
25773,1890.0
25774,64225.0
25775,4417.0
25776,3519.0
25777,51457.0
25778,17794.0
25779,5187.0
25780,6186.0
25781,39499.0
25782,42521.0
25783,4637.0
25784,4977.0
25785,3219.0
25786,6461.0
25787,4149.0
25788,5227.0
25789,4162.0
25790,6461.0
25791,17548.0
25792,5227.0
25793,9251.0
25794,8029.0
25795,60508.0
25796,5955.0
25797,4367.0
25798,32646.0
25799,5390.0
25800,4028.0
25801,60589.0
25802,5289.0
25803,39610.0
25804,3943.0
25805,51817.0
25806,60365.0
25807,20684.0
25808,4656.0
25809,8206.0
25810,2228.0
25811,60260.0
25812,6067.0
25813,22140.0
25814,6663.0
25815,4918.0
25816,4896.0
25817,4724.0
25818,5696.0
25819,6067.0
25820,1966.0
25821,60365.0
25822,5504.0
25823,1977.0
25824,45693.0
25825,54684.0
25826,6819.0
25827,11520.0
25828,5888.0
25829,4979.0
25830,7487.0
25831,5095.0
25832,3471.0
25833,29776.0
25834,66928.0
25835,2124.0
25836,36763.0
25837,29656.0
25838,7474.0
25839,3090.0
25840,6389.0
25841,2201.0
25842,4755.0
25843,62804.0
25844,4359.0
25845,5027.0
25846,10503.0
25847,3346.0
25848,5892.0
25849,4505.0
25850,15123.0
25851,5937.0
25852,67855.0
25853,9485.0
25854,13168.0
25855,3010.0
25856,6271.0
25857,51697.0
25858,5888.0
25859,3334.0
25860,45693.0
25861,6490.0
25862,53152.0
25863,54608.0
25864,5390.0
25865,6287.0
25866,58125.0
25867,56588.0
25868,54684.0
25869,53152.0
25870,64937.5
25871,4979.0
25872,4612.0
25873,4792.0
25874,5955.0
25875,13684.0
25876,7954.0
25877,1603.0
25878,43729.0
25879,55983.0
25880,38043.0
25881,54684.0
25882,4020.0
25883,6756.0
25884,68317.0
25885,5939.0
25886,9879.0
25887,3689.0
25888,41269.0
25889,6109.0
25890,41113.0
25891,49553.0
25892,4221.0
25893,3674.0
25894,6194.0
25895,3324.0
25896,11409.0
25897,29777.0
25898,11310.0
25899,3999.0
25900,11785.0
25901,54896.0
25902,1105.0
25903,51707.0
25904,68743.0
25905,39321.0
25906,6161.0
25907,2482.0
25908,7484.0
25909,14682.0
25910,5407.0
25911,9779.0
25912,36565.0
25913,9779.0
25914,44546.0
25915,13054.0
25916,6198.0
25917,41101.0
25918,6122.0
25919,60978.0
25920,15542.0
25921,8768.0
25922,5603.0
25923,7135.0
25924,24234.0
25925,55997.0
25926,60555.0
25927,50969.0
25928,42521.0
25929,4477.0
25930,2785.0
25931,3961.0
25932,4672.0
25933,51707.0
25934,20760.0
25935,2737.0
25936,54684.0
25937,5902.0
25938,70569.0
25939,60978.0
25940,6082.0
25941,3015.0
25942,3610.0
25943,56040.0
25944,2737.0
25945,76032.0
25946,3563.0
25947,2436.0
25948,6369.0
25949,4501.0
25950,17829.0
25951,4111.0
25952,5103.0
25953,91465.0
25954,37888.0
25955,5840.0
25956,81138.0
25957,4896.0
25958,3466.0
25959,12380.0
25960,6578.0
25961,49725.0
25962,3266.0
25963,24444.0
25964,9420.0
25965,11389.0
25966,24234.0
25967,56098.5
25968,7518.0
25969,78316.0
25970,45257.0
25971,5761.0
25972,2124.0
25973,5954.0
25974,23944.0
25975,62591.0
25976,41064.0
25977,7897.0
25978,64729.0
25979,5177.0
25980,8778.0
25981,4990.0
25982,16765.0
25983,5177.0
25984,3610.0
25985,7584.0
25986,60978.0
25987,4144.0
25988,6437.0
25989,59021.0
25990,10724.0
25991,3334.0
25992,36565.0
25993,3999.0
25994,7247.0
25995,6841.0
25996,5042.0
25997,54684.0
25998,51595.0
25999,8111.0
26000,32859.0
26001,57017.0
26002,41269.0
26003,39783.0
26004,6186.0
26005,3015.0
26006,64173.0
26007,65872.0
26008,1604.0
26009,3014.0
26010,16560.0
26011,39321.0
26012,51345.0
26013,51707.0
26014,9278.0
26015,27792.0
26016,6287.0
26017,52287.0
26018,5601.0
26019,5102.0
26020,6502.0
26021,54608.0
26022,6819.0
26023,3000.0
26024,5888.0
26025,9241.0
26026,5954.0
26027,12848.0
26028,6623.0
26029,3916.0
26030,2477.0
26031,9175.0
26032,54608.0
26033,45805.0
26034,3346.0
26035,6489.0
26036,82317.0
26037,6165.0
26038,67809.0
26039,12827.0
26040,8719.0
26041,5276.0
26042,45600.0
26043,6032.0
26044,14528.0
26045,2464.0
26046,54841.0
26047,13773.0
26048,44144.0
26049,44280.0
26050,3873.0
26051,16420.0
26052,3999.0
26053,23184.0
26054,8112.0
26055,12308.0
26056,3465.0
26057,3568.0
26058,56588.0
26059,4593.0
26060,41281.0
26061,24855.0
26062,5648.0
26063,11675.0
26064,4020.0
26065,61933.0
26066,50969.0
26067,5735.0
26068,60232.0
26069,3610.0
26070,3014.0
26071,4783.0
26072,6275.0
26073,2150.0
26074,51372.0
26075,6324.0
26076,6869.0
26077,6133.0
26078,6489.0
26079,10017.0
26080,13188.0
26081,9277.0
26082,5726.0
26083,4971.0
26084,45883.0
26085,55983.0
26086,7267.0
26087,5601.0
26088,2410.0
26089,4755.0
26090,5441.0
26091,41314.0
26092,41281.0
26093,62874.0
26094,4190.0
26095,41113.0
26096,56588.0
26097,13240.0
26098,11129.0
26099,16120.0
26100,60260.0
26101,72339.0
26102,11069.0
26103,5549.0
26104,4672.0
26105,6172.0
26106,5206.0
26107,78870.0
26108,6067.0
26109,7476.0
26110,45883.0
26111,2464.0
26112,9741.0
26113,6032.0
26114,11116.0
26115,6568.0
26116,3860.0
26117,6840.0
26118,8224.0
26119,35490.0
26120,2392.0
26121,45257.0
26122,41064.0
26123,45185.0
26124,3979.0
26125,7476.0
26126,11409.0
26127,35554.0
26128,4249.0
26129,53209.0
26130,2480.0
26131,50271.0
26132,8442.0
26133,69265.0
26134,6082.0
26135,4810.0
26136,80566.0
26137,2792.0
26138,43865.0
26139,54608.0
26140,7584.0
26141,63441.0
26142,4613.0
26143,2276.0
26144,54684.0
26145,9377.0
26146,3569.0
26147,5037.0
26148,49613.0
26149,5850.0
26150,3466.0
26151,27976.0
26152,7763.0
26153,39377.0
26154,2201.0
26155,73657.0
26156,6080.0
26157,3381.0
26158,4111.0
26159,5603.0
26160,3996.0
26161,4417.0
26162,3860.0
26163,9277.0
26164,3652.5
26165,4339.0
26166,2339.0
26167,4111.0
26168,35554.0
26169,8816.0
26170,2339.0
26171,5750.0
26172,4028.0
26173,6395.0
26174,51875.0
26175,2410.0
26176,5850.0
26177,46589.0
26178,61874.0
26179,10744.0
26180,60978.0
26181,4637.0
26182,66063.0
26183,5943.0
26184,53937.0
26185,49613.0
26186,55983.0
26187,12454.0
26188,2823.0
26189,68721.0
26190,2750.0
26191,45257.0
26192,6488.0
26193,45672.0
26194,52287.0
26195,6568.0
26196,69244.0
26197,53152.0
26198,51457.0
26199,45156.0
26200,7073.0
26201,51707.0
26202,66063.0
26203,5364.0
26204,3926.0
26205,4658.0
26206,16383.0
26207,3528.0
26208,6172.0
26209,9840.0
26210,7813.0
26211,67601.0
26212,5656.0
26213,7141.0
26214,3234.0
26215,3843.0
26216,11100.0
26217,11069.0
26218,3855.0
26219,4499.0
26220,11853.0
26221,15624.0
26222,51707.0
26223,51595.0
26224,36660.0
26225,5511.0
26226,60160.0
26227,5955.0
26228,3961.0
26229,7954.0
26230,6489.0
26231,12049.0
26232,3916.0
26233,1550.0
26234,83113.0
26235,50271.0
26236,60978.0
26237,4637.0
26238,25470.0
26239,4500.0
26240,6454.0
26241,7488.0
26242,58864.0
26243,5092.0
26244,5943.0
26245,2124.0
26246,5619.0
26247,22140.0
26248,6037.0
26249,49725.0
26250,5765.0
26251,9840.0
26252,14574.0
26253,14074.0
26254,60978.0
26255,1776.0
26256,51457.0
26257,4368.0
26258,5610.0
26259,23898.0
26260,60260.0
26261,6319.0
26262,4170.0
26263,5375.0
26264,5955.0
26265,56588.0
26266,54777.0
26267,3302.0
26268,5399.0
26269,13728.0
26270,4536.0
26271,5610.0
26272,45776.0
26273,11627.0
26274,13969.0
26275,55982.0
26276,6109.0
26277,39499.0
26278,39847.0
26279,46430.0
26280,6821.0
26281,13756.0
26282,12138.0
26283,7530.0
26284,74880.0
26285,6008.0
26286,18018.0
26287,7576.0
26288,4417.0
26289,44081.0
26290,54684.0
26291,8111.0
26292,5823.0
26293,22891.0
26294,5289.0
26295,55377.0
26296,31773.0
26297,42457.0
26298,39783.0
26299,3393.0
26300,7313.0
26301,39321.0
26302,60260.0
26303,3324.0
26304,2658.0
26305,9141.0
26306,6310.0
26307,60396.0
26308,60160.0
26309,52063.0
26310,4589.0
26311,44144.0
26312,5934.0
26313,4724.0
26314,57081.0
26315,55983.0
26316,12247.0
26317,5574.0
26318,67769.0
26319,1830.0
26320,67004.0
26321,5892.0
26322,42521.0
26323,5293.0
26324,49725.0
26325,4452.0
26326,3381.0
26327,3685.0
26328,50868.0
26329,12732.0
26330,2410.0
26331,7425.0
26332,6502.0
26333,77015.0
26334,4357.0
26335,61137.0
26336,13263.0
26337,13103.0
26338,4491.0
26339,57017.0
26340,26396.0
26341,18758.0
26342,3994.0
26343,6314.0
26344,2056.0
26345,41064.0
26346,2723.0
26347,3491.0
26348,56590.0
26349,60508.0
26350,4417.0
26351,58125.0
26352,54684.0
26353,49553.0
26354,54896.0
26355,6450.0
26356,62188.0
26357,5960.0
26358,22140.0
26359,2836.0
26360,4239.0
26361,49613.0
26362,4421.0
26363,7813.0
26364,60396.0
26365,5418.0
26366,5888.0
26367,5942.0
26368,2339.0
26369,87872.0
26370,44583.0
26371,56588.0
26372,2074.0
26373,49613.0
26374,8300.0
26375,5724.0
26376,57017.0
26377,5949.0
26378,18602.0
26379,31436.0
26380,3603.0
26381,2966.0
26382,49725.0
26383,6356.0
26384,6324.0
26385,60978.0
26386,4111.0
26387,5648.0
26388,60362.0
26389,6161.0
26390,3150.0
26391,54684.0
26392,76064.0
26393,74956.0
26394,4496.0
26395,27864.0
26396,6489.0
26397,6780.0
26398,3330.0
26399,9988.0
26400,14040.0
26401,5178.0
26402,5118.0
26403,5177.0
26404,4755.0
26405,4414.0
26406,9967.0
26407,51819.0
26408,70691.0
26409,6270.0
26410,68303.0
26411,10744.0
26412,53499.0
26413,5206.0
26414,32923.0
26415,56476.0
26416,69713.0
26417,1694.0
26418,6292.0
26419,5954.0
26420,2201.0
26421,2124.0
26422,3572.0
26423,10260.0
26424,53743.0
26425,1830.0
26426,1788.0
26427,4328.0
26428,67071.0
26429,69168.0
26430,3393.0
26431,10008.0
26432,2723.0
26433,3048.0
26434,47545.0
26435,65872.0
26436,2476.0
26437,59827.0
26438,7106.0
26439,5177.0
26440,6295.0
26441,49177.0
26442,3625.0
26443,6921.0
26444,34460.0
26445,4979.0
26446,2767.0
26447,12920.0
26448,9201.0
26449,10689.0
26450,2409.0
26451,4845.0
26452,4502.0
26453,8112.0
26454,2410.0
26455,11625.0
26456,4363.0
26457,5519.0
26458,5577.0
26459,2480.0
26460,14014.0
26461,11205.0
26462,5232.0
26463,6032.0
26464,41860.0
26465,3862.0
26466,66063.0
26467,45097.0
26468,22729.0
26469,15154.0
26470,4452.0
26471,7366.0
26472,4007.0
26473,45012.0
26474,2228.0
26475,5659.0
26476,80566.0
26477,59033.0
26478,5660.0
26479,8440.0
26480,4792.0
26481,62045.0
26482,7289.0
26483,55983.0
26484,3685.0
26485,7474.0
26486,4755.0
26487,44322.0
26488,18063.0
26489,1543.0
26490,61583.0
26491,6287.0
26492,7971.0
26493,45883.0
26494,11973.0
26495,9768.0
26496,6461.0
26497,44280.0
26498,51817.0
26499,6158.0
26500,49177.0
26501,51707.0
26502,6502.0
26503,49151.0
26504,64113.0
26505,5809.0
26506,3306.0
26507,2124.0
26508,61933.0
26509,3570.0
26510,4452.0
26511,3925.0
26512,7572.0
26513,5955.0
26514,58394.0
26515,41101.0
26516,56588.0
26517,39321.0
26518,6500.0
26519,2339.0
26520,58282.0
26521,18271.0
26522,57017.0
26523,11164.0
26524,4792.0
26525,7774.0
26526,80566.0
26527,2874.0
26528,66077.0
26529,4347.0
26530,44280.0
26531,5760.0
26532,66155.0
26533,9975.0
26534,7522.0
26535,7412.0
26536,17738.0
26537,12078.0
26538,4896.0
26539,47408.0
26540,51817.0
26541,68303.0
26542,4827.0
26543,4962.0
26544,4020.0
26545,50868.0
26546,6401.0
26547,54684.0
26548,4501.0
26549,10826.0
26550,9470.0
26551,49896.0
26552,6437.0
26553,9693.0
26554,1924.0
26555,17958.0
26556,5040.0
26557,22152.0
26558,52586.0
26559,24501.0
26560,5103.0
26561,7584.0
26562,51707.0
26563,49553.0
26564,6133.0
26565,52063.0
26566,60978.0
26567,3361.0
26568,61032.0
26569,22140.0
26570,6437.0
26571,5772.0
26572,7809.0
26573,24613.0
26574,12468.0
26575,3793.0
26576,2477.0
26577,9280.0
26578,4678.0
26579,14565.0
26580,4537.0
26581,4111.0
26582,7756.0
26583,85249.0
26584,7804.0
26585,1714.0
26586,45805.0
26587,4028.0
26588,2050.0
26589,6651.0
26590,8118.0
26591,3999.0
26592,6487.0
26593,45672.0
26594,4255.0
26595,59021.0
26596,4724.0
26597,5224.0
26598,5102.0
26599,10961.0
26600,32859.0
26601,9840.0
26602,59469.0
26603,8111.0
26604,1830.0
26605,6082.0
26606,5985.0
26607,9284.0
26608,4714.0
26609,4933.0
26610,6028.0
26611,42457.0
26612,2203.0
26613,4893.0
26614,13410.0
26615,52175.0
26616,4152.0
26617,5270.0
26618,67071.0
26619,3466.0
26620,4149.0
26621,6510.0
26622,51457.0
26623,6009.0
26624,6009.0
26625,5042.0
26626,4644.0
26627,6489.0
26628,7008.0
26629,20328.0
26630,6075.0
26631,51707.0
26632,70588.0
26633,4453.0
26634,11469.0
26635,3994.0
26636,23281.0
26637,6985.0
26638,5618.0
26639,4069.0
26640,3572.0
26641,39610.0
26642,28510.0
26643,10680.0
26644,54608.0
26645,24056.0
26646,4028.0
26647,8258.0
26648,22367.0
26649,2203.0
26650,9135.0
26651,8988.0
26652,4416.0
26653,51707.0
26654,55377.0
26655,7035.0
26656,51345.0
26657,2835.0
26658,5954.0
26659,7572.0
26660,8455.0
26661,5891.0
26662,4028.0
26663,8251.0
26664,11617.0
26665,6922.0
26666,5040.0
26667,6437.0
26668,72237.0
26669,60508.0
26670,13524.0
26671,62045.0
26672,72125.0
26673,5754.0
26674,4496.0
26675,56040.0
26676,7639.0
26677,60396.0
26678,4570.0
26679,2480.0
26680,44280.0
26681,51817.0
26682,8455.0
26683,46097.0
26684,5810.0
26685,6195.0
26686,6352.0
26687,4414.0
26688,45257.0
26689,7958.0
26690,49725.0
26691,55458.0
26692,11346.0
26693,20320.0
26694,5322.0
26695,4028.0
26696,11900.0
26697,6067.0
26698,4348.0
26699,1755.0
26700,2301.0
26701,7292.0
26702,82796.0
26703,5943.0
26704,44863.0
26705,60260.0
26706,4676.0
26707,12900.0
26708,11520.0
26709,62045.0
26710,5955.0
26711,12634.0
26712,9564.0
26713,6133.0
26714,12947.0
26715,44144.0
26716,13841.0
26717,7072.0
26718,47844.0
26719,2124.0
26720,5523.0
26721,4020.0
26722,8043.0
26723,59265.0
26724,27864.0
26725,11675.0
26726,2124.0
26727,29170.0
26728,2098.0
26729,2723.0
26730,3592.0
26731,7292.0
26732,2477.0
26733,14880.0
26734,11129.0
26735,2228.0
26736,4357.0
26737,53552.0
26738,3014.0
26739,4496.0
26740,5823.0
26741,84222.0
26742,6032.0
26743,60396.0
26744,10248.0
26745,47507.0
26746,19815.0
26747,60508.0
26748,74365.0
26749,44144.0
26750,66155.0
26751,2477.0
26752,5322.0
26753,13168.0
26754,16239.0
26755,49613.0
26756,2339.0
26757,53164.0
26758,12159.0
26759,2203.0
26760,7446.0
26761,75785.0
26762,5227.0
26763,64025.0
26764,5102.0
26765,5740.0
26766,6444.0
26767,5888.0
26768,5760.0
26769,4593.0
26770,53126.0
26771,55983.0
26772,8111.0
26773,4578.0
26774,5402.0
26775,40224.0
26776,48079.0
26777,3572.0
26778,63889.0
26779,6240.0
26780,6489.0
26781,3175.0
26782,8112.0
26783,7433.0
26784,60260.0
26785,4672.0
26786,13293.0
26787,54608.0
26788,4009.0
26789,52287.0
26790,5955.0
26791,8118.0
26792,7877.0
26793,6292.0
26794,47395.0
26795,3014.0
26796,6450.0
26797,39499.0
26798,64173.0
26799,2410.0
26800,10838.0
26801,6389.0
26802,6296.0
26803,72125.0
26804,54481.0
26805,11205.0
26806,7413.0
26807,71229.0
26808,6032.0
26809,3408.0
26810,5315.0
26811,3862.0
26812,3393.0
26813,5502.0
26814,2476.0
26815,6082.0
26816,3093.0
26817,7366.0
26818,3318.0
26819,11383.0
26820,4637.0
26821,44280.0
26822,4500.0
26823,16213.0
26824,56058.0
26825,3024.0
26826,7772.0
26827,3855.0
26828,1996.0
26829,15794.0
26830,23484.0
26831,6181.0
26832,7496.0
26833,7301.0
26834,8111.0
26835,60365.0
26836,5667.0
26837,50271.0
26838,4294.0
26839,9831.0
26840,5918.0
26841,111883.0
26842,61873.0
26843,4499.0
26844,38099.0
26845,5182.0
26846,54684.0
26847,6734.0
26848,8275.0
26849,9035.0
26850,29776.0
26851,2343.0
26852,7131.0
26853,5610.0
26854,3401.0
26855,2359.0
26856,66928.0
26857,2124.0
26858,49725.0
26859,64025.0
26860,5227.0
26861,7425.0
26862,1714.0
26863,1551.0
26864,5823.0
26865,5322.0
26866,4427.0
26867,3918.0
26868,4061.0
26869,2482.0
26870,3361.0
26871,8426.0
26872,5310.0
26873,56588.0
26874,5120.0
26875,55983.0
26876,4387.0
26877,67757.0
26878,5093.0
26879,45883.0
26880,4363.0
26881,2723.0
26882,55983.0
26883,7352.0
26884,4203.0
26885,57666.0
26886,67833.0
26887,3862.0
26888,4007.0
26889,13910.0
26890,6133.0
26891,11205.0
26892,5685.0
26893,5145.0
26894,4499.0
26895,4496.0
26896,3726.0
26897,10121.0
26898,87746.0
26899,6369.0
26900,17738.0
26901,5523.0
26902,4500.0
26903,9092.0
26904,63816.0
26905,74365.0
26906,11488.0
26907,54896.0
26908,59948.0
26909,59021.0
26910,10608.0
26911,8803.0
26912,8112.0
26913,22152.0
26914,4368.0
26915,4121.0
26916,49992.0
26917,3379.0
26918,4165.0
26919,44025.0
26920,17663.0
26921,7487.0
26922,4905.0
26923,4809.0
26924,56476.0
26925,4173.0
26926,3346.0
26927,36712.0
26928,60396.0
26929,6248.0
26930,69244.0
26931,5950.0
26932,7701.0
26933,55377.0
26934,16968.0
26935,50361.0
26936,4896.0
26937,8888.0
26938,12086.0
26939,8568.0
26940,6296.0
26941,10848.0
26942,27792.0
26943,1551.0
26944,2477.0
26945,4020.0
26946,4357.0
26947,53743.0
26948,4879.0
26949,16633.0
26950,24843.0
26951,2464.0
26952,50810.0
26953,2074.0
26954,2124.0
26955,17996.0
26956,6600.0
26957,34460.0
26958,2339.0
26959,4357.0
26960,20470.0
26961,64113.0
26962,62188.0
26963,5569.0
26964,63816.0
26965,53499.0
26966,6067.0
26967,1890.0
26968,6489.0
26969,4327.0
26970,2124.0
26971,5549.0
26972,2393.0
26973,7919.0
26974,5178.0
26975,37985.0
26976,84756.0
26977,4506.0
26978,2900.0
26979,3553.0
26980,4282.0
26981,11570.0
26982,64285.0
26983,65324.0
26984,60978.0
26985,8043.0
26986,61899.0
26987,67004.0
26988,4755.0
26989,6450.0
26990,39321.0
26991,22140.0
26992,76255.0
26993,38099.0
26994,15812.0
26995,43729.0
26996,4658.0
26997,14170.0
26998,3999.0
26999,3819.0
27000,4337.0
27001,7353.0
27002,2276.0
27003,4755.0
27004,6578.0
27005,6502.0
27006,20920.0
27007,60508.0
27008,7081.0
27009,57529.0
27010,72339.0
27011,5942.0
27012,51875.0
27013,49553.0
27014,6474.0
27015,23484.0
27016,2410.0
27017,17103.0
27018,9206.0
27019,53209.0
27020,10604.0
27021,3862.0
27022,32859.0
27023,5102.0
27024,5823.0
27025,9114.0
27026,71058.0
27027,16035.0
27028,4449.0
27029,6461.0
27030,8111.0
27031,6489.0
27032,69244.0
27033,45185.0
27034,44144.0
27035,16210.0
27036,15278.0
27037,5761.0
27038,60396.0
27039,4257.0
27040,6568.0
27041,23944.0
27042,20356.0
27043,6015.0
27044,8063.0
27045,50271.0
27046,7424.0
27047,2050.0
27048,42457.0
27049,6287.0
27050,4781.0
27051,55983.0
27052,2476.0
27053,60260.0
27054,5441.0
27055,47217.0
27056,58315.0
27057,4758.0
27058,3862.0
27059,52287.0
27060,2339.0
27061,4896.0
27062,4524.0
27063,5542.0
27064,70431.0
27065,4230.0
27066,11129.0
27067,2836.0
27068,5818.0
27069,54841.0
27070,9201.0
27071,58315.0
27072,53164.0
27073,4229.0
27074,7732.0
27075,4067.0
27076,4414.0
27077,7425.0
27078,3374.0
27079,4357.0
27080,51817.0
27081,52175.0
27082,49613.0
27083,60978.0
27084,5788.0
27085,2339.0
27086,3280.0
27087,5102.0
27088,69885.0
27089,5177.0
27090,60365.0
27091,38099.0
27092,6067.0
27093,64173.0
27094,3862.0
27095,5760.0
27096,3996.0
27097,49553.0
27098,7037.0
27099,7317.0
27100,23898.0
27101,45185.0
27102,69168.0
27103,10586.0
27104,13339.0
27105,5549.0
27106,5937.0
27107,5943.0
27108,3349.0
27109,5206.0
27110,4452.0
27111,10923.0
27112,4896.0
27113,6324.0
27114,20760.0
27115,62591.0
27116,22493.0
27117,42521.0
27118,7898.0
27119,12927.0
27120,9052.0
27121,15006.0
27122,6412.0
27123,4007.0
27124,66063.0
27125,6968.0
27126,41101.0
27127,32923.0
27128,2694.0
27129,10496.0
27130,6195.0
27131,54684.0
27132,6009.0
27133,4499.0
27134,5949.0
27135,49725.0
27136,51595.0
27137,7412.0
27138,7584.0
27139,56879.0
27140,54608.0
27141,14207.0
27142,3014.0
27143,2723.0
27144,64204.0
27145,54608.0
27146,39321.0
27147,57565.0
27148,3334.0
27149,54684.0
27150,9879.0
27151,3223.0
27152,7221.0
27153,2836.0
27154,32634.0
27155,7265.0
27156,4009.0
27157,13122.0
27158,52392.0
27159,54481.0
27160,44144.0
27161,60844.0
27162,2723.0
27163,6489.0
27164,11556.0
27165,5190.0
27166,5880.0
27167,13840.0
27168,6203.0
27169,5660.0
27170,3916.0
27171,5339.0
27172,5910.0
27173,4165.0
27174,12202.0
27175,4589.0
27176,5569.0
27177,5958.0
27178,5915.0
27179,67869.0
27180,45672.0
27181,6015.0
27182,5605.0
27183,54115.0
27184,5178.0
27185,4099.0
27186,3001.0
27187,66928.0
27188,62188.0
27189,6423.0
27190,12054.0
27191,53645.0
27192,4173.0
27193,18249.0
27194,62448.0
27195,4796.0
27196,5955.0
27197,60396.0
27198,28329.0
27199,4792.0
27200,2074.0
27201,8133.0
27202,53071.0
27203,6450.0
27204,3306.0
27205,4294.0
27206,6450.0
27207,7816.0
27208,29776.0
27209,5949.0
27210,49725.0
27211,7425.0
27212,44280.0
27213,5496.0
27214,15753.0
27215,6488.0
27216,9639.0
27217,9141.0
27218,11326.0
27219,2250.0
27220,6496.0
27221,7874.0
27222,4000.0
27223,3393.0
27224,62793.0
27225,6159.0
27226,6841.0
27227,41113.0
27228,2339.0
27229,5857.0
27230,49613.0
27231,68474.0
27232,4201.0
27233,12792.0
27234,60396.0
27235,5310.0
27236,60396.0
27237,2410.0
27238,59265.0
27239,7999.0
27240,60978.0
27241,53152.0
27242,8534.0
27243,4439.0
27244,5103.0
27245,7004.0
27246,3999.0
27247,54481.0
27248,60260.0
27249,5483.0
27250,12150.0
27251,3393.0
27252,44025.0
27253,3015.0
27254,9597.0
27255,5152.0
27256,8988.0
27257,63979.0
27258,1543.0
27259,49725.0
27260,6008.0
27261,8112.0
27262,45156.0
27263,44478.0
27264,2395.0
27265,3288.0
27266,42212.0
27267,50957.0
27268,6169.0
27269,5761.0
27270,5337.0
27271,5177.0
27272,7016.0
27273,6116.0
27274,8526.0
27275,4387.0
27276,56476.0
27277,47395.0
27278,5179.0
27279,5788.0
27280,11448.0
27281,1548.0
27282,11448.0
27283,4706.0
27284,15729.0
27285,11129.0
27286,18378.0
27287,74844.0
27288,45805.0
27289,67004.0
27290,8631.0
27291,64831.0
27292,6133.0
27293,18505.0
27294,7756.0
27295,20979.0
27296,15183.0
27297,41113.0
27298,5042.0
27299,4067.0
27300,10572.0
27301,5507.0
27302,7912.0
27303,15010.0
27304,52392.0
27305,8755.0
27306,4597.0
27307,6397.0
27308,5761.0
27309,4500.0
27310,9799.0
27311,15761.0
27312,4348.0
27313,4205.0
27314,64113.0
27315,8644.0
27316,14264.0
27317,10069.0
27318,48851.0
27319,3940.0
27320,6568.0
27321,7240.0
27322,10511.0
27323,21758.0
27324,9945.0
27325,35520.0
27326,39321.0
27327,10425.0
27328,11498.0
27329,5465.0
27330,5806.0
27331,22152.0
27332,15014.0
27333,30735.0
27334,18858.0
27335,9175.0
27336,2250.0
27337,7081.0
27338,37985.0
27339,8111.0
27340,10199.0
27341,6167.0
27342,4649.0
27343,5942.0
27344,19235.0
27345,2050.0
27346,41269.0
27347,5177.0
27348,9840.0
27349,2203.0
27350,7124.0
27351,15329.0
27352,9178.0
27353,5535.0
27354,4357.0
27355,10439.0
27356,6466.0
27357,6692.0
27358,4570.0
27359,11057.0
27360,5289.0
27361,9891.0
27362,3860.0
27363,4827.0
27364,7212.0
27365,35586.0
27366,43811.0
27367,10680.0
27368,4096.0
27369,11508.0
27370,5625.0
27371,5623.0
27372,9201.0
27373,8442.0
27374,64139.0
27375,4637.0
27376,17991.0
27377,72125.0
27378,3266.0
27379,5398.0
27380,4272.0
27381,2050.0
27382,5040.0
27383,58315.0
27384,8854.0
27385,61933.0
27386,13834.5
27387,8112.0
27388,62617.0
27389,4971.0
27390,4453.0
27391,4229.0
27392,6437.0
27393,57920.0
27394,6292.0
27395,14408.0
27396,5810.0
27397,7321.0
27398,5685.0
27399,60260.0
27400,12454.0
27401,2201.0
27402,3570.0
27403,77949.0
27404,3798.0
27405,3988.0
27406,4173.0
27407,4556.0
27408,36577.0
27409,51707.0
27410,2105.0
27411,6810.0
27412,3855.0
27413,6489.0
27414,4339.0
27415,62524.0
27416,5102.0
27417,45883.0
27418,11129.0
27419,66155.0
27420,4007.0
27421,7954.0
27422,38099.0
27423,7096.0
27424,63338.0
27425,67635.0
27426,2201.0
27427,46097.0
27428,4792.0
27429,4511.0
27430,6465.0
27431,4506.0
27432,11129.0
27433,7575.0
27434,5276.0
27435,49725.0
27436,3844.0
27437,44280.0
27438,3625.0
27439,11129.0
27440,5949.0
27441,2105.0
27442,11545.0
27443,1714.0
27444,59509.0
27445,10680.0
27446,9201.0
27447,43376.0
27448,5943.0
27449,51697.0
27450,8605.0
27451,5943.0
27452,14343.0
27453,10680.0
27454,31764.0
27455,3926.0
27456,4287.0
27457,45185.0
27458,4482.0
27459,37374.0
27460,6633.0
27461,2124.0
27462,53757.0
27463,4121.0
27464,3999.0
27465,5632.0
27466,22152.0
27467,59021.0
27468,7425.0
27469,2339.0
27470,49613.0
27471,54777.0
27472,56702.0
27473,6324.0
27474,5955.0
27475,4500.0
27476,42457.0
27477,2074.0
27478,2050.0
27479,49207.0
27480,57992.0
27481,6623.0
27482,61649.0
27483,6122.0
27484,56588.0
27485,23494.0
27486,53743.0
27487,6818.0
27488,64499.0
27489,6122.0
27490,5817.0
27491,37985.0
27492,1755.0
27493,41314.0
27494,3814.0
27495,6840.0
27496,3844.0
27497,14846.0
27498,1694.0
27499,4019.0
27500,2723.0
27501,60232.0
27502,53164.0
27503,60260.0
27504,69001.0
27505,4613.0
27506,11319.0
27507,5772.0
27508,7908.0
27509,5441.0
27510,4007.0
27511,1714.0
27512,36565.0
27513,2719.0
27514,7617.0
27515,6395.0
27516,3489.0
27517,5037.0
27518,59033.0
27519,49725.0
27520,5949.0
27521,3000.0
27522,9945.0
27523,12527.0
27524,65529.0
27525,3980.0
27526,74844.0
27527,5955.0
27528,12990.0
27529,4209.0
27530,3393.0
27531,5177.0
27532,12413.0
27533,2516.0
27534,60978.0
27535,53835.0
27536,4792.0
27537,3720.0
27538,7763.0
27539,2966.0
27540,6009.0
27541,5772.0
27542,4284.0
27543,3381.0
27544,60508.0
27545,5698.0
27546,5942.0
27547,6287.0
27548,8463.0
27549,6132.0
27550,45805.0
27551,7488.0
27552,67004.0
27553,3862.0
27554,5282.0
27555,41314.0
27556,4760.0
27557,11105.0
27558,6196.0
27559,6084.0
27560,6207.0
27561,7584.0
27562,34460.0
27563,5136.0
27564,3707.0
27565,9746.0
27566,52063.0
27567,32634.0
27568,20760.0
27569,47844.0
27570,6841.0
27571,4979.0
27572,2456.0
27573,12453.0
27574,10321.0
27575,49992.0
27576,54841.0
27577,3988.0
27578,44144.0
27579,60232.0
27580,2410.0
27581,5606.0
27582,12821.0
27583,3393.0
27584,12304.0
27585,49177.0
27586,5817.0
27587,2124.0
27588,1755.0
27589,7373.5
27590,11497.0
27591,17683.0
27592,5888.0
27593,5574.0
27594,60396.0
27595,4111.0
27596,44280.0
27597,5937.0
27598,27976.0
27599,5060.0
27600,9169.0
27601,3393.0
27602,7109.0
27603,3994.0
27604,8653.0
27605,5243.0
27606,4658.0
27607,57081.0
27608,54896.0
27609,42777.0
27610,4390.0
27611,3723.0
27612,40843.0
27613,2336.0
27614,32859.0
27615,44610.0
27616,4506.0
27617,4337.0
27618,6009.0
27619,4173.0
27620,6932.0
27621,44144.0
27622,2201.0
27623,32859.0
27624,42424.0
27625,4030.0
27626,2823.0
27627,3363.0
27628,4672.0
27629,2201.0
27630,2409.0
27631,6841.0
27632,4971.0
27633,1105.0
27634,60260.0
27635,3282.0
27636,4545.0
27637,5579.0
27638,3393.0
27639,3381.0
27640,5322.0
27641,2336.0
27642,5037.0
27643,4748.0
27644,55347.0
27645,54608.0
27646,7212.0
27647,45033.0
27648,77120.0
27649,11202.0
27650,3014.0
27651,2476.0
27652,53937.0
27653,4249.0
27654,4357.0
27655,7120.0
27656,51372.0
27657,11310.0
27658,5441.0
27659,10575.0
27660,5334.0
27661,64173.0
27662,3610.0
27663,50361.0
27664,58111.0
27665,4111.0
27666,6514.0
27667,4259.0
27668,38099.0
27669,59033.0
27670,17538.0
27671,75317.0
27672,28510.0
27673,4056.0
27674,49207.0
27675,91736.5
27676,62448.0
27677,1105.0
27678,8696.0
27679,11829.0
27680,1890.0
27681,6300.0
27682,30760.0
27683,64890.0
27684,4071.0
27685,6488.0
27686,2201.0
27687,4618.0
27688,66063.0
27689,6745.0
27690,22140.0
27691,37985.0
27692,42521.0
27693,2098.0
27694,7498.0
27695,4776.0
27696,4979.0
27697,5942.0
27698,4263.0
27699,37985.0
27700,4637.0
27701,12138.0
27702,52287.0
27703,6275.0
27704,4881.0
27705,6248.0
27706,14014.0
27707,53164.0
27708,2477.0
27709,6461.0
27710,15393.0
27711,4556.0
27712,41281.0
27713,6111.0
27714,7488.0
27715,16149.0
27716,1830.0
27717,4501.0
27718,5550.0
27719,5944.0
27720,3353.0
27721,6271.0
27722,1755.0
27723,5322.0
27724,4190.0
27725,15624.0
27726,80715.0
27727,4496.0
27728,6158.0
27729,5177.0
27730,2409.0
27731,51372.0
27732,4896.0
27733,4294.0
27734,51345.0
27735,48795.0
27736,9735.0
27737,4427.0
27738,8869.0
27739,5942.0
27740,3407.0
27741,3000.0
27742,5635.0
27743,6067.0
27744,59917.0
27745,3090.0
27746,50361.0
27747,51457.0
27748,57017.0
27749,37668.0
27750,57920.0
27751,3862.0
27752,3990.0
27753,6450.0
27754,24056.0
27755,65832.0
27756,8328.0
27757,2361.0
27758,38099.0
27759,49613.0
27760,3804.0
27761,41113.0
27762,56588.0
27763,2124.0
27764,28510.0
27765,6776.0
27766,5892.0
27767,51817.0
27768,4056.0
27769,44280.0
27770,5098.0
27771,5178.0
27772,20760.0
27773,5293.0
27774,5772.0
27775,7268.0
27776,10090.0
27777,44405.0
27778,55377.0
27779,4496.0
27780,65529.0
27781,60260.0
27782,5136.0
27783,6082.0
27784,55983.0
27785,49416.0
27786,51345.0
27787,68317.0
27788,4827.0
27789,6438.0
27790,6339.0
27791,35554.0
27792,4028.0
27793,14428.0
27794,3334.0
27795,3819.0
27796,5949.0
27797,3569.0
27798,69168.0
27799,1604.0
27800,2339.0
27801,8111.0
27802,45257.0
27803,6120.0
27804,2124.0
27805,6287.0
27806,5617.0
27807,55502.0
27808,8478.0
27809,56702.0
27810,8434.0
27811,59021.0
27812,8869.0
27813,15078.0
27814,7774.0
27815,2399.0
27816,7877.0
27817,57920.0
27818,3433.0
27819,41974.0
27820,6159.0
27821,3330.0
27822,5556.0
27823,4810.0
27824,13023.0
27825,27976.0
27826,6711.0
27827,4173.0
27828,6133.0
27829,49613.0
27830,60365.0
27831,51595.0
27832,5635.0
27833,5688.0
27834,3013.0
27835,2723.0
27836,58282.0
27837,55983.0
27838,4977.0
27839,2124.0
27840,7575.0
27841,5822.0
27842,17103.0
27843,3829.0
27844,5942.0
27845,7004.0
27846,7749.0
27847,6075.0
27848,4819.0
27849,62591.0
27850,7793.0
27851,7104.0
27852,5126.0
27853,67141.0
27854,4294.0
27855,55983.0
27856,9899.0
27857,9709.0
27858,10608.0
27859,1604.0
27860,51817.0
27861,4977.0
27862,37985.0
27863,8854.0
27864,7425.0
27865,52080.0
27866,3723.0
27867,45805.0
27868,2074.0
27869,66928.0
27870,45600.0
27871,56702.0
27872,11853.0
27873,51372.0
27874,64729.0
27875,34472.0
27876,5178.0
27877,54896.0
27878,24056.0
27879,64113.0
27880,10783.0
27881,7474.0
27882,55377.0
27883,6172.0
27884,4359.0
27885,80626.0
27886,6010.0
27887,49553.0
27888,5102.0
27889,68303.0
27890,7762.0
27891,4496.0
27892,50361.0
27893,60508.0
27894,54841.0
27895,50957.0
27896,38099.0
27897,5060.0
27898,54841.0
27899,12007.0
27900,9371.0
27901,2098.0
27902,50271.0
27903,4710.0
27904,54896.0
27905,2399.0
27906,6568.0
27907,5014.0
27908,2410.0
27909,2098.0
27910,4069.0
27911,51819.0
27912,7813.0
27913,4596.0
27914,40593.0
27915,44144.0
27916,4228.0
27917,3349.0
27918,31982.0
27919,10578.0
27920,57393.0
27921,1890.0
27922,4000.0
27923,61873.0
27924,6502.0
27925,5942.0
27926,4499.0
27927,10743.0
27928,13524.0
27929,12210.0
27930,4284.0
27931,6812.0
27932,7813.0
27933,7081.0
27934,3598.0
27935,2477.0
27936,54684.0
27937,59537.0
27938,55983.0
27939,4359.0
27940,6473.0
27941,51707.0
27942,7081.0
27943,17703.0
27944,3574.0
27945,23898.0
27946,6158.0
27947,7425.0
27948,3471.0
27949,5623.0
27950,3654.0
27951,11100.0
27952,61873.0
27953,57565.0
27954,20760.0
27955,4827.0
27956,32347.0
27957,13728.0
27958,43729.0
27959,3381.0
27960,14250.0
27961,6195.0
27962,4359.0
27963,84756.0
27964,5942.0
27965,48213.0
27966,7927.0
27967,11941.0
27968,45693.0
27969,4301.0
27970,9764.0
27971,4272.0
27972,6502.0
27973,49992.0
27974,5441.0
27975,45693.0
27976,7148.0
27977,3646.0
27978,10743.0
27979,50271.0
27980,49553.0
27981,3153.0
27982,7958.0
27983,13524.0
27984,14355.0
27985,26472.0
27986,2410.0
27987,51457.0
27988,56702.0
27989,3774.0
27990,3979.0
27991,5207.0
27992,2203.0
27993,5937.0
27994,4165.0
27995,6510.0
27996,5949.0
27997,2051.0
27998,63277.0
27999,2276.0
28000,6488.0
28001,49553.0
28002,54777.0
28003,1776.0
28004,6075.0
28005,6389.0
28006,55377.0
28007,20760.0
28008,6333.0
28009,10018.0
28010,9750.0
28011,3150.0
28012,11586.0
28013,52522.0
28014,2410.0
28015,7135.0
28016,42521.0
28017,4979.0
28018,57992.0
28019,6412.0
28020,9763.0
28021,14150.0
28022,5622.0
28023,6502.0
28024,12990.0
28025,10324.0
28026,7584.0
28027,9879.0
28028,9390.0
28029,5420.0
28030,44682.0
28031,67769.0
28032,4071.0
28033,4202.0
28034,19573.0
28035,10672.0
28036,5007.0
28037,1776.0
28038,7705.0
28039,1714.0
28040,57057.0
28041,11310.0
28042,3542.0
28043,6568.0
28044,3998.0
28045,53645.0
28046,5322.0
28047,49553.0
28048,42457.0
28049,41314.0
28050,4453.0
28051,5441.0
28052,60508.0
28053,7038.0
28054,80626.0
28055,41314.0
28056,34472.0
28057,1544.0
28058,35490.0
28059,4025.0
28060,8589.0
28061,6502.0
28062,56476.0
28063,36484.0
28064,3100.0
28065,6008.0
28066,5077.0
28067,14880.0
28068,4031.0
28069,50271.0
28070,53209.0
28071,6461.0
28072,5724.0
28073,10503.0
28074,59827.0
28075,74844.0
28076,3621.0
28077,61583.0
28078,12150.0
28079,3553.0
28080,5110.0
28081,4911.0
28082,22140.0
28083,3000.0
28084,59021.0
28085,6458.0
28086,6213.0
28087,19593.0
28088,57856.0
28089,39555.0
28090,6461.0
28091,8112.0
28092,5293.0
28093,12990.0
28094,4211.0
28095,50271.0
28096,2339.0
28097,36565.0
28098,6578.0
28099,60508.0
28100,6711.0
28101,9105.0
28102,5761.0
28103,44280.0
28104,5390.0
28105,65529.0
28106,54684.0
28107,12049.0
28108,5937.0
28109,2477.0
28110,2022.0
28111,14238.0
28112,2091.0
28113,70588.0
28114,7212.0
28115,4149.0
28116,8394.0
28117,6271.0
28118,39321.0
28119,42746.0
28120,16331.0
28121,8112.0
28122,51697.0
28123,3521.0
28124,5606.0
28125,3834.0
28126,3684.0
28127,12768.0
28128,6161.0
28129,11372.0
28130,3402.0
28131,6294.0
28132,60396.0
28133,8492.0
28134,6450.0
28135,56991.0
28136,4506.0
28137,54481.0
28138,54684.0
28139,5724.0
28140,60508.0
28141,6287.0
28142,47657.0
28143,52392.0
28144,41101.0
28145,11853.0
28146,51707.0
28147,3862.0
28148,39847.0
28149,56588.0
28150,6308.0
28151,49177.0
28152,43910.0
28153,7076.0
28154,16318.0
28155,54608.0
28156,11531.0
28157,3916.0
28158,60978.0
28159,3467.0
28160,60365.0
28161,58315.0
28162,27792.0
28163,2480.0
28164,54608.0
28165,8448.0
28166,39321.0
28167,64285.0
28168,87872.0
28169,8111.0
28170,60589.0
28171,4111.0
28172,5418.0
28173,5152.0
28174,56058.0
28175,4496.0
28176,9473.0
28177,49613.0
28178,55502.0
28179,17295.0
28180,10381.0
28181,44280.0
28182,5954.0
28183,30092.0
28184,3705.0
28185,13132.0
28186,42521.0
28187,7927.0
28188,58125.0
28189,10608.0
28190,67769.0
28191,2201.0
28192,14921.0
28193,62045.0
28194,5656.0
28195,2410.0
28196,4500.0
28197,67004.0
28198,64173.0
28199,42521.0
28200,6006.0
28201,10605.0
28202,4500.0
28203,37985.0
28204,5806.0
28205,5954.0
28206,57505.0
28207,54608.0
28208,39499.0
28209,44280.0
28210,51697.0
28211,74029.0
28212,7081.0
28213,4648.0
28214,9768.0
28215,2339.0
28216,2201.0
28217,3000.0
28218,10783.0
28219,7081.0
28220,57992.0
28221,4896.0
28222,53164.0
28223,1443.0
28224,4706.0
28225,45883.0
28226,4496.0
28227,5843.0
28228,7804.0
28229,3288.0
28230,7413.0
28231,53835.0
28232,4498.0
28233,41064.0
28234,5955.0
28235,31436.0
28236,13069.0
28237,3857.0
28238,52522.0
28239,15393.0
28240,5720.0
28241,57920.0
28242,6200.0
28243,9353.0
28244,53164.0
28245,13386.0
28246,1998.0
28247,6082.0
28248,7088.0
28249,8081.0
28250,4637.0
28251,52287.0
28252,7135.0
28253,12990.0
28254,7426.0
28255,54608.0
28256,2343.0
28257,7635.0
28258,36712.0
28259,2098.0
28260,15813.0
28261,5955.0
28262,42521.0
28263,61873.0
28264,8799.0
28265,72065.0
28266,4202.0
28267,58111.0
28268,4968.0
28269,4401.0
28270,49725.0
28271,34472.0
28272,11129.0
28273,7857.0
28274,12029.0
28275,4439.0
28276,9303.0
28277,54608.0
28278,35520.0
28279,3393.0
28280,52287.0
28281,4499.0
28282,4097.0
28283,67769.0
28284,55502.0
28285,4095.0
28286,6455.0
28287,16212.0
28288,3727.0
28289,52287.0
28290,39847.0
28291,5656.0
28292,6568.0
28293,6375.0
28294,60365.0
28295,67710.0
28296,13588.0
28297,4414.0
28298,60508.0
28299,6968.0
28300,4499.0
28301,7473.0
28302,7869.0
28303,2022.0
28304,6319.0
28305,4704.0
28306,4755.0
28307,12389.0
28308,6450.0
28309,4453.0
28310,2901.0
28311,6191.0
28312,4496.0
28313,61933.0
28314,9719.0
28315,8220.0
28316,45805.0
28317,10822.0
28318,2968.0
28319,32859.0
28320,4515.0
28321,4393.0
28322,6620.0
28323,5911.0
28324,10060.0
28325,7106.0
28326,3014.0
28327,3999.0
28328,2124.0
28329,2960.0
28330,2836.0
28331,60074.0
28332,54841.0
28333,4819.0
28334,4496.0
28335,5955.0
28336,4496.0
28337,23484.0
28338,3090.0
28339,2438.0
28340,40360.0
28341,12033.0
28342,6172.0
28343,59254.0
28344,35038.0
28345,44144.0
28346,6836.0
28347,76255.0
28348,9719.0
28349,4867.0
28350,55983.0
28351,51817.0
28352,45257.0
28353,11163.0
28354,3275.0
28355,87489.0
28356,6014.0
28357,6948.0
28358,61933.0
28359,4439.0
28360,4876.0
28361,3288.0
28362,6696.0
28363,52063.0
28364,3646.0
28365,4500.0
28366,23685.0
28367,6890.0
28368,85327.0
28369,11714.0
28370,3397.0
28371,41314.0
28372,2704.0
28373,6474.0
28374,3999.0
28375,5760.0
28376,72618.0
28377,15543.0
28378,54777.0
28379,4257.0
28380,23898.0
28381,5467.0
28382,4593.0
28383,6207.0
28384,10018.0
28385,5942.0
28386,8396.0
28387,62617.0
28388,4499.0
28389,3389.0
28390,10505.0
28391,49725.0
28392,50271.0
28393,24122.0
28394,60160.0
28395,6319.0
28396,9277.0
28397,24234.0
28398,4080.0
28399,2723.0
28400,7323.0
28401,49725.0
28402,13421.0
28403,2203.0
28404,62793.0
28405,10680.0
28406,53164.0
28407,65517.0
28408,4165.0
28409,4827.0
28410,61404.0
28411,15132.0
28412,32646.0
28413,48851.0
28414,45883.0
28415,12663.0
28416,6122.0
28417,37405.0
28418,4896.0
28419,11520.0
28420,9269.0
28421,8803.0
28422,50969.0
28423,3685.0
28424,53164.0
28425,5632.0
28426,76684.0
28427,45672.0
28428,44069.0
28429,32923.0
28430,5724.0
28431,8029.0
28432,15889.0
28433,68474.0
28434,39555.0
28435,7336.0
28436,49725.0
28437,9178.0
28438,4896.0
28439,32923.0
28440,4230.0
28441,4393.0
28442,6578.0
28443,5206.0
28444,2409.0
28445,4649.0
28446,6195.0
28447,57920.0
28448,2409.0
28449,6841.0
28450,2336.0
28451,60508.0
28452,54684.0
28453,48079.0
28454,4249.0
28455,43910.0
28456,4363.0
28457,5136.0
28458,5955.0
28459,35510.0
28460,5093.0
28461,6869.0
28462,11026.0
28463,3684.0
28464,4173.0
28465,5102.0
28466,61873.0
28467,6262.0
28468,59332.0
28469,4499.0
28470,67004.0
28471,61583.0
28472,4549.0
28473,7420.0
28474,5954.0
28475,10744.0
28476,1105.0
28477,4359.0
28478,6117.0
28479,5924.0
28480,6740.0
28481,52175.0
28482,4788.0
28483,6172.0
28484,5822.0
28485,9034.0
28486,45371.0
28487,16023.0
28488,6302.0
28489,49553.0
28490,50957.0
28491,59929.0
28492,10031.0
28493,4096.0
28494,12906.0
28495,5883.0
28496,8554.0
28497,1714.0
28498,2410.0
28499,5280.0
28500,4601.0
28501,4704.0
28502,84222.0
28503,4007.0
28504,3475.0
28505,53937.0
28506,4500.0
28507,12400.0
28508,4417.0
28509,3282.0
28510,12408.0
28511,45257.0
28512,2201.0
28513,9735.0
28514,4589.0
28515,4086.0
28516,5145.0
28517,6578.0
28518,66928.0
28519,9300.0
28520,4020.0
28521,6584.0
28522,7043.0
28523,2080.0
28524,6489.0
28525,11205.0
28526,4676.0
28527,77120.0
28528,4229.0
28529,69244.0
28530,5632.0
28531,1603.0
28532,44280.0
28533,4499.0
28534,50398.0
28535,36577.0
28536,5042.0
28537,6578.0
28538,8442.0
28539,2480.0
28540,35532.0
28541,5949.0
28542,6450.0
28543,5358.0
28544,1890.0
28545,37985.0
28546,34460.0
28547,5668.0
28548,6883.0
28549,4499.0
28550,56991.0
28551,11341.0
28552,3611.0
28553,54115.0
28554,4111.0
28555,11129.0
28556,39321.0
28557,9735.0
28558,7484.0
28559,6304.0
28560,5942.0
28561,6191.0
28562,3090.0
28563,4000.0
28564,6711.0
28565,61933.0
28566,64890.0
28567,28312.0
28568,41113.0
28569,4789.0
28570,56879.0
28571,14343.0
28572,5955.0
28573,6432.0
28574,9588.0
28575,6023.5
28576,5840.0
28577,6395.0
28578,14444.0
28579,6262.0
28580,29004.0
28581,2359.0
28582,6024.0
28583,10849.0
28584,16359.0
28585,28510.0
28586,45189.0
28587,55502.0
28588,3527.0
28589,15204.0
28590,73481.0
28591,5441.0
28592,79705.0
28593,9105.0
28594,6068.0
28595,62314.0
28596,4870.0
28597,6502.0
28598,7135.0
28599,4748.0
28600,8376.0
28601,63499.0
28602,56702.0
28603,5888.0
28604,5670.0
28605,12276.0
28606,11729.0
28607,54841.0
28608,7489.0
28609,61933.0
28610,61873.0
28611,5954.0
28612,3496.0
28613,3000.0
28614,4593.0
28615,13372.0
28616,72737.0
28617,6020.0
28618,37900.0
28619,3153.0
28620,84756.0
28621,4266.0
28622,2968.0
28623,58125.0
28624,7639.0
28625,4944.0
28626,48281.0
28627,8307.0
28628,51707.0
28629,9277.0
28630,4658.0
28631,6692.0
28632,3772.0
28633,55983.0
28634,8382.0
28635,45995.0
28636,5632.0
28637,5390.0
28638,5810.0
28639,36712.0
28640,3393.0
28641,10090.0
28642,17683.0
28643,60978.0
28644,4020.0
28645,41113.0
28646,52175.0
28647,45995.0
28648,7572.0
28649,11520.0
28650,2230.0
28651,1604.0
28652,51405.0
28653,7697.0
28654,3622.0
28655,4496.0
28656,5103.0
28657,1776.0
28658,60508.0
28659,59033.0
28660,4173.0
28661,1606.0
28662,8448.0
28663,5177.0
28664,4896.0
28665,4502.0
28666,4111.0
28667,6461.0
28668,5955.0
28669,62188.0
28670,3819.0
28671,4788.0
28672,5179.0
28673,37985.0
28674,1998.0
28675,49177.0
28676,55502.0
28677,4944.0
28678,2476.0
28679,5502.0
28680,7220.0
28681,56702.0
28682,8733.0
28683,4000.0
28684,31682.0
28685,9855.0
28686,4173.0
28687,9026.0
28688,7220.0
28689,5953.0
28690,5166.0
28691,5949.0
28692,5949.0
28693,4390.0
28694,4672.0
28695,4672.0
28696,2723.0
28697,56588.0
28698,5942.0
28699,55087.0
28700,5177.0
28701,7081.0
28702,4488.0
28703,2111.0
28704,11448.0
28705,13588.0
28706,51457.0
28707,49725.0
28708,95012.0
28709,6219.0
28710,5691.0
28711,4755.0
28712,4370.0
28713,32859.0
28714,19130.5
28715,53209.0
28716,4556.0
28717,1776.0
28718,6568.0
28719,6568.0
28720,4096.0
28721,57417.0
28722,7645.0
28723,41064.0
28724,2477.0
28725,4363.0
28726,7291.0
28727,1548.0
28728,5865.0
28729,70588.0
28730,9840.0
28731,60508.0
28732,7877.0
28733,2050.0
28734,10783.0
28735,4056.0
28736,38099.0
28737,1755.0
28738,70793.0
28739,2476.0
28740,11625.0
28741,7709.0
28742,48289.0
28743,5918.0
28744,45600.0
28745,9392.0
28746,1551.0
28747,5823.0
28748,13944.0
28749,11477.0
28750,12454.0
28751,5805.0
28752,5276.0
28753,54608.0
28754,9840.0
28755,3633.0
28756,5954.0
28757,6389.0
28758,4961.0
28759,3959.0
28760,12360.0
28761,40435.0
28762,5697.0
28763,57453.0
28764,69168.0
28765,5177.0
28766,60601.0
28767,5103.0
28768,13798.0
28769,45995.0
28770,4247.0
28771,9907.0
28772,7412.0
28773,52063.0
28774,64173.0
28775,56702.0
28776,6461.0
28777,6133.0
28778,4801.0
28779,35038.0
28780,5276.0
28781,6067.0
28782,3393.0
28783,49725.0
28784,27533.0
28785,2074.0
28786,5094.0
28787,2410.0
28788,60260.0
28789,11205.0
28790,9105.0
28791,11508.0
28792,6488.0
28793,60260.0
28794,60260.0
28795,51457.0
28796,3546.0
28797,4658.5
28798,5622.0
28799,14093.0
28800,56588.0
28801,5954.0
28802,5894.0
28803,2050.0
28804,5949.0
28805,50361.0
28806,59033.0
28807,82317.0
28808,10081.0
28809,67645.0
28810,6461.0
28811,4209.0
28812,49725.0
28813,4357.0
28814,44571.0
28815,3916.0
28816,4855.0
28817,8111.0
28818,44280.0
28819,51697.0
28820,2228.0
28821,2738.0
28822,1998.0
28823,3090.0
28824,50271.0
28825,17739.0
28826,2050.0
28827,4556.0
28828,47395.0
28829,12408.0
28830,38099.0
28831,6186.0
28832,58876.0
28833,13524.0
28834,7958.0
28835,51928.0
28836,5293.0
28837,5177.0
28838,4453.0
28839,4266.0
28840,12958.0
28841,52287.0
28842,4416.0
28843,88950.0
28844,10243.0
28845,9735.0
28846,44144.0
28847,7341.0
28848,4796.0
28849,4368.0
28850,1998.0
28851,78913.0
28852,9113.0
28853,5985.0
28854,51817.0
28855,2124.0
28856,2201.0
28857,9178.0
28858,60978.0
28859,4796.0
28860,2949.0
28861,58125.0
28862,4477.0
28863,2050.0
28864,3570.0
28865,6485.0
28866,27976.0
28867,7474.0
28868,9201.0
28869,4056.0
28870,62188.0
28871,5667.0
28872,8869.0
28873,3354.0
28874,47844.0
28875,19751.0
28876,2105.0
28877,2621.0
28878,5763.0
28879,1550.0
28880,3379.0
28881,20760.0
28882,3096.0
28883,58864.0
28884,4500.0
28885,5639.0
28886,6195.0
28887,42521.0
28888,3844.0
28889,11331.0
28890,2228.0
28891,60365.0
28892,69265.0
28893,6625.0
28894,3471.0
28895,62625.0
28896,51817.0
28897,42312.0
28898,72125.0
28899,6070.0
28900,7081.0
28901,8321.0
28902,30092.0
28903,13518.0
28904,53209.0
28905,49553.0
28906,11508.0
28907,50271.0
28908,1890.0
28909,13089.0
28910,4173.0
28911,4161.0
28912,4788.0
28913,45693.0
28914,52726.0
28915,7513.0
28916,6980.0
28917,4660.0
28918,20356.0
28919,6324.0
28920,44144.0
28921,6461.0
28922,2339.0
28923,6176.0
28924,49725.0
28925,5018.0
28926,39499.0
28927,3393.0
28928,61392.0
28929,5499.0
28930,56588.0
28931,4103.0
28932,37256.0
28933,77389.0
28934,7006.0
28935,58028.0
28936,8869.0
28937,11843.0
28938,16210.0
28939,2228.0
28940,10823.0
28941,68507.0
28942,4284.0
28943,14313.0
28944,12299.0
28945,6840.0
28946,7476.0
28947,44144.0
28948,5177.0
28949,5915.0
28950,2124.0
28951,12557.0
28952,5685.0
28953,8988.0
28954,2201.0
28955,4629.0
28956,7484.0
28957,44280.0
28958,6048.0
28959,2074.0
28960,11469.0
28961,5393.0
28962,43910.0
28963,6450.0
28964,53152.0
28965,4500.0
28966,1998.0
28967,4348.0
28968,11488.0
28969,56590.0
28970,4496.0
28971,53164.0
28972,9303.0
28973,59929.0
28974,6863.0
28975,42746.0
28976,22953.0
28977,51697.0
28978,50271.0
28979,3013.0
28980,49207.0
28981,1776.0
28982,3644.0
28983,3357.0
28984,73581.0
28985,3987.0
28986,57992.0
28987,10248.0
28988,9988.0
28989,6133.0
28990,49613.0
28991,2343.0
28992,7834.0
28993,79349.0
28994,68507.0
28995,6163.0
28996,4357.0
28997,6461.0
28998,55983.0
28999,3705.0
29000,8867.0
29001,4357.0
29002,5949.0
29003,7262.0
29004,5289.0
29005,4202.0
29006,41314.0
29007,6461.0
29008,6292.0
29009,3999.0
29010,6568.0
29011,34472.0
29012,20606.0
29013,3288.0
29014,8883.0
29015,7352.0
29016,35490.0
29017,37016.0
29018,6060.0
29019,4337.0
29020,10474.0
29021,4111.0
29022,4496.0
29023,10009.0
29024,4496.0
29025,4173.0
29026,27792.0
29027,7240.0
29028,3379.0
29029,59033.0
29030,6200.0
29031,6287.0
29032,45257.0
29033,53209.0
29034,11310.0
29035,2051.0
29036,6195.0
29037,9277.0
29038,11109.0
29039,2364.0
29040,51875.0
29041,8043.0
29042,7484.0
29043,49725.0
29044,45257.0
29045,5817.0
29046,1830.0
29047,18347.0
29048,12308.0
29049,6569.0
29050,3389.0
29051,6845.0
29052,6324.0
29053,37386.0
29054,9201.0
29055,3090.0
29056,54684.0
29057,24728.0
29058,3855.0
29059,4506.0
29060,17613.0
29061,24056.0
29062,49553.0
29063,13357.5
29064,4496.0
29065,6195.0
29066,60978.0
29067,50957.0
29068,49207.0
29069,4578.0
29070,1998.0
29071,3357.0
29072,5103.0
29073,61933.0
29074,5519.0
29075,3496.0
29076,14544.0
29077,56273.0
29078,7484.0
29079,4919.0
29080,4453.0
29081,49613.0
29082,2124.0
29083,57708.0
29084,41269.0
29085,24123.0
29086,1830.0
29087,7119.0
29088,2124.0
29089,4896.0
29090,11520.0
29091,5949.0
29092,64285.0
29093,39499.0
29094,44280.0
29095,6443.0
29096,21180.0
29097,4452.0
29098,62045.0
29099,10744.0
29100,6985.0
29101,7484.0
29102,5019.0
29103,51058.0
29104,62045.0
29105,56588.0
29106,4502.0
29107,8111.0
29108,40843.0
29109,6414.0
29110,8757.0
29111,24234.0
29112,4893.0
29113,2857.0
29114,2336.0
29115,6890.0
29116,6133.0
29117,1830.0
29118,6538.0
29119,4453.0
29120,3177.0
29121,2250.0
29122,21358.0
29123,7393.0
29124,64173.0
29125,2409.0
29126,2998.0
29127,5033.0
29128,50969.0
29129,89695.0
29130,6131.0
29131,49613.0
29132,66928.0
29133,49725.0
29134,5027.0
29135,55377.0
29136,8112.0
29137,54777.0
29138,7813.0
29139,3349.0
29140,4056.0
29141,4233.0
29142,14065.0
29143,7220.0
29144,41314.0
29145,4417.0
29146,28312.0
29147,44280.0
29148,52287.0
29149,5322.0
29150,55377.0
29151,5322.0
29152,1755.0
29153,7336.0
29154,44280.0
29155,2074.0
29156,4892.0
29157,7353.0
29158,3962.0
29159,51384.0
29160,82863.0
29161,5206.0
29162,2623.0
29163,27792.0
29164,3814.5
29165,3000.0
29166,7950.0
29167,6292.0
29168,5943.0
29169,2201.0
29170,11372.0
29171,32923.0
29172,56588.0
29173,51817.0
29174,9824.0
29175,6158.0
29176,5547.0
29177,3961.0
29178,51817.0
29179,3000.0
29180,10604.0
29181,69938.0
29182,49613.0
29183,2621.0
29184,3831.0
29185,6461.0
29186,6133.0
29187,5145.0
29188,5949.0
29189,53947.0
29190,4149.0
29191,6734.0
29192,5888.0
29193,77980.0
29194,5942.0
29195,60396.0
29196,41269.0
29197,5435.0
29198,17535.0
29199,5896.0
29200,3072.0
29201,2410.0
29202,52287.0
29203,64159.5
29204,32923.0
29205,3306.0
29206,3433.0
29207,12528.0
29208,8275.0
29209,63579.0
29210,50957.0
29211,5177.0
29212,49613.0
29213,41281.0
29214,8560.0
29215,9151.0
29216,56702.0
29217,20583.0
29218,57920.0
29219,10605.0
29220,5610.0
29221,2150.0
29222,6132.0
29223,4213.0
29224,7572.0
29225,3687.0
29226,60978.0
29227,9879.0
29228,3016.0
29229,3466.0
29230,3999.0
29231,4452.0
29232,9798.0
29233,13556.0
29234,11129.0
29235,3592.0
29236,7338.0
29237,4496.0
29238,49613.0
29239,6195.0
29240,13706.0
29241,3620.0
29242,6033.0
29243,57992.0
29244,5955.0
29245,88813.0
29246,10199.0
29247,2827.0
29248,1654.0
29249,5955.0
29250,59929.0
29251,57992.0
29252,51058.0
29253,3466.0
29254,3862.0
29255,3243.0
29256,7352.0
29257,11675.0
29258,7425.0
29259,6489.0
29260,3988.0
29261,6067.0
29262,5610.0
29263,7484.0
29264,5161.0
29265,37900.0
29266,6489.0
29267,54306.0
29268,55377.0
29269,4979.0
29270,6843.0
29271,20424.0
29272,38099.0
29273,8534.0
29274,5505.0
29275,1654.0
29276,6395.0
29277,5823.0
29278,42457.0
29279,10744.0
29280,50271.0
29281,10680.0
29282,47545.0
29283,9277.0
29284,3961.0
29285,20808.0
29286,10123.0
29287,4369.0
29288,16593.0
29289,10680.0
29290,4915.0
29291,4452.0
29292,5949.0
29293,7982.0
29294,54684.0
29295,2201.0
29296,64890.0
29297,2723.0
29298,60396.0
29299,28510.0
29300,59021.0
29301,3843.0
29302,7982.0
29303,45097.0
29304,44405.0
29305,5027.0
29306,2056.0
29307,5806.0
29308,60978.0
29309,6314.0
29310,11664.0
29311,5646.0
29312,4672.0
29313,3306.0
29314,19288.0
29315,6047.0
29316,13916.0
29317,45693.0
29318,5932.0
29319,29622.0
29320,4457.0
29321,7487.0
29322,4646.0
29323,31622.0
29324,69168.0
29325,44144.0
29326,4909.0
29327,18387.0
29328,51372.0
29329,45230.0
29330,12401.0
29331,12054.0
29332,54684.0
29333,10783.0
29334,4041.0
29335,77577.0
29336,65832.0
29337,41281.0
29338,5229.0
29339,37985.0
29340,3397.0
29341,4111.0
29342,3672.0
29343,65517.0
29344,5293.0
29345,3498.0
29346,4506.0
29347,60260.0
29348,7021.0
29349,3291.0
29350,3999.0
29351,74127.0
29352,30000.0
29353,54115.0
29354,31982.0
29355,16233.0
29356,2074.0
29357,57992.0
29358,4027.0
29359,60555.0
29360,9277.0
29361,93200.0
29362,74594.0
29363,11928.0
29364,8123.0
29365,9277.0
29366,32859.0
29367,5525.0
29368,13442.0
29369,9175.0
29370,15132.0
29371,45883.0
29372,6321.0
29373,17604.0
29374,5536.0
29375,5220.0
29376,3989.0
29377,2203.0
29378,60396.0
29379,67769.0
29380,49177.0
29381,54684.0
29382,59254.0
29383,5206.0
29384,5441.0
29385,8526.0
29386,70714.0
29387,5178.0
29388,18471.0
29389,3916.0
29390,5649.0
29391,7539.0
29392,31462.0
29393,58125.0
29394,5178.0
29395,4416.0
29396,2476.0
29397,6324.0
29398,4933.0
29399,7412.0
29400,5174.0
29401,2203.0
29402,5177.0
29403,54841.0
29404,45995.0
29405,50271.0
29406,2271.0
29407,73369.0
29408,10395.0
29409,10742.0
29410,12643.0
29411,7950.0
29412,3489.0
29413,4338.0
29414,2201.0
29415,23898.0
29416,37594.0
29417,50957.0
29418,5042.0
29419,56588.0
29420,21318.0
29421,9893.0
29422,1830.0
29423,4963.0
29424,39610.0
29425,49613.0
29426,42521.0
29427,1998.0
29428,51817.0
29429,5502.0
29430,4909.0
29431,4969.0
29432,7958.0
29433,13524.0
29434,45693.0
29435,3090.0
29436,6195.0
29437,4111.0
29438,5293.0
29439,15168.0
29440,3916.0
29441,2791.0
29442,8719.0
29443,4979.0
29444,9064.0
29445,2276.0
29446,62045.0
29447,4788.0
29448,9901.0
29449,2977.0
29450,4453.0
29451,4416.0
29452,3971.0
29453,3457.0
29454,7419.0
29455,11675.0
29456,5953.0
29457,29776.0
29458,3298.0
29459,70233.0
29460,39622.0
29461,47702.0
29462,15794.0
29463,2476.0
29464,76684.0
29465,3357.0
29466,41064.0
29467,8988.0
29468,29298.0
29469,6466.0
29470,41314.0
29471,3096.0
29472,52063.0
29473,6649.0
29474,18471.0
29475,44546.0
29476,6105.0
29477,5220.0
29478,3620.0
29479,3911.0
29480,5178.0
29481,8112.0
29482,13054.0
29483,5823.0
29484,7959.0
29485,7321.0
29486,11520.0
29487,34460.0
29488,38099.0
29489,4500.0
29490,5102.0
29491,5574.0
29492,4299.0
29493,5289.0
29494,32923.0
29495,82989.0
29496,3423.0
29497,41314.0
29498,4427.0
29499,5322.0
29500,3467.0
29501,1105.0
29502,61933.0
29503,4165.0
29504,4500.0
29505,6743.0
29506,2738.0
29507,5955.0
29508,38648.0
29509,5467.0
29510,2723.0
29511,6694.0
29512,57017.0
29513,7207.0
29514,11116.0
29515,4111.0
29516,9353.0
29517,14620.0
29518,6450.0
29519,5648.0
29520,12033.0
29521,7571.0
29522,2738.0
29523,4613.0
29524,9671.0
29525,2278.0
29526,12013.0
29527,61933.0
29528,3685.0
29529,8631.0
29530,6159.0
29531,15405.0
29532,5656.0
29533,40360.0
29534,7424.0
29535,64285.0
29536,5276.0
29537,7332.0
29538,14954.0
29539,8112.0
29540,5292.0
29541,58125.0
29542,10785.0
29543,5806.0
29544,4979.0
29545,12454.0
29546,32859.0
29547,73231.0
29548,4000.0
29549,5894.0
29550,45805.0
29551,50361.0
29552,7950.0
29553,51819.0
29554,2339.0
29555,4281.0
29556,4272.0
29557,46589.0
29558,4187.0
29559,6304.0
29560,2410.0
29561,4672.0
29562,4387.0
29563,72125.0
29564,58394.0
29565,54684.0
29566,7488.0
29567,5894.0
29568,4656.0
29569,5080.0
29570,8535.0
29571,48079.0
29572,48851.0
29573,38099.0
29574,5293.0
29575,66671.0
29576,5754.0
29577,40945.0
29578,57565.0
29579,60978.0
29580,21979.0
29581,5937.0
29582,7273.0
29583,66155.0
29584,4048.0
29585,4173.0
29586,5102.0
29587,3450.0
29588,6200.0
29589,4612.0
29590,45189.0
29591,5103.0
29592,5095.0
29593,47395.0
29594,20145.0
29595,4601.0
29596,57081.0
29597,3393.0
29598,5289.0
29599,6009.0
29600,3000.0
29601,18879.0
29602,43910.0
29603,75821.0
29604,44081.0
29605,57453.0
29606,13889.0
29607,5579.0
29608,51457.0
29609,4230.0
29610,9849.0
29611,7487.0
29612,18281.0
29613,3498.0
29614,6324.0
29615,11025.0
29616,6450.0
29617,5452.0
29618,15543.0
29619,6158.0
29620,4589.0
29621,23484.0
29622,2201.0
29623,3999.0
29624,13054.0
29625,50271.0
29626,8130.0
29627,36700.0
29628,5823.0
29629,6832.0
29630,2750.0
29631,15583.0
29632,3251.0
29633,4500.0
29634,4338.0
29635,4977.0
29636,51707.0
29637,4672.0
29638,49613.0
29639,64700.0
29640,6578.0
29641,3963.0
29642,41101.0
29643,69168.0
29644,5780.0
29645,2737.0
29646,60232.0
29647,44144.0
29648,3393.0
29649,48885.0
29650,37985.0
29651,6450.0
29652,2201.0
29653,2767.0
29654,3948.0
29655,12150.0
29656,60396.0
29657,5960.0
29658,54684.0
29659,49613.0
29660,20356.0
29661,6431.0
29662,45693.0
29663,13128.0
29664,5750.0
29665,79461.0
29666,6130.0
29667,15414.0
29668,3466.0
29669,41064.0
29670,17617.0
29671,4498.0
29672,16210.0
29673,6583.0
29674,2201.0
29675,6296.0
29676,5226.0
29677,51707.0
29678,67004.0
29679,12978.0
29680,60978.0
29681,6395.0
29682,10247.0
29683,32859.0
29684,4020.0
29685,5322.0
29686,7527.0
29687,14264.0
29688,9840.0
29689,4417.0
29690,4660.0
29691,55377.0
29692,4995.0
29693,4896.0
29694,50868.0
29695,6759.0
29696,51595.0
29697,7352.0
29698,63441.0
29699,6389.0
29700,49553.0
29701,32923.0
29702,3775.0
29703,11810.0
29704,2074.0
29705,54684.0
29706,12424.0
29707,3096.0
29708,16826.0
29709,4500.0
29710,5677.0
29711,3175.0
29712,4732.0
29713,77196.0
29714,9840.0
29715,11876.0
29716,3610.0
29717,6590.0
29718,6226.0
29719,49613.0
29720,11508.0
29721,75721.0
29722,5708.0
29723,55983.0
29724,4203.0
29725,8114.0
29726,6271.0
29727,42521.0
29728,3527.0
29729,5955.0
29730,4593.0
29731,5953.0
29732,41314.0
29733,12318.0
29734,6461.0
29735,9977.0
29736,11319.0
29737,6461.0
29738,7004.0
29739,44144.0
29740,4663.0
29741,6292.0
29742,7487.0
29743,2464.0
29744,60160.0
29745,2212.0
29746,4548.0
29747,50271.0
29748,7005.0
29749,67635.0
29750,7425.0
29751,11675.0
29752,60396.0
29753,60260.0
29754,14949.0
29755,11205.0
29756,44432.0
29757,51457.0
29758,5483.0
29759,18682.0
29760,6650.0
29761,9241.0
29762,48851.0
29763,5670.0
29764,4613.0
29765,4979.0
29766,10899.0
29767,5818.0
29768,6858.0
29769,4979.0
29770,6067.0
29771,13788.0
29772,80511.0
29773,44280.0
29774,55377.0
29775,5525.0
29776,69289.0
29777,39321.0
29778,61933.0
29779,53164.0
29780,4363.0
29781,8775.0
29782,58125.0
29783,4165.0
29784,6488.0
29785,4835.0
29786,3324.0
29787,58125.0
29788,6489.0
29789,22152.0
29790,5289.0
29791,39847.0
29792,56476.0
29793,6092.0
29794,60232.0
29795,26284.0
29796,4844.0
29797,2050.0
29798,9840.0
29799,13054.0
29800,5888.0
29801,53152.0
29802,3993.0
29803,6023.5
29804,5871.0
29805,9206.0
29806,1105.0
29807,4007.0
29808,37985.0
29809,6133.0
29810,53861.0
29811,6977.0
29812,3591.0
29813,4390.0
29814,4971.0
29815,3393.0
29816,4337.0
29817,51707.0
29818,10961.0
29819,38099.0
29820,44144.0
29821,7749.0
29822,8869.0
29823,6461.0
29824,4209.0
29825,4979.0
29826,54684.0
29827,32923.0
29828,67004.0
29829,58125.0
29830,2201.0
29831,5177.0
29832,3393.0
29833,8379.0
29834,8789.0
29835,5949.0
29836,22140.0
29837,4827.0
29838,5232.0
29839,6225.0
29840,12003.0
29841,54481.0
29842,6181.0
29843,50823.0
29844,6432.0
29845,35532.0
29846,5110.0
29847,5232.0
29848,50361.0
29849,7938.0
29850,5955.0
29851,64047.0
29852,11129.0
29853,7031.0
29854,4421.0
29855,4499.0
29856,5060.0
29857,4024.0
29858,80861.0
29859,9295.0
29860,24488.0
29861,5723.0
29862,5232.0
29863,28510.0
29864,10018.0
29865,5635.0
29866,66063.0
29867,57920.0
29868,2621.0
29869,7212.0
29870,5206.0
29871,1788.0
29872,3423.0
29873,2056.0
29874,30808.0
29875,65529.0
29876,4336.0
29877,6578.0
29878,4979.0
29879,8605.0
29880,67004.0
29881,6723.0
29882,6489.0
29883,5042.0
29884,3000.0
29885,6631.0
29886,12389.0
29887,58315.0
29888,6020.0
29889,51817.0
29890,21108.0
29891,2301.0
29892,53743.0
29893,53743.0
29894,5507.0
29895,4172.0
29896,6593.0
29897,2339.0
29898,51457.0
29899,8799.0
29900,2343.0
29901,24056.0
29902,5178.0
29903,7135.0
29904,6443.0
29905,2056.0
29906,5875.0
29907,3282.0
29908,5322.0
29909,3269.0
29910,4556.0
29911,8802.0
29912,4177.0
29913,44280.0
29914,52063.0
29915,3282.0
29916,16176.0
29917,4250.0
29918,3397.0
29919,4501.0
29920,11129.0
29921,5206.0
29922,3791.0
29923,5177.0
29924,69997.0
29925,51372.0
29926,10470.0
29927,5178.0
29928,4149.0
29929,1714.0
29930,7072.0
29931,8345.0
29932,55377.0
29933,3182.0
29934,61933.0
29935,7657.0
29936,6131.0
29937,55983.0
29938,6461.0
29939,6067.0
29940,51819.0
29941,57017.0
29942,56588.0
29943,41281.0
29944,10260.0
29945,5939.0
29946,61649.0
29947,6728.0
29948,49725.0
29949,5894.0
29950,2482.0
29951,5569.0
29952,14766.0
29953,54777.0
29954,4533.0
29955,57999.0
29956,36577.0
29957,4357.0
29958,60260.0
29959,3466.0
29960,1694.0
29961,12138.0
29962,4500.0
29963,5033.0
29964,4451.0
29965,61032.0
29966,68112.0
29967,66537.0
29968,6932.0
29969,6412.0
29970,5549.0
29971,5330.0
29972,12045.0
29973,2572.0
29974,66928.0
29975,56588.0
29976,7081.0
29977,55983.0
29978,4500.0
29979,12523.0
29980,1694.0
29981,49725.0
29982,15560.0
29983,53947.0
29984,2098.0
29985,15082.0
29986,41314.0
29987,44280.0
29988,4302.0
29989,4082.0
29990,2516.0
29991,56588.0
29992,2994.0
29993,67004.0
29994,74015.0
29995,50473.0
29996,3496.0
29997,5178.0
29998,8100.0
29999,5322.0
30000,5355.0
30001,3756.0
30002,4724.0
30003,5953.0
30004,78428.0
30005,10159.0
30006,12408.0
30007,26296.0
30008,54684.0
30009,6296.0
30010,4687.0
30011,5276.0
30012,6568.0
30013,5442.0
30014,4810.0
30015,33159.0
30016,59033.0
30017,3971.0
30018,4337.0
30019,11383.0
30020,6195.0
30021,9141.0
30022,13926.0
30023,16612.0
30024,50361.0
30025,49725.0
30026,8777.0
30027,4658.0
30028,6626.0
30029,1714.0
30030,4672.0
30031,24122.0
30032,4266.0
30033,9277.0
30034,4537.0
30035,5840.0
30036,3999.0
30037,14348.0
30038,1714.0
30039,6068.0
30040,45185.0
30041,3862.0
30042,2700.0
30043,44280.0
30044,9840.0
30045,5985.0
30046,47408.0
30047,35554.0
30048,56702.0
30049,13524.0
30050,16423.0
30051,4910.0
30052,13338.0
30053,4000.0
30054,41314.0
30055,73369.0
30056,9879.0
30057,72201.0
30058,3467.0
30059,38099.0
30060,4069.0
30061,74880.0
30062,4656.0
30063,49613.0
30064,3685.0
30065,6375.0
30066,18387.0
30067,50271.0
30068,5348.0
30069,5178.0
30070,4502.0
30071,2723.0
30072,13411.0
30073,6120.0
30074,15720.0
30075,53152.0
30076,41269.0
30077,5441.0
30078,42457.0
30079,6488.0
30080,5120.0
30081,3334.0
30082,5950.0
30083,4284.0
30084,11856.0
30085,7425.0
30086,4501.0
30087,6845.0
30088,13095.0
30089,5631.0
30090,2339.0
30091,66267.0
30092,4979.0
30093,1776.0
30094,6489.0
30095,3862.0
30096,5206.0
30097,12530.0
30098,3243.0
30099,49613.0
30100,3916.0
30101,9105.0
30102,53499.0
30103,8112.0
30104,41101.0
30105,45693.0
30106,7141.0
30107,55982.0
30108,5452.0
30109,5906.0
30110,5954.0
30111,7662.0
30112,6888.0
30113,5159.0
30114,4697.0
30115,4262.0
30116,27864.0
30117,4755.0
30118,56590.0
30119,1603.0
30120,55502.0
30121,13830.0
30122,10680.0
30123,60260.0
30124,60396.0
30125,4629.0
30126,2201.0
30127,5322.0
30128,4173.0
30129,5772.0
30130,55982.0
30131,2410.0
30132,5955.0
30133,15615.0
30134,54608.0
30135,43910.0
30136,4096.0
30137,36565.0
30138,60260.0
30139,55983.0
30140,61933.0
30141,35520.0
30142,2738.0
30143,3467.0
30144,9884.0
30145,12118.0
30146,9433.0
30147,10680.0
30148,54608.0
30149,6821.0
30150,7550.0
30151,2791.0
30152,3393.0
30153,4368.0
30154,10019.0
30155,2637.0
30156,32923.0
30157,60508.0
30158,4325.0
30159,4380.0
30160,24234.0
30161,51058.0
30162,84756.0
30163,53164.0
30164,45257.0
30165,63277.0
30166,75317.0
30167,43521.0
30168,4740.0
30169,5102.0
30170,45883.0
30171,11861.0
30172,49553.0
30173,4266.0
30174,1443.0
30175,5949.0
30176,1890.0
30177,6734.0
30178,3833.0
30179,7332.0
30180,67710.0
30181,49725.0
30182,3546.0
30183,2748.0
30184,60508.0
30185,64801.0
30186,1800.0
30187,81284.0
30188,7221.0
30189,51697.0
30190,54777.0
30191,9121.0
30192,4251.0
30193,3393.0
30194,13688.0
30195,3944.0
30196,12440.0
30197,9953.0
30198,4106.0
30199,3654.0
30200,31436.0
30201,37985.0
30202,4637.0
30203,79461.0
30204,5276.0
30205,5429.0
30206,1105.0
30207,2723.0
30208,50361.0
30209,4755.0
30210,6893.0
30211,19457.0
30212,37985.0
30213,5107.0
30214,4687.0
30215,51457.0
30216,2700.0
30217,6067.0
30218,54777.0
30219,4672.0
30220,11069.0
30221,17453.0
30222,4971.0
30223,5632.0
30224,48851.0
30225,6461.0
30226,4368.0
30227,4056.0
30228,45257.0
30229,4750.0
30230,6461.0
30231,4073.0
30232,6395.0
30233,9433.5
30234,3999.0
30235,63163.0
30236,64025.0
30237,1694.0
30238,7152.0
30239,2409.0
30240,3334.0
30241,19574.0
30242,42521.0
30243,54115.0
30244,54608.0
30245,51875.0
30246,4753.0
30247,54841.0
30248,54896.0
30249,44144.0
30250,45693.0
30251,16875.0
30252,2132.0
30253,4969.0
30254,62188.0
30255,5942.0
30256,45693.0
30257,6286.0
30258,4417.0
30259,62617.0
30260,13086.0
30261,9178.0
30262,14658.0
30263,13938.0
30264,4809.0
30265,2301.0
30266,13103.0
30267,12214.0
30268,31432.0
30269,11650.0
30270,43910.0
30271,75821.0
30272,7962.0
30273,5955.0
30274,2124.0
30275,20518.0
30276,5159.0
30277,6450.0
30278,58315.0
30279,4041.0
30280,6024.0
30281,3644.0
30282,55274.0
30283,10851.0
30284,57812.0
30285,41064.0
30286,5040.0
30287,6820.0
30288,6294.0
30289,4977.0
30290,6115.0
30291,12435.0
30292,4210.0
30293,6158.0
30294,6403.0
30295,44280.0
30296,7426.0
30297,53835.0
30298,44583.0
30299,4500.0
30300,6082.0
30301,5441.0
30302,71428.0
30303,8017.0
30304,74015.0
30305,10901.0
30306,90160.0
30307,6197.0
30308,4130.0
30309,42521.0
30310,8463.0
30311,11810.0
30312,7199.5
30313,2057.0
30314,5178.0
30315,47585.0
30316,6161.0
30317,13987.5
30318,13526.5
30319,54608.0
30320,55983.0
30321,23753.0
30322,1755.0
30323,55983.0
30324,2476.0
30325,51819.0
30326,20173.0
30327,3330.0
30328,3090.0
30329,4917.0
30330,42521.0
30331,59033.0
30332,3362.0
30333,54777.0
30334,51595.0
30335,3357.0
30336,3379.0
30337,12465.0
30338,2723.0
30339,2339.0
30340,22140.0
30341,4502.0
30342,5942.0
30343,5641.0
30344,43376.0
30345,37900.0
30346,4783.0
30347,6627.0
30348,9105.0
30349,5772.0
30350,66723.0
30351,3000.0
30352,10753.0
30353,10747.0
30354,7212.0
30355,5955.0
30356,2339.0
30357,52392.0
30358,5852.0
30359,3357.0
30360,1603.0
30361,2250.0
30362,9052.0
30363,57081.0
30364,45257.0
30365,7971.0
30366,51819.0
30367,14649.0
30368,41281.0
30369,61933.0
30370,11139.0
30371,4301.0
30372,42521.0
30373,4453.0
30374,4707.0
30375,3090.0
30376,4337.0
30377,2614.0
30378,16140.0
30379,53152.0
30380,54684.0
30381,44280.0
30382,4500.0
30383,4589.0
30384,12210.0
30385,70220.0
30386,8088.0
30387,23484.0
30388,3365.0
30389,5568.0
30390,7425.0
30391,4099.0
30392,3393.0
30393,3916.0
30394,4262.0
30395,39321.0
30396,7110.0
30397,6319.0
30398,11129.0
30399,7774.0
30400,53209.0
30401,47400.5
30402,4447.0
30403,6450.0
30404,44652.0
30405,3999.0
30406,58750.0
30407,67769.0
30408,65529.0
30409,13000.0
30410,12990.0
30411,48079.0
30412,5177.0
30413,44144.0
30414,8601.0
30415,8728.0
30416,11531.0
30417,66063.0
30418,7154.0
30419,7111.0
30420,59265.0
30421,7692.0
30422,2815.0
30423,55377.0
30424,4263.0
30425,2410.0
30426,72268.0
30427,4501.0
30428,4209.0
30429,68303.0
30430,5955.0
30431,4187.0
30432,55983.0
30433,9904.0
30434,5291.0
30435,22140.0
30436,49177.0
30437,3569.0
30438,5102.0
30439,37985.0
30440,60978.0
30441,45995.0
30442,5955.0
30443,5098.0
30444,62793.0
30445,3393.0
30446,22503.0
30447,61583.0
30448,6022.0
30449,5871.0
30450,10733.0
30451,41314.0
30452,11129.0
30453,14049.0
30454,6699.0
30455,15918.0
30456,45883.0
30457,6131.0
30458,7053.0
30459,8233.0
30460,4363.0
30461,64173.0
30462,3603.0
30463,3621.0
30464,53743.0
30465,5177.0
30466,40843.0
30467,11129.0
30468,5033.0
30469,64831.0
30470,44144.0
30471,5875.0
30472,5954.0
30473,3014.0
30474,4069.0
30475,1998.0
30476,1714.0
30477,5250.0
30478,2465.0
30479,13472.0
30480,5087.0
30481,3028.0
30482,45257.0
30483,41101.0
30484,53164.0
30485,5549.0
30486,5131.0
30487,3184.0
30488,6592.0
30489,3000.0
30490,11617.0
30491,55502.0
30492,8111.0
30493,13339.0
30494,5959.0
30495,5892.0
30496,6590.0
30497,6219.0
30498,13339.0
30499,49613.0
30500,10375.0
30501,5943.0
30502,56476.0
30503,67004.0
30504,13014.0
30505,71058.0
30506,53164.0
30507,45230.0
30508,3001.0
30509,10724.0
30510,51595.0
30511,6450.0
30512,14150.0
30513,90960.0
30514,9337.0
30515,31982.0
30516,6048.0
30517,3000.0
30518,17307.0
30519,2271.0
30520,5805.0
30521,3014.0
30522,51457.0
30523,69168.0
30524,54608.0
30525,62188.0
30526,3916.0
30527,53645.0
30528,32923.0
30529,6489.0
30530,15881.0
30531,51707.0
30532,3587.0
30533,4348.0
30534,5923.0
30535,3348.0
30536,12454.0
30537,53743.0
30538,56098.5
30539,4054.0
30540,7347.0
30541,4500.0
30542,18879.0
30543,3393.0
30544,17548.0
30545,44144.0
30546,54608.0
30547,9201.0
30548,22158.0
30549,43865.0
30550,53164.0
30551,6045.0
30552,4111.0
30553,7617.0
30554,8498.0
30555,3918.0
30556,2465.0
30557,4262.0
30558,1543.0
30559,51875.0
30560,14848.0
30561,39622.0
30562,45883.0
30563,9879.0
30564,29764.0
30565,54608.0
30566,51875.0
30567,4393.0
30568,39377.0
30569,44432.0
30570,10438.0
30571,3569.0
30572,7352.0
30573,4444.0
30574,3015.0
30575,5274.0
30576,4498.0
30577,6506.0
30578,2105.0
30579,6502.0
30580,50271.0
30581,45693.0
30582,58394.0
30583,51595.0
30584,4491.0
30585,67769.0
30586,55377.0
30587,2476.0
30588,4979.0
30589,67004.0
30590,41281.0
30591,41974.0
30592,6561.0
30593,45883.0
30594,3015.0
30595,41314.0
30596,6753.0
30597,3788.0
30598,7870.0
30599,2480.0
30600,9879.0
30601,3100.0
30602,11205.0
30603,2477.0
30604,5937.0
30605,17833.0
30606,4169.0
30607,49613.0
30608,4977.0
30609,2105.0
30610,10680.0
30611,9295.0
30612,6131.0
30613,2464.0
30614,49896.0
30615,4827.0
30616,6568.0
30617,42457.0
30618,2228.0
30619,60508.0
30620,6219.0
30621,1543.0
30622,4452.0
30623,4111.0
30624,8687.0
30625,5235.0
30626,4172.0
30627,92848.0
30628,2410.0
30629,6287.0
30630,57505.0
30631,9879.0
30632,2410.0
30633,3298.0
30634,7353.0
30635,8111.0
30636,24122.0
30637,5817.0
30638,84345.0
30639,22152.0
30640,6287.0
30641,4165.0
30642,5103.0
30643,9578.0
30644,60396.0
30645,5654.0
30646,15491.0
30647,69244.0
30648,52063.0
30649,41269.0
30650,9798.0
30651,4209.0
30652,3175.0
30653,3572.0
30654,14266.0
30655,2124.0
30656,6122.0
30657,8059.0
30658,32646.0
30659,6023.5
30660,3175.0
30661,57017.0
30662,59254.0
30663,4262.0
30664,2250.0
30665,1830.0
30666,7141.0
30667,7157.0
30668,4524.0
30669,3275.0
30670,4896.0
30671,37985.0
30672,59929.0
30673,43376.0
30674,9420.0
30675,5530.0
30676,1830.0
30677,11129.0
30678,6324.0
30679,1443.0
30680,42546.0
30681,5502.0
30682,51707.0
30683,44939.0
30684,6547.0
30685,60508.0
30686,5034.0
30687,3633.0
30688,8816.0
30689,77120.0
30690,28510.0
30691,11803.0
30692,56476.0
30693,11129.0
30694,3572.0
30695,5954.0
30696,10018.0
30697,2098.0
30698,11675.0
30699,51875.0
30700,2051.0
30701,28510.0
30702,2738.0
30703,50969.0
30704,5943.0
30705,3782.0
30706,2738.0
30707,67004.0
30708,52175.0
30709,4088.0
30710,62255.0
30711,9257.0
30712,59033.0
30713,2901.0
30714,38099.0
30715,2723.0
30716,3999.0
30717,54841.0
30718,4363.0
30719,51457.0
30720,12054.0
30721,8205.0
30722,5761.0
30723,2074.0
30724,5102.0
30725,5696.0
30726,5696.0
30727,14892.0
30728,10384.0
30729,38298.0
30730,4452.0
30731,59021.0
30732,4979.0
30733,4589.0
30734,1714.0
30735,4896.0
30736,3572.0
30737,5760.0
30738,8411.0
30739,74365.0
30740,4593.0
30741,6009.0
30742,2723.0
30743,2856.0
30744,7141.0
30745,7425.0
30746,53152.0
30747,44144.0
30748,41113.0
30749,3306.0
30750,6262.0
30751,5372.0
30752,4855.0
30753,60260.0
30754,9443.0
30755,2150.0
30756,74594.0
30757,5823.0
30758,6450.0
30759,4151.0
30760,12780.0
30761,8402.0
30762,4272.0
30763,37985.0
30764,5102.0
30765,5321.0
30766,43376.0
30767,4111.0
30768,8224.0
30769,5955.0
30770,49613.0
30771,2074.0
30772,1996.0
30773,42457.0
30774,23944.0
30775,6287.0
30776,17775.0
30777,11139.0
30778,6296.0
30779,53152.0
30780,61873.0
30781,2339.0
30782,9735.0
30783,51875.0
30784,12097.0
30785,11672.0
30786,11129.0
30787,5954.0
30788,5943.0
30789,10069.0
30790,5739.0
30791,23898.0
30792,5042.0
30793,10542.0
30794,6271.0
30795,4783.0
30796,4501.0
30797,6450.0
30798,4495.0
30799,4593.0
30800,64879.0
30801,5177.0
30802,6966.0
30803,70431.0
30804,5102.0
30805,7883.0
30806,19541.0
30807,10008.0
30808,2389.0
30809,7466.0
30810,51345.0
30811,14343.0
30812,42521.0
30813,59929.0
30814,2074.0
30815,11497.0
30816,2836.0
30817,6568.0
30818,5530.0
30819,8719.0
30820,8239.0
30821,5339.0
30822,2477.0
30823,9855.0
30824,2476.0
30825,53209.0
30826,3090.0
30827,7053.0
30828,3996.0
30829,37417.0
30830,49725.0
30831,6067.0
30832,6067.0
30833,4500.0
30834,4357.0
30835,6717.0
30836,6840.0
30837,47440.0
30838,4555.0
30839,3916.0
30840,44405.0
30841,18462.0
30842,4205.0
30843,3723.0
30844,7496.0
30845,7496.0
30846,8803.0
30847,50271.0
30848,6578.0
30849,5817.0
30850,56073.0
30851,41281.0
30852,16414.0
30853,51457.0
30854,5823.0
30855,15169.0
30856,23424.0
30857,36660.0
30858,6412.0
30859,5632.0
30860,17757.0
30861,8726.0
30862,4499.0
30863,2057.0
30864,8043.0
30865,5525.0
30866,8148.0
30867,4417.0
30868,4672.0
30869,10478.0
30870,34472.0
30871,7584.0
30872,67004.0
30873,44664.0
30874,6259.0
30875,10248.0
30876,15458.0
30877,37405.0
30878,41064.0
30879,10744.0
30880,8589.0
30881,45185.0
30882,4971.0
30883,13054.0
30884,56991.0
30885,37256.0
30886,6296.0
30887,4678.0
30888,51875.0
30889,2074.0
30890,3374.0
30891,4870.0
30892,1830.0
30893,4112.0
30894,2339.0
30895,32634.0
30896,52287.0
30897,54481.0
30898,6067.0
30899,57666.0
30900,2748.0
30901,4748.0
30902,9066.0
30903,5942.0
30904,1830.0
30905,77190.5
30906,5888.0
30907,4230.0
30908,5206.0
30909,12927.0
30910,3014.0
30911,54608.0
30912,60978.0
30913,11889.0
30914,44280.0
30915,51707.0
30916,12902.0
30917,6195.0
30918,44144.0
30919,50271.0
30920,3998.0
30921,12118.0
30922,6324.0
30923,11139.0
30924,5838.0
30925,9840.0
30926,51372.0
30927,3591.0
30928,49207.0
30929,2327.0
30930,35554.0
30931,3000.0
30932,49177.0
30933,3334.0
30934,56476.0
30935,3999.0
30936,10680.0
30937,4414.0
30938,5293.0
30939,5949.0
30940,34460.0
30941,3457.0
30942,67743.0
30943,57920.0
30944,11854.0
30945,12150.0
30946,5177.0
30947,67004.0
30948,51707.0
30949,5660.0
30950,3720.0
30951,66928.0
30952,5981.0
30953,3988.0
30954,54684.0
30955,22428.0
30956,60160.0
30957,3397.0
30958,51875.0
30959,3631.0
30960,6389.0
30961,12203.0
30962,3671.0
30963,3671.0
30964,54684.0
30965,5441.0
30966,4909.0
30967,1603.0
30968,61889.0
30969,3940.0
30970,7352.0
30971,14154.0
30972,60396.0
30973,5100.0
30974,10575.0
30975,3291.0
30976,6308.0
30977,2723.0
30978,13944.0
30979,3584.0
30980,4034.0
30981,68317.0
30982,44025.0
30983,3150.0
30984,3685.0
30985,6343.0
30986,4721.0
30987,8981.0
30988,5102.0
30989,66063.0
30990,8186.0
30991,9371.0
30992,15126.0
30993,4149.0
30994,32923.0
30995,4417.0
30996,3015.0
30997,4672.0
30998,43376.0
30999,48851.0
31000,11429.0
31001,42457.0
31002,5937.0
31003,3855.0
31004,3153.0
31005,3862.0
31006,22152.0
31007,3994.0
31008,62524.0
31009,4637.0
31010,7978.0
31011,14620.0
31012,5407.0
31013,7425.0
31014,61649.0
31015,7833.0
31016,27864.0
31017,9151.0
31018,60508.0
31019,45257.0
31020,27864.0
31021,8589.0
31022,9241.0
31023,9840.0
31024,6067.0
31025,51697.0
31026,4687.0
31027,74015.0
31028,8619.0
31029,60365.0
31030,10522.0
31031,4363.0
31032,2327.0
31033,60978.0
31034,5388.0
31035,7551.0
31036,5608.0
31037,3090.0
31038,7352.0
31039,2994.0
31040,2336.0
31041,3209.0
31042,12276.0
31043,6569.0
31044,2339.0
31045,59537.0
31046,5206.0
31047,5823.0
31048,7762.0
31049,56590.0
31050,7584.0
31051,70476.0
31052,5865.0
31053,5953.0
31054,4501.0
31055,1714.0
31056,6067.0
31057,9289.0
31058,3177.0
31059,61873.0
31060,9201.0
31061,50361.0
31062,1998.0
31063,6177.0
31064,3016.0
31065,50271.0
31066,11129.0
31067,4909.0
31068,14524.0
31069,6568.0
31070,3496.0
31071,56476.0
31072,54684.0
31073,4118.0
31074,52287.0
31075,32859.0
31076,2339.0
31077,3862.0
31078,70431.0
31079,52287.0
31080,7927.0
31081,1776.0
31082,90960.0
31083,4363.0
31084,45805.0
31085,7056.0
31086,4028.0
31087,4138.0
31088,45805.0
31089,1890.0
31090,53152.0
31091,3860.0
31092,8440.0
31093,8260.0
31094,4265.0
31095,15099.0
31096,5550.0
31097,1776.0
31098,54841.0
31099,6578.0
31100,2124.0
31101,39623.0
31102,2074.0
31103,37929.0
31104,3246.0
31105,8954.0
31106,3090.0
31107,49725.0
31108,25129.0
31109,12854.0
31110,52175.0
31111,4635.0
31112,6423.0
31113,61628.0
31114,7763.0
31115,4453.0
31116,55904.0
31117,6324.0
31118,5441.0
31119,54841.0
31120,43376.0
31121,5042.0
31122,4359.0
31123,74127.0
31124,59929.0
31125,8239.0
31126,8790.0
31127,2339.0
31128,6060.0
31129,11247.0
31130,4663.0
31131,3219.0
31132,7958.0
31133,5882.0
31134,54608.0
31135,2723.0
31136,3379.0
31137,57405.0
31138,5635.0
31139,6195.0
31140,32347.0
31141,13728.0
31142,52175.0
31143,9840.0
31144,6630.0
31145,51457.0
31146,5126.0
31147,11157.0
31148,48079.0
31149,1830.0
31150,62793.0
31151,81284.0
31152,23501.0
31153,39783.0
31154,10823.0
31155,44280.0
31156,9277.0
31157,52392.0
31158,6194.0
31159,57083.0
31160,4145.0
31161,6287.0
31162,8685.0
31163,4497.0
31164,6977.0
31165,2723.0
31166,6759.0
31167,4939.0
31168,13503.0
31169,5603.0
31170,51457.0
31171,18233.0
31172,4656.0
31173,61897.0
31174,6319.0
31175,6015.0
31176,14861.0
31177,42521.0
31178,4357.0
31179,3153.0
31180,16464.0
31181,6044.0
31182,64238.0
31183,57565.0
31184,3015.0
31185,4991.0
31186,2436.0
31187,5293.0
31188,7426.0
31189,12150.0
31190,4678.0
31191,27976.0
31192,51817.0
31193,54684.0
31194,7116.0
31195,45012.0
31196,51707.0
31197,3433.0
31198,49613.0
31199,6161.0
31200,6339.0
31201,57081.0
31202,5942.0
31203,5103.0
31204,1714.0
31205,4452.0
31206,4209.0
31207,2792.0
31208,6295.0
31209,5955.0
31210,67331.0
31211,5823.0
31212,7813.0
31213,64113.0
31214,2339.0
31215,1890.0
31216,10358.0
31217,19180.0
31218,10069.0
31219,7644.0
31220,57920.0
31221,3811.0
31222,3397.0
31223,3571.0
31224,2343.0
31225,4230.0
31226,7338.0
31227,6287.0
31228,5850.0
31229,58315.0
31230,31982.0
31231,5238.0
31232,6356.0
31233,6734.0
31234,22140.0
31235,4007.0
31236,6067.0
31237,4496.0
31238,67004.0
31239,7487.0
31240,3916.0
31241,13818.0
31242,14524.0
31243,74880.0
31244,3357.0
31245,6122.0
31246,4302.0
31247,51707.0
31248,3956.0
31249,54777.0
31250,6287.0
31251,54684.0
31252,79517.0
31253,61933.0
31254,54840.0
31255,3572.0
31256,60508.0
31257,11520.0
31258,7468.0
31259,54852.0
31260,4399.0
31261,31462.0
31262,6359.0
31263,64173.0
31264,50361.0
31265,27792.0
31266,10783.0
31267,7081.0
31268,5772.0
31269,9243.0
31270,10018.0
31271,47205.0
31272,43305.0
31273,5857.0
31274,3282.0
31275,5293.0
31276,5942.0
31277,16276.0
31278,4436.0
31279,9413.0
31280,12249.0
31281,1550.0
31282,3334.0
31283,2339.0
31284,3687.0
31285,20684.0
31286,1714.0
31287,11383.0
31288,3379.0
31289,16412.0
31290,6308.0
31291,39377.0
31292,4550.0
31293,2339.0
31294,2723.0
31295,51707.0
31296,28510.0
31297,32881.0
31298,6690.0
31299,44478.0
31300,4202.0
31301,3001.0
31302,9828.0
31303,4020.0
31304,8111.0
31305,4890.0
31306,5179.0
31307,4417.0
31308,47441.0
31309,12990.0
31310,14021.0
31311,15250.0
31312,55983.0
31313,6133.0
31314,54608.0
31315,5282.0
31316,6195.0
31317,2028.5
31318,2276.0
31319,10247.0
31320,12920.0
31321,2203.0
31322,2203.0
31323,49725.0
31324,45257.0
31325,1755.0
31326,1105.0
31327,5953.0
31328,7021.0
31329,9849.0
31330,1830.0
31331,64159.5
31332,38099.0
31333,1755.0
31334,6553.0
31335,13653.0
31336,10069.0
31337,59254.0
31338,7031.0
31339,4287.0
31340,36577.0
31341,7979.0
31342,60365.0
31343,2747.0
31344,62188.0
31345,50969.0
31346,39377.0
31347,84756.0
31348,4499.0
31349,5441.0
31350,53835.0
31351,7813.0
31352,9719.0
31353,7653.0
31354,4896.0
31355,52287.0
31356,5042.0
31357,4451.0
31358,6363.0
31359,53209.0
31360,51817.0
31361,69311.0
31362,7927.0
31363,7412.0
31364,4500.0
31365,47545.0
31366,4452.0
31367,45600.0
31368,55983.0
31369,3971.0
31370,59290.0
31371,6538.0
31372,4556.0
31373,63979.0
31374,60160.0
31375,36565.0
31376,4792.0
31377,45805.0
31378,6568.0
31379,41314.0
31380,12288.0
31381,3126.0
31382,5949.0
31383,57588.0
31384,32420.0
31385,3947.0
31386,17548.0
31387,4601.0
31388,4554.0
31389,7434.0
31390,8112.0
31391,3551.0
31392,82113.0
31393,3096.0
31394,11044.0
31395,9413.0
31396,61212.0
31397,12990.0
31398,3194.0
31399,6921.0
31400,6169.0
31401,61873.0
31402,5092.0
31403,6542.0
31404,3762.0
31405,24122.0
31406,13182.0
31407,54608.0
31408,64173.0
31409,6131.0
31410,7474.0
31411,5949.0
31412,7412.0
31413,11310.0
31414,13620.0
31415,5037.0
31416,3362.0
31417,2966.0
31418,75785.0
31419,4499.0
31420,7584.0
31421,3862.0
31422,40360.0
31423,5276.0
31424,67914.0
31425,15545.0
31426,3855.0
31427,2482.0
31428,26594.0
31429,51457.0
31430,5102.0
31431,5375.0
31432,4896.0
31433,12000.0
31434,58292.0
31435,7412.0
31436,7982.0
31437,6090.0
31438,2750.0
31439,64285.0
31440,6488.0
31441,2074.0
31442,4502.0
31443,53071.0
31444,51384.0
31445,45805.0
31446,14343.0
31447,2696.0
31448,51384.0
31449,54684.0
31450,5942.0
31451,11295.0
31452,57405.0
31453,43376.0
31454,6324.0
31455,12538.0
31456,6488.0
31457,17724.0
31458,56702.0
31459,6568.0
31460,49613.0
31461,43165.0
31462,35520.0
31463,53164.0
31464,53835.0
31465,4417.0
31466,41269.0
31467,3000.0
31468,15278.0
31469,69244.0
31470,11664.0
31471,44583.0
31472,2834.0
31473,6489.0
31474,48289.0
31475,23898.0
31476,6734.0
31477,6296.0
31478,53164.0
31479,6164.0
31480,30808.0
31481,4170.0
31482,5915.0
31483,3357.0
31484,55377.0
31485,67130.0
31486,8903.0
31487,2124.0
31488,52175.0
31489,6207.0
31490,12247.0
31491,4755.0
31492,51817.0
31493,6292.0
31494,6240.0
31495,48213.0
31496,2336.0
31497,5509.0
31498,5942.0
31499,47408.0
31500,7610.0
31501,3334.0
31502,32859.0
31503,4933.0
31504,4363.0
31505,53947.0
31506,10540.0
31507,3334.0
31508,67094.0
31509,32923.0
31510,54777.0
31511,53743.0
31512,62188.0
31513,5177.0
31514,10744.0
31515,7813.0
31516,5817.0
31517,2339.0
31518,8852.0
31519,5955.0
31520,5176.0
31521,7422.0
31522,3087.0
31523,2900.0
31524,6489.0
31525,5823.0
31526,52175.0
31527,6262.0
31528,17779.0
31529,8236.0
31530,4491.0
31531,6544.0
31532,3379.0
31533,4923.0
31534,4348.0
31535,6711.0
31536,5953.0
31537,51819.0
31538,5314.0
31539,2477.0
31540,7489.0
31541,44546.0
31542,59929.0
31543,6488.0
31544,50957.0
31545,4620.0
31546,69244.0
31547,15690.0
31548,60365.0
31549,2568.0
31550,4969.0
31551,62729.0
31552,20827.0
31553,2327.0
31554,10861.0
31555,8005.0
31556,4367.0
31557,4209.0
31558,7576.0
31559,7053.0
31560,3015.0
31561,15204.0
31562,54896.0
31563,3100.0
31564,2723.0
31565,57405.0
31566,45435.0
31567,2903.0
31568,4272.0
31569,2336.0
31570,4656.0
31571,15368.0
31572,60508.0
31573,11488.0
31574,5943.0
31575,4672.0
31576,2464.0
31577,3393.0
31578,5322.0
31579,18135.0
31580,8533.0
31581,4209.0
31582,6544.0
31583,4357.0
31584,10672.0
31585,51707.0
31586,5761.0
31587,6488.0
31588,34472.0
31589,57920.0
31590,54841.0
31591,50271.0
31592,10765.0
31593,4496.0
31594,2464.0
31595,1830.0
31596,11310.0
31597,57017.0
31598,79461.0
31599,25783.0
31600,4672.0
31601,11319.0
31602,8306.0
31603,4454.0
31604,6489.0
31605,9879.0
31606,12454.0
31607,56702.0
31608,6568.0
31609,54608.0
31610,65832.0
31611,58125.0
31612,59021.0
31613,1543.0
31614,3105.0
31615,45371.0
31616,60978.0
31617,6032.0
31618,7425.0
31619,6972.0
31620,7529.0
31621,56588.0
31622,5162.0
31623,10247.0
31624,71058.0
31625,5220.0
31626,2456.0
31627,5441.0
31628,67094.0
31629,29776.0
31630,5955.0
31631,6067.0
31632,11069.0
31633,55750.0
31634,2339.0
31635,60160.0
31636,7424.0
31637,3457.0
31638,10967.0
31639,51697.0
31640,14460.0
31641,18685.0
31642,56273.0
31643,2476.0
31644,1776.0
31645,69168.0
31646,8220.0
31647,5040.0
31648,58125.0
31649,24056.0
31650,38099.0
31651,55377.0
31652,44280.0
31653,10866.0
31654,45693.0
31655,6814.0
31656,4484.0
31657,4001.0
31658,17724.0
31659,11508.0
31660,7106.0
31661,24234.0
31662,28510.0
31663,57017.0
31664,2748.0
31665,5455.0
31666,6120.0
31667,4896.0
31668,7958.0
31669,11712.0
31670,4593.0
31671,66063.0
31672,5846.0
31673,3016.0
31674,4612.0
31675,3999.0
31676,5760.0
31677,12138.0
31678,5853.0
31679,15510.0
31680,13122.0
31681,54608.0
31682,3788.0
31683,6073.0
31684,4893.0
31685,11488.0
31686,5896.0
31687,62448.0
31688,59033.0
31689,50271.0
31690,8832.0
31691,3330.0
31692,4359.0
31693,60508.0
31694,3971.0
31695,13273.0
31696,73369.0
31697,52392.0
31698,5632.0
31699,15822.0
31700,4020.0
31701,8579.0
31702,7466.0
31703,71979.0
31704,11323.0
31705,5772.0
31706,53743.0
31707,3467.0
31708,21948.0
31709,1551.0
31710,58315.0
31711,59948.0
31712,5441.0
31713,4387.0
31714,5942.0
31715,56588.0
31716,4896.0
31717,55982.0
31718,4762.0
31719,5761.0
31720,5939.0
31721,10744.0
31722,8936.0
31723,14839.0
31724,5177.0
31725,6977.0
31726,9539.5
31727,44144.0
31728,4637.0
31729,53835.0
31730,45672.0
31731,3222.0
31732,65529.0
31733,64285.0
31734,4279.0
31735,7767.0
31736,9242.0
31737,29170.0
31738,5823.0
31739,8803.0
31740,5339.0
31741,3150.0
31742,57992.0
31743,54684.0
31744,24122.0
31745,5040.0
31746,4762.0
31747,71058.0
31748,9178.0
31749,54684.0
31750,47507.0
31751,45693.0
31752,3102.0
31753,72237.0
31754,6461.0
31755,20793.0
31756,38099.0
31757,22152.0
31758,60508.0
31759,2228.0
31760,37985.0
31761,1604.0
31762,3791.0
31763,6461.0
31764,50271.0
31765,5772.0
31766,11627.0
31767,4559.0
31768,13672.0
31769,20808.0
31770,11139.0
31771,37594.0
31772,7679.0
31773,7424.0
31774,76143.0
31775,5955.0
31776,52063.0
31777,6437.0
31778,6324.0
31779,6116.0
31780,16464.0
31781,24234.0
31782,13014.0
31783,3610.0
31784,48851.0
31785,7487.0
31786,23838.0
31787,54684.0
31788,68303.0
31789,7763.0
31790,3471.0
31791,51875.0
31792,66155.0
31793,80566.0
31794,8816.0
31795,7774.0
31796,4363.0
31797,5014.0
31798,5792.0
31799,4792.0
31800,38099.0
31801,5548.0
31802,1526.0
31803,1776.0
31804,4272.0
31805,3175.0
31806,5293.0
31807,4817.0
31808,4020.0
31809,7751.0
31810,4337.0
31811,44144.0
31812,51875.0
31813,6578.0
31814,2150.0
31815,3096.0
31816,51707.0
31817,4672.0
31818,4789.0
31819,41113.0
31820,4359.0
31821,4284.0
31822,4381.0
31823,3860.0
31824,49177.0
31825,14255.0
31826,6067.0
31827,6153.0
31828,65529.0
31829,14040.0
31830,5943.0
31831,5502.0
31832,1788.0
31833,80626.0
31834,27976.0
31835,4357.0
31836,7081.0
31837,4162.0
31838,51707.0
31839,8253.0
31840,6977.0
31841,4056.0
31842,3194.0
31843,49177.0
31844,37244.0
31845,6734.0
31846,37546.0
31847,7352.0
31848,23377.0
31849,6024.0
31850,11164.0
31851,42457.0
31852,76684.0
31853,7425.0
31854,53152.0
31855,4007.0
31856,7982.0
31857,3862.0
31858,2105.0
31859,57017.0
31860,73581.0
31861,8112.0
31862,57405.0
31863,6776.0
31864,34460.0
31865,3393.0
31866,5502.0
31867,6067.0
31868,47586.0
31869,10481.0
31870,53164.0
31871,56702.0
31872,7068.0
31873,51372.0
31874,7286.0
31875,16353.0
31876,9879.0
31877,6397.0
31878,5960.0
31879,6312.0
31880,52175.0
31881,61933.0
31882,2738.0
31883,8112.0
31884,6489.0
31885,57920.0
31886,74127.0
31887,6502.0
31888,7353.0
31889,5483.0
31890,56588.0
31891,5955.0
31892,4338.0
31893,4971.0
31894,6172.0
31895,84896.0
31896,3098.0
31897,52175.0
31898,2966.0
31899,4086.0
31900,54841.0
31901,60978.0
31902,51707.0
31903,6489.0
31904,7410.0
31905,3813.0
31906,62255.0
31907,9105.0
31908,7411.0
31909,6488.0
31910,16665.0
31911,57992.0
31912,2381.0
31913,8034.0
31914,55502.0
31915,7021.0
31916,3401.0
31917,39321.0
31918,6502.0
31919,14670.0
31920,4170.0
31921,3979.0
31922,7654.0
31923,3574.0
31924,23484.0
31925,61933.0
31926,4165.0
31927,10260.0
31928,83516.0
31929,39321.0
31930,4096.0
31931,5289.0
31932,75933.0
31933,10593.0
31934,54608.0
31935,4484.0
31936,4069.0
31937,66928.0
31938,41064.0
31939,6489.0
31940,63362.0
31941,11069.0
31942,32923.0
31943,45693.0
31944,6845.0
31945,17439.0
31946,4799.0
31947,2410.0
31948,7053.0
31949,42457.0
31950,4827.0
31951,3408.0
31952,6395.0
31953,5857.0
31954,47545.0
31955,50271.0
31956,4357.0
31957,5780.0
31958,80816.0
31959,4793.0
31960,23838.0
31961,6458.0
31962,3385.0
31963,10744.0
31964,57992.0
31965,5942.0
31966,11448.0
31967,72692.0
31968,2516.0
31969,4660.0
31970,4027.0
31971,2201.0
31972,4027.0
31973,7484.0
31974,12138.0
31975,6098.0
31976,5955.0
31977,82796.0
31978,54896.0
31979,7089.0
31980,7979.0
31981,6840.0
31982,4499.0
31983,15268.0
31984,4500.0
31985,4501.0
31986,10425.0
31987,4111.0
31988,5507.0
31989,6869.0
31990,45883.0
31991,32923.0
31992,51875.0
31993,2051.0
31994,4663.0
31995,3334.0
31996,54896.0
31997,11129.0
31998,9141.0
31999,3090.0
32000,4056.0
32001,5949.0
32002,6128.0
32003,6226.0
32004,3362.0
32005,14670.0
32006,47205.0
32007,4439.0
32008,7919.0
32009,4259.0
32010,3389.0
32011,6015.0
32012,6195.0
32013,14040.0
32014,27792.0
32015,3543.0
32016,27976.0
32017,2208.0
32018,24056.0
32019,60396.0
32020,69489.0
32021,4500.0
32022,4979.0
32023,76729.0
32024,5565.0
32025,51384.0
32026,5339.0
32027,6248.0
32028,47586.0
32029,4020.0
32030,28510.0
32031,15414.0
32032,8519.0
32033,50271.0
32034,67710.0
32035,7908.0
32036,6075.0
32037,5949.0
32038,5390.0
32039,5823.0
32040,10222.0
32041,7664.5
32042,52175.0
32043,4740.0
32044,6133.0
32045,4190.0
32046,6510.0
32047,4536.0
32048,12538.0
32049,12408.0
32050,2621.0
32051,36980.0
32052,4029.0
32053,4417.0
32054,7425.0
32055,2477.0
32056,23838.0
32057,66928.0
32058,62045.0
32059,7877.0
32060,5942.0
32061,53209.0
32062,50969.0
32063,9671.0
32064,4977.0
32065,27864.0
32066,7877.0
32067,51372.0
32068,1105.0
32069,2105.0
32070,5823.0
32071,6590.0
32072,51875.0
32073,3245.0
32074,7326.0
32075,4380.0
32076,3090.0
32077,2966.0
32078,8043.0
32079,4221.0
32080,31436.0
32081,4151.0
32082,45672.0
32083,3090.0
32084,5942.0
32085,2727.0
32086,4111.0
32087,7959.0
32088,6711.0
32089,6568.0
32090,3334.0
32091,11129.0
32092,57992.0
32093,4007.0
32094,4672.0
32095,5102.0
32096,7332.0
32097,8696.0
32098,56588.0
32099,5954.0
32100,4637.0
32101,8669.0
32102,44069.0
32103,4086.0
32104,8043.0
32105,5177.0
32106,3876.0
32107,13001.0
32108,52063.0
32109,60508.0
32110,6633.0
32111,13926.0
32112,50361.0
32113,49553.0
32114,51457.0
32115,8024.0
32116,5943.0
32117,5409.0
32118,6922.0
32119,4663.0
32120,5790.0
32121,4958.0
32122,60396.0
32123,23838.0
32124,7908.0
32125,57081.0
32126,32859.0
32127,4251.0
32128,4413.0
32129,60260.0
32130,6428.0
32131,4504.0
32132,9508.0
32133,6624.0
32134,3266.0
32135,62591.0
32136,20000.0
32137,51875.0
32138,6067.0
32139,66928.0
32140,27864.0
32141,5309.0
32142,53937.0
32143,1604.0
32144,4469.0
32145,11593.0
32146,10680.0
32147,20356.0
32148,7721.0
32149,17522.0
32150,4111.0
32151,3361.0
32152,6776.0
32153,5696.0
32154,51707.0
32155,7222.0
32156,53440.0
32157,9157.0
32158,4971.0
32159,5641.0
32160,3000.0
32161,7045.5
32162,55502.0
32163,47657.0
32164,4706.0
32165,45883.0
32166,14859.0
32167,3379.0
32168,2336.0
32169,5915.0
32170,55983.0
32171,51457.0
32172,9526.0
32173,6099.0
32174,1830.0
32175,2056.0
32176,6395.0
32177,5955.0
32178,60160.0
32179,5294.0
32180,4111.0
32181,3684.0
32182,4499.0
32183,51707.0
32184,4209.0
32185,11488.0
32186,4111.0
32187,4675.0
32188,4556.0
32189,107934.0
32190,4637.0
32191,4111.0
32192,41101.0
32193,8100.0
32194,7575.0
32195,64285.0
32196,44682.0
32197,3916.0
32198,2203.0
32199,74844.0
32200,4417.0
32201,12150.0
32202,42521.0
32203,1105.0
32204,49553.0
32205,6623.0
32206,6031.0
32207,3379.0
32208,5177.0
32209,54608.0
32210,62045.0
32211,5465.0
32212,12288.0
32213,5040.0
32214,1830.0
32215,60232.0
32216,51595.0
32217,56590.0
32218,5477.0
32219,4086.0
32220,51697.0
32221,3971.0
32222,11069.0
32223,29776.0
32224,57453.0
32225,12150.0
32226,8394.0
32227,2124.0
32228,10018.0
32229,43376.0
32230,4170.0
32231,14285.0
32232,4417.0
32233,10360.0
32234,2960.0
32235,26494.0
32236,8719.0
32237,7938.0
32238,1714.0
32239,4359.0
32240,4496.0
32241,14014.0
32242,57453.0
32243,12978.0
32244,4000.0
32245,7366.0
32246,9828.0
32247,3428.0
32248,11318.0
32249,14094.0
32250,2124.0
32251,1776.0
32252,4500.0
32253,4498.0
32254,6578.0
32255,48876.0
32256,6324.0
32257,53152.0
32258,4071.0
32259,27792.0
32260,4585.0
32261,8043.0
32262,1604.0
32263,60260.0
32264,7353.0
32265,5337.0
32266,44682.0
32267,6266.0
32268,4896.0
32269,6412.0
32270,53152.0
32271,6932.0
32272,72137.0
32273,13894.0
32274,6231.0
32275,3397.0
32276,6060.0
32277,52522.0
32278,53164.0
32279,51167.0
32280,4909.0
32281,4453.0
32282,8130.0
32283,60508.0
32284,9490.0
32285,7774.0
32286,8029.0
32287,4892.0
32288,4477.0
32289,39377.0
32290,6115.0
32291,8641.0
32292,77196.0
32293,4028.0
32294,65944.0
32295,10608.0
32296,2228.0
32297,4359.0
32298,4239.0
32299,49553.0
32300,16233.0
32301,5823.0
32302,4637.0
32303,3610.0
32304,7992.0
32305,5407.0
32306,17621.0
32307,5761.0
32308,6490.0
32309,4499.0
32310,5939.0
32311,10961.0
32312,6389.0
32313,5943.0
32314,5761.0
32315,50894.0
32316,57057.0
32317,54896.0
32318,6159.0
32319,53164.0
32320,8589.0
32321,64285.0
32322,3862.0
32323,18505.0
32324,10575.0
32325,45257.0
32326,4496.0
32327,24056.0
32328,4041.0
32329,6122.0
32330,5949.0
32331,5949.0
32332,2409.0
32333,6200.0
32334,76612.0
32335,11426.0
32336,3357.0
32337,16173.0
32338,10757.0
32339,6970.0
32340,64831.0
32341,1543.0
32342,36712.0
32343,7004.0
32344,67004.0
32345,3912.0
32346,56588.0
32347,4453.0
32348,5152.0
32349,56702.0
32350,6287.0
32351,44682.0
32352,11448.0
32353,9277.0
32354,2696.0
32355,1551.0
32356,59033.0
32357,12518.0
32358,20684.0
32359,41269.0
32360,11971.0
32361,51817.0
32362,8489.0
32363,1890.0
32364,53164.0
32365,4453.0
32366,28872.0
32367,2568.0
32368,4202.0
32369,6363.0
32370,47408.0
32371,5880.0
32372,32770.0
32373,9799.0
32374,60260.0
32375,20772.0
32376,9277.0
32377,57920.0
32378,2124.0
32379,10018.0
32380,4755.0
32381,66265.0
32382,44144.0
32383,6878.0
32384,53164.0
32385,6186.0
32386,5805.0
32387,7025.0
32388,3943.0
32389,12747.0
32390,6105.0
32391,51697.0
32392,29980.0
32393,7240.0
32394,4499.0
32395,9840.0
32396,2568.0
32397,5436.0
32398,54115.0
32399,3980.0
32400,4385.0
32401,15784.0
32402,8112.0
32403,4554.0
32404,6271.0
32405,39321.0
32406,4554.0
32407,7352.0
32408,52063.0
32409,47395.0
32410,37985.0
32411,51345.0
32412,2203.0
32413,49207.0
32414,5943.0
32415,5092.0
32416,11561.0
32417,4979.0
32418,80715.0
32419,60978.0
32420,5177.0
32421,4637.0
32422,6067.0
32423,36712.0
32424,61583.0
32425,2686.0
32426,4896.0
32427,43165.0
32428,5206.0
32429,51819.0
32430,55983.0
32431,4789.0
32432,47205.0
32433,6067.0
32434,4417.0
32435,16137.0
32436,7855.0
32437,15109.0
32438,53152.0
32439,6215.0
32440,61933.0
32441,6389.0
32442,4499.0
32443,51707.0
32444,7409.0
32445,3594.0
32446,53937.0
32447,5937.0
32448,51819.0
32449,45805.0
32450,6489.0
32451,7425.0
32452,6450.0
32453,2823.0
32454,4284.0
32455,5102.0
32456,57453.0
32457,2835.0
32458,4500.0
32459,54684.0
32460,2792.0
32461,8548.0
32462,41064.0
32463,4348.0
32464,2410.0
32465,2410.0
32466,3862.0
32467,4569.0
32468,14150.0
32469,62045.0
32470,11188.0
32471,7958.0
32472,6985.0
32473,2836.0
32474,38043.0
32475,2124.0
32476,13830.0
32477,11691.0
32478,60508.0
32479,64943.0
32480,4755.0
32481,8734.5
32482,5098.0
32483,8689.0
32484,3571.0
32485,5871.0
32486,8442.0
32487,34043.0
32488,3999.0
32489,45883.0
32490,69997.0
32491,13014.0
32492,12538.0
32493,61933.0
32494,6198.0
32495,66063.0
32496,49177.0
32497,56588.0
32498,8592.0
32499,3346.0
32500,8017.0
32501,60978.0
32502,53164.0
32503,41314.0
32504,28872.0
32505,70881.0
32506,6311.0
32507,6231.0
32508,11205.0
32509,4202.0
32510,5937.0
32511,4417.0
32512,41269.0
32513,56588.0
32514,3980.0
32515,3361.0
32516,49896.0
32517,4452.0
32518,4417.0
32519,51819.0
32520,58125.0
32521,5080.0
32522,5960.0
32523,5177.0
32524,54841.0
32525,65832.0
32526,57992.0
32527,13089.0
32528,5960.0
32529,3911.0
32530,44280.0
32531,51372.0
32532,2327.0
32533,71979.0
32534,3916.0
32535,64173.0
32536,57017.0
32537,12747.0
32538,55377.0
32539,14052.0
32540,5937.0
32541,8534.0
32542,17744.0
32543,7425.0
32544,4674.0
32545,51457.0
32546,44144.0
32547,52287.0
32548,6287.0
32549,44280.0
32550,6593.0
32551,1551.0
32552,45371.0
32553,52175.0
32554,10994.0
32555,4337.0
32556,4067.0
32557,6067.0
32558,6968.0
32559,72125.0
32560,10723.0
32561,2056.0
32562,2477.0
32563,4044.0
32564,9828.0
32565,14093.0
32566,4979.0
32567,3951.0
32568,14313.0
32569,7045.5
32570,73231.0
32571,6630.0
32572,4453.0
32573,5761.0
32574,6476.0
32575,5632.0
32576,5292.0
32577,84028.0
32578,4977.0
32579,6270.0
32580,4071.0
32581,62591.0
32582,6128.0
32583,6271.0
32584,8193.0
32585,12454.0
32586,54896.0
32587,82460.0
32588,52392.0
32589,5178.0
32590,11469.0
32591,55502.0
32592,51707.0
32593,26472.0
32594,3862.0
32595,4915.0
32596,2862.0
32597,5502.0
32598,5102.0
32599,10961.0
32600,5800.0
32601,37526.0
32602,51595.0
32603,12408.0
32604,3999.0
32605,7425.0
32606,4755.0
32607,4048.0
32608,9933.0
32609,4672.0
32610,5037.0
32611,41314.0
32612,49896.0
32613,6634.0
32614,5955.0
32615,2339.0
32616,5136.0
32617,2815.0
32618,35510.0
32619,3090.0
32620,56588.0
32621,1543.0
32622,52287.0
32623,50621.0
32624,2700.0
32625,44144.0
32626,7518.0
32627,6177.0
32628,43910.0
32629,3014.0
32630,4368.0
32631,51707.0
32632,2103.0
32633,3336.0
32634,11972.0
32635,4715.0
32636,2150.0
32637,4827.0
32638,15729.0
32639,8776.0
32640,7141.0
32641,72065.0
32642,5660.0
32643,6578.0
32644,69168.0
32645,51875.0
32646,5293.0
32647,6009.0
32648,58315.0
32649,2637.0
32650,13947.0
32651,4792.0
32652,59021.0
32653,2436.0
32654,49725.0
32655,8578.0
32656,5939.0
32657,45883.0
32658,2410.0
32659,13240.0
32660,8224.0
32661,6708.0
32662,1443.0
32663,4971.0
32664,7141.0
32665,5960.0
32666,6324.0
32667,62729.0
32668,4453.0
32669,5004.0
32670,60978.0
32671,25612.0
32672,4294.0
32673,6122.0
32674,4230.0
32675,41314.0
32676,6568.0
32677,48851.0
32678,61032.0
32679,67743.0
32680,5230.0
32681,58125.0
32682,47395.0
32683,90748.0
32684,3754.0
32685,54608.0
32686,8186.0
32687,4170.0
32688,3587.0
32689,6489.0
32690,4656.0
32691,4896.0
32692,69713.0
32693,62188.0
32694,1800.0
32695,13054.0
32696,29622.0
32697,66063.0
32698,3336.0
32699,15624.0
32700,6663.0
32701,5949.0
32702,3654.0
32703,9241.0
32704,11508.0
32705,51595.0
32706,59021.0
32707,5635.0
32708,37985.0
32709,9933.0
32710,13734.0
32711,45693.0
32712,7803.0
32713,4554.0
32714,3393.0
32715,3788.0
32716,6133.0
32717,7423.0
32718,52063.0
32719,2476.0
32720,4415.0
32721,4969.0
32722,4262.0
32723,36700.0
32724,2815.0
32725,27976.0
32726,5949.0
32727,62045.0
32728,11843.0
32729,3831.0
32730,6294.0
32731,7918.0
32732,2250.0
32733,6296.0
32734,4255.0
32735,5915.0
32736,3687.0
32737,2339.0
32738,5950.0
32739,17738.0
32740,85820.0
32741,4348.0
32742,7362.0
32743,5493.0
32744,47585.0
32745,8816.0
32746,6297.0
32747,6711.0
32748,58282.0
32749,4249.0
32750,6060.0
32751,56702.0
32752,6623.0
32753,6161.0
32754,5724.0
32755,7124.0
32756,6510.0
32757,6250.0
32758,4348.0
32759,17683.0
32760,62188.0
32761,7918.0
32762,38099.0
32763,6314.0
32764,46097.0
32765,4615.5
32766,1543.0
32767,49553.0
32768,5206.0
32769,5167.0
32770,6510.0
32771,6450.0
32772,34472.0
32773,10680.0
32774,70220.0
32775,53164.0
32776,47545.0
32777,13944.0
32778,41269.0
32779,11205.0
32780,11553.0
32781,17993.0
32782,5322.0
32783,3813.0
32784,6048.0
32785,4453.0
32786,5569.0
32787,4658.0
32788,9350.0
32789,49207.0
32790,41064.0
32791,45672.0
32792,2410.0
32793,10931.0
32794,9639.0
32795,60508.0
32796,8130.0
32797,49725.0
32798,7411.0
32799,3862.0
32800,7584.0
32801,32923.0
32802,13998.0
32803,3733.0
32804,41113.0
32805,53071.0
32806,1105.0
32807,16254.0
32808,55983.0
32809,6067.0
32810,4030.0
32811,6172.0
32812,7220.0
32813,12978.0
32814,6133.0
32815,6548.0
32816,49613.0
32817,54608.0
32818,3236.0
32819,60978.0
32820,60978.0
32821,2568.0
32822,73369.0
32823,2901.0
32824,8336.0
32825,6319.0
32826,12408.0
32827,45600.0
32828,5619.0
32829,4839.0
32830,4499.0
32831,2201.0
32832,55983.0
32833,21948.0
32834,12038.5
32835,6743.0
32836,4783.0
32837,11617.0
32838,7902.0
32839,7950.0
32840,4896.0
32841,8968.0
32842,4417.0
32843,51047.0
32844,10478.0
32845,5375.0
32846,60396.0
32847,1105.0
32848,4080.0
32849,2748.0
32850,9620.0
32851,60160.0
32852,57081.0
32853,6489.0
32854,6262.0
32855,8064.0
32856,44546.0
32857,7656.0
32858,4314.0
32859,39555.0
32860,22140.0
32861,51707.0
32862,6776.0
32863,5177.0
32864,6287.0
32865,11129.0
32866,4933.0
32867,15082.0
32868,11854.0
32869,4784.0
32870,5954.0
32871,3925.0
32872,87694.0
32873,12844.0
32874,80566.0
32875,2700.0
32876,5465.0
32877,44144.0
32878,57992.0
32879,7471.0
32880,3000.0
32881,9840.0
32882,37985.0
32883,8252.0
32884,9105.0
32885,56590.0
32886,6578.0
32887,3862.0
32888,54684.0
32889,41113.0
32890,65529.0
32891,60232.0
32892,9501.0
32893,6122.0
32894,7466.0
32895,4922.0
32896,9525.0
32897,16219.0
32898,53209.0
32899,47545.0
32900,7576.0
32901,6488.0
32902,54896.0
32903,3571.0
32904,3096.0
32905,3979.0
32906,3936.0
32907,5177.0
32908,55377.0
32909,58394.0
32910,13734.0
32911,9201.0
32912,4436.0
32913,6372.0
32914,6133.0
32915,9501.0
32916,2228.0
32917,66697.0
32918,6032.0
32919,54684.0
32920,67769.0
32921,14163.0
32922,5502.0
32923,12150.0
32924,4515.0
32925,7950.0
32926,74365.0
32927,7425.0
32928,1755.0
32929,12033.0
32930,45693.0
32931,54841.0
32932,4357.0
32933,3129.0
32934,59649.0
32935,3961.0
32936,21253.0
32937,32062.0
32938,3251.0
32939,6014.0
32940,4363.0
32941,41281.0
32942,66063.0
32943,53937.0
32944,3458.0
32945,16835.0
32946,5780.0
32947,3393.0
32948,5949.0
32949,60232.0
32950,60555.0
32951,53743.0
32952,11311.0
32953,60978.0
32954,2050.0
32955,31432.0
32956,3633.0
32957,7257.0
32958,12138.0
32959,6489.0
32960,69244.0
32961,6489.0
32962,11520.0
32963,62045.0
32964,7141.0
32965,7284.0
32966,2792.0
32967,5441.0
32968,10828.0
32969,4979.0
32970,6488.0
32971,6584.0
32972,7484.0
32973,2477.0
32974,2339.0
32975,49613.0
32976,4099.0
32977,4027.0
32978,13258.0
32979,66155.0
32980,57565.0
32981,58032.0
32982,7490.0
32983,2124.0
32984,40688.0
32985,5108.0
32986,3512.0
32987,3625.0
32988,3000.0
32989,53512.0
32990,57920.0
32991,7635.0
32992,44280.0
32993,9730.0
32994,60260.0
32995,54643.0
32996,41314.0
32997,12389.0
32998,110936.0
32999,10563.0
33000,4294.0
33001,6510.0
33002,4496.0
33003,6287.0
33004,3381.0
33005,2477.0
33006,5619.0
33007,6133.0
33008,4663.0
33009,38043.0
33010,4357.0
33011,1890.0
33012,61032.0
33013,20684.0
33014,2074.0
33015,4541.0
33016,56702.0
33017,5014.0
33018,4439.0
33019,44583.0
33020,4202.0
33021,51707.0
33022,49553.0
33023,5530.0
33024,4453.0
33025,4648.0
33026,6092.0
33027,3607.0
33028,9945.0
33029,55983.0
33030,50751.0
33031,6275.0
33032,58864.0
33033,15531.0
33034,49725.0
33035,22546.0
33036,4173.0
33037,4559.0
33038,4837.0
33039,4860.0
33040,6711.0
33041,4255.0
33042,53164.0
33043,2792.0
33044,4453.0
33045,3491.0
33046,46097.0
33047,7038.0
33048,50271.0
33049,7950.0
33050,51372.0
33051,11752.0
33052,6167.0
33053,3646.0
33054,6287.0
33055,7302.0
33056,7877.0
33057,60396.0
33058,12033.0
33059,44280.0
33060,4020.0
33061,18765.0
33062,18312.0
33063,8112.0
33064,51595.0
33065,5997.0
33066,54608.0
33067,56702.0
33068,2393.0
33069,5454.0
33070,5276.0
33071,4284.0
33072,53512.0
33073,9743.0
33074,11448.0
33075,4123.0
33076,7221.0
33077,4922.0
33078,15330.0
33079,64285.0
33080,14313.0
33081,4559.0
33082,3100.0
33083,6568.0
33084,11129.0
33085,49063.0
33086,32859.0
33087,6437.0
33088,1443.0
33089,39321.0
33090,5622.0
33091,67094.0
33092,41314.0
33093,6450.0
33094,20897.0
33095,12978.0
33096,11804.0
33097,3336.0
33098,69885.0
33099,11676.0
33100,53743.0
33101,3014.0
33102,5949.0
33103,9216.0
33104,45257.0
33105,16210.0
33106,7613.0
33107,79349.0
33108,53152.0
33109,4234.0
33110,4202.0
33111,7412.0
33112,4502.0
33113,4975.0
33114,14364.0
33115,4979.0
33116,5206.0
33117,4359.0
33118,11307.0
33119,31982.0
33120,8253.0
33121,51457.0
33122,3646.0
33123,5720.0
33124,52175.0
33125,6578.0
33126,5823.0
33127,51875.0
33128,5232.0
33129,4366.0
33130,50271.0
33131,2050.0
33132,8050.0
33133,58125.0
33134,6798.0
33135,60365.0
33136,4361.0
33137,4827.0
33138,7950.0
33139,2339.0
33140,6275.0
33141,52063.0
33142,6461.0
33143,4500.0
33144,1996.0
33145,34460.0
33146,4979.0
33147,7594.0
33148,4783.0
33149,6015.0
33150,45805.0
33151,4491.0
33152,5178.0
33153,12150.0
33154,46097.0
33155,41281.0
33156,2327.0
33157,41064.0
33158,3282.0
33159,4202.0
33160,47586.0
33161,5632.0
33162,3551.0
33163,7626.0
33164,60713.0
33165,8526.0
33166,6172.0
33167,17724.0
33168,17794.0
33169,6067.0
33170,11613.0
33171,12740.0
33172,6461.0
33173,8508.0
33174,2437.0
33175,10058.0
33176,44622.0
33177,43729.0
33178,6650.0
33179,66063.0
33180,10425.0
33181,45776.0
33182,69244.0
33183,6056.0
33184,13338.0
33185,53209.0
33186,41269.0
33187,17604.0
33188,8988.0
33189,4556.0
33190,7832.0
33191,8857.0
33192,56879.0
33193,49613.0
33194,11205.0
33195,44787.0
33196,3334.0
33197,52063.0
33198,4000.0
33199,6219.0
33200,7702.0
33201,7550.0
33202,53499.0
33203,54841.0
33204,12159.0
33205,1543.0
33206,3754.0
33207,6324.0
33208,12071.0
33209,8812.0
33210,3855.0
33211,47585.0
33212,4054.0
33213,51875.0
33214,4979.0
33215,7982.0
33216,12571.0
33217,11666.0
33218,4672.0
33219,3916.0
33220,4453.0
33221,6488.0
33222,7190.0
33223,4969.0
33224,13054.0
33225,6292.0
33226,17604.0
33227,5645.0
33228,49613.0
33229,4048.0
33230,15078.0
33231,1694.0
33232,50969.0
33233,54684.0
33234,69125.0
33235,54608.0
33236,60978.0
33237,60232.0
33238,55502.0
33239,54684.0
33240,7958.0
33241,17913.0
33242,6339.0
33243,11520.0
33244,72058.0
33245,49553.0
33246,15460.0
33247,16569.0
33248,5276.0
33249,6488.0
33250,15543.0
33251,13525.0
33252,5231.0
33253,5625.0
33254,32859.0
33255,6395.0
33256,4601.0
33257,49177.0
33258,13947.0
33259,15543.0
33260,5276.0
33261,5928.0
33262,53164.0
33263,5939.0
33264,6133.0
33265,2723.0
33266,1776.0
33267,8631.0
33268,6296.0
33269,56588.0
33270,8063.0
33271,49553.0
33272,11675.0
33273,11027.0
33274,14218.0
33275,53209.0
33276,5186.0
33277,5094.0
33278,86849.0
33279,52377.0
33280,7774.0
33281,5040.0
33282,42457.0
33283,6389.0
33284,12393.0
33285,6122.0
33286,68317.0
33287,10069.0
33288,8253.0
33289,3940.0
33290,5656.0
33291,3862.0
33292,5888.0
33293,89821.0
33294,5144.0
33295,11520.0
33296,2336.0
33297,57081.0
33298,44583.0
33299,52175.0
33300,45883.0
33301,50957.0
33302,7548.0
33303,4099.0
33304,10139.0
33305,14620.0
33306,16875.0
33307,2051.0
33308,4524.0
33309,13734.0
33310,64831.0
33311,7958.0
33312,44144.0
33313,7153.0
33314,5988.0
33315,3957.0
33316,14014.0
33317,45185.0
33318,7141.0
33319,57081.0
33320,5760.0
33321,7426.0
33322,1714.0
33323,89729.0
33324,59033.0
33325,5937.0
33326,56476.0
33327,2516.0
33328,12057.0
33329,56058.0
33330,8112.0
33331,5955.0
33332,13474.0
33333,53152.0
33334,15154.0
33335,3234.0
33336,51819.0
33337,5299.0
33338,6568.0
33339,36660.0
33340,15603.0
33341,3105.0
33342,49613.0
33343,4249.0
33344,4071.0
33345,6568.0
33346,60260.0
33347,69244.0
33348,1714.0
33349,1998.0
33350,54684.0
33351,16698.0
33352,6432.0
33353,2250.0
33354,56590.0
33355,5727.5
33356,4173.0
33357,5421.0
33358,12013.0
33359,10069.0
33360,4496.0
33361,5760.0
33362,61049.0
33363,6502.0
33364,7352.0
33365,73677.0
33366,5949.0
33367,47586.0
33368,4357.0
33369,3496.0
33370,56098.5
33371,6067.0
33372,42457.0
33373,64285.0
33374,5937.0
33375,5225.0
33376,6271.0
33377,49553.0
33378,6578.0
33379,4933.0
33380,54684.0
33381,53743.0
33382,4099.0
33383,56476.0
33384,45257.0
33385,5120.0
33386,8748.0
33387,15761.0
33388,4989.0
33389,54896.0
33390,58125.0
33391,8379.0
33392,3918.0
33393,2700.0
33394,52287.0
33395,24698.0
33396,6663.0
33397,69168.0
33398,4674.0
33399,67094.0
33400,51707.0
33401,4663.0
33402,45883.0
33403,55502.0
33404,22152.0
33405,53164.0
33406,4500.0
33407,5505.0
33408,2339.0
33409,4793.0
33410,16044.0
33411,2482.0
33412,4689.0
33413,4500.0
33414,8564.0
33415,56588.0
33416,8988.0
33417,3979.0
33418,9141.0
33419,5060.0
33420,2516.0
33421,23123.0
33422,5892.0
33423,57349.0
33424,2410.0
33425,12013.0
33426,54608.0
33427,7971.0
33428,3389.0
33429,17548.0
33430,8111.0
33431,68303.0
33432,4755.0
33433,5892.0
33434,6093.0
33435,54841.0
33436,15123.0
33437,8081.0
33438,52287.0
33439,6489.0
33440,66928.0
33441,9840.0
33442,45995.0
33443,4055.0
33444,4416.0
33445,3999.0
33446,45805.0
33447,6353.0
33448,6578.0
33449,9277.0
33450,5927.0
33451,41064.0
33452,3357.0
33453,37432.0
33454,13136.0
33455,64831.0
33456,3916.0
33457,74981.0
33458,32859.0
33459,3571.0
33460,6651.0
33461,10457.0
33462,13231.0
33463,13054.0
33464,7484.0
33465,4071.0
33466,4792.0
33467,66155.0
33468,60232.0
33469,4357.0
33470,5293.0
33471,5420.0
33472,57992.0
33473,5656.0
33474,5491.0
33475,42521.0
33476,5939.0
33477,7352.0
33478,54115.0
33479,6602.0
33480,4500.0
33481,2723.0
33482,1443.0
33483,5949.0
33484,7081.0
33485,9668.0
33486,62793.0
33487,47586.0
33488,5708.0
33489,52064.0
33490,3401.0
33491,60260.0
33492,72268.0
33493,67769.0
33494,2410.0
33495,5177.0
33496,6262.0
33497,42457.0
33498,50361.0
33499,60396.0
33500,7385.0
33501,2409.0
33502,42212.0
33503,57405.0
33504,6663.0
33505,7081.0
33506,5708.0
33507,6161.0
33508,4337.0
33509,31528.0
33510,4348.0
33511,8306.0
33512,5293.0
33513,60508.0
33514,6009.0
33515,4499.0
33516,3466.0
33517,17794.0
33518,4262.0
33519,5043.0
33520,3096.0
33521,68841.0
33522,52175.0
33523,9073.0
33524,56476.0
33525,5174.0
33526,51707.0
33527,5953.0
33528,48851.0
33529,8111.0
33530,2339.0
33531,4660.0
33532,57505.0
33533,5606.0
33534,45805.0
33535,6271.0
33536,6271.0
33537,84820.0
33538,43376.0
33539,3763.0
33540,3864.0
33541,77196.0
33542,6067.0
33543,2050.0
33544,42457.0
33545,6282.0
33546,14105.0
33547,2201.0
33548,51457.0
33549,6067.0
33550,3153.0
33551,53757.0
33552,3379.0
33553,57017.0
33554,4452.0
33555,56590.0
33556,11441.0
33557,2463.0
33558,5093.0
33559,3528.0
33560,4173.0
33561,54608.0
33562,3971.0
33563,12210.0
33564,14314.0
33565,51707.0
33566,7834.0
33567,2773.0
33568,44144.0
33569,4977.0
33570,70714.0
33571,70543.0
33572,59929.0
33573,4190.0
33574,10779.0
33575,35520.0
33576,6488.0
33577,6067.0
33578,12249.0
33579,4230.0
33580,11205.0
33581,1543.0
33582,6502.0
33583,61873.0
33584,8596.0
33585,4437.0
33586,51707.0
33587,34460.0
33588,51817.0
33589,3729.0
33590,3990.0
33591,6342.0
33592,3654.0
33593,5293.0
33594,3916.0
33595,69168.0
33596,5348.0
33597,6370.0
33598,57920.0
33599,50361.0
33600,54684.0
33601,60365.0
33602,8112.0
33603,8838.0
33604,22152.0
33605,60713.0
33606,57677.0
33607,3646.0
33608,4111.0
33609,4149.0
33610,5888.0
33611,6344.0
33612,3090.0
33613,54841.0
33614,4357.0
33615,7207.0
33616,6122.0
33617,62448.0
33618,5232.0
33619,45600.0
33620,5943.0
33621,5206.0
33622,7006.0
33623,23424.0
33624,4007.0
33625,11675.0
33626,4499.0
33627,56588.0
33628,4009.0
33629,5949.0
33630,6461.0
33631,4731.0
33632,3489.0
33633,48851.0
33634,6537.0
33635,5360.0
33636,6461.0
33637,69244.0
33638,6028.0
33639,4054.0
33640,4496.0
33641,4416.0
33642,4634.0
33643,4554.0
33644,4500.0
33645,6109.0
33646,9175.0
33647,66928.0
33648,3610.0
33649,7425.0
33650,42457.0
33651,2124.0
33652,4807.0
33653,50297.0
33654,5617.0
33655,3709.0
33656,4499.0
33657,4294.0
33658,5152.0
33659,5441.0
33660,44280.0
33661,7496.0
33662,47408.0
33663,7767.0
33664,4221.0
33665,6488.0
33666,7728.0
33667,85353.0
33668,54841.0
33669,4415.0
33670,6487.0
33671,4593.0
33672,56476.0
33673,2124.0
33674,3191.0
33675,6295.0
33676,8063.0
33677,5293.0
33678,7804.0
33679,15695.0
33680,5953.0
33681,9840.0
33682,2410.0
33683,43910.0
33684,3361.0
33685,24234.0
33686,7425.0
33687,2700.0
33688,48079.0
33689,60555.0
33690,59021.0
33691,55377.0
33692,60410.0
33693,7135.0
33694,3015.0
33695,13734.0
33696,2836.0
33697,44144.0
33698,3572.0
33699,5760.0
33700,5955.0
33701,11188.0
33702,60978.0
33703,5939.0
33704,4827.0
33705,1998.0
33706,2723.0
33707,5293.0
33708,4755.0
33709,3843.0
33710,3389.0
33711,3497.0
33712,4086.0
33713,5017.0
33714,4439.0
33715,3100.0
33716,5178.0
33717,52287.0
33718,39499.0
33719,5418.0
33720,3246.0
33721,6122.0
33722,2150.0
33723,44652.0
33724,67769.0
33725,6308.0
33726,4496.0
33727,21285.0
33728,51819.0
33729,10744.0
33730,9377.0
33731,59469.0
33732,5956.0
33733,3000.0
33734,2409.0
33735,3098.0
33736,10747.0
33737,24056.0
33738,51875.0
33739,6489.0
33740,64173.0
33741,5660.0
33742,5092.0
33743,4173.0
33744,15154.0
33745,17613.0
33746,3258.0
33747,1694.0
33748,10478.0
33749,67769.0
33750,3645.5
33751,3916.0
33752,32923.0
33753,6014.0
33754,17787.0
33755,66723.0
33756,4417.0
33757,5772.0
33758,7529.0
33759,3709.0
33760,10744.0
33761,4173.0
33762,4755.0
33763,8121.0
33764,4230.0
33765,8777.0
33766,4339.0
33767,12792.0
33768,5523.0
33769,27864.0
33770,60978.0
33771,15784.0
33772,6122.0
33773,11508.0
33774,2410.0
33775,22609.0
33776,51817.0
33777,67004.0
33778,7004.0
33779,65872.0
33780,8133.0
33781,14658.0
33782,2080.0
33783,1998.0
33784,23944.0
33785,56588.0
33786,6437.0
33787,1105.0
33788,5261.0
33789,53209.0
33790,11129.0
33791,12605.0
33792,4020.0
33793,3998.0
33794,42312.0
33795,11129.0
33796,10002.0
33797,37985.0
33798,6568.0
33799,6437.0
33800,60978.0
33801,2410.0
33802,13626.0
33803,9881.0
33804,10849.0
33805,60396.0
33806,2050.0
33807,5949.0
33808,7999.0
33809,41269.0
33810,15898.0
33811,11129.0
33812,5960.0
33813,7413.0
33814,5403.0
33815,7522.0
33816,4230.0
33817,49553.0
33818,42457.0
33819,6461.0
33820,3916.0
33821,4827.0
33822,7570.0
33823,18147.0
33824,54684.0
33825,51595.0
33826,4170.0
33827,37985.0
33828,20760.0
33829,3568.0
33830,5407.0
33831,13095.0
33832,88813.0
33833,9201.0
33834,11319.0
33835,52522.0
33836,4970.0
33837,11508.0
33838,6776.0
33839,10998.0
33840,11129.0
33841,3860.0
33842,67004.0
33843,3153.0
33844,64285.0
33845,9277.0
33846,54608.0
33847,64285.0
33848,66063.0
33849,29992.0
33850,48079.0
33851,4672.0
33852,5955.0
33853,45693.0
33854,52522.0
33855,8111.0
33856,25380.0
33857,53152.0
33858,8988.0
33859,10332.0
33860,22140.0
33861,52570.0
33862,10470.0
33863,55983.0
33864,4190.0
33865,16826.0
33866,28510.0
33867,6195.0
33868,4961.0
33869,47217.0
33870,51817.0
33871,60396.0
33872,6122.0
33873,5949.0
33874,49553.0
33875,54684.0
33876,23838.0
33877,45230.0
33878,51372.0
33879,5499.0
33880,23838.0
33881,6092.0
33882,4944.0
33883,57920.0
33884,3971.0
33885,45693.0
33886,3489.0
33887,7877.0
33888,64831.0
33889,6015.0
33890,45257.0
33891,3716.0
33892,13421.0
33893,64025.0
33894,14461.0
33895,3621.0
33896,2336.0
33897,6450.0
33898,4202.0
33899,53209.0
33900,3754.0
33901,6259.0
33902,8014.0
33903,53152.0
33904,4732.0
33905,53164.0
33906,62188.0
33907,70510.0
33908,8853.0
33909,38099.0
33910,9907.0
33911,49725.0
33912,54306.0
33913,5100.0
33914,5178.0
33915,6770.0
33916,4732.0
33917,62524.0
33918,2050.0
33919,76736.0
33920,54684.0
33921,4954.0
33922,7958.0
33923,45672.0
33924,8523.0
33925,39377.0
33926,73581.0
33927,54608.0
33928,7425.0
33929,5942.0
33930,53198.0
33931,4071.0
33932,7466.0
33933,10121.0
33934,14367.0
33935,4173.0
33936,41314.0
33937,3627.0
33938,42457.0
33939,2792.0
33940,9788.0
33941,77196.0
33942,5761.0
33943,13410.0
33944,36712.0
33945,5282.0
33946,39499.0
33947,5502.0
33948,49613.0
33949,55983.0
33950,3980.0
33951,10785.0
33952,5937.0
33953,3860.0
33954,4971.0
33955,7352.0
33956,4896.0
33957,37846.0
33958,47395.0
33959,1694.0
33960,6994.0
33961,6568.0
33962,12990.0
33963,73481.0
33964,4499.0
33965,8111.0
33966,4755.0
33967,49553.0
33968,17199.0
33969,39499.0
33970,8233.0
33971,2410.0
33972,3401.0
33973,2074.0
33974,6488.0
33975,3379.0
33976,3194.0
33977,5953.0
33978,11111.0
33979,2738.0
33980,4953.0
33981,7905.0
33982,52063.0
33983,4896.0
33984,4416.0
33985,4757.0
33986,3090.0
33987,15058.0
33988,49553.0
33989,55983.0
33990,54608.0
33991,42521.0
33992,3999.0
33993,6032.0
33994,2723.0
33995,4762.0
33996,6578.0
33997,45693.0
33998,5153.0
33999,70121.0
34000,65872.0
34001,1776.0
34002,7081.0
34003,2738.0
34004,6595.0
34005,36995.0
34006,4485.0
34007,4637.0
34008,56476.0
34009,4071.0
34010,69168.0
34011,45672.0
34012,4452.0
34013,10425.0
34014,60365.0
34015,4585.0
34016,4417.0
34017,60260.0
34018,4659.0
34019,7584.0
34020,5823.0
34021,3246.0
34022,4019.0
34023,4339.0
34024,8719.0
34025,6820.0
34026,67004.0
34027,9534.0
34028,11783.0
34029,6978.0
34030,2410.0
34031,3999.0
34032,41281.0
34033,9277.0
34034,60508.0
34035,42457.0
34036,7106.0
34037,66928.0
34038,36712.0
34039,15709.0
34040,7212.0
34041,72776.0
34042,7709.0
34043,50271.0
34044,5177.0
34045,6841.0
34046,39888.0
34047,4033.0
34048,5220.0
34049,2723.0
34050,4056.0
34051,7950.0
34052,6721.0
34053,6461.0
34054,11319.0
34055,5102.0
34056,60978.0
34057,4165.0
34058,3014.0
34059,3629.0
34060,51595.0
34061,53152.0
34062,2124.0
34063,53209.0
34064,6488.0
34065,12499.0
34066,8386.0
34067,31982.0
34068,4917.0
34069,9146.0
34070,5561.0
34071,55087.0
34072,6603.0
34073,3000.0
34074,5894.0
34075,4464.0
34076,5918.0
34077,1776.0
34078,41314.0
34079,3654.0
34080,60396.0
34081,6287.0
34082,51372.0
34083,60396.0
34084,5178.0
34085,5418.0
34086,67004.0
34087,72842.0
34088,5910.0
34089,64831.0
34090,12854.0
34091,10849.0
34092,24122.0
34093,4501.0
34094,12518.0
34095,5817.0
34096,11205.0
34097,35520.0
34098,88813.0
34099,4414.0
34100,3862.0
34101,7774.0
34102,4031.0
34103,5823.0
34104,55983.0
34105,5942.0
34106,3988.0
34107,60978.0
34108,5953.0
34109,4357.0
34110,44280.0
34111,4202.0
34112,46097.0
34113,4873.0
34114,67085.0
34115,10838.0
34116,4439.0
34117,13103.0
34118,8111.0
34119,5102.0
34120,53835.0
34121,46097.0
34122,6461.0
34123,32859.0
34124,3754.0
34125,4205.0
34126,62045.0
34127,5033.0
34128,20000.0
34129,5018.0
34130,60160.0
34131,61933.0
34132,49884.0
34133,4367.0
34134,51875.0
34135,52287.0
34136,5331.0
34137,3873.0
34138,52063.0
34139,2994.0
34140,7423.0
34141,9501.0
34142,6122.0
34143,72730.0
34144,3393.0
34145,54481.0
34146,7366.0
34147,65529.0
34148,4202.0
34149,12570.0
34150,4496.0
34151,39321.0
34152,16823.0
34153,12791.0
34154,49725.0
34155,11664.0
34156,6164.0
34157,7425.0
34158,6489.0
34159,51595.0
34160,49725.0
34161,11309.0
34162,2343.0
34163,4337.0
34164,4284.0
34165,5322.0
34166,4348.0
34167,8111.0
34168,51457.0
34169,62045.0
34170,3671.0
34171,6287.0
34172,4146.0
34173,6158.0
34174,10523.0
34175,5507.0
34176,4499.0
34177,22152.0
34178,10018.0
34179,6855.0
34180,50271.0
34181,2464.0
34182,61873.0
34183,61404.0
34184,49725.0
34185,12474.0
34186,14396.0
34187,5958.0
34188,3381.0
34189,54777.0
34190,32923.0
34191,6271.0
34192,5231.0
34193,6661.0
34194,6324.0
34195,6031.0
34196,3379.0
34197,10810.0
34198,4961.0
34199,57999.0
34200,3374.0
34201,12768.0
34202,3001.0
34203,7094.0
34204,2050.0
34205,61933.0
34206,5918.0
34207,53499.0
34208,56590.0
34209,7421.0
34210,60260.0
34211,76612.0
34212,10353.0
34213,4105.0
34214,1890.0
34215,1998.0
34216,41269.0
34217,6333.0
34218,11456.0
34219,44682.0
34220,6023.5
34221,6797.0
34222,14767.0
34223,4139.0
34224,2336.0
34225,55087.0
34226,2614.0
34227,6195.0
34228,4262.0
34229,3361.0
34230,57081.0
34231,59948.0
34232,54896.0
34233,5953.0
34234,39555.0
34235,54684.0
34236,50271.0
34237,79461.0
34238,49613.0
34239,3471.0
34240,67137.0
34241,44405.0
34242,4111.0
34243,6133.0
34244,8111.0
34245,50969.0
34246,6212.0
34247,9201.0
34248,4672.0
34249,51697.0
34250,3397.0
34251,5227.0
34252,41064.0
34253,4416.0
34254,3633.0
34255,59033.0
34256,4031.0
34257,78897.0
34258,3090.0
34259,10744.0
34260,7478.0
34261,3379.0
34262,87290.0
34263,5962.0
34264,57074.0
34265,5817.0
34266,6395.0
34267,68362.0
34268,70431.0
34269,29764.0
34270,7489.0
34271,5483.0
34272,2124.0
34273,51457.0
34274,9907.0
34275,56588.0
34276,6584.0
34277,4380.0
34278,2568.0
34279,23944.0
34280,11318.0
34281,53164.0
34282,61404.0
34283,41281.0
34284,42521.0
34285,61049.0
34286,4086.0
34287,4728.0
34288,5635.0
34289,7081.0
34290,56702.0
34291,62121.0
34292,6956.0
34293,6161.0
34294,56702.0
34295,53209.0
34296,3844.0
34297,3105.0
34298,2477.0
34299,1443.0
34300,4111.0
34301,4096.0
34302,9840.0
34303,66928.0
34304,5960.0
34305,6134.0
34306,13103.0
34307,5760.0
34308,51819.0
34309,5042.0
34310,74880.0
34311,7692.0
34312,11129.0
34313,51595.0
34314,3471.0
34315,7426.0
34316,3709.0
34317,51819.0
34318,13014.0
34319,4706.0
34320,5037.0
34321,2228.0
34322,7708.0
34323,17738.0
34324,60351.0
34325,49613.0
34326,60396.0
34327,44144.0
34328,12623.0
34329,55377.0
34330,49613.0
34331,7237.0
34332,6461.0
34333,7054.0
34334,7542.0
34335,5960.0
34336,41269.0
34337,8719.0
34338,8396.0
34339,7718.0
34340,11520.0
34341,48213.0
34342,50361.0
34343,5269.0
34344,69825.0
34345,16359.0
34346,2862.0
34347,4233.0
34348,3999.0
34349,51707.0
34350,2250.0
34351,12990.0
34352,21590.0
34353,31432.0
34354,7576.0
34355,2410.0
34356,6652.5
34357,5955.0
34358,91756.0
34359,6821.0
34360,5322.0
34361,5314.0
34362,60232.0
34363,11205.0
34364,60396.0
34365,39377.0
34366,5969.0
34367,5067.0
34368,14880.0
34369,5971.0
34370,57017.0
34371,5942.0
34372,3819.0
34373,13970.0
34374,8111.0
34375,6458.0
34376,66122.0
34377,56588.0
34378,5104.0
34379,8629.0
34380,2309.0
34381,7412.0
34382,1654.0
34383,39377.0
34384,2098.0
34385,4357.0
34386,9799.0
34387,10848.0
34388,52175.0
34389,3050.0
34390,54684.0
34391,3393.0
34392,54608.0
34393,6489.0
34394,11448.0
34395,9408.0
34396,65517.0
34397,38099.0
34398,6461.0
34399,6294.0
34400,6314.0
34401,9905.0
34402,53743.0
34403,19173.0
34404,11319.0
34405,4190.0
34406,60260.0
34407,3000.0
34408,6690.0
34409,4499.0
34410,49553.0
34411,12138.0
34412,60365.0
34413,4740.0
34414,4348.0
34415,11310.0
34416,5339.0
34417,5817.0
34418,8534.0
34419,60396.0
34420,74377.0
34421,18975.0
34422,4500.0
34423,5820.0
34424,16318.0
34425,4660.0
34426,10744.0
34427,4165.0
34428,54608.0
34429,7488.0
34430,6389.0
34431,10783.0
34432,3149.0
34433,11120.0
34434,60260.0
34435,43711.0
34436,49613.0
34437,9064.0
34438,60232.0
34439,4165.0
34440,2901.0
34441,11488.0
34442,6109.0
34443,65457.0
34444,4637.0
34445,3223.0
34446,6292.0
34447,5042.0
34448,2336.0
34449,8265.0
34450,7164.0
34451,9353.0
34452,7106.0
34453,51595.0
34454,14314.0
34455,11310.0
34456,66928.0
34457,7575.0
34458,3977.0
34459,9216.0
34460,5177.0
34461,13398.0
34462,4357.0
34463,42457.0
34464,51345.0
34465,5227.0
34466,3980.0
34467,3466.0
34468,4772.0
34469,2230.0
34470,51384.0
34471,6122.0
34472,49553.0
34473,1776.0
34474,7584.0
34475,60160.0
34476,9988.0
34477,5942.0
34478,9670.0
34479,5761.0
34480,5230.0
34481,4979.0
34482,13103.0
34483,11553.0
34484,5601.0
34485,10523.0
34486,3897.0
34487,60260.0
34488,49613.0
34489,16496.0
34490,54777.0
34491,6366.0
34492,78428.0
34493,6133.0
34494,4171.0
34495,55983.0
34496,58876.0
34497,7487.0
34498,6292.0
34499,2836.0
34500,9371.0
34501,10680.0
34502,4499.0
34503,57074.0
34504,4086.0
34505,4020.0
34506,56476.0
34507,7575.0
34508,54896.0
34509,84222.0
34510,4056.0
34511,3754.0
34512,11069.0
34513,4556.0
34514,13410.0
34515,5292.0
34516,7572.0
34517,6324.0
34518,12138.0
34519,4417.0
34520,38099.0
34521,9623.0
34522,6444.0
34523,2278.0
34524,35520.0
34525,2327.0
34526,34460.0
34527,3467.0
34528,55983.0
34529,6548.0
34530,6438.0
34531,4672.0
34532,23424.0
34533,54306.0
34534,58315.0
34535,5594.0
34536,61261.0
34537,8530.0
34538,55983.0
34539,56702.0
34540,3860.0
34541,8708.0
34542,54684.0
34543,58315.0
34544,51595.0
34545,7424.0
34546,68303.0
34547,5012.0
34548,3393.0
34549,10753.0
34550,6262.0
34551,54608.0
34552,8641.0
34553,64831.0
34554,49207.0
34555,55983.0
34556,60978.0
34557,6032.0
34558,14791.0
34559,50271.0
34560,4230.0
34561,6295.0
34562,57405.0
34563,7021.0
34564,9433.0
34565,4020.0
34566,60365.0
34567,5954.0
34568,3862.0
34569,16210.0
34570,15971.0
34571,55502.0
34572,49177.0
34573,7424.0
34574,6461.0
34575,44144.0
34576,11069.0
34577,11205.0
34578,5843.0
34579,6568.0
34580,59254.0
34581,53209.0
34582,5772.0
34583,85249.0
34584,5177.0
34585,57081.0
34586,37985.0
34587,7762.0
34588,5178.0
34589,60160.0
34590,44280.0
34591,6489.0
34592,64113.0
34593,20433.0
34594,2476.0
34595,7529.0
34596,38099.0
34597,4449.0
34598,2410.0
34599,13968.0
34600,60232.0
34601,8803.0
34602,56590.0
34603,7373.5
34604,3354.0
34605,6776.0
34606,5943.0
34607,6161.0
34608,7487.0
34609,6600.0
34610,60508.0
34611,5738.0
34612,63277.0
34613,6395.0
34614,36565.0
34615,2779.0
34616,42521.0
34617,7774.0
34618,3024.0
34619,5107.0
34620,6133.0
34621,37985.0
34622,9377.0
34623,12321.0
34624,49207.0
34625,57939.0
34626,4755.0
34627,4111.0
34628,9201.0
34629,16212.0
34630,74844.0
34631,5502.0
34632,60260.0
34633,12057.0
34634,54684.0
34635,66063.0
34636,94590.0
34637,5467.0
34638,7267.0
34639,6568.0
34640,60365.0
34641,5656.0
34642,4607.0
34643,6023.5
34644,68505.0
34645,13761.0
34646,8869.0
34647,54684.0
34648,12897.0
34649,6324.0
34650,51707.0
34651,12454.0
34652,6287.0
34653,36712.0
34654,43910.0
34655,11479.0
34656,26494.0
34657,29406.0
34658,4413.0
34659,3306.0
34660,4687.0
34661,2476.0
34662,3090.0
34663,6473.0
34664,5892.0
34665,54608.0
34666,21873.0
34667,10039.0
34668,7353.0
34669,2124.0
34670,3754.0
34671,41113.0
34672,57939.0
34673,7352.0
34674,10659.0
34675,2836.0
34676,49177.0
34677,5390.0
34678,53645.0
34679,5177.0
34680,5859.0
34681,6093.0
34682,5955.0
34683,44144.0
34684,6287.0
34685,4299.0
34686,3318.0
34687,9828.0
34688,20760.0
34689,54896.0
34690,56476.0
34691,5823.0
34692,6271.0
34693,53164.0
34694,9840.0
34695,8490.0
34696,8112.0
34697,4229.0
34698,12544.0
34699,52063.0
34700,4979.0
34701,6463.0
34702,64700.0
34703,5942.0
34704,49553.0
34705,45883.0
34706,51595.0
34707,4896.0
34708,5818.0
34709,57554.0
34710,4416.0
34711,57453.0
34712,11367.0
34713,66155.0
34714,1551.0
34715,5502.0
34716,49207.0
34717,9433.0
34718,31982.0
34719,5942.0
34720,10164.0
34721,2339.0
34722,7425.0
34723,16624.0
34724,57017.0
34725,60260.0
34726,45883.0
34727,5127.0
34728,12978.0
34729,2857.0
34730,22152.0
34731,6461.0
34732,6271.0
34733,3979.0
34734,48213.0
34735,10774.0
34736,6067.0
34737,20433.0
34738,3318.0
34739,6714.0
34740,6464.0
34741,45257.0
34742,9190.0
34743,4676.0
34744,57920.0
34745,60365.0
34746,38099.0
34747,3916.0
34748,7584.0
34749,3389.0
34750,7490.0
34751,11326.0
34752,12454.0
34753,11205.0
34754,7167.0
34755,5949.0
34756,4229.0
34757,6209.0
34758,1603.0
34759,50271.0
34760,5942.0
34761,69244.0
34762,4368.0
34763,64159.5
34764,10069.0
34765,22140.0
34766,4524.0
34767,3999.0
34768,3961.0
34769,3860.0
34770,44280.0
34771,28510.0
34772,11520.0
34773,17807.0
34774,6165.0
34775,7032.0
34776,1830.0
34777,6319.0
34778,2150.0
34779,6595.0
34780,38043.0
34781,6502.0
34782,4229.0
34783,49745.0
34784,5704.0
34785,19533.0
34786,69168.0
34787,6133.0
34788,62524.0
34789,75443.0
34790,14150.0
34791,46097.0
34792,50271.0
34793,18844.0
34794,4465.0
34795,18566.0
34796,5772.0
34797,6128.0
34798,49613.0
34799,13641.0
34800,61238.0
34801,45805.0
34802,7768.0
34803,4359.0
34804,4173.0
34805,5960.0
34806,6075.0
34807,17118.0
34808,60232.0
34809,22152.0
34810,6702.0
34811,5102.0
34812,9493.0
34813,35490.0
34814,5749.0
34815,3450.0
34816,15414.0
34817,3971.0
34818,6276.0
34819,9904.0
34820,51819.0
34821,54896.0
34822,2228.0
34823,52586.0
34824,36577.0
34825,8454.0
34826,16948.0
34827,16569.0
34828,7093.0
34829,10753.0
34830,50868.0
34831,20760.0
34832,14620.0
34833,7813.0
34834,12734.0
34835,10058.0
34836,9840.0
34837,3489.0
34838,5761.0
34839,5882.0
34840,13608.0
34841,11520.0
34842,10680.0
34843,40843.0
34844,57405.0
34845,6598.0
34846,8112.0
34847,4324.0
34848,4755.0
34849,9799.0
34850,6195.0
34851,59021.0
34852,27792.0
34853,5177.0
34854,4170.0
34855,6702.0
34856,4267.0
34857,4357.0
34858,6500.0
34859,4111.0
34860,4477.0
34861,42457.0
34862,4810.0
34863,4262.0
34864,6092.0
34865,50271.0
34866,11520.0
34867,7592.0
34868,57453.0
34869,4729.0
34870,51707.0
34871,5917.0
34872,32881.0
34873,5208.0
34874,8631.0
34875,7900.0
34876,5102.0
34877,7021.0
34878,12315.0
34879,4639.0
34880,5761.0
34881,55983.0
34882,5102.0
34883,4515.0
34884,2201.0
34885,45805.0
34886,2200.0
34887,4637.0
34888,5168.5
34889,43165.0
34890,62448.0
34891,68415.0
34892,50361.0
34893,3971.0
34894,7487.0
34895,7267.0
34896,5280.0
34897,5060.0
34898,6200.0
34899,7291.0
34900,15192.0
34901,8719.0
34902,12920.0
34903,5989.0
34904,6320.0
34905,8641.0
34906,8210.0
34907,14314.0
34908,6324.0
34909,6067.0
34910,15065.0
34911,8118.0
34912,41269.0
34913,51719.0
34914,4706.0
34915,60396.0
34916,1544.0
34917,7513.0
34918,24056.0
34919,50271.0
34920,5550.0
34921,3621.0
34922,5332.0
34923,51875.0
34924,45995.0
34925,2339.0
34926,41314.0
34927,6977.0
34928,6332.0
34929,7469.0
34930,60978.0
34931,4390.0
34932,47507.0
34933,3397.0
34934,5656.0
34935,76612.0
34936,6583.0
34937,4173.0
34938,4294.0
34939,51817.0
34940,3093.0
34941,4048.0
34942,5892.0
34943,53743.0
34944,10384.0
34945,41314.0
34946,12990.0
34947,49725.0
34948,2339.0
34949,11520.0
34950,13472.0
34951,10058.0
34952,6568.0
34953,61873.0
34954,6165.0
34955,56702.0
34956,38099.0
34957,3393.0
34958,6243.0
34959,7677.0
34960,4230.0
34961,12646.0
34962,6461.0
34963,6205.0
34964,4612.0
34965,5033.0
34966,12408.0
34967,6711.0
34968,42457.0
34969,1890.0
34970,6932.0
34971,51117.0
34972,7908.0
34973,51697.0
34974,7479.0
34975,6122.0
34976,6845.0
34977,25600.0
34978,47205.0
34979,4915.0
34980,4359.0
34981,11129.0
34982,2966.0
34983,3862.0
34984,8903.0
34985,4971.0
34986,51817.0
34987,7081.0
34988,7466.0
34989,13524.0
34990,49725.0
34991,6711.0
34992,12150.0
34993,2022.0
34994,5949.0
34995,64285.0
34996,5292.0
34997,55983.0
34998,7900.0
34999,6819.0
35000,3324.0
35001,5103.0
35002,42521.0
35003,45693.0
35004,2050.0
35005,34472.0
35006,45257.0
35007,55377.0
35008,56476.0
35009,5817.0
35010,3000.0
35011,6502.0
35012,14985.0
35013,9000.0
35014,5102.0
35015,4151.0
35016,3175.0
35017,5433.0
35018,66077.0
35019,39321.0
35020,6133.0
35021,4501.0
35022,5892.0
35023,45257.0
35024,22152.0
35025,42521.0
35026,44144.0
35027,51595.0
35028,3090.0
35029,9945.0
35030,3175.0
35031,14489.0
35032,53552.0
35033,5943.0
35034,12118.0
35035,59021.0
35036,8014.0
35037,2966.0
35038,62793.0
35039,6583.0
35040,6200.0
35041,4612.0
35042,47844.0
35043,64285.0
35044,6489.0
35045,5102.0
35046,54684.0
35047,43376.0
35048,60260.0
35049,8236.0
35050,6488.0
35051,12813.0
35052,5943.0
35053,6133.0
35054,5178.0
35055,3234.0
35056,7221.0
35057,45185.0
35058,42521.0
35059,45805.0
35060,5805.0
35061,74981.0
35062,53937.0
35063,60508.0
35064,5007.0
35065,6510.0
35066,58125.0
35067,45805.0
35068,5761.0
35069,6797.0
35070,8112.0
35071,7212.0
35072,9178.0
35073,14150.0
35074,22152.0
35075,61649.0
35076,15761.0
35077,6437.0
35078,10785.0
35079,3379.0
35080,5507.0
35081,3571.0
35082,10077.0
35083,11520.0
35084,47441.0
35085,60396.0
35086,7950.0
35087,7081.0
35088,8322.0
35089,4896.0
35090,5760.0
35091,60508.0
35092,51817.0
35093,4294.0
35094,8442.0
35095,5565.0
35096,20760.0
35097,11428.0
35098,4229.0
35099,4977.0
35100,5657.0
35101,28510.0
35102,16254.0
35103,6502.0
35104,5232.0
35105,11205.0
35106,7326.0
35107,5960.0
35108,5772.0
35109,49725.0
35110,52063.0
35111,11205.0
35112,45995.0
35113,8988.0
35114,2124.0
35115,6521.0
35116,8112.0
35117,36577.0
35118,3026.0
35119,3014.0
35120,46097.0
35121,60160.0
35122,27792.0
35123,4205.0
35124,61873.0
35125,6207.0
35126,55502.0
35127,6329.0
35128,4927.0
35129,2201.0
35130,2480.0
35131,42412.0
35132,62045.0
35133,2124.0
35134,6112.0
35135,31982.0
35136,4792.0
35137,3012.0
35138,4555.0
35139,5491.0
35140,14074.0
35141,2464.0
35142,6479.0
35143,7763.0
35144,7709.0
35145,2410.0
35146,4755.0
35147,47400.5
35148,51457.0
35149,5800.0
35150,5209.0
35151,4357.0
35152,7424.0
35153,51372.0
35154,6271.0
35155,58125.0
35156,3633.0
35157,14889.0
35158,4111.0
35159,5960.0
35160,5954.0
35161,1788.0
35162,22480.0
35163,4339.0
35164,3911.0
35165,69713.0
35166,62617.0
35167,4190.0
35168,51875.0
35169,5955.0
35170,14085.0
35171,62045.0
35172,40369.0
35173,8112.0
35174,2276.0
35175,3819.0
35176,12918.0
35177,62314.0
35178,62045.0
35179,4094.0
35180,4783.0
35181,45883.0
35182,57565.0
35183,5421.0
35184,13182.0
35185,62045.0
35186,5293.0
35187,51707.0
35188,11854.0
35189,2767.0
35190,6489.0
35191,43711.0
35192,6776.0
35193,53512.0
35194,6133.0
35195,4783.0
35196,4105.0
35197,60365.0
35198,57920.0
35199,4501.0
35200,40593.0
35201,4173.0
35202,51707.0
35203,4559.0
35204,62448.0
35205,45883.0
35206,3016.0
35207,9768.0
35208,10037.0
35209,58111.0
35210,4266.0
35211,5012.0
35212,29777.0
35213,58315.0
35214,22368.0
35215,56273.0
35216,11205.0
35217,5033.0
35218,59254.0
35219,67710.0
35220,7957.0
35221,12454.0
35222,5322.0
35223,6412.0
35224,5415.0
35225,4112.0
35226,3282.0
35227,5375.0
35228,22029.0
35229,6122.0
35230,21180.0
35231,27864.0
35232,4555.0
35233,57992.0
35234,4960.0
35235,60508.0
35236,48851.0
35237,4451.0
35238,4272.0
35239,4367.0
35240,4716.0
35241,14793.5
35242,5618.0
35243,3346.0
35244,52063.0
35245,56991.0
35246,2150.0
35247,3090.0
35248,56702.0
35249,58125.0
35250,5918.0
35251,53164.0
35252,5894.0
35253,13372.0
35254,5865.0
35255,60508.0
35256,63889.0
35257,60978.0
35258,6306.0
35259,2723.0
35260,6444.0
35261,5654.0
35262,5177.0
35263,4896.0
35264,13812.5
35265,2651.0
35266,45257.0
35267,7425.0
35268,2124.0
35269,4672.0
35270,69489.0
35271,61049.0
35272,13556.0
35273,6067.0
35274,10069.0
35275,5606.0
35276,2738.0
35277,41314.0
35278,32634.0
35279,49725.0
35280,11205.0
35281,51817.0
35282,59033.0
35283,4249.0
35284,57920.0
35285,2480.0
35286,5267.0
35287,54841.0
35288,3864.0
35289,45156.0
35290,9000.0
35291,42521.0
35292,4496.0
35293,1800.0
35294,58315.0
35295,57393.0
35296,9178.0
35297,3458.0
35298,49207.0
35299,7813.0
35300,6339.0
35301,47657.0
35302,6568.0
35303,5041.0
35304,45144.0
35305,4105.0
35306,11675.0
35307,7900.0
35308,2621.0
35309,41064.0
35310,51697.0
35311,49553.0
35312,4357.0
35313,56590.0
35314,7958.0
35315,5892.0
35316,5915.0
35317,2339.0
35318,1890.0
35319,52063.0
35320,49725.0
35321,2410.0
35322,54777.0
35323,5660.0
35324,8606.0
35325,11139.0
35326,3587.0
35327,6067.0
35328,4926.0
35329,3979.0
35330,60396.0
35331,4368.0
35332,2738.0
35333,56588.0
35334,6437.0
35335,74844.0
35336,53164.0
35337,1776.0
35338,6158.0
35339,7886.0
35340,54608.0
35341,58125.0
35342,7927.0
35343,4139.0
35344,6989.0
35345,4506.0
35346,60508.0
35347,5954.0
35348,46097.0
35349,1890.0
35350,4755.0
35351,4496.0
35352,38099.0
35353,4324.0
35354,7404.0
35355,53743.0
35356,58125.0
35357,9201.0
35358,7366.0
35359,5103.0
35360,6568.0
35361,45883.0
35362,54608.0
35363,3569.0
35364,6888.0
35365,4589.0
35366,4499.0
35367,2476.0
35368,5954.0
35369,6408.0
35370,13871.0
35371,6489.0
35372,2960.0
35373,57565.0
35374,8719.0
35375,67769.0
35376,4111.0
35377,18984.0
35378,8728.0
35379,60396.0
35380,57920.0
35381,54608.0
35382,5536.0
35383,34460.0
35384,28872.0
35385,49725.0
35386,67004.0
35387,38648.0
35388,2203.0
35389,10069.0
35390,4452.0
35391,6287.0
35392,4612.0
35393,45995.0
35394,6122.0
35395,4149.0
35396,22796.0
35397,6489.0
35398,7484.0
35399,6146.0
35400,6262.0
35401,6450.0
35402,16099.0
35403,24122.0
35404,6634.0
35405,56590.0
35406,5103.0
35407,5574.0
35408,4453.0
35409,28510.0
35410,16514.0
35411,3916.0
35412,17021.0
35413,45693.0
35414,72125.0
35415,76941.0
35416,4094.0
35417,9677.0
35418,11409.0
35419,1694.0
35420,2105.0
35421,60396.0
35422,53209.0
35423,56476.0
35424,55983.0
35425,3979.0
35426,2056.0
35427,45883.0
35428,56588.0
35429,7020.0
35430,1890.0
35431,4927.0
35432,54841.0
35433,58223.0
35434,5322.0
35435,60260.0
35436,4933.0
35437,6461.0
35438,58125.0
35439,6389.0
35440,5178.0
35441,10247.0
35442,53164.0
35443,8913.0
35444,5960.0
35445,7862.0
35446,42457.0
35447,4910.0
35448,8386.0
35449,5208.0
35450,6067.0
35451,14524.0
35452,8017.0
35453,8045.0
35454,6711.0
35455,4784.0
35456,5953.0
35457,54777.0
35458,2410.0
35459,11703.0
35460,4637.0
35461,62591.0
35462,7834.0
35463,60396.0
35464,10558.0
35465,51697.0
35466,7484.0
35467,13687.0
35468,10961.0
35469,9000.0
35470,64173.0
35471,32859.0
35472,6461.0
35473,7487.0
35474,50271.0
35475,58315.0
35476,9624.0
35477,12317.0
35478,5949.0
35479,7950.0
35480,6067.0
35481,58125.0
35482,45693.0
35483,4348.0
35484,5606.0
35485,2336.0
35486,5568.0
35487,49613.0
35488,7927.0
35489,3393.0
35490,2700.0
35491,3862.0
35492,6450.0
35493,6873.0
35494,1998.0
35495,34460.0
35496,7488.0
35497,4205.0
35498,9201.0
35499,4436.0
35500,64831.0
35501,50271.0
35502,52063.0
35503,9153.0
35504,3223.0
35505,3994.0
35506,7950.0
35507,41113.0
35508,27792.0
35509,20087.0
35510,57081.0
35511,5380.0
35512,3814.5
35513,4255.0
35514,68303.0
35515,3159.0
35516,4028.0
35517,3098.0
35518,54608.0
35519,2124.0
35520,4414.0
35521,60365.0
35522,4168.0
35523,80566.0
35524,12978.0
35525,69244.0
35526,7642.0
35527,3096.0
35528,11179.0
35529,11284.0
35530,3862.0
35531,8111.0
35532,52287.0
35533,4589.0
35534,9779.0
35535,5101.0
35536,4755.0
35537,8112.0
35538,12049.0
35539,6489.0
35540,6711.0
35541,5177.0
35542,6937.0
35543,7472.0
35544,54841.0
35545,5677.0
35546,67769.0
35547,10425.0
35548,3014.0
35549,39763.0
35550,45257.0
35551,5960.0
35552,56588.0
35553,5060.0
35554,11247.0
35555,56588.0
35556,5772.0
35557,9671.0
35558,14766.0
35559,6568.0
35560,4501.0
35561,68303.0
35562,43865.0
35563,6287.0
35564,6437.0
35565,10059.0
35566,7958.0
35567,2665.0
35568,11346.0
35569,57017.0
35570,8306.0
35571,64831.0
35572,10785.0
35573,2480.0
35574,4789.0
35575,59033.0
35576,5888.0
35577,11139.0
35578,8021.0
35579,4500.0
35580,9602.0
35581,5060.0
35582,37985.0
35583,1551.0
35584,4096.0
35585,31436.0
35586,6271.0
35587,4506.0
35588,5780.0
35589,5178.0
35590,12468.0
35591,3862.0
35592,6568.0
35593,54777.0
35594,39499.0
35595,11827.0
35596,49177.0
35597,69168.0
35598,5289.0
35599,56590.0
35600,4799.0
35601,60365.0
35602,62045.0
35603,10799.0
35604,64285.0
35605,64113.0
35606,5888.0
35607,44280.0
35608,6437.0
35609,7484.0
35610,5040.0
35611,54896.0
35612,60555.0
35613,13254.0
35614,58282.0
35615,6548.0
35616,4073.0
35617,3943.0
35618,5840.0
35619,67004.0
35620,6060.0
35621,27976.0
35622,12054.0
35623,73369.0
35624,52175.0
35625,4000.0
35626,9879.0
35627,12150.0
35628,50957.0
35629,32881.0
35630,61933.0
35631,56588.0
35632,3813.0
35633,37233.0
35634,6292.0
35635,8059.0
35636,5235.0
35637,2665.0
35638,6450.0
35639,13988.0
35640,6276.0
35641,4253.0
35642,10143.0
35643,60508.0
35644,4417.0
35645,5888.0
35646,53071.0
35647,53152.0
35648,51595.0
35649,2410.0
35650,61933.0
35651,9866.0
35652,4111.0
35653,4111.0
35654,5605.0
35655,59827.0
35656,5119.5
35657,3096.0
35658,5584.0
35659,4439.0
35660,5954.0
35661,9201.0
35662,16875.0
35663,76684.0
35664,49177.0
35665,55982.0
35666,11205.0
35667,2124.0
35668,3729.0
35669,10491.0
35670,7426.0
35671,5657.0
35672,5177.0
35673,5178.0
35674,2966.0
35675,16552.0
35676,3334.0
35677,3236.0
35678,2727.0
35679,73369.0
35680,54608.0
35681,6275.0
35682,7373.0
35683,60396.0
35684,61933.0
35685,16318.0
35686,80544.0
35687,2339.0
35688,6450.0
35689,14072.0
35690,12408.0
35691,60508.0
35692,7522.0
35693,55983.0
35694,3393.0
35695,3072.0
35696,50271.0
35697,23385.0
35698,51457.0
35699,70588.0
35700,20760.0
35701,12138.0
35702,8816.0
35703,3916.0
35704,13674.0
35705,51595.0
35706,14620.0
35707,13386.0
35708,72201.0
35709,4116.0
35710,60978.0
35711,49553.0
35712,64831.0
35713,60396.0
35714,12321.0
35715,4284.0
35716,2464.0
35717,2476.0
35718,52287.0
35719,5322.0
35720,4272.0
35721,36700.0
35722,60260.0
35723,4054.0
35724,5007.0
35725,4502.0
35726,5178.0
35727,4294.0
35728,8092.0
35729,6594.0
35730,51817.0
35731,10861.0
35732,47585.0
35733,6292.0
35734,4390.0
35735,9694.0
35736,5418.0
35737,3223.0
35738,56476.0
35739,3219.0
35740,2836.0
35741,5087.0
35742,3971.0
35743,62188.0
35744,6455.0
35745,3720.0
35746,41314.0
35747,9799.0
35748,54343.0
35749,49553.0
35750,18073.0
35751,1694.0
35752,65832.0
35753,5103.0
35754,8111.0
35755,6067.0
35756,2230.0
35757,3569.0
35758,52287.0
35759,11508.0
35760,6067.0
35761,64285.0
35762,7425.0
35763,2132.0
35764,45435.0
35765,4413.0
35766,2343.0
35767,9540.0
35768,59254.0
35769,3862.0
35770,51707.0
35771,5720.0
35772,5017.0
35773,4634.0
35774,3980.0
35775,3864.0
35776,4069.0
35777,43376.0
35778,58125.0
35779,45883.0
35780,11508.0
35781,52175.0
35782,7120.0
35783,4373.0
35784,7488.0
35785,82751.0
35786,6977.0
35787,60160.0
35788,3457.0
35789,49207.0
35790,6044.0
35791,3219.0
35792,81249.0
35793,69244.0
35794,6133.0
35795,4394.0
35796,11691.0
35797,17958.0
35798,4363.0
35799,74844.0
35800,3184.0
35801,3831.0
35802,8631.0
35803,4023.0
35804,74365.0
35805,7959.0
35806,6133.0
35807,56702.0
35808,8589.0
35809,6568.0
35810,4357.0
35811,45257.0
35812,6319.0
35813,3912.0
35814,4262.0
35815,54481.0
35816,7423.0
35817,4672.0
35818,61873.0
35819,5749.0
35820,18640.0
35821,5178.0
35822,5610.0
35823,8539.0
35824,52287.0
35825,5206.0
35826,4452.0
35827,9141.0
35828,3393.0
35829,5939.0
35830,3860.0
35831,2150.0
35832,42457.0
35833,61423.0
35834,6354.0
35835,51697.0
35836,14001.0
35837,38590.0
35838,3621.0
35839,27976.0
35840,11520.0
35841,9284.0
35842,7877.0
35843,3090.0
35844,3379.0
35845,2568.0
35846,3000.0
35847,57939.0
35848,53757.0
35849,6032.0
35850,81519.0
35851,37146.0
35852,7141.0
35853,12054.0
35854,2480.0
35855,51457.0
35856,7740.0
35857,9141.0
35858,4202.0
35859,56588.0
35860,62560.0
35861,6461.0
35862,52063.0
35863,46097.0
35864,8112.0
35865,4585.0
35866,11307.0
35867,80566.0
35868,4833.0
35869,5954.0
35870,5954.0
35871,57453.0
35872,8201.0
35873,4960.0
35874,3393.0
35875,8003.0
35876,8112.0
35877,44144.0
35878,4977.0
35879,6067.0
35880,6109.0
35881,5102.0
35882,5231.0
35883,12150.0
35884,51384.0
35885,7690.0
35886,5760.0
35887,19008.0
35888,4316.0
35889,3389.0
35890,8111.0
35891,7572.0
35892,54608.0
35893,3379.0
35894,61873.0
35895,6398.0
35896,15090.0
35897,4272.0
35898,5177.0
35899,6032.0
35900,6343.0
35901,2098.0
35902,60232.0
35903,54684.0
35904,6048.0
35905,42457.0
35906,91599.0
35907,39682.0
35908,4827.0
35909,3150.0
35910,9588.0
35911,17548.0
35912,2792.0
35913,67141.0
35914,10680.0
35915,7584.0
35916,4601.0
35917,57920.0
35918,9841.0
35919,4656.0
35920,4151.0
35921,56702.0
35922,5227.0
35923,4672.0
35924,18176.0
35925,4637.0
35926,5177.0
35927,3306.0
35928,13474.0
35929,39377.0
35930,5759.0
35931,7877.0
35932,6633.0
35933,4732.0
35934,3999.0
35935,41314.0
35936,4500.0
35937,3665.0
35938,2410.0
35939,7425.0
35940,5632.0
35941,27864.0
35942,5206.0
35943,5892.0
35944,4272.0
35945,73771.0
35946,17739.0
35947,39432.0
35948,1998.0
35949,64173.0
35950,52586.0
35951,2480.0
35952,6593.0
35953,60891.0
35954,88105.0
35955,6082.0
35956,2361.0
35957,41064.0
35958,4071.0
35959,4363.0
35960,5322.0
35961,6489.0
35962,5936.0
35963,31450.0
35964,35510.0
35965,4173.0
35966,60260.0
35967,4439.0
35968,7576.0
35969,6821.0
35970,3707.0
35971,20000.0
35972,7904.0
35973,49725.0
35974,6951.0
35975,11120.0
35976,64744.0
35977,2336.0
35978,51707.0
35979,1830.0
35980,32923.0
35981,32923.0
35982,47408.0
35983,6485.0
35984,7312.0
35985,4263.0
35986,49553.0
35987,11069.0
35988,9201.0
35989,4755.0
35990,8579.0
35991,38286.0
35992,60260.0
35993,5772.0
35994,5293.0
35995,12420.0
35996,12114.0
35997,51707.0
35998,12544.0
35999,4648.0
36000,27792.0
36001,22140.0
36002,7584.0
36003,70431.0
36004,2723.0
36005,2480.0
36006,11310.0
36007,5443.0
36008,5399.0
36009,66201.0
36010,68303.0
36011,24213.0
36012,42457.0
36013,57393.0
36014,12013.0
36015,13536.0
36016,74844.0
36017,4071.0
36018,57529.0
36019,13474.0
36020,6444.0
36021,2737.0
36022,24122.0
36023,6132.0
36024,5310.0
36025,57992.0
36026,13463.0
36027,3723.0
36028,45693.0
36029,6475.0
36030,7576.0
36031,7774.0
36032,8322.0
36033,6568.0
36034,5606.0
36035,6568.0
36036,6499.0
36037,7135.0
36038,4307.0
36039,60260.0
36040,3330.0
36041,3496.0
36042,5420.0
36043,7021.0
36044,37985.0
36045,6450.0
36046,5500.0
36047,9896.0
36048,7593.0
36049,5178.0
36050,5910.0
36051,2208.0
36052,61933.0
36053,51707.0
36054,5780.0
36055,4971.0
36056,5949.0
36057,12260.0
36058,9277.0
36059,5955.0
36060,13103.0
36061,11835.0
36062,56476.0
36063,10744.0
36064,5023.0
36065,5152.0
36066,5424.0
36067,75317.0
36068,4637.0
36069,5289.0
36070,45693.0
36071,51819.0
36072,15414.0
36073,43910.0
36074,1890.0
36075,57565.0
36076,49177.0
36077,7021.0
36078,11353.0
36079,68743.0
36080,5102.0
36081,3357.0
36082,6502.0
36083,6450.0
36084,10744.0
36085,7584.0
36086,74365.0
36087,5943.0
36088,4971.0
36089,8111.0
36090,2723.0
36091,51819.0
36092,7352.0
36093,43910.0
36094,12138.0
36095,51707.0
36096,2361.0
36097,5810.0
36098,51457.0
36099,36577.0
36100,68415.0
36101,1890.0
36102,2201.0
36103,54608.0
36104,8111.0
36105,4755.0
36106,2339.0
36107,8104.0
36108,14627.0
36109,37529.0
36110,11141.0
36111,4979.0
36112,5276.0
36113,16254.0
36114,44144.0
36115,8108.0
36116,4593.0
36117,3571.0
36118,4556.0
36119,73903.0
36120,5054.0
36121,52586.0
36122,10747.0
36123,42457.0
36124,64831.0
36125,3458.0
36126,44540.0
36127,6195.0
36128,2359.0
36129,45672.0
36130,48079.0
36131,1998.0
36132,48851.0
36133,9175.0
36134,60396.0
36135,4069.0
36136,3000.0
36137,4056.0
36138,5943.0
36139,11129.0
36140,60508.0
36141,39321.0
36142,5800.0
36143,2861.0
36144,2621.0
36145,4505.0
36146,44682.0
36147,29764.0
36148,13734.0
36149,7893.0
36150,2900.0
36151,5629.0
36152,6790.0
36153,44144.0
36154,6488.0
36155,11295.0
36156,5852.0
36157,12544.0
36158,5372.0
36159,14264.0
36160,27792.0
36161,64113.0
36162,3999.0
36163,6271.0
36164,5135.0
36165,2359.0
36166,51697.0
36167,6287.0
36168,7695.5
36169,12150.0
36170,5042.0
36171,3471.0
36172,2723.0
36173,51817.0
36174,21242.0
36175,7262.0
36176,60555.0
36177,2336.0
36178,6370.0
36179,3916.0
36180,54777.0
36181,39432.0
36182,59021.0
36183,7469.0
36184,7959.0
36185,62591.0
36186,29094.0
36187,7866.0
36188,5177.0
36189,9676.0
36190,53743.0
36191,2339.0
36192,2480.0
36193,3140.0
36194,39555.0
36195,6617.0
36196,5102.0
36197,5742.0
36198,5182.0
36199,3357.0
36200,39321.0
36201,6037.0
36202,4387.0
36203,6611.0
36204,49553.0
36205,45257.0
36206,57920.0
36207,6977.0
36208,8641.0
36209,8140.0
36210,6461.0
36211,5833.0
36212,4589.0
36213,67094.0
36214,53152.0
36215,51875.0
36216,9178.0
36217,11695.0
36218,44405.0
36219,56476.0
36220,59021.0
36221,63889.0
36222,10073.0
36223,2994.0
36224,5606.0
36225,3330.0
36226,6224.0
36227,42521.0
36228,8478.0
36229,60508.0
36230,4056.0
36231,32923.0
36232,6133.0
36233,3999.0
36234,66129.0
36235,51875.0
36236,11803.0
36237,10575.0
36238,5960.0
36239,32646.0
36240,77849.0
36241,79853.0
36242,61933.0
36243,2339.0
36244,5625.0
36245,3862.0
36246,2250.0
36247,5289.0
36248,45693.0
36249,52175.0
36250,6067.0
36251,49465.0
36252,54841.0
36253,42521.0
36254,6172.0
36255,6092.0
36256,6461.0
36257,8391.0
36258,74911.0
36259,8408.0
36260,5173.0
36261,2903.0
36262,7877.0
36263,77196.0
36264,5892.0
36265,3096.0
36266,13054.0
36267,2836.0
36268,72356.0
36269,5937.0
36270,3633.0
36271,7135.0
36272,3521.0
36273,13325.0
36274,51457.0
36275,17621.0
36276,4111.0
36277,51697.0
36278,39847.0
36279,11739.0
36280,10757.0
36281,4649.0
36282,7170.0
36283,5410.0
36284,5859.0
36285,4827.0
36286,1998.0
36287,6161.0
36288,6161.0
36289,3806.0
36290,7877.0
36291,76612.0
36292,8685.0
36293,12885.0
36294,74844.0
36295,6776.0
36296,7469.0
36297,72776.0
36298,7221.0
36299,3393.0
36300,51457.0
36301,4263.0
36302,2203.0
36303,8233.0
36304,10523.0
36305,44144.0
36306,4709.0
36307,60978.0
36308,49725.0
36309,5954.0
36310,55983.0
36311,7927.0
36312,20979.0
36313,59537.0
36314,6022.0
36315,4096.0
36316,7703.0
36317,54481.0
36318,54608.0
36319,5805.0
36320,4612.0
36321,53743.0
36322,3379.0
36323,8111.0
36324,6067.0
36325,2150.0
36326,5322.0
36327,11110.0
36328,10155.0
36329,45995.0
36330,10570.0
36331,9971.0
36332,60978.0
36333,7054.0
36334,7240.0
36335,3357.0
36336,3519.0
36337,10687.0
36338,5708.0
36339,6170.0
36340,8112.0
36341,51697.0
36342,5771.0
36343,5232.0
36344,3916.0
36345,55983.0
36346,4337.0
36347,62591.0
36348,45693.0
36349,3223.0
36350,7091.0
36351,2132.0
36352,6395.0
36353,13026.0
36354,2124.0
36355,4173.0
36356,10849.0
36357,28510.0
36358,8697.0
36359,5937.0
36360,5724.0
36361,53164.0
36362,56702.0
36363,76681.0
36364,4500.0
36365,2835.0
36366,7871.0
36367,3546.0
36368,51707.0
36369,56590.0
36370,55136.5
36371,34460.0
36372,6017.0
36373,5943.0
36374,5780.0
36375,5761.0
36376,50868.0
36377,12007.0
36378,62524.0
36379,29764.0
36380,13534.0
36381,4499.0
36382,45883.0
36383,5818.0
36384,6133.0
36385,57405.0
36386,4564.0
36387,10851.0
36388,6458.0
36389,2723.0
36390,2074.0
36391,6195.0
36392,5949.0
36393,5102.0
36394,13001.0
36395,4979.0
36396,9577.0
36397,2737.0
36398,57529.0
36399,9146.0
36400,6389.0
36401,6450.0
36402,3622.0
36403,3014.0
36404,6109.0
36405,39555.0
36406,41101.0
36407,62188.0
36408,4524.0
36409,73369.0
36410,5177.0
36411,6408.0
36412,45257.0
36413,4827.0
36414,27864.0
36415,4417.0
36416,49177.0
36417,2327.0
36418,4161.0
36419,38099.0
36420,4000.0
36421,3393.0
36422,60508.0
36423,3194.0
36424,39499.0
36425,4779.0
36426,4416.0
36427,2050.0
36428,5954.0
36429,28510.0
36430,55377.0
36431,60508.0
36432,5037.0
36433,2327.0
36434,11698.0
36435,4118.0
36436,51372.0
36437,6634.0
36438,3072.0
36439,54684.0
36440,4056.0
36441,59332.0
36442,45805.0
36443,5574.0
36444,12166.0
36445,19089.0
36446,5178.0
36447,47217.0
36448,4380.0
36449,7412.0
36450,1654.0
36451,48079.0
36452,50271.0
36453,17860.0
36454,69001.0
36455,4348.0
36456,5761.0
36457,49725.0
36458,53209.0
36459,3916.0
36460,62591.0
36461,1714.0
36462,49725.0
36463,6502.0
36464,4202.0
36465,8240.0
36466,5892.0
36467,5761.0
36468,13419.0
36469,55983.0
36470,66021.0
36471,11129.0
36472,51707.0
36473,9998.0
36474,6294.0
36475,38099.0
36476,5018.0
36477,7338.0
36478,42457.0
36479,46097.0
36480,60978.0
36481,57920.0
36482,16843.0
36483,5360.0
36484,44280.0
36485,3000.0
36486,6308.0
36487,6177.0
36488,50473.0
36489,7958.0
36490,7584.0
36491,11383.0
36492,4453.0
36493,42457.0
36494,4338.0
36495,5322.0
36496,6205.0
36497,66928.0
36498,54896.0
36499,5322.0
36500,60508.0
36501,43376.0
36502,78400.0
36503,4452.0
36504,27976.0
36505,45693.0
36506,6389.0
36507,51595.0
36508,54896.0
36509,5955.0
36510,11520.0
36511,9639.0
36512,2613.0
36513,3015.0
36514,1830.0
36515,10848.0
36516,5415.0
36517,13926.0
36518,4827.0
36519,41269.0
36520,5761.0
36521,6568.0
36522,36980.0
36523,9899.0
36524,5953.0
36525,64831.0
36526,6711.0
36527,5955.0
36528,7081.0
36529,5954.0
36530,55983.0
36531,6578.0
36532,3831.0
36533,6200.0
36534,10018.0
36535,8177.0
36536,3520.0
36537,52392.0
36538,4339.0
36539,6578.0
36540,3015.0
36541,54608.0
36542,45185.0
36543,5678.0
36544,4896.0
36545,2410.0
36546,6238.0
36547,57074.0
36548,3860.0
36549,10462.0
36550,53209.0
36551,4792.0
36552,7237.0
36553,57565.0
36554,9840.0
36555,11520.0
36556,4672.0
36557,5126.0
36558,3374.0
36559,10557.0
36560,6133.0
36561,51457.0
36562,4667.0
36563,62067.0
36564,3999.0
36565,6488.0
36566,3354.0
36567,5102.0
36568,6568.0
36569,10680.0
36570,4230.0
36571,64113.0
36572,55377.0
36573,3048.0
36574,82205.0
36575,45805.0
36576,3574.0
36577,3450.0
36578,1998.0
36579,5289.0
36580,56476.0
36581,42521.0
36582,6578.0
36583,6489.0
36584,4496.0
36585,12518.0
36586,4111.0
36587,7869.0
36588,8112.0
36589,3437.0
36590,48795.0
36591,60365.0
36592,4927.0
36593,55087.0
36594,13641.0
36595,4548.0
36596,2250.0
36597,6395.0
36598,32923.0
36599,12768.0
36600,15204.0
36601,11520.0
36602,12978.0
36603,5942.0
36604,2606.5
36605,9359.0
36606,12571.0
36607,15123.0
36608,57505.0
36609,11675.0
36610,6363.0
36611,5177.0
36612,12166.0
36613,68507.0
36614,3014.0
36615,3015.0
36616,5102.0
36617,7705.0
36618,52175.0
36619,54841.0
36620,54684.0
36621,7150.0
36622,53164.0
36623,53152.0
36624,83797.0
36625,54684.0
36626,2750.0
36627,4678.0
36628,7425.0
36629,6502.0
36630,3466.0
36631,56702.0
36632,58970.0
36633,66077.0
36634,20760.0
36635,12223.0
36636,4979.0
36637,4896.0
36638,5955.0
36639,53164.0
36640,10358.0
36641,7877.0
36642,21627.0
36643,10425.0
36644,3564.0
36645,67004.0
36646,4209.0
36647,3379.0
36648,4033.0
36649,9730.0
36650,4149.0
36651,66928.0
36652,6568.0
36653,9074.0
36654,5226.0
36655,62188.0
36656,52287.0
36657,4447.0
36658,5761.0
36659,7662.0
36660,13935.0
36661,6461.0
36662,13339.0
36663,8696.0
36664,32859.0
36665,7221.0
36666,51707.0
36667,6200.0
36668,4000.0
36669,9899.0
36670,6195.0
36671,52175.0
36672,7656.0
36673,65942.0
36674,12424.0
36675,54684.0
36676,7908.0
36677,37985.0
36678,5339.0
36679,5780.0
36680,40593.0
36681,7136.0
36682,53152.0
36683,4687.0
36684,11941.0
36685,12544.0
36686,11796.0
36687,2723.0
36688,10469.0
36689,6990.0
36690,2336.0
36691,60396.0
36692,48079.0
36693,39783.0
36694,5320.0
36695,49613.0
36696,45883.0
36697,8133.0
36698,3457.0
36699,53743.0
36700,2336.0
36701,11048.0
36702,4339.0
36703,72692.0
36704,6532.0
36705,67004.0
36706,32923.0
36707,6973.0
36708,2124.0
36709,6765.0
36710,41113.0
36711,5761.0
36712,6109.0
36713,4099.0
36714,4896.0
36715,5465.0
36716,5954.0
36717,74844.0
36718,4499.0
36719,10018.0
36720,7958.0
36721,5949.0
36722,4612.0
36723,4559.0
36724,53152.0
36725,4547.0
36726,5178.0
36727,23838.0
36728,6133.0
36729,8936.0
36730,7190.0
36731,55983.0
36732,4262.0
36733,7469.0
36734,3862.0
36735,4672.0
36736,44280.0
36737,4392.0
36738,4836.0
36739,13840.0
36740,57920.0
36741,5987.0
36742,74844.0
36743,60508.0
36744,11205.0
36745,56590.0
36746,61933.0
36747,7763.0
36748,4020.0
36749,13105.0
36750,8447.0
36751,2966.0
36752,5955.0
36753,49553.0
36754,6169.0
36755,7417.0
36756,2056.0
36757,10123.0
36758,7474.0
36759,5322.0
36760,51819.0
36761,5622.0
36762,11069.0
36763,9998.0
36764,4452.0
36765,4327.0
36766,1998.0
36767,3001.0
36768,61933.0
36769,6235.0
36770,51595.0
36771,47545.0
36772,67004.0
36773,2339.0
36774,46097.0
36775,10680.0
36776,4263.0
36777,54608.0
36778,7488.0
36779,3014.0
36780,5937.0
36781,14355.0
36782,1443.0
36783,4658.0
36784,2050.0
36785,41113.0
36786,6132.0
36787,5937.0
36788,17794.0
36789,3127.0
36790,7950.0
36791,11389.0
36792,6067.0
36793,51707.0
36794,3357.0
36795,2395.0
36796,2057.0
36797,3393.0
36798,62045.0
36799,3423.0
36800,3253.0
36801,45257.0
36802,19913.0
36803,1714.0
36804,6292.0
36805,2339.0
36806,11365.0
36807,5949.0
36808,52392.0
36809,7927.0
36810,9113.0
36811,3595.0
36812,3243.0
36813,54608.0
36814,4230.0
36815,54896.0
36816,3810.0
36817,2098.0
36818,57565.0
36819,62188.0
36820,11367.0
36821,41064.0
36822,47408.0
36823,3685.0
36824,4111.0
36825,4000.0
36826,55983.0
36827,3940.0
36828,5632.0
36829,5178.0
36830,62045.0
36831,3571.0
36832,50271.0
36833,6296.0
36834,7496.0
36835,6252.0
36836,45600.0
36837,2100.0
36838,51707.0
36839,55377.0
36840,64173.0
36841,5206.0
36842,5100.0
36843,3646.0
36844,49553.0
36845,2646.0
36846,66077.0
36847,51345.0
36848,30630.0
36849,6024.0
36850,7950.0
36851,2409.0
36852,13103.0
36853,49613.0
36854,23424.0
36855,49725.0
36856,5203.0
36857,45805.0
36858,3570.0
36859,53164.0
36860,51457.0
36861,47217.0
36862,6754.0
36863,10018.0
36864,3778.0
36865,4357.0
36866,6248.0
36867,5960.0
36868,51457.0
36869,4863.0
36870,6867.0
36871,49725.0
36872,4071.0
36873,47586.0
36874,6488.0
36875,54684.0
36876,6450.0
36877,6437.0
36878,64285.0
36879,74480.0
36880,20822.0
36881,2900.0
36882,14658.0
36883,10483.0
36884,4896.0
36885,5685.0
36886,56702.0
36887,27792.0
36888,16286.0
36889,4141.0
36890,11625.0
36891,56273.0
36892,4613.0
36893,10438.0
36894,4132.0
36895,9092.0
36896,10155.0
36897,6262.0
36898,4485.0
36899,56273.0
36900,37658.0
36901,4028.0
36902,6027.0
36903,6450.0
36904,6082.0
36905,4272.0
36906,4433.0
36907,5817.0
36908,51817.0
36909,7708.0
36910,9840.0
36911,4449.0
36912,60260.0
36913,7473.0
36914,53152.0
36915,3916.0
36916,4453.0
36917,45185.0
36918,3346.0
36919,6711.0
36920,3999.0
36921,2336.0
36922,4784.0
36923,52287.0
36924,64249.0
36925,1714.0
36926,2700.0
36927,1714.0
36928,7110.0
36929,3916.0
36930,5145.0
36931,6583.0
36932,7423.0
36933,49896.0
36934,49613.0
36935,5949.0
36936,60396.0
36937,5823.0
36938,4027.0
36939,9100.0
36940,5102.0
36941,2723.0
36942,49725.0
36943,3968.0
36944,57405.0
36945,4453.0
36946,6966.0
36947,49553.0
36948,6238.0
36949,8043.0
36950,11367.0
36951,4658.0
36952,3999.0
36953,56702.0
36954,48795.0
36955,3090.0
36956,13524.0
36957,3948.0
36958,52175.0
36959,6489.0
36960,4284.0
36961,4979.0
36962,3393.0
36963,16276.0
36964,12570.0
36965,8111.0
36966,3940.0
36967,11129.0
36968,9840.0
36969,15667.0
36970,54608.0
36971,54684.0
36972,8286.0
36973,11100.0
36974,5603.0
36975,1548.0
36976,54841.0
36977,62448.0
36978,3393.0
36979,4149.0
36980,6461.0
36981,59357.0
36982,4672.0
36983,6195.0
36984,35490.0
36985,12990.0
36986,51707.0
36987,4170.0
36988,6601.0
36989,2738.0
36990,18387.0
36991,10743.0
36992,2477.0
36993,77329.0
36994,6568.0
36995,3707.0
36996,49725.0
36997,32923.0
36998,10967.0
36999,44144.0
37000,51817.0
37001,51819.0
37002,51707.0
37003,3862.0
37004,6159.0
37005,8548.0
37006,3357.0
37007,5857.0
37008,75721.0
37009,60508.0
37010,6271.0
37011,4387.0
37012,5881.0
37013,7106.0
37014,13122.0
37015,2074.0
37016,4221.0
37017,67769.0
37018,49613.0
37019,4755.0
37020,60508.0
37021,1776.0
37022,5697.0
37023,4173.0
37024,5179.0
37025,67769.0
37026,2111.0
37027,5232.0
37028,42457.0
37029,47429.0
37030,45805.0
37031,6568.0
37032,64969.0
37033,5949.0
37034,14784.0
37035,62045.0
37036,11508.0
37037,4660.0
37038,69997.0
37039,7959.0
37040,1443.0
37041,49613.0
37042,4168.0
37043,66063.0
37044,2339.0
37045,8805.0
37046,6543.0
37047,56943.0
37048,8589.0
37049,79069.0
37050,5120.0
37051,54608.0
37052,5677.0
37053,36565.0
37054,7412.0
37055,2276.0
37056,69168.0
37057,55983.0
37058,12224.0
37059,61873.0
37060,3090.0
37061,60508.0
37062,13241.0
37063,6932.0
37064,5915.0
37065,60260.0
37066,4564.0
37067,4934.0
37068,74844.0
37069,2124.0
37070,6306.0
37071,49553.0
37072,8954.0
37073,3521.0
37074,5619.0
37075,56702.0
37076,12400.0
37077,4229.0
37078,3843.0
37079,10608.0
37080,44144.0
37081,13188.0
37082,7021.0
37083,5102.0
37084,35586.0
37085,4600.0
37086,54608.0
37087,4071.0
37088,4499.0
37089,52287.0
37090,46097.0
37091,13728.0
37092,5943.0
37093,56588.0
37094,4954.0
37095,54896.0
37096,81585.0
37097,6271.0
37098,5102.0
37099,6488.0
37100,9226.0
37101,4979.0
37102,17829.0
37103,3862.0
37104,7424.0
37105,4337.0
37106,5174.0
37107,14396.0
37108,4367.0
37109,6489.0
37110,5126.0
37111,4111.0
37112,4213.0
37113,63362.0
37114,7412.0
37115,84896.0
37116,5441.0
37117,6383.0
37118,3720.0
37119,29825.0
37120,7910.0
37121,80544.0
37122,4082.0
37123,7025.0
37124,5417.0
37125,6395.0
37126,6468.0
37127,27864.0
37128,82908.0
37129,48948.0
37130,4111.0
37131,6593.0
37132,32923.0
37133,7488.0
37134,3466.0
37135,5622.0
37136,6159.0
37137,6816.0
37138,11129.0
37139,5322.0
37140,67004.0
37141,10575.0
37142,10018.0
37143,7173.0
37144,4663.0
37145,45805.0
37146,52287.0
37147,4173.0
37148,5206.0
37149,5812.0
37150,4281.0
37151,55983.0
37152,6097.0
37153,5178.0
37154,4501.0
37155,7767.0
37156,2464.0
37157,64249.0
37158,49177.0
37159,13524.0
37160,9779.0
37161,11299.0
37162,2700.0
37163,72268.0
37164,5235.0
37165,2464.0
37166,66928.0
37167,6490.0
37168,4585.0
37169,5632.0
37170,4496.0
37171,6067.0
37172,60074.0
37173,60508.0
37174,6344.0
37175,54896.0
37176,4111.0
37177,12305.0
37178,4205.0
37179,60978.0
37180,9017.0
37181,5939.0
37182,11653.0
37183,32859.0
37184,18753.0
37185,49725.0
37186,15393.0
37187,11205.0
37188,40593.0
37189,3763.0
37190,5761.0
37191,3569.0
37192,5333.0
37193,2465.0
37194,4807.0
37195,6568.0
37196,4416.0
37197,1714.0
37198,4769.0
37199,7352.0
37200,9513.0
37201,4755.0
37202,60508.0
37203,3862.0
37204,6711.0
37205,20298.0
37206,4581.0
37207,45672.0
37208,8676.0
37209,8978.0
37210,4724.0
37211,52287.0
37212,3572.0
37213,9277.0
37214,12276.0
37215,3050.0
37216,54684.0
37217,10785.0
37218,1776.0
37219,7352.0
37220,49725.0
37221,3788.0
37222,4663.0
37223,8837.0
37224,54115.0
37225,6461.0
37226,7709.0
37227,52063.0
37228,36700.0
37229,14686.0
37230,13728.0
37231,11069.0
37232,6437.0
37233,5017.0
37234,32420.0
37235,6578.0
37236,6437.0
37237,7784.0
37238,69168.0
37239,3665.0
37240,23424.0
37241,4780.0
37242,2409.0
37243,64285.0
37244,51457.0
37245,5950.0
37246,4338.0
37247,54115.0
37248,60232.0
37249,24234.0
37250,82553.0
37251,4498.0
37252,62188.0
37253,10802.0
37254,14766.0
37255,4658.0
37256,5949.0
37257,1830.0
37258,4671.0
37259,6553.0
37260,6554.0
37261,15498.0
37262,8088.0
37263,17844.0
37264,12054.0
37265,2410.0
37266,60396.0
37267,3096.0
37268,49613.0
37269,5670.0
37270,2827.0
37271,29777.0
37272,6578.0
37273,44013.0
37274,9933.0
37275,2201.0
37276,49725.0
37277,24215.0
37278,49725.0
37279,4594.0
37280,6450.0
37281,4756.0
37282,5040.0
37283,2201.0
37284,44405.0
37285,6389.0
37286,1998.0
37287,3223.0
37288,2098.0
37289,56588.0
37290,51707.0
37291,2723.0
37292,4810.0
37293,4833.0
37294,6172.0
37295,5953.0
37296,5177.0
37297,4496.0
37298,6084.0
37299,51817.0
37300,7426.0
37301,19586.0
37302,2738.0
37303,9153.0
37304,72237.0
37305,8568.0
37306,3090.0
37307,69168.0
37308,4637.0
37309,45693.0
37310,4589.0
37311,28312.0
37312,78383.0
37313,6869.0
37314,5943.0
37315,7908.0
37316,11520.0
37317,6873.0
37318,9680.0
37319,11843.0
37320,4500.0
37321,6275.0
37322,2339.0
37323,12118.0
37324,9605.0
37325,53499.0
37326,10744.0
37327,5322.0
37328,42521.0
37329,52287.0
37330,54115.0
37331,5818.0
37332,4499.0
37333,4784.0
37334,5918.0
37335,10248.0
37336,3306.0
37337,2994.0
37338,3090.0
37339,16653.0
37340,5178.0
37341,22084.0
37342,5960.0
37343,4672.0
37344,6158.0
37345,53499.0
37346,5949.0
37347,3999.0
37348,15615.0
37349,13935.0
37350,12150.0
37351,11129.0
37352,41269.0
37353,2336.0
37354,47585.0
37355,11021.0
37356,3330.0
37357,7496.0
37358,17794.0
37359,41269.0
37360,11888.0
37361,2228.0
37362,6461.0
37363,3862.0
37364,7900.0
37365,11216.0
37366,1788.0
37367,61404.0
37368,14627.0
37369,60260.0
37370,4173.0
37371,3979.0
37372,27976.0
37373,7425.0
37374,7958.0
37375,76684.0
37376,27792.0
37377,53082.0
37378,21103.0
37379,8111.0
37380,57081.0
37381,6324.0
37382,14954.0
37383,7425.0
37384,49725.0
37385,60260.0
37386,3911.0
37387,44144.0
37388,6510.0
37389,7352.0
37390,6048.0
37391,4357.0
37392,3282.0
37393,12003.0
37394,4209.0
37395,3720.0
37396,32923.0
37397,44405.0
37398,44144.0
37399,57992.0
37400,7721.0
37401,59021.0
37402,11129.0
37403,7900.0
37404,4613.0
37405,66234.0
37406,5937.0
37407,10618.0
37408,57405.0
37409,12222.0
37410,3393.0
37411,51595.0
37412,1998.0
37413,5670.0
37414,3788.0
37415,79461.0
37416,39783.0
37417,7484.0
37418,3521.0
37419,64113.0
37420,64285.0
37421,3275.0
37422,3860.0
37423,49553.0
37424,7927.0
37425,8375.0
37426,6985.0
37427,19501.0
37428,3423.0
37429,8478.0
37430,22152.0
37431,52287.0
37432,4000.0
37433,4570.0
37434,6324.0
37435,6461.0
37436,3496.0
37437,55502.0
37438,13095.0
37439,10069.0
37440,3782.0
37441,5220.0
37442,45693.0
37443,56702.0
37444,5918.0
37445,71117.0
37446,4357.0
37447,4499.0
37448,45805.0
37449,2738.0
37450,7269.0
37451,6270.0
37452,5949.0
37453,2480.0
37454,17428.5
37455,5810.0
37456,60260.0
37457,48289.0
37458,3127.0
37459,23484.0
37460,4477.0
37461,4111.0
37462,12854.0
37463,3374.0
37464,62045.0
37465,41269.0
37466,5206.0
37467,10469.0
37468,3597.0
37469,4789.0
37470,10680.0
37471,8111.0
37472,6489.0
37473,11052.0
37474,7551.0
37475,5888.0
37476,6434.5
37477,6524.0
37478,2051.0
37479,4099.0
37480,60508.0
37481,2339.0
37482,43697.0
37483,2480.0
37484,5293.0
37485,6109.0
37486,53835.0
37487,4338.0
37488,61985.0
37489,9412.0
37490,60160.0
37491,6584.0
37492,44144.0
37493,54684.0
37494,4672.0
37495,55377.0
37496,24056.0
37497,3175.0
37498,48851.0
37499,58125.0
37500,6450.0
37501,57181.0
37502,11294.0
37503,7353.0
37504,4294.0
37505,2230.0
37506,5441.0
37507,51384.0
37508,7004.0
37509,70588.0
37510,87746.0
37511,7196.0
37512,5563.0
37513,3512.0
37514,3096.0
37515,3096.0
37516,5292.0
37517,2835.0
37518,7489.0
37519,39321.0
37520,53164.0
37521,79069.0
37522,3826.0
37523,16140.0
37524,8442.0
37525,17739.0
37526,3813.0
37527,78870.0
37528,72671.0
37529,6968.0
37530,68303.0
37531,13830.0
37532,17604.0
37533,5153.0
37534,9840.0
37535,8816.0
37536,4977.0
37537,2339.0
37538,5949.0
37539,4111.0
37540,9433.0
37541,7934.0
37542,49725.0
37543,6724.0
37544,4792.0
37545,8034.0
37546,13200.0
37547,5102.0
37548,9055.0
37549,2336.0
37550,7112.0
37551,9966.0
37552,6450.0
37553,5102.0
37554,5169.0
37555,6690.0
37556,17256.0
37557,60396.0
37558,49613.0
37559,17621.0
37560,9501.0
37561,4348.0
37562,69001.0
37563,12408.0
37564,5549.0
37565,12579.0
37566,12926.0
37567,2456.0
37568,52287.0
37569,3090.0
37570,53645.0
37571,2966.0
37572,62617.0
37573,7584.0
37574,3754.0
37575,3397.0
37576,11497.0
37577,5342.0
37578,3090.0
37579,4337.0
37580,6502.0
37581,21285.0
37582,5606.0
37583,3457.0
37584,29992.0
37585,1551.0
37586,11664.0
37587,52175.0
37588,57990.0
37589,10248.0
37590,4811.0
37591,68184.0
37592,53152.0
37593,7988.0
37594,1714.0
37595,26296.0
37596,2723.0
37597,2336.0
37598,49725.0
37599,53743.0
37600,13524.0
37601,53164.0
37602,6770.0
37603,4715.0
37604,5761.0
37605,53164.0
37606,7484.0
37607,4338.0
37608,11676.0
37609,2336.0
37610,1788.0
37611,3013.0
37612,3379.0
37613,2339.0
37614,39321.0
37615,5954.0
37616,9349.0
37617,38099.0
37618,3971.0
37619,5042.0
37620,5882.0
37621,5632.0
37622,18893.0
37623,6450.0
37624,3220.0
37625,3100.0
37626,6568.0
37627,4847.0
37628,4913.0
37629,4678.0
37630,53164.0
37631,57920.0
37632,34681.0
37633,5761.0
37634,41101.0
37635,5892.0
37636,6296.0
37637,4001.0
37638,11520.0
37639,5293.0
37640,7539.0
37641,39377.0
37642,51372.0
37643,39377.0
37644,4656.0
37645,63577.0
37646,6466.0
37647,4755.0
37648,4979.0
37649,9371.0
37650,5232.0
37651,7877.0
37652,4417.0
37653,7423.0
37654,4501.0
37655,4099.0
37656,9121.0
37657,4863.0
37658,10061.0
37659,64204.0
37660,57565.0
37661,1830.0
37662,62042.5
37663,53152.0
37664,12210.0
37665,49725.0
37666,16391.0
37667,4363.0
37668,8186.0
37669,5956.0
37670,54608.0
37671,2436.0
37672,5525.0
37673,4629.0
37674,11127.0
37675,4449.0
37676,14178.0
37677,47585.0
37678,45883.0
37679,34460.0
37680,5134.0
37681,10783.0
37682,3671.0
37683,20684.0
37684,54481.0
37685,3961.0
37686,5875.0
37687,53209.0
37688,51819.0
37689,68507.0
37690,4524.0
37691,5675.0
37692,4809.0
37693,23208.0
37694,69168.0
37695,5958.0
37696,3621.0
37697,5017.0
37698,41269.0
37699,44144.0
37700,5014.0
37701,57081.0
37702,23576.0
37703,5292.0
37704,50409.0
37705,4919.0
37706,3247.0
37707,57005.0
37708,4325.0
37709,9201.0
37710,7635.0
37711,6450.0
37712,49553.0
37713,51595.0
37714,38099.0
37715,2835.0
37716,3621.0
37717,3733.0
37718,2465.0
37719,2463.0
37720,41113.0
37721,6568.0
37722,4983.0
37723,31436.0
37724,4151.0
37725,5102.0
37726,3014.0
37727,55983.0
37728,3385.0
37729,57565.0
37730,7221.0
37731,7425.0
37732,52287.0
37733,7959.0
37734,4496.0
37735,48079.0
37736,6489.0
37737,3127.0
37738,68317.0
37739,6461.0
37740,2203.0
37741,44144.0
37742,7279.0
37743,5289.0
37744,49613.0
37745,4158.0
37746,4452.0
37747,3090.0
37748,17996.0
37749,56891.0
37750,5033.0
37751,4500.0
37752,35490.0
37753,7959.0
37754,49613.0
37755,48795.0
37756,5569.0
37757,7352.0
37758,47585.0
37759,57081.0
37760,3831.0
37761,49725.0
37762,4464.0
37763,62045.0
37764,4056.0
37765,4896.0
37766,23523.0
37767,54841.0
37768,60396.0
37769,1830.0
37770,44280.0
37771,5177.0
37772,56476.0
37773,24122.0
37774,5960.0
37775,5293.0
37776,3999.0
37777,54608.0
37778,5888.0
37779,10802.0
37780,9272.0
37781,53152.0
37782,51345.0
37783,25600.0
37784,54841.0
37785,67769.0
37786,44144.0
37787,2361.0
37788,9855.0
37789,16803.0
37790,66928.0
37791,10849.0
37792,13814.0
37793,2359.0
37794,7446.0
37795,7683.0
37796,5358.0
37797,58315.0
37798,7284.0
37799,3862.0
37800,3219.0
37801,7021.0
37802,10009.0
37803,32230.0
37804,63277.0
37805,57081.0
37806,51707.0
37807,64285.0
37808,7412.0
37809,6120.0
37810,19908.0
37811,79181.0
37812,2327.0
37813,4087.0
37814,9136.0
37815,84756.0
37816,12605.0
37817,18103.0
37818,2203.0
37819,47395.0
37820,3140.0
37821,44144.0
37822,60396.0
37823,3621.0
37824,4896.0
37825,6578.0
37826,4111.0
37827,5700.0
37828,2150.0
37829,2343.0
37830,5220.0
37831,2276.0
37832,5798.0
37833,15543.0
37834,3990.0
37835,3381.0
37836,4827.0
37837,6442.0
37838,6186.0
37839,68317.0
37840,63277.0
37841,32347.0
37842,5632.0
37843,55750.0
37844,4453.0
37845,9201.0
37846,41741.0
37847,7494.0
37848,6075.0
37849,3393.0
37850,3330.0
37851,7404.0
37852,4416.0
37853,70714.0
37854,6082.0
37855,61971.0
37856,13629.0
37857,4755.0
37858,58394.0
37859,4658.0
37860,6461.0
37861,5949.0
37862,6578.0
37863,8694.0
37864,60160.0
37865,4316.0
37866,2343.0
37867,3354.0
37868,63218.0
37869,15762.0
37870,3571.0
37871,45883.0
37872,5176.0
37873,11108.0
37874,56588.0
37875,5857.0
37876,47217.0
37877,60508.0
37878,2051.0
37879,6461.0
37880,4896.0
37881,5949.0
37882,43376.0
37883,5322.0
37884,12807.0
37885,7338.0
37886,14280.0
37887,11520.0
37888,3000.0
37889,9840.0
37890,50969.0
37891,5772.0
37892,10575.0
37893,3987.0
37894,49177.0
37895,6353.0
37896,11129.0
37897,3855.0
37898,5960.0
37899,11258.0
37900,3610.0
37901,6717.0
37902,5176.0
37903,8401.0
37904,6502.0
37905,4979.0
37906,2339.0
37907,6292.0
37908,10586.0
37909,59290.0
37910,11853.0
37911,5606.0
37912,13132.0
37913,4173.0
37914,43910.0
37915,23838.0
37916,5232.0
37917,6122.0
37918,3916.0
37919,2476.0
37920,56588.0
37921,1788.0
37922,13626.0
37923,45693.0
37924,5912.0
37925,7104.0
37926,42457.0
37927,52287.0
37928,6275.0
37929,59033.0
37930,7410.0
37931,2480.0
37932,54608.0
37933,4007.0
37934,43729.0
37935,5040.0
37936,14565.0
37937,5100.0
37938,2637.0
37939,4570.0
37940,11205.0
37941,4896.0
37942,8965.0
37943,4755.0
37944,21213.0
37945,51707.0
37946,84793.0
37947,7950.0
37948,7072.0
37949,53743.0
37950,3334.0
37951,39555.0
37952,57057.0
37953,6450.0
37954,6534.0
37955,4555.0
37956,56991.0
37957,11205.0
37958,3971.0
37959,74754.0
37960,23898.0
37961,23944.0
37962,2960.0
37963,3993.0
37964,5598.0
37965,3971.0
37966,6473.0
37967,8063.0
37968,5656.0
37969,8111.0
37970,53209.0
37971,3998.0
37972,10292.0
37973,41064.0
37974,6825.0
37975,11247.0
37976,5139.0
37977,1694.0
37978,2994.0
37979,51707.0
37980,2339.0
37981,54684.0
37982,4827.0
37983,5760.0
37984,29580.0
37985,78047.0
37986,6617.0
37987,11129.0
37988,6032.0
37989,4556.0
37990,45672.0
37991,5322.0
37992,63027.0
37993,12920.0
37994,4000.0
37995,4646.0
37996,44280.0
37997,11153.0
37998,9840.0
37999,4209.0
38000,5177.0
38001,1998.0
38002,5677.0
38003,5843.0
38004,5102.0
38005,3393.0
38006,11069.0
38007,1105.0
38008,43376.0
38009,6723.0
38010,5632.0
38011,3999.0
38012,51875.0
38013,2124.0
38014,5224.0
38015,53185.0
38016,52715.0
38017,12700.0
38018,6568.0
38019,6488.0
38020,9324.0
38021,6634.0
38022,4674.0
38023,5817.0
38024,1830.0
38025,16210.0
38026,9141.0
38027,6710.0
38028,32646.0
38029,67004.0
38030,4427.0
38031,4672.0
38032,3108.0
38033,4170.0
38034,57057.0
38035,10006.0
38036,1977.0
38037,4672.0
38038,2464.0
38039,2395.0
38040,58315.0
38041,3393.0
38042,56702.0
38043,3100.0
38044,56702.0
38045,44144.0
38046,4266.0
38047,61933.0
38048,6488.0
38049,16518.0
38050,9767.0
38051,8276.0
38052,5857.0
38053,4230.0
38054,7053.0
38055,6634.0
38056,57081.0
38057,5772.0
38058,4658.0
38059,6568.0
38060,6437.0
38061,71044.0
38062,6510.0
38063,20684.0
38064,66290.0
38065,55377.0
38066,7612.0
38067,11545.0
38068,4134.0
38069,4007.0
38070,7613.0
38071,4500.0
38072,53835.0
38073,53152.0
38074,6287.0
38075,6690.0
38076,5953.0
38077,7903.0
38078,1924.0
38079,14487.0
38080,3184.0
38081,4165.0
38082,20139.0
38083,17683.0
38084,7135.0
38085,5923.0
38086,4007.0
38087,7159.0
38088,6308.0
38089,50271.0
38090,4170.0
38091,4000.0
38092,3916.0
38093,6977.0
38094,37985.0
38095,9201.0
38096,6195.0
38097,3720.0
38098,39499.0
38099,3475.0
38100,9879.0
38101,5985.0
38102,15000.0
38103,5950.0
38104,53743.0
38105,62448.0
38106,53164.0
38107,2228.0
38108,7412.0
38109,4527.0
38110,7877.0
38111,52175.0
38112,80077.0
38113,74880.0
38114,56702.0
38115,24056.0
38116,3992.0
38117,3610.0
38118,72361.0
38119,49207.0
38120,49553.0
38121,60978.0
38122,6578.0
38123,5960.0
38124,12813.0
38125,45995.0
38126,4316.0
38127,49553.0
38128,5949.0
38129,4506.0
38130,60508.0
38131,9798.0
38132,4453.0
38133,3000.0
38134,77120.0
38135,5174.0
38136,5236.5
38137,60396.0
38138,8260.0
38139,52522.0
38140,2201.0
38141,11675.0
38142,3987.0
38143,4111.0
38144,1830.0
38145,44280.0
38146,11783.0
38147,7950.0
38148,4287.0
38149,3845.0
38150,4827.0
38151,63163.0
38152,9866.0
38153,22140.0
38154,13128.0
38155,9734.0
38156,80626.0
38157,5690.0
38158,54684.0
38159,6324.0
38160,45883.0
38161,5148.0
38162,6568.0
38163,3772.0
38164,2476.0
38165,9879.0
38166,14544.0
38167,44280.0
38168,7021.0
38169,3911.0
38170,62524.0
38171,54608.0
38172,4173.0
38173,55377.0
38174,16212.0
38175,3685.0
38176,4908.0
38177,5275.0
38178,36565.0
38179,6461.0
38180,25579.0
38181,3988.0
38182,5222.0
38183,5771.0
38184,5176.0
38185,4165.0
38186,6319.0
38187,45185.0
38188,52063.0
38189,27072.0
38190,14936.0
38191,2098.0
38192,4452.0
38193,4506.0
38194,3632.0
38195,5805.0
38196,6639.0
38197,52287.0
38198,62255.0
38199,6122.0
38200,51384.0
38201,42521.0
38202,5949.0
38203,5843.0
38204,37888.0
38205,6284.0
38206,1714.0
38207,15393.0
38208,61933.0
38209,3951.0
38210,15017.0
38211,13524.0
38212,13428.0
38213,7425.0
38214,4846.0
38215,4501.0
38216,4245.0
38217,6067.0
38218,8107.0
38219,6568.0
38220,2463.0
38221,60260.0
38222,14889.0
38223,64831.0
38224,4559.0
38225,5685.0
38226,44144.0
38227,38099.0
38228,49896.0
38229,46097.0
38230,2339.0
38231,3595.0
38232,3467.0
38233,4491.0
38234,7243.0
38235,9153.0
38236,7021.0
38237,7487.0
38238,58125.0
38239,5343.0
38240,6578.0
38241,5033.0
38242,5740.0
38243,13188.0
38244,5954.0
38245,60508.0
38246,29094.0
38247,39321.0
38248,11919.0
38249,6695.0
38250,4896.0
38251,7175.0
38252,11205.0
38253,45257.0
38254,11129.0
38255,9591.0
38256,44144.0
38257,18531.0
38258,6450.0
38259,7136.0
38260,36700.0
38261,5042.0
38262,2857.0
38263,4001.0
38264,60232.0
38265,3424.0
38266,2900.0
38267,4769.0
38268,69168.0
38269,55983.0
38270,7958.0
38271,6450.0
38272,60232.0
38273,2124.0
38274,5348.0
38275,30080.0
38276,8527.0
38277,51372.0
38278,5178.0
38279,8534.0
38280,73388.0
38281,56943.0
38282,55377.0
38283,2480.0
38284,56588.0
38285,8719.0
38286,45883.0
38287,60260.0
38288,5293.0
38289,32859.0
38290,4456.0
38291,4896.0
38292,10828.0
38293,2201.0
38294,6568.0
38295,5632.0
38296,69885.0
38297,20979.0
38298,13103.0
38299,5685.0
38300,51372.0
38301,4756.0
38302,5956.0
38303,2903.0
38304,5060.0
38305,7221.0
38306,44280.0
38307,54684.0
38308,5835.0
38309,53937.0
38310,65529.0
38311,69168.0
38312,11448.0
38313,3988.0
38314,7522.0
38315,62524.0
38316,2480.0
38317,5883.0
38318,49207.0
38319,5955.0
38320,4672.0
38321,5135.0
38322,34460.0
38323,4792.0
38324,7412.0
38325,53645.0
38326,41064.0
38327,4239.0
38328,14733.0
38329,52175.0
38330,3471.0
38331,4266.0
38332,27976.0
38333,5227.0
38334,82877.0
38335,57920.0
38336,2465.0
38337,4202.0
38338,13020.0
38339,4111.0
38340,49207.0
38341,72268.0
38342,12990.0
38343,82257.0
38344,4979.0
38345,4491.0
38346,51817.0
38347,7730.0
38348,10425.0
38349,6389.0
38350,17243.0
38351,6292.0
38352,7950.0
38353,3000.0
38354,5502.0
38355,5017.0
38356,5955.0
38357,3862.0
38358,51057.0
38359,1551.0
38360,45805.0
38361,3000.0
38362,32923.0
38363,2464.0
38364,61899.0
38365,1714.0
38366,57081.0
38367,5293.0
38368,7021.0
38369,5771.0
38370,3223.0
38371,51817.0
38372,41314.0
38373,4020.0
38374,69997.0
38375,57920.0
38376,10478.0
38377,2074.0
38378,7639.0
38379,11205.0
38380,62591.0
38381,59033.0
38382,16420.0
38383,6395.0
38384,74754.0
38385,12791.0
38386,1551.0
38387,5960.0
38388,60508.0
38389,56590.0
38390,69244.0
38391,3336.0
38392,7635.0
38393,17604.0
38394,4452.0
38395,5953.0
38396,40593.0
38397,57920.0
38398,6450.0
38399,2480.0
38400,7426.0
38401,13103.0
38402,57920.0
38403,44432.0
38404,52175.0
38405,60260.0
38406,62448.0
38407,5026.0
38408,4998.0
38409,60508.0
38410,2974.0
38411,27792.0
38412,6158.0
38413,10731.0
38414,68303.0
38415,16212.0
38416,53164.0
38417,57920.0
38418,9277.0
38419,60508.0
38420,9277.0
38421,5102.0
38422,42457.0
38423,36980.0
38424,6964.0
38425,4969.0
38426,2105.0
38427,6276.0
38428,13410.0
38429,7487.0
38430,5102.0
38431,1551.0
38432,7576.0
38433,16408.0
38434,3357.0
38435,15183.0
38436,3932.0
38437,25600.0
38438,57453.0
38439,5750.0
38440,2723.0
38441,14670.0
38442,3000.0
38443,3381.0
38444,3592.0
38445,5954.0
38446,69244.0
38447,14723.0
38448,5888.0
38449,44144.0
38450,5441.0
38451,32646.0
38452,47545.0
38453,51707.0
38454,20534.0
38455,3379.0
38456,3988.0
38457,3989.0
38458,60260.0
38459,45883.0
38460,1890.0
38461,4417.0
38462,7900.0
38463,3867.0
38464,51595.0
38465,5688.0
38466,9419.0
38467,2201.0
38468,4139.0
38469,3379.0
38470,12138.0
38471,7487.0
38472,4830.0
38473,2477.0
38474,5760.0
38475,51372.0
38476,51345.0
38477,45693.0
38478,49916.0
38479,7338.0
38480,2436.0
38481,66063.0
38482,27864.0
38483,55502.0
38484,4704.0
38485,4192.0
38486,54777.0
38487,8111.0
38488,45185.0
38489,56588.0
38490,2250.0
38491,2723.0
38492,12791.0
38493,53743.0
38494,61899.0
38495,5950.0
38496,37526.0
38497,7560.0
38498,7228.0
38499,3381.0
38500,51817.0
38501,4501.0
38502,13812.5
38503,6577.0
38504,6158.0
38505,6502.0
38506,1998.0
38507,6067.0
38508,3015.0
38509,3971.0
38510,2723.0
38511,11520.0
38512,44144.0
38513,5724.0
38514,62255.0
38515,39623.0
38516,3862.0
38517,10127.0
38518,41281.0
38519,3191.0
38520,1105.0
38521,6109.0
38522,6395.0
38523,6461.0
38524,6488.0
38525,3177.0
38526,5927.0
38527,5840.0
38528,51817.0
38529,51819.0
38530,24488.0
38531,5892.0
38532,7412.0
38533,4049.0
38534,15180.0
38535,66129.0
38536,9736.0
38537,51457.0
38538,2203.0
38539,2477.0
38540,6489.0
38541,61161.0
38542,50271.0
38543,4556.0
38544,5949.0
38545,13182.0
38546,40593.0
38547,8799.0
38548,1714.0
38549,54608.0
38550,5771.0
38551,4939.0
38552,62045.0
38553,18996.0
38554,59021.0
38555,4499.0
38556,5102.0
38557,44144.0
38558,28510.0
38559,68317.0
38560,61933.0
38561,5696.0
38562,6017.0
38563,10822.0
38564,7610.0
38565,4276.0
38566,12524.0
38567,3379.0
38568,4469.0
38569,4499.0
38570,74880.0
38571,5949.0
38572,6734.0
38573,41314.0
38574,9870.0
38575,16514.0
38576,2201.0
38577,12075.0
38578,3393.0
38579,3885.0
38580,7957.0
38581,5276.0
38582,60978.0
38583,3379.0
38584,10757.0
38585,6161.0
38586,41113.0
38587,4979.0
38588,51707.0
38589,4048.0
38590,6711.0
38591,4503.0
38592,58282.0
38593,54777.0
38594,49884.0
38595,11520.0
38596,2150.0
38597,6122.0
38598,4348.0
38599,3951.0
38600,4354.0
38601,3754.0
38602,5942.0
38603,4660.0
38604,4501.0
38605,62188.0
38606,4111.0
38607,84222.0
38608,6825.0
38609,45600.0
38610,59033.0
38611,3846.0
38612,15617.0
38613,2966.0
38614,4564.0
38615,10222.0
38616,5017.0
38617,2201.0
38618,6458.0
38619,3945.0
38620,4564.0
38621,5805.0
38622,3000.0
38623,4969.0
38624,3999.0
38625,11783.0
38626,6627.0
38627,3999.0
38628,5806.0
38629,8596.0
38630,7263.0
38631,41974.0
38632,69244.0
38633,20373.0
38634,8679.0
38635,6345.0
38636,56273.0
38637,4028.0
38638,5941.0
38639,44144.0
38640,12658.0
38641,5761.0
38642,4027.0
38643,37985.0
38644,4658.0
38645,64285.0
38646,4357.0
38647,1714.0
38648,10523.0
38649,11383.0
38650,5060.0
38651,44280.0
38652,6067.0
38653,29764.0
38654,3971.0
38655,59357.0
38656,13083.0
38657,47585.0
38658,3990.0
38659,49725.0
38660,49725.0
38661,58125.0
38662,2124.0
38663,6109.0
38664,6169.0
38665,2050.0
38666,42521.0
38667,4000.0
38668,6395.0
38669,2228.0
38670,5339.0
38671,70095.0
38672,27864.0
38673,4111.0
38674,3001.0
38675,4111.0
38676,6977.0
38677,6845.0
38678,9470.0
38679,4111.0
38680,9723.0
38681,64173.0
38682,3100.0
38683,54608.0
38684,51595.0
38685,5792.0
38686,6946.0
38687,7484.0
38688,18304.0
38689,6985.0
38690,44144.0
38691,5177.0
38692,4165.0
38693,4499.0
38694,6699.0
38695,1105.0
38696,5102.0
38697,4496.0
38698,36712.0
38699,5060.0
38700,51372.0
38701,50271.0
38702,3371.0
38703,3437.0
38704,7466.0
38705,5276.0
38706,6186.0
38707,22152.0
38708,47286.5
38709,6067.0
38710,1755.0
38711,5388.0
38712,7958.0
38713,5677.0
38714,7763.0
38715,10961.0
38716,4080.0
38717,5792.0
38718,59649.0
38719,7774.0
38720,8055.0
38721,2939.0
38722,5659.0
38723,3986.0
38724,6568.0
38725,6786.0
38726,5368.0
38727,4496.0
38728,3437.0
38729,49992.0
38730,43910.0
38731,7612.0
38732,58125.0
38733,2074.0
38734,5102.0
38735,6022.0
38736,49207.0
38737,2901.0
38738,56476.0
38739,2410.0
38740,4634.0
38741,4505.0
38742,54608.0
38743,7425.0
38744,45693.0
38745,61023.0
38746,7021.0
38747,2201.0
38748,3243.0
38749,2366.0
38750,54115.0
38751,3153.0
38752,57017.0
38753,4259.0
38754,2464.0
38755,4672.0
38756,6082.0
38757,9778.0
38758,2476.0
38759,12544.0
38760,1998.0
38761,11164.0
38762,62591.0
38763,35554.0
38764,50271.0
38765,74015.0
38766,53645.0
38767,4499.0
38768,3393.0
38769,13608.0
38770,51819.0
38771,6313.0
38772,22152.0
38773,7466.0
38774,13830.0
38775,55377.0
38776,11069.0
38777,15146.0
38778,4387.0
38779,89979.0
38780,6287.0
38781,4262.0
38782,10849.0
38783,53209.0
38784,65529.0
38785,11100.0
38786,9113.0
38787,5513.0
38788,3185.0
38789,49613.0
38790,18268.0
38791,3000.0
38792,6489.0
38793,11678.0
38794,5954.0
38795,56588.0
38796,1998.0
38797,4363.0
38798,10733.0
38799,4099.0
38800,7617.0
38801,74127.0
38802,45805.0
38803,5159.0
38804,2250.0
38805,50957.0
38806,6611.0
38807,5960.0
38808,59254.0
38809,3302.0
38810,16863.0
38811,6268.0
38812,5760.0
38813,5955.0
38814,12086.0
38815,9837.0
38816,47205.0
38817,6450.0
38818,11520.0
38819,15543.0
38820,54684.0
38821,3012.0
38822,3862.0
38823,3754.0
38824,54777.0
38825,5219.0
38826,2477.0
38827,66155.0
38828,45156.0
38829,51457.0
38830,75721.0
38831,24056.0
38832,57920.0
38833,4556.0
38834,51707.0
38835,52175.0
38836,12605.0
38837,6578.0
38838,9093.0
38839,12538.0
38840,4499.0
38841,12880.0
38842,54896.0
38843,44144.0
38844,10217.0
38845,2410.0
38846,4453.0
38847,27864.0
38848,49553.0
38849,3336.0
38850,9377.0
38851,53835.0
38852,5958.0
38853,6314.0
38854,44144.0
38855,5823.0
38856,5352.0
38857,7879.0
38858,1998.0
38859,6292.0
38860,12978.0
38861,62524.0
38862,6195.0
38863,2614.0
38864,6740.0
38865,56991.0
38866,5754.0
38867,6438.0
38868,60396.0
38869,9201.0
38870,54896.0
38871,7212.0
38872,2329.0
38873,3988.0
38874,49725.0
38875,67004.0
38876,74480.0
38877,49207.0
38878,27792.0
38879,4724.0
38880,5932.0
38881,49613.0
38882,5507.0
38883,14808.0
38884,15368.0
38885,81736.0
38886,5232.0
38887,22140.0
38888,57081.0
38889,5915.0
38890,6248.0
38891,3393.0
38892,4501.0
38893,12249.0
38894,4202.0
38895,93069.0
38896,53209.0
38897,17996.0
38898,65405.0
38899,41064.0
38900,3754.0
38901,4559.0
38902,6578.0
38903,3090.0
38904,41281.0
38905,3926.0
38906,12780.0
38907,42457.0
38908,13629.0
38909,12007.0
38910,3393.0
38911,5871.0
38912,11205.0
38913,9353.0
38914,87489.0
38915,3689.0
38916,4502.0
38917,62067.0
38918,53743.0
38919,2339.0
38920,5177.0
38921,13054.0
38922,8089.0
38923,45693.0
38924,5103.0
38925,4272.0
38926,10243.0
38927,57353.0
38928,4867.0
38929,2124.0
38930,3568.0
38931,60074.0
38932,51817.0
38933,5790.0
38934,2637.0
38935,6287.0
38936,11469.0
38937,4019.0
38938,52175.0
38939,2098.0
38940,10058.0
38941,64113.0
38942,62591.0
38943,7927.0
38944,4819.0
38945,47657.0
38946,9555.0
38947,7286.0
38948,14899.0
38949,5619.0
38950,66063.0
38951,11247.0
38952,5125.0
38953,6568.0
38954,4165.0
38955,4499.0
38956,4672.0
38957,12658.0
38958,4436.0
38959,5937.0
38960,60508.0
38961,4173.0
38962,6067.0
38963,63226.0
38964,60260.0
38965,3024.0
38966,7487.0
38967,2410.0
38968,7814.0
38969,4019.0
38970,7950.0
38971,4612.0
38972,6443.0
38973,4099.0
38974,5101.0
38975,2228.0
38976,5955.0
38977,3072.0
38978,2339.0
38979,56058.0
38980,51405.0
38981,6067.0
38982,32859.0
38983,14985.0
38984,37985.0
38985,60260.0
38986,9788.0
38987,5410.0
38988,3627.0
38989,51707.0
38990,6109.0
38991,6491.0
38992,5038.0
38993,53743.0
38994,6867.0
38995,7212.0
38996,47657.0
38997,10199.0
38998,17094.0
38999,5187.0
39000,5322.0
39001,68112.0
39002,67004.0
39003,6461.0
39004,3096.0
39005,57920.0
39006,11028.0
39007,62188.0
39008,51457.0
39009,8489.0
39010,8111.0
39011,53937.0
39012,7423.0
39013,4401.0
39014,51707.0
39015,3911.0
39016,60396.0
39017,45883.0
39018,3773.0
39019,54896.0
39020,51819.0
39021,5943.0
39022,7212.0
39023,14954.0
39024,4593.0
39025,54684.0
39026,6375.0
39027,60365.0
39028,5761.0
39029,4653.0
39030,5294.0
39031,42457.0
39032,3826.0
39033,5060.0
39034,49553.0
39035,74480.0
39036,57103.0
39037,6488.0
39038,5617.0
39039,57992.0
39040,6578.0
39041,3971.0
39042,6108.0
39043,5177.0
39044,44144.0
39045,53743.0
39046,5007.0
39047,10117.0
39048,7426.0
39049,4209.0
39050,7489.0
39051,65529.0
39052,6578.0
39053,6297.0
39054,74956.0
39055,7474.0
39056,52287.0
39057,11508.0
39058,12321.0
39059,5136.0
39060,5098.0
39061,5780.0
39062,9201.0
39063,49553.0
39064,8201.0
39065,5954.0
39066,49725.0
39067,2150.0
39068,44280.0
39069,6172.0
39070,5888.0
39071,3762.0
39072,11577.0
39073,41314.0
39074,3568.0
39075,53152.0
39076,5954.0
39077,20760.0
39078,64173.0
39079,54684.0
39080,9168.0
39081,61273.0
39082,5293.0
39083,4979.0
39084,6892.0
39085,57920.0
39086,54777.0
39087,51650.0
39088,84557.0
39089,1890.0
39090,6200.0
39091,4266.0
39092,4453.0
39093,8938.0
39094,7412.0
39095,3177.0
39096,5950.0
39097,11456.0
39098,6390.0
39099,6869.0
39100,9510.0
39101,4413.0
39102,4499.0
39103,5178.0
39104,68739.0
39105,7813.0
39106,7562.0
39107,6542.0
39108,4617.0
39109,7466.0
39110,5102.0
39111,6132.0
39112,51707.0
39113,75721.0
39114,6597.0
39115,9113.0
39116,2966.0
39117,5337.0
39118,15233.0
39119,4756.0
39120,2476.0
39121,49553.0
39122,7145.0
39123,65405.0
39124,68739.0
39125,3819.0
39126,5918.0
39127,56588.0
39128,4048.0
39129,65457.0
39130,42457.0
39131,2228.0
39132,52175.0
39133,3754.0
39134,4756.0
39135,6457.0
39136,7917.0
39137,5955.0
39138,3393.0
39139,4111.0
39140,8111.0
39141,4672.0
39142,58315.0
39143,4165.0
39144,7135.0
39145,8112.0
39146,31902.0
39147,4500.0
39148,6119.0
39149,8111.0
39150,7518.0
39151,37985.0
39152,12003.0
39153,1890.0
39154,4457.0
39155,11129.0
39156,7774.0
39157,61238.0
39158,6489.0
39159,12570.0
39160,2201.0
39161,6073.0
39162,1776.0
39163,10058.0
39164,3862.0
39165,3288.0
39166,4789.0
39167,45693.0
39168,4500.0
39169,52287.0
39170,49725.0
39171,32859.0
39172,44144.0
39173,6510.0
39174,4390.0
39175,11205.0
39176,6009.0
39177,4663.0
39178,5342.0
39179,4755.0
39180,4020.0
39181,12978.0
39182,51707.0
39183,56702.0
39184,4496.0
39185,10799.0
39186,45257.0
39187,3568.0
39188,6448.0
39189,6568.0
39190,4613.0
39191,6578.0
39192,4417.0
39193,7425.0
39194,10680.0
39195,10680.0
39196,2738.0
39197,4302.0
39198,4099.0
39199,5772.0
39200,4672.0
39201,8883.0
39202,32923.0
39203,56702.0
39204,3813.0
39205,5093.0
39206,47585.0
39207,5185.0
39208,2124.0
39209,3754.0
39210,56702.0
39211,7145.0
39212,4827.0
39213,7751.0
39214,14533.0
39215,60555.0
39216,25118.0
39217,6048.0
39218,13474.0
39219,3607.0
39220,5253.0
39221,54115.0
39222,1105.0
39223,3153.0
39224,11129.0
39225,3282.0
39226,4500.0
39227,62255.0
39228,13653.0
39229,7656.0
39230,19376.0
39231,4434.0
39232,7097.0
39233,7487.0
39234,60978.0
39235,48795.0
39236,55087.0
39237,1776.0
39238,3621.0
39239,41314.0
39240,62524.0
39241,5907.0
39242,12150.0
39243,6845.0
39244,4262.0
39245,5040.0
39246,5772.0
39247,4827.0
39248,9324.0
39249,50969.0
39250,6474.0
39251,54169.0
39252,12000.0
39253,29622.0
39254,11469.0
39255,36700.0
39256,12873.0
39257,6109.0
39258,45883.0
39259,3381.0
39260,34472.0
39261,13830.0
39262,5943.0
39263,3478.0
39264,3621.0
39265,2339.0
39266,9277.0
39267,57565.0
39268,4099.0
39269,4500.0
39270,5761.0
39271,10902.0
39272,41101.0
39273,5888.0
39274,57081.0
39275,5507.0
39276,7804.0
39277,54608.0
39278,7774.0
39279,7172.0
39280,3862.0
39281,4357.0
39282,14861.0
39283,13168.0
39284,6821.0
39285,8803.0
39286,11129.0
39287,62448.0
39288,57081.0
39289,39321.0
39290,54684.0
39291,5949.0
39292,6207.0
39293,7352.0
39294,3093.0
39295,4757.0
39296,5441.0
39297,5177.0
39298,51372.0
39299,6133.0
39300,10744.0
39301,16210.0
39302,11919.0
39303,4687.0
39304,16414.0
39305,41113.0
39306,3349.0
39307,3279.0
39308,12138.0
39309,3361.0
39310,65529.0
39311,27864.0
39312,54684.0
39313,8116.0
39314,5657.0
39315,9141.0
39316,17439.0
39317,11520.0
39318,7212.0
39319,13303.0
39320,41064.0
39321,13944.0
39322,2476.0
39323,61464.0
39324,11675.0
39325,2339.0
39326,4165.0
39327,2792.0
39328,5014.0
39329,72125.0
39330,52287.0
39331,60978.0
39332,51372.0
39333,60978.0
39334,4498.0
39335,63577.0
39336,64005.0
39337,21843.5
39338,4219.0
39339,20000.0
39340,8224.0
39341,79369.0
39342,4585.0
39343,5954.0
39344,57992.0
39345,2621.0
39346,4979.0
39347,53937.0
39348,2336.0
39349,60508.0
39350,5037.0
39351,51819.0
39352,1830.0
39353,39555.0
39354,15512.0
39355,8927.0
39356,21669.0
39357,51457.0
39358,2124.0
39359,2410.0
39360,49725.0
39361,6186.0
39362,16446.0
39363,73334.0
39364,8148.0
39365,16254.0
39366,3324.0
39367,3754.0
39368,12812.0
39369,7126.0
39370,5823.0
39371,69713.0
39372,63053.0
39373,45883.0
39374,36936.0
39375,4658.0
39376,4413.0
39377,3911.0
39378,56588.0
39379,60508.0
39380,9735.0
39381,14880.0
39382,22152.0
39383,11059.0
39384,65832.0
39385,3817.0
39386,2051.0
39387,51817.0
39388,51595.0
39389,4454.0
39390,4612.0
39391,2056.0
39392,6072.0
39393,6407.0
39394,5465.0
39395,57565.0
39396,60260.0
39397,39321.0
39398,7425.0
39399,9798.0
39400,5018.0
39401,6128.0
39402,5937.0
39403,7021.0
39404,4502.0
39405,41281.0
39406,11456.0
39407,5485.0
39408,9277.0
39409,5103.0
39410,61933.0
39411,5040.0
39412,7584.0
39413,5788.0
39414,52586.0
39415,3754.0
39416,49725.0
39417,7982.0
39418,7484.0
39419,23898.0
39420,60508.0
39421,4073.0
39422,52063.0
39423,32420.0
39424,20285.0
39425,56588.0
39426,6067.0
39427,3234.0
39428,8112.0
39429,5560.0
39430,57017.0
39431,3979.0
39432,2621.0
39433,59106.0
39434,1776.0
39435,6262.0
39436,56588.0
39437,13200.0
39438,45672.0
39439,4149.0
39440,8728.0
39441,52287.0
39442,29764.0
39443,6690.0
39444,49553.0
39445,3362.0
39446,52522.0
39447,6133.0
39448,3862.0
39449,2124.0
39450,69168.0
39451,44280.0
39452,6186.0
39453,12348.0
39454,3334.0
39455,11479.0
39456,55087.0
39457,60978.0
39458,37244.0
39459,8070.0
39460,52570.0
39461,67421.0
39462,66021.0
39463,2339.0
39464,60160.0
39465,6450.0
39466,4477.0
39467,45672.0
39468,2694.0
39469,18710.0
39470,49613.0
39471,3654.0
39472,6287.0
39473,5817.0
39474,22152.0
39475,41064.0
39476,45805.0
39477,40843.0
39478,8719.0
39479,4249.0
39480,6240.0
39481,36712.0
39482,61583.0
39483,12114.0
39484,8089.0
39485,1788.0
39486,7845.0
39487,11129.0
39488,50271.0
39489,4962.0
39490,5955.0
39491,5943.0
39492,8854.0
39493,3570.0
39494,7241.0
39495,2861.0
39496,7031.0
39497,14002.0
39498,57017.0
39499,7484.0
39500,41064.0
39501,7484.0
39502,60978.0
39503,66511.0
39504,52063.0
39505,20874.0
39506,1543.0
39507,41101.0
39508,52715.0
39509,3000.0
39510,4020.0
39511,49553.0
39512,4499.0
39513,60260.0
39514,5293.0
39515,51875.0
39516,5232.0
39517,57920.0
39518,16278.0
39519,6909.0
39520,4732.0
39521,1105.0
39522,2436.0
39523,9201.0
39524,4790.0
39525,37417.0
39526,5441.0
39527,3000.0
39528,12778.0
39529,39377.0
39530,4568.0
39531,4909.0
39532,9403.0
39533,11069.0
39534,35490.0
39535,2568.0
39536,5441.0
39537,4230.0
39538,4585.0
39539,59537.0
39540,4363.0
39541,5104.0
39542,7420.0
39543,40296.0
39544,41064.0
39545,4452.0
39546,42457.0
39547,14014.0
39548,2124.0
39549,4961.0
39550,51707.0
39551,72828.0
39552,4097.0
39553,11069.0
39554,7579.0
39555,6692.0
39556,4933.0
39557,53743.0
39558,29764.0
39559,4413.0
39560,14686.0
39561,10018.0
39562,3999.0
39563,6195.0
39564,54273.0
39565,6444.0
39566,50271.0
39567,60396.0
39568,1890.0
39569,7584.0
39570,36980.0
39571,4439.0
39572,3349.0
39573,9201.0
39574,56588.0
39575,5632.0
39576,3948.0
39577,9277.0
39578,1776.0
39579,6122.0
39580,2464.0
39581,9893.0
39582,4706.0
39583,6195.0
39584,9745.0
39585,2336.0
39586,4846.0
39587,18026.0
39588,7922.0
39589,4979.0
39590,55377.0
39591,53152.0
39592,54684.0
39593,6271.0
39594,5955.0
39595,45097.0
39596,6542.0
39597,4979.0
39598,38099.0
39599,6461.0
39600,12920.0
39601,13474.0
39602,49613.0
39603,4202.0
39604,62045.0
39605,11205.0
39606,6277.0
39607,4555.0
39608,15521.0
39609,7768.0
39610,5177.0
39611,2056.0
39612,2339.0
39613,54896.0
39614,53743.0
39615,47586.0
39616,2050.0
39617,5218.0
39618,27864.0
39619,56590.0
39620,58125.0
39621,13514.0
39622,60555.0
39623,4452.0
39624,51697.0
39625,20291.0
39626,10425.0
39627,4387.0
39628,9668.0
39629,3998.0
39630,60978.0
39631,54608.0
39632,2750.0
39633,50271.0
39634,51697.0
39635,5888.0
39636,5754.0
39637,12086.0
39638,4593.0
39639,11319.0
39640,61873.0
39641,55684.0
39642,47585.0
39643,7570.0
39644,13524.0
39645,52586.0
39646,69885.0
39647,11129.0
39648,2124.0
39649,1549.0
39650,51707.0
39651,5441.0
39652,2201.0
39653,32646.0
39654,11698.0
39655,62045.0
39656,5857.0
39657,1830.0
39658,4028.0
39659,2477.0
39660,8719.0
39661,4589.0
39662,4501.0
39663,4478.0
39664,3361.0
39665,5915.0
39666,57393.0
39667,4499.0
39668,5943.0
39669,42521.0
39670,5037.0
39671,4027.0
39672,32923.0
39673,3584.0
39674,5206.0
39675,4556.0
39676,3843.0
39677,49992.0
39678,4827.0
39679,8391.0
39680,5708.0
39681,4337.0
39682,7584.0
39683,5942.0
39684,6450.0
39685,10018.0
39686,62188.0
39687,8112.0
39688,5949.0
39689,5398.0
39690,7950.0
39691,50751.0
39692,54115.0
39693,42746.0
39694,6324.0
39695,7081.0
39696,11129.0
39697,3149.0
39698,6128.0
39699,4896.0
39700,6578.0
39701,16286.0
39702,4548.0
39703,6568.0
39704,60508.0
39705,4500.0
39706,5954.0
39707,5955.0
39708,7004.0
39709,5441.0
39710,6195.0
39711,2124.0
39712,9534.0
39713,4526.0
39714,3423.0
39715,4048.0
39716,49207.0
39717,53499.0
39718,18758.0
39719,3940.0
39720,6132.0
39721,4672.0
39722,6395.0
39723,6172.0
39724,2482.0
39725,5322.0
39726,5132.0
39727,4678.0
39728,12210.0
39729,52287.0
39730,8640.0
39731,85061.0
39732,51875.0
39733,11383.0
39734,56991.0
39735,51817.0
39736,4796.0
39737,7950.0
39738,12440.0
39739,4755.0
39740,10058.0
39741,3855.0
39742,7221.0
39743,49207.0
39744,8258.0
39745,85801.0
39746,3860.0
39747,9875.0
39748,38043.0
39749,6717.0
39750,3826.0
39751,72783.0
39752,31982.0
39753,4896.0
39754,6389.0
39755,45185.0
39756,5953.0
39757,4209.0
39758,50271.0
39759,9206.0
39760,57920.0
39761,48795.0
39762,6542.0
39763,5949.0
39764,5960.0
39765,32646.0
39766,42457.0
39767,54684.0
39768,4491.0
39769,47408.0
39770,5761.0
39771,4979.0
39772,4793.0
39773,5892.0
39774,2339.0
39775,6502.0
39776,4613.0
39777,57992.0
39778,4732.0
39779,51819.0
39780,25470.0
39781,6578.0
39782,39377.0
39783,7982.0
39784,11310.0
39785,51345.0
39786,4111.0
39787,14985.0
39788,5441.0
39789,4814.0
39790,11069.0
39791,5289.0
39792,2212.0
39793,5667.0
39794,6133.0
39795,53512.0
39796,12454.0
39797,7192.0
39798,60396.0
39799,5325.0
39800,77120.0
39801,53164.0
39802,7412.0
39803,6324.0
39804,56273.0
39805,53364.0
39806,58125.0
39807,9278.0
39808,4939.0
39809,12210.0
39810,4599.0
39811,5772.0
39812,6132.0
39813,8112.0
39814,1714.0
39815,66063.0
39816,10425.0
39817,4687.0
39818,9201.0
39819,66928.0
39820,12660.0
39821,5667.0
39822,4149.0
39823,6731.0
39824,49613.0
39825,5622.0
39826,7361.0
39827,2723.0
39828,6489.0
39829,60365.0
39830,7763.0
39831,5632.0
39832,19605.0
39833,8029.0
39834,3362.0
39835,14994.0
39836,5101.0
39837,68743.0
39838,6287.0
39839,2410.0
39840,4499.0
39841,4515.0
39842,14314.0
39843,50361.0
39844,4028.0
39845,4496.0
39846,62188.0
39847,38099.0
39848,5232.0
39849,5375.0
39850,45693.0
39851,5388.0
39852,60555.0
39853,5193.0
39854,2994.0
39855,60396.0
39856,10260.0
39857,54608.0
39858,49613.0
39859,11139.0
39860,6461.0
39861,56588.0
39862,4000.0
39863,57081.0
39864,6544.0
39865,8112.0
39866,5949.0
39867,7466.0
39868,3090.0
39869,5888.0
39870,4253.0
39871,3543.0
39872,3090.0
39873,2723.0
39874,2476.0
39875,60978.0
39876,4631.0
39877,11129.0
39878,13411.0
39879,54841.0
39880,5606.0
39881,7488.0
39882,11675.0
39883,6082.0
39884,27792.0
39885,7212.0
39886,5823.0
39887,2276.0
39888,44280.0
39889,22152.0
39890,84838.0
39891,3090.0
39892,49613.0
39893,45600.0
39894,4071.0
39895,7081.0
39896,55377.0
39897,2738.0
39898,5177.0
39899,4007.0
39900,5590.0
39901,27976.0
39902,5618.0
39903,5080.0
39904,4202.0
39905,49725.0
39906,5206.0
39907,6195.0
39908,10680.0
39909,53152.0
39910,16593.0
39911,54684.0
39912,5098.0
39913,2228.0
39914,3191.0
39915,4367.0
39916,6819.0
39917,9851.0
39918,9840.0
39919,53937.0
39920,5127.0
39921,5322.0
39922,31622.0
39923,5380.0
39924,58315.0
39925,6620.0
39926,7613.0
39927,44069.0
39928,6510.0
39929,6711.0
39930,56273.0
39931,8035.0
39932,1788.0
39933,2438.0
39934,3554.0
39935,3551.0
39936,51384.0
39937,6287.0
39938,7412.0
39939,32859.0
39940,53645.0
39941,58394.0
39942,37900.0
39943,28510.0
39944,14040.0
39945,15624.0
39946,2339.0
39947,47586.0
39948,11205.0
39949,45257.0
39950,24122.0
39951,8088.0
39952,5763.0
39953,12118.0
39954,41101.0
39955,14093.0
39956,62255.0
39957,4111.0
39958,54684.0
39959,2994.0
39960,3999.0
39961,6256.0
39962,3756.0
39963,61933.0
39964,4417.0
39965,39847.0
39966,2836.0
39967,4500.0
39968,7412.0
39969,13419.0
39970,41281.0
39971,16665.0
39972,4979.0
39973,5148.0
39974,5964.0
39975,66063.0
39976,11675.0
39977,59254.0
39978,5805.0
39979,5042.0
39980,3499.0
39981,60508.0
39982,4496.0
39983,7590.0
39984,4452.0
39985,55983.0
39986,7089.0
39987,4979.0
39988,58125.0
39989,3551.0
39990,3393.0
39991,14880.0
39992,4324.0
39993,13054.0
39994,1714.0
39995,38099.0
39996,63979.0
39997,5342.0
39998,5323.0
39999,5622.0
40000,5772.0
40001,4612.0
40002,51457.0
40003,42521.0
40004,4658.0
40005,42212.0
40006,3831.0
40007,8719.0
40008,2436.0
40009,13943.0
40010,5954.0
40011,13200.0
40012,54608.0
40013,2712.0
40014,5960.0
40015,12385.0
40016,12054.0
40017,6428.0
40018,2301.0
40019,32923.0
40020,12750.0
40021,5362.0
40022,47586.0
40023,84222.0
40024,6324.0
40025,6318.0
40026,49207.0
40027,4387.0
40028,5937.0
40029,7249.0
40030,3191.0
40031,47545.0
40032,9840.0
40033,57494.0
40034,5234.0
40035,49177.0
40036,4056.0
40037,13082.0
40038,60396.0
40039,56588.0
40040,11788.0
40041,4777.0
40042,4028.0
40043,4337.0
40044,2477.0
40045,2051.0
40046,4117.0
40047,49553.0
40048,6488.0
40049,22152.0
40050,1890.0
40051,5629.0
40052,8790.0
40053,8016.0
40054,80080.0
40055,57074.0
40056,6534.0
40057,5040.0
40058,50271.0
40059,5441.0
40060,9178.0
40061,51817.0
40062,50969.0
40063,4149.0
40064,7020.0
40065,16140.0
40066,7816.0
40067,39948.0
40068,5955.0
40069,52287.0
40070,56588.0
40071,2723.0
40072,4961.0
40073,2900.0
40074,2700.0
40075,6431.0
40076,6053.0
40077,6033.0
40078,4079.0
40079,56588.0
40080,6444.0
40081,31436.0
40082,13339.0
40083,13734.0
40084,7081.0
40085,2329.0
40086,45257.0
40087,4964.0
40088,13378.0
40089,3788.0
40090,6819.0
40091,9113.0
40092,9433.0
40093,5177.0
40094,4724.0
40095,80416.0
40096,42457.0
40097,3381.0
40098,60508.0
40099,72237.0
40100,4130.0
40101,61933.0
40102,52392.0
40103,6166.0
40104,72237.0
40105,5823.0
40106,6195.0
40107,7774.0
40108,3569.0
40109,5937.0
40110,6132.0
40111,1443.0
40112,2836.0
40113,7352.0
40114,5888.0
40115,58562.0
40116,3684.0
40117,12222.0
40118,3986.0
40119,6395.0
40120,60232.0
40121,4499.0
40122,9977.0
40123,8899.0
40124,31982.0
40125,69244.0
40126,24234.0
40127,16319.0
40128,70588.0
40129,5983.0
40130,7490.0
40131,6734.0
40132,56588.0
40133,2480.0
40134,5102.0
40135,60508.0
40136,13976.0
40137,3100.0
40138,68507.0
40139,10817.0
40140,60396.0
40141,64113.0
40142,5220.0
40143,3999.0
40144,11616.0
40145,10039.0
40146,10691.0
40147,48948.0
40148,5469.0
40149,3318.0
40150,3393.0
40151,60978.0
40152,56702.0
40153,3864.0
40154,3754.0
40155,6067.0
40156,57999.0
40157,14218.0
40158,5222.0
40159,2410.0
40160,6122.0
40161,3998.0
40162,57057.0
40163,4239.0
40164,7366.0
40165,50810.0
40166,6773.0
40167,4502.0
40168,4452.0
40169,3595.0
40170,54841.0
40171,54841.0
40172,4009.0
40173,4000.0
40174,7425.0
40175,53743.0
40176,41269.0
40177,4971.0
40178,27864.0
40179,60232.0
40180,42521.0
40181,9812.0
40182,52287.0
40183,8988.0
40184,6883.0
40185,6294.0
40186,5275.0
40187,4922.0
40188,4792.0
40189,6167.0
40190,10744.0
40191,11129.0
40192,54841.0
40193,10968.0
40194,4249.0
40195,5293.0
40196,6296.0
40197,10796.0
40198,45693.0
40199,72697.0
40200,53164.0
40201,49177.0
40202,62045.0
40203,3994.0
40204,7577.0
40205,51457.0
40206,6079.0
40207,62098.0
40208,4000.0
40209,68303.0
40210,4799.0
40211,4357.0
40212,2361.0
40213,14648.0
40214,22306.0
40215,4439.0
40216,5177.0
40217,6461.0
40218,4501.0
40219,5823.0
40220,4111.0
40221,53209.0
40222,69168.0
40223,7081.0
40224,5441.0
40225,52287.0
40226,61873.0
40227,80626.0
40228,8018.0
40229,4821.0
40230,39847.0
40231,3336.0
40232,51817.0
40233,2359.0
40234,73784.0
40235,5525.0
40236,5888.0
40237,11310.0
40238,4028.0
40239,2022.0
40240,9433.0
40241,6717.0
40242,3754.0
40243,5960.0
40244,9428.0
40245,32770.0
40246,7193.0
40247,55502.0
40248,50823.0
40249,6271.0
40250,3282.0
40251,6389.0
40252,8534.0
40253,4363.0
40254,9277.0
40255,13503.0
40256,4250.0
40257,53164.0
40258,7496.0
40259,7584.0
40260,4345.0
40261,3450.0
40262,4499.0
40263,5322.0
40264,49725.0
40265,4683.0
40266,12792.0
40267,6275.0
40268,4896.0
40269,5042.0
40270,31982.0
40271,3971.0
40272,3038.0
40273,44280.0
40274,60365.0
40275,16488.0
40276,7365.0
40277,49725.0
40278,2050.0
40279,9277.0
40280,39377.0
40281,6962.0
40282,5033.0
40283,29622.0
40284,4637.0
40285,10395.0
40286,7031.0
40287,60978.0
40288,2723.0
40289,56476.0
40290,4439.0
40291,30204.0
40292,3288.0
40293,12780.0
40294,6133.0
40295,2836.0
40296,2700.0
40297,2792.0
40298,9229.0
40299,15963.0
40300,3572.0
40301,5098.0
40302,10349.0
40303,3999.0
40304,53152.0
40305,45693.0
40306,9073.0
40307,8802.0
40308,5661.0
40309,61873.0
40310,51707.0
40311,5070.0
40312,4877.0
40313,4096.0
40314,32859.0
40315,53209.0
40316,11205.0
40317,5942.0
40318,3708.0
40319,5037.0
40320,55377.0
40321,28510.0
40322,5954.0
40323,4414.0
40324,2343.0
40325,4262.0
40326,57505.0
40327,8867.0
40328,5949.0
40329,5179.0
40330,2228.0
40331,5178.0
40332,42457.0
40333,49896.0
40334,7767.0
40335,5103.0
40336,7950.0
40337,69997.0
40338,3862.0
40339,6240.0
40340,4968.0
40341,17703.0
40342,5219.0
40343,54115.0
40344,5097.0
40345,1105.0
40346,6068.0
40347,3754.0
40348,71058.0
40349,60978.0
40350,1966.0
40351,6092.0
40352,20760.0
40353,10936.0
40354,54896.0
40355,51819.0
40356,60396.0
40357,6287.0
40358,2201.0
40359,8411.0
40360,2339.0
40361,7982.0
40362,3999.0
40363,5656.0
40364,5867.0
40365,3393.0
40366,5967.0
40367,4983.0
40368,4909.0
40369,7575.0
40370,69168.0
40371,62045.0
40372,45693.0
40373,11698.0
40374,5954.0
40375,35532.0
40376,4589.0
40377,5178.0
40378,3754.0
40379,5817.0
40380,7081.0
40381,2738.0
40382,51875.0
40383,49856.0
40384,47657.0
40385,7179.0
40386,6883.0
40387,20381.0
40388,81585.0
40389,41314.0
40390,61933.0
40391,48851.0
40392,65529.0
40393,10744.0
40394,35532.0
40395,5360.0
40396,62188.0
40397,48213.0
40398,3393.0
40399,11299.0
40400,57017.0
40401,17082.0
40402,39555.0
40403,77120.0
40404,4250.0
40405,6133.0
40406,7305.0
40407,74844.0
40408,3199.0
40409,1998.0
40410,51817.0
40411,5943.0
40412,3962.0
40413,7617.0
40414,50271.0
40415,11129.0
40416,5594.0
40417,9814.0
40418,7563.0
40419,31982.0
40420,5810.0
40421,5177.0
40422,50271.0
40423,6450.0
40424,5949.0
40425,10264.0
40426,68743.0
40427,10018.0
40428,10828.0
40429,45672.0
40430,3891.0
40431,6195.0
40432,5622.0
40433,2994.0
40434,56040.0
40435,4489.0
40436,4649.0
40437,9395.0
40438,4348.0
40439,52287.0
40440,52287.0
40441,38099.0
40442,60260.0
40443,4672.0
40444,6461.0
40445,60365.0
40446,5953.0
40447,6319.0
40448,1714.0
40449,4620.0
40450,49725.0
40451,9318.0
40452,1551.0
40453,2339.0
40454,45693.0
40455,11231.0
40456,5943.0
40457,5949.0
40458,13386.0
40459,4404.0
40460,7245.0
40461,2339.0
40462,3330.0
40463,11025.0
40464,2738.0
40465,54608.0
40466,6271.0
40467,62524.0
40468,12412.0
40469,6814.0
40470,9141.0
40471,22140.0
40472,3498.0
40473,10796.0
40474,15380.0
40475,6275.0
40476,66928.0
40477,56590.0
40478,56590.0
40479,18386.0
40480,6169.0
40481,32770.0
40482,47657.0
40483,52287.0
40484,11520.0
40485,9433.0
40486,4783.0
40487,45883.0
40488,60396.0
40489,7278.0
40490,6489.0
40491,10747.0
40492,51817.0
40493,10744.0
40494,4613.0
40495,4566.0
40496,6262.0
40497,3471.0
40498,50361.0
40499,5761.0
40500,8816.0
40501,64113.0
40502,7532.0
40503,10132.0
40504,49613.0
40505,45883.0
40506,5166.0
40507,4221.0
40508,74844.0
40509,11675.0
40510,45693.0
40511,5087.0
40512,6412.0
40513,6395.0
40514,5420.0
40515,3999.0
40516,20000.0
40517,66928.0
40518,1830.0
40519,60160.0
40520,3986.0
40521,7576.0
40522,5009.0
40523,52175.0
40524,2361.0
40525,58315.0
40526,41101.0
40527,3393.0
40528,5617.0
40529,53743.0
40530,18849.0
40531,51817.0
40532,51595.0
40533,5949.0
40534,8816.0
40535,3621.0
40536,66928.0
40537,45883.0
40538,4827.0
40539,6578.0
40540,45145.0
40541,2614.0
40542,4570.0
40543,62591.0
40544,2477.0
40545,8913.0
40546,61873.0
40547,6437.0
40548,5037.0
40549,4499.0
40550,4658.0
40551,2750.0
40552,2874.0
40553,5041.0
40554,10723.0
40555,44081.0
40556,42521.0
40557,8376.0
40558,4377.0
40559,11844.0
40560,5177.0
40561,4161.0
40562,54608.0
40563,50271.0
40564,54841.0
40565,2336.0
40566,5772.0
40567,15261.0
40568,9879.0
40569,5248.5
40570,2409.0
40571,4827.0
40572,6542.0
40573,6169.0
40574,7813.0
40575,6661.0
40576,6122.0
40577,3869.0
40578,11253.0
40579,62591.0
40580,4496.0
40581,8757.0
40582,50271.0
40583,45883.0
40584,49177.0
40585,21873.0
40586,7980.0
40587,70121.0
40588,48213.0
40589,60589.0
40590,4337.0
40591,6450.0
40592,7425.0
40593,8426.0
40594,4502.0
40595,37985.0
40596,6489.0
40597,11310.0
40598,17053.0
40599,9201.0
40600,6017.0
40601,45257.0
40602,4496.0
40603,4213.0
40604,47217.0
40605,13723.0
40606,31436.0
40607,5614.0
40608,12389.0
40609,4230.0
40610,10954.0
40611,5942.0
40612,45995.0
40613,9879.0
40614,10680.0
40615,68841.0
40616,72268.0
40617,3149.0
40618,4173.0
40619,5949.0
40620,2410.0
40621,5275.0
40622,13524.0
40623,9840.0
40624,51384.0
40625,16254.0
40626,2821.0
40627,7424.0
40628,4909.0
40629,58315.0
40630,8265.0
40631,51819.0
40632,2228.0
40633,4857.0
40634,11129.0
40635,1714.0
40636,4658.0
40637,57057.0
40638,64831.0
40639,3423.0
40640,9664.0
40641,4658.0
40642,2339.0
40643,50957.0
40644,4357.0
40645,3754.0
40646,6456.0
40647,51875.0
40648,16579.0
40649,7488.0
40650,29094.0
40651,5937.0
40652,4451.0
40653,64173.0
40654,12847.0
40655,2785.0
40656,60555.0
40657,6200.0
40658,8883.0
40659,37985.0
40660,9377.0
40661,2738.0
40662,4673.0
40663,4867.0
40664,66671.0
40665,76605.0
40666,32859.0
40667,4229.0
40668,18333.0
40669,56588.0
40670,7613.0
40671,5120.0
40672,66928.0
40673,60260.0
40674,57017.0
40675,27976.0
40676,4615.5
40677,59254.0
40678,4672.0
40679,17794.0
40680,7020.0
40681,4337.0
40682,1776.0
40683,52175.0
40684,6109.0
40685,4294.0
40686,6276.0
40687,7135.0
40688,2723.0
40689,5790.0
40690,3555.0
40691,14014.0
40692,3989.0
40693,5949.0
40694,5323.0
40695,3393.0
40696,10680.0
40697,74265.0
40698,54608.0
40699,14880.0
40700,66129.0
40701,45257.0
40702,4672.0
40703,9201.0
40704,30703.0
40705,3401.0
40706,56588.0
40707,4169.0
40708,14766.0
40709,2339.0
40710,4149.0
40711,8687.0
40712,49725.0
40713,4048.0
40714,53164.0
40715,9578.0
40716,7980.0
40717,2250.0
40718,49553.0
40719,3677.0
40720,7053.0
40721,2436.0
40722,22869.0
40723,42521.0
40724,6437.0
40725,45883.0
40726,5179.0
40727,3012.0
40728,2464.0
40729,9723.0
40730,6122.0
40731,55983.0
40732,11928.0
40733,5292.0
40734,52175.0
40735,6809.0
40736,53440.0
40737,13719.0
40738,5949.0
40739,1830.0
40740,2518.0
40741,60426.0
40742,3000.0
40743,5656.0
40744,49725.0
40745,4064.0
40746,5102.0
40747,9547.0
40748,48851.0
40749,14336.0
40750,50297.0
40751,8276.0
40752,57081.0
40753,6319.0
40754,5380.0
40755,4637.0
40756,2410.0
40757,4926.0
40758,68184.0
40759,3611.0
40760,4392.0
40761,37929.0
40762,1549.0
40763,5822.0
40764,14074.0
40765,4731.0
40766,6450.0
40767,53152.0
40768,43376.0
40769,6754.0
40770,5227.0
40771,4028.0
40772,17437.0
40773,14627.0
40774,2393.0
40775,6466.0
40776,54841.0
40777,4071.0
40778,3943.0
40779,4111.0
40780,60508.0
40781,51595.0
40782,64285.0
40783,62591.0
40784,47286.5
40785,37985.0
40786,15195.0
40787,13524.0
40788,4020.0
40789,55377.0
40790,3707.0
40791,2456.0
40792,6817.0
40793,4969.0
40794,6120.0
40795,5955.0
40796,1788.0
40797,53209.0
40798,4111.0
40799,14619.0
40800,7958.0
40801,5943.0
40802,3572.0
40803,56588.0
40804,3916.0
40805,4500.0
40806,7232.0
40807,60555.0
40808,45883.0
40809,52522.0
40810,51819.0
40811,3862.0
40812,51819.0
40813,45883.0
40814,2723.0
40815,45805.0
40816,41269.0
40817,69625.0
40818,5103.0
40819,5632.0
40820,28872.0
40821,13588.0
40822,51707.0
40823,5145.0
40824,4942.0
40825,4209.0
40826,51817.0
40827,12370.0
40828,6489.0
40829,3393.0
40830,4792.0
40831,7576.0
40832,11488.0
40833,3963.0
40834,5178.0
40835,3393.0
40836,4145.0
40837,5102.0
40838,11100.0
40839,45693.0
40840,4262.0
40841,3000.0
40842,3102.0
40843,76657.0
40844,6928.0
40845,8418.0
40846,41269.0
40847,57554.0
40848,4137.0
40849,7081.0
40850,20203.0
40851,6458.0
40852,10264.0
40853,2074.0
40854,3393.0
40855,6161.0
40856,9395.0
40857,6271.0
40858,42521.0
40859,6195.0
40860,42724.0
40861,4439.0
40862,63577.0
40863,4020.0
40864,44280.0
40865,41269.0
40866,41314.0
40867,9855.0
40868,60508.0
40869,5322.0
40870,5953.0
40871,7021.0
40872,6568.0
40873,44432.0
40874,4417.0
40875,4348.0
40876,6577.0
40877,3000.0
40878,23944.0
40879,6578.0
40880,56702.0
40881,14889.0
40882,54115.0
40883,5467.0
40884,10961.0
40885,6200.0
40886,7535.0
40887,3988.0
40888,3999.0
40889,47586.0
40890,13054.0
40891,6131.0
40892,7723.0
40893,67130.0
40894,6568.0
40895,53743.0
40896,61933.0
40897,3999.0
40898,5954.0
40899,55377.0
40900,56476.0
40901,2835.0
40902,5206.0
40903,7081.0
40904,41860.0
40905,5178.0
40906,62964.0
40907,3467.0
40908,5152.0
40909,3774.0
40910,4732.0
40911,4284.0
40912,49553.0
40913,11069.0
40914,5178.0
40915,7433.0
40916,6488.0
40917,6084.0
40918,12318.0
40919,17164.0
40920,1694.0
40921,60365.0
40922,7426.0
40923,4499.0
40924,11362.0
40925,9470.0
40926,4220.0
40927,3306.0
40928,3999.0
40929,2836.0
40930,2049.0
40931,3862.0
40932,21032.0
40933,1105.0
40934,7790.0
40935,20606.0
40936,64113.0
40937,5099.0
40938,4767.0
40939,62045.0
40940,6067.0
40941,79965.0
40942,3918.0
40943,4028.0
40944,5772.0
40945,56476.0
40946,11129.0
40947,4499.0
40948,18827.0
40949,6067.0
40950,51697.0
40951,8112.0
40952,61933.0
40953,7426.0
40954,9314.0
40955,9201.0
40956,4620.0
40957,7056.0
40958,60396.0
40959,44144.0
40960,6568.0
40961,8275.0
40962,8258.0
40963,52287.0
40964,4836.0
40965,3681.0
40966,5956.0
40967,3393.0
40968,2361.0
40969,51875.0
40970,42521.0
40971,9241.0
40972,8391.0
40973,78913.0
40974,9701.0
40975,5507.0
40976,32230.0
40977,5838.0
40978,14019.0
40979,6319.0
40980,48213.0
40981,5632.0
40982,20906.0
40983,16935.0
40984,51595.0
40985,91659.0
40986,9277.0
40987,2300.0
40988,61933.0
40989,6186.0
40990,1924.0
40991,4500.0
40992,72339.0
40993,5177.0
40994,55377.0
40995,68303.0
40996,51707.0
40997,14794.0
40998,33979.0
40999,4541.0
41000,6620.0
41001,5937.0
41002,54608.0
41003,4714.0
41004,11025.0
41005,49613.0
41006,4068.0
41007,10425.0
41008,10469.0
41009,60260.0
41010,14178.0
41011,9904.0
41012,5206.0
41013,41281.0
41014,2056.0
41015,3496.0
41016,4338.0
41017,6488.0
41018,6314.0
41019,60232.0
41020,3916.0
41021,6578.0
41022,51707.0
41023,3434.0
41024,3457.0
41025,59357.0
41026,62793.0
41027,8969.0
41028,11919.0
41029,3623.0
41030,7899.0
41031,4020.0
41032,61985.0
41033,2694.0
41034,20356.0
41035,40843.0
41036,8112.0
41037,32923.0
41038,2700.0
41039,4893.0
41040,2586.0
41041,13017.0
41042,4977.0
41043,39555.0
41044,7221.0
41045,15615.0
41046,3471.0
41047,6009.0
41048,4190.0
41049,6552.0
41050,45693.0
41051,13200.0
41052,54608.0
41053,10018.0
41054,51384.0
41055,9190.0
41056,7013.0
41057,6578.0
41058,3572.0
41059,3646.0
41060,31982.0
41061,49725.0
41062,6487.0
41063,54841.0
41064,6568.0
41065,52063.0
41066,13370.0
41067,74305.0
41068,7774.0
41069,44280.0
41070,11310.0
41071,2410.0
41072,13411.0
41073,57081.0
41074,9277.0
41075,10973.0
41076,49177.0
41077,5977.0
41078,53743.0
41079,60508.0
41080,45805.0
41081,54777.0
41082,13241.0
41083,5206.0
41084,29764.0
41085,14620.0
41086,9555.0
41087,12544.0
41088,5598.0
41089,24234.0
41090,4524.0
41091,4453.0
41092,6854.0
41093,6450.0
41094,4111.0
41095,6294.0
41096,15709.0
41097,12276.0
41098,49725.0
41099,8111.0
41100,4496.0
41101,5942.0
41102,5985.0
41103,4712.0
41104,9798.0
41105,9201.0
41106,5656.0
41107,57081.0
41108,47217.0
41109,44144.0
41110,55377.0
41111,5177.0
41112,42457.0
41113,4031.0
41114,12175.0
41115,4807.0
41116,4499.0
41117,60396.0
41118,21141.0
41119,1998.0
41120,62009.0
41121,2477.0
41122,6447.0
41123,64890.0
41124,8778.0
41125,6892.0
41126,10613.0
41127,39499.0
41128,2482.0
41129,7488.0
41130,68639.0
41131,3013.0
41132,5960.0
41133,3191.0
41134,60232.0
41135,69997.0
41136,2477.0
41137,41113.0
41138,3999.0
41139,10248.0
41140,5760.0
41141,3000.0
41142,60365.0
41143,4067.0
41144,32420.0
41145,5436.0
41146,2203.0
41147,79349.0
41148,6432.0
41149,84222.0
41150,56590.0
41151,52287.0
41152,5441.0
41153,53164.0
41154,6502.0
41155,3497.0
41156,5949.0
41157,6122.0
41158,2336.0
41159,4433.0
41160,5276.0
41161,3090.0
41162,74365.0
41163,5817.0
41164,7488.0
41165,3379.0
41166,3644.0
41167,65445.0
41168,4637.0
41169,3863.0
41170,70016.0
41171,49207.0
41172,60365.0
41173,3999.0
41174,28510.0
41175,6444.0
41176,2482.0
41177,6461.0
41178,63277.0
41179,2336.0
41180,4827.0
41181,45672.0
41182,54684.0
41183,8043.0
41184,42457.0
41185,4637.0
41186,66928.0
41187,12000.0
41188,59290.0
41189,6163.0
41190,60396.0
41191,4796.0
41192,12824.0
41193,66940.0
41194,4732.0
41195,3999.0
41196,6008.0
41197,3191.0
41198,5939.0
41199,3334.0
41200,6489.0
41201,56476.0
41202,62804.0
41203,5632.0
41204,37985.0
41205,5955.0
41206,5291.0
41207,3014.0
41208,4272.0
41209,4294.0
41210,1890.0
41211,56588.0
41212,3570.0
41213,49207.0
41214,25000.0
41215,57565.0
41216,2339.0
41217,50361.0
41218,5530.0
41219,12159.0
41220,11129.0
41221,3466.0
41222,2836.0
41223,49613.0
41224,4165.0
41225,13688.0
41226,14880.0
41227,4979.0
41228,3450.0
41229,6067.0
41230,4377.0
41231,12546.0
41232,60631.0
41233,4079.0
41234,2900.0
41235,55377.0
41236,5336.0
41237,5923.0
41238,72738.0
41239,53947.0
41240,23424.0
41241,3623.0
41242,27864.0
41243,7767.0
41244,7813.0
41245,5603.0
41246,5955.0
41247,54608.0
41248,2738.0
41249,59265.0
41250,7157.0
41251,14238.0
41252,45883.0
41253,6663.0
41254,6578.0
41255,3324.0
41256,22029.0
41257,53152.0
41258,4359.0
41259,59021.0
41260,1998.0
41261,5569.0
41262,7900.0
41263,11827.0
41264,54608.0
41265,6461.0
41266,54684.0
41267,2339.0
41268,60396.0
41269,6276.0
41270,6133.0
41271,4672.0
41272,69885.0
41273,6489.0
41274,3844.0
41275,4500.0
41276,4752.0
41277,53152.0
41278,67004.0
41279,9470.0
41280,11448.0
41281,13608.0
41282,3623.0
41283,65872.0
41284,6985.0
41285,5622.0
41286,9349.0
41287,3105.0
41288,12138.0
41289,72125.0
41290,7568.0
41291,4165.0
41292,5557.0
41293,2124.0
41294,45693.0
41295,42457.0
41296,5754.0
41297,13014.0
41298,3860.0
41299,62549.0
41300,60508.0
41301,20684.0
41302,5250.0
41303,53645.0
41304,57920.0
41305,51595.0
41306,51372.0
41307,4111.0
41308,11109.0
41309,56702.0
41310,2361.0
41311,5219.0
41312,3090.0
41313,8307.0
41314,1830.0
41315,2336.0
41316,9668.0
41317,6067.0
41318,68105.0
41319,5102.0
41320,5656.0
41321,13943.0
41322,52175.0
41323,10918.0
41324,21738.0
41325,60396.0
41326,5960.0
41327,8128.0
41328,4079.0
41329,49725.0
41330,9168.0
41331,4249.0
41332,2271.0
41333,11488.0
41334,10155.0
41335,52063.0
41336,12454.0
41337,10616.0
41338,11069.0
41339,16254.0
41340,15311.0
41341,8321.0
41342,5955.0
41343,4979.0
41344,3014.0
41345,4387.0
41346,64173.0
41347,5949.0
41348,10901.0
41349,13373.0
41350,45257.0
41351,6461.0
41352,55377.0
41353,10018.0
41354,2343.0
41355,55377.0
41356,31982.0
41357,70220.0
41358,4699.0
41359,4672.0
41360,7900.0
41361,7613.0
41362,52287.0
41363,6578.0
41364,8016.0
41365,15021.0
41366,24056.0
41367,4087.0
41368,52175.0
41369,6663.0
41370,21032.0
41371,60396.0
41372,6568.0
41373,6395.0
41374,2712.0
41375,9840.0
41376,2738.0
41377,4898.0
41378,5399.0
41379,11139.0
41380,3428.0
41381,7958.0
41382,34472.0
41383,48851.0
41384,3959.0
41385,45693.0
41386,27792.0
41387,2477.0
41388,47657.0
41389,66723.0
41390,4165.0
41391,5622.0
41392,49553.0
41393,8119.0
41394,2339.0
41395,4796.0
41396,4348.0
41397,6067.0
41398,42546.0
41399,6623.0
41400,4896.0
41401,6032.0
41402,4809.0
41403,55377.0
41404,9623.0
41405,4027.0
41406,7496.0
41407,2723.0
41408,69244.0
41409,11205.0
41410,11520.0
41411,4806.0
41412,7484.0
41413,2074.0
41414,51595.0
41415,7425.0
41416,4357.0
41417,6200.0
41418,52287.0
41419,6120.0
41420,64285.0
41421,2790.0
41422,4359.0
41423,60141.0
41424,51817.0
41425,6432.0
41426,7425.0
41427,6343.0
41428,3831.0
41429,4161.0
41430,3685.0
41431,6131.0
41432,4896.0
41433,10962.0
41434,4477.0
41435,27864.0
41436,4149.0
41437,7021.0
41438,6489.0
41439,4209.0
41440,27792.0
41441,7774.0
41442,6521.0
41443,51697.0
41444,12454.0
41445,34472.0
41446,46097.0
41447,8029.0
41448,56588.0
41449,6489.0
41450,45883.0
41451,3633.0
41452,7877.0
41453,5632.0
41454,7141.0
41455,6432.0
41456,45257.0
41457,6389.0
41458,3000.0
41459,6502.0
41460,5159.0
41461,4099.0
41462,11919.0
41463,54684.0
41464,3450.0
41465,60260.0
41466,6250.0
41467,5823.0
41468,51707.0
41469,62591.0
41470,43910.0
41471,7424.0
41472,5477.0
41473,1998.0
41474,4133.0
41475,61138.5
41476,5815.0
41477,61933.0
41478,60260.0
41479,8538.0
41480,5960.0
41481,5102.0
41482,51457.0
41483,1694.0
41484,6554.0
41485,6169.0
41486,9518.0
41487,44144.0
41488,6296.0
41489,4846.0
41490,4556.0
41491,17949.0
41492,3610.0
41493,5104.0
41494,45257.0
41495,17978.0
41496,51707.0
41497,53082.0
41498,6395.0
41499,3010.0
41500,5702.0
41501,4958.0
41502,52063.0
41503,7584.0
41504,4499.0
41505,14819.0
41506,5820.0
41507,8130.0
41508,2456.0
41509,54608.0
41510,4357.0
41511,4452.0
41512,56590.0
41513,49613.0
41514,7365.0
41515,7321.0
41516,6963.0
41517,4363.0
41518,4969.0
41519,3862.0
41520,3791.0
41521,57529.0
41522,6412.0
41523,54684.0
41524,2723.0
41525,6458.0
41526,9694.0
41527,55983.0
41528,5177.0
41529,15531.0
41530,49553.0
41531,4496.0
41532,3015.0
41533,3012.0
41534,6133.0
41535,60260.0
41536,4111.0
41537,16111.0
41538,11520.0
41539,7487.0
41540,36577.0
41541,84457.0
41542,53937.0
41543,13674.0
41544,8224.0
41545,4272.0
41546,8112.0
41547,7420.0
41548,7927.0
41549,14364.0
41550,60978.0
41551,69244.0
41552,44144.0
41553,11069.0
41554,45257.0
41555,34472.0
41556,41064.0
41557,57565.0
41558,3788.0
41559,6452.5
41560,4111.0
41561,6713.0
41562,7425.0
41563,53937.0
41564,3000.0
41565,3943.0
41566,6354.0
41567,52175.0
41568,4691.0
41569,52287.0
41570,5153.0
41571,6461.0
41572,2105.0
41573,6237.0
41574,63277.0
41575,5549.0
41576,11420.0
41577,4637.0
41578,41064.0
41579,6068.0
41580,53152.0
41581,3443.0
41582,2074.0
41583,9879.0
41584,5232.0
41585,5441.0
41586,5704.0
41587,10967.0
41588,10744.0
41589,41281.0
41590,57505.0
41591,27792.0
41592,12222.0
41593,64249.0
41594,5441.0
41595,2281.0
41596,4210.0
41597,10324.0
41598,16518.0
41599,2228.0
41600,5772.0
41601,6412.0
41602,4094.0
41603,69168.0
41604,10600.0
41605,4709.0
41606,7425.0
41607,4233.0
41608,7607.0
41609,9735.0
41610,6060.0
41611,8063.0
41612,69515.0
41613,64831.0
41614,1830.0
41615,2228.0
41616,56588.0
41617,35490.0
41618,6284.0
41619,5911.0
41620,29992.0
41621,5937.0
41622,2399.0
41623,4348.0
41624,4121.0
41625,3959.0
41626,7833.0
41627,6172.0
41628,41314.0
41629,52063.0
41630,6443.0
41631,12385.0
41632,2230.0
41633,4170.0
41634,6032.0
41635,47217.0
41636,69113.0
41637,48851.0
41638,4152.0
41639,5437.0
41640,6158.0
41641,5102.0
41642,11397.0
41643,52522.0
41644,7877.0
41645,3397.0
41646,13258.0
41647,14553.0
41648,18094.0
41649,2339.0
41650,4294.0
41651,54481.0
41652,3458.0
41653,3234.0
41654,5853.0
41655,6502.0
41656,3565.0
41657,3334.0
41658,1800.0
41659,10961.0
41660,2835.0
41661,7979.0
41662,4134.0
41663,1714.0
41664,11205.0
41665,5033.0
41666,6448.0
41667,32859.0
41668,11205.0
41669,54608.0
41670,6115.0
41671,62255.0
41672,4663.0
41673,10496.0
41674,60978.0
41675,81309.0
41676,52287.0
41677,7813.0
41678,72776.0
41679,2903.0
41680,10143.0
41681,3988.0
41682,55983.0
41683,89359.0
41684,2050.0
41685,3860.0
41686,3393.0
41687,5882.0
41688,10744.0
41689,4844.0
41690,4417.0
41691,4498.0
41692,1966.0
41693,4501.0
41694,6502.0
41695,3677.0
41696,37526.0
41697,30092.0
41698,37985.0
41699,5314.0
41700,11129.0
41701,69885.0
41702,4096.0
41703,4649.0
41704,55377.0
41705,4138.0
41706,3443.0
41707,32881.0
41708,3571.0
41709,11059.0
41710,55983.0
41711,7958.0
41712,8910.0
41713,6195.0
41714,6461.0
41715,51595.0
41716,5511.0
41717,5818.0
41718,8307.0
41719,5441.0
41720,3346.0
41721,42457.0
41722,59929.0
41723,3362.0
41724,6489.0
41725,22152.0
41726,5322.0
41727,3423.0
41728,4363.0
41729,56702.0
41730,5040.0
41731,60978.0
41732,49613.0
41733,6067.0
41734,3090.0
41735,74015.0
41736,49207.0
41737,5230.0
41738,14524.0
41739,6389.0
41740,4496.0
41741,6414.0
41742,5018.0
41743,54608.0
41744,7257.0
41745,7245.0
41746,10967.0
41747,56476.0
41748,54684.0
41749,49553.0
41750,2339.0
41751,6489.0
41752,3362.0
41753,55377.0
41754,5031.0
41755,6271.0
41756,60396.0
41757,5930.0
41758,4967.0
41759,58282.0
41760,52175.0
41761,54841.0
41762,62045.0
41763,4555.0
41764,58315.0
41765,8111.0
41766,5523.0
41767,5241.0
41768,4363.0
41769,4357.0
41770,2410.0
41771,3253.0
41772,4909.0
41773,3543.0
41774,14880.0
41775,72125.0
41776,9840.0
41777,5866.0
41778,61899.0
41779,1543.0
41780,2860.0
41781,51405.0
41782,6067.0
41783,1548.0
41784,52175.0
41785,67769.0
41786,5227.0
41787,1714.0
41788,59332.0
41789,69244.0
41790,4363.0
41791,41281.0
41792,13054.0
41793,6287.0
41794,6488.0
41795,5971.0
41796,6461.0
41797,4338.0
41798,55983.0
41799,7046.0
41800,72125.0
41801,57920.0
41802,11675.0
41803,4392.0
41804,11448.0
41805,5949.0
41806,61684.0
41807,54115.0
41808,3862.0
41809,29094.0
41810,2651.0
41811,12078.0
41812,7329.0
41813,5772.0
41814,6048.0
41815,45230.0
41816,2201.0
41817,6450.0
41818,13332.0
41819,49613.0
41820,5955.0
41821,3646.0
41822,4439.0
41823,66063.0
41824,6841.0
41825,3324.0
41826,51457.0
41827,54608.0
41828,6195.0
41829,55983.0
41830,67004.0
41831,73369.0
41832,57920.0
41833,2903.0
41834,6105.0
41835,5176.0
41836,8425.0
41837,62045.0
41838,9420.0
41839,12791.0
41840,20509.0
41841,58315.0
41842,2901.0
41843,42457.0
41844,6611.0
41845,54684.0
41846,60260.0
41847,8043.0
41848,57992.0
41849,37985.0
41850,13003.0
41851,55377.0
41852,3844.0
41853,4496.0
41854,6568.0
41855,4451.0
41856,50815.0
41857,6443.0
41858,5720.0
41859,4363.0
41860,54777.0
41861,4229.0
41862,44280.0
41863,11634.0
41864,18018.0
41865,38099.0
41866,5206.0
41867,7081.0
41868,60396.0
41869,51817.0
41870,7366.0
41871,5372.0
41872,3279.0
41873,4097.0
41874,11448.0
41875,7425.0
41876,9349.0
41877,3072.0
41878,3971.0
41879,9945.0
41880,3280.0
41881,1543.0
41882,45257.0
41883,6122.0
41884,30092.0
41885,5610.0
41886,13944.0
41887,4449.0
41888,2464.0
41889,41314.0
41890,55983.0
41891,13895.5
41892,2477.0
41893,55983.0
41894,5817.0
41895,5384.0
41896,65529.0
41897,51057.0
41898,42521.0
41899,4660.0
41900,57017.0
41901,6520.0
41902,10425.0
41903,55377.0
41904,10123.0
41905,4500.0
41906,66928.0
41907,42546.0
41908,50297.0
41909,69885.0
41910,7484.0
41911,4501.0
41912,51707.0
41913,5622.0
41914,37658.0
41915,6512.0
41916,56098.5
41917,5177.0
41918,4672.0
41919,4453.0
41920,11059.0
41921,13168.0
41922,11585.0
41923,23898.0
41924,3625.0
41925,7212.0
41926,13524.0
41927,44546.0
41928,10680.0
41929,4357.0
41930,41281.0
41931,2361.0
41932,6510.0
41933,10061.0
41934,6663.0
41935,5635.0
41936,7420.0
41937,4672.0
41938,2056.0
41939,68705.0
41940,3091.0
41941,5761.0
41942,52063.0
41943,3050.0
41944,50271.0
41945,52522.0
41946,52287.0
41947,50957.0
41948,12054.0
41949,4071.0
41950,4337.0
41951,5835.0
41952,4007.0
41953,4660.0
41954,5632.0
41955,5800.0
41956,11488.0
41957,45693.0
41958,4056.0
41959,5949.0
41960,4357.0
41961,10744.0
41962,12150.0
41963,52586.0
41964,4363.0
41965,4087.0
41966,11488.0
41967,4896.0
41968,3467.0
41969,4381.0
41970,5375.0
41971,19803.0
41972,6132.0
41973,6832.0
41974,53209.0
41975,4354.0
41976,5594.0
41977,45693.0
41978,6271.0
41979,39847.0
41980,47217.0
41981,4173.0
41982,8534.0
41983,39847.0
41984,6105.0
41985,13944.0
41986,4439.0
41987,5941.0
41988,8666.0
41989,5309.0
41990,6262.0
41991,8641.0
41992,52175.0
41993,17493.0
41994,41269.0
41995,8391.0
41996,4230.0
41997,61933.0
41998,4469.0
41999,7220.0
42000,5740.0
42001,11844.0
42002,5043.0
42003,4977.0
42004,5708.0
42005,5584.0
42006,4230.0
42007,4556.0
42008,4205.0
42009,7704.0
42010,6488.0
42011,3433.0
42012,5037.0
42013,12778.0
42014,12410.0
42015,7387.0
42016,2098.0
42017,6461.0
42018,13889.0
42019,44144.0
42020,2410.0
42021,7363.0
42022,7411.0
42023,3571.0
42024,6312.0
42025,50969.0
42026,22140.0
42027,16254.0
42028,4637.0
42029,5818.0
42030,59106.0
42031,6109.0
42032,6444.0
42033,1890.0
42034,5962.0
42035,60260.0
42036,8253.0
42037,24135.0
42038,60260.0
42039,3127.0
42040,5852.0
42041,22152.0
42042,6443.0
42043,52063.0
42044,24613.0
42045,62729.0
42046,15309.0
42047,6348.0
42048,67004.0
42049,2124.0
42050,3467.0
42051,24122.0
42052,6450.0
42053,52570.0
42054,53743.0
42055,5441.0
42056,1694.0
42057,49613.0
42058,3393.0
42059,5942.0
42060,3245.0
42061,2124.0
42062,7979.0
42063,2050.0
42064,6892.0
42065,1776.0
42066,10217.0
42067,72125.0
42068,54608.0
42069,1830.0
42070,5771.0
42071,7412.0
42072,4209.0
42073,56588.0
42074,2792.0
42075,62591.0
42076,3330.0
42077,11310.0
42078,53152.0
42079,6156.0
42080,31982.0
42081,13873.0
42082,5337.0
42083,4202.0
42084,65632.0
42085,36892.0
42086,5949.0
42087,27976.0
42088,12779.0
42089,5772.0
42090,4564.0
42091,5761.0
42092,7221.0
42093,60260.0
42094,7425.0
42095,1714.0
42096,16210.0
42097,4607.0
42098,5467.0
42099,49553.0
42100,2477.0
42101,2409.0
42102,9420.0
42103,65529.0
42104,2464.0
42105,3890.0
42106,11205.0
42107,84896.0
42108,5632.0
42109,7426.0
42110,3988.0
42111,4294.0
42112,60508.0
42113,5902.0
42114,56588.0
42115,6339.0
42116,4126.0
42117,62591.0
42118,9719.0
42119,7373.0
42120,71483.0
42121,1443.0
42122,6158.0
42123,7224.0
42124,39377.0
42125,16278.0
42126,21412.0
42127,69168.0
42128,3090.0
42129,12138.0
42130,7813.0
42131,7344.0
42132,60260.0
42133,36712.0
42134,4337.0
42135,30978.0
42136,7023.0
42137,7352.0
42138,4453.0
42139,4028.0
42140,3466.0
42141,2409.0
42142,49725.0
42143,4500.0
42144,38286.0
42145,51707.0
42146,41269.0
42147,7900.0
42148,5955.0
42149,57249.0
42150,47408.0
42151,3999.0
42152,5942.0
42153,47657.0
42154,4709.0
42155,6067.0
42156,27976.0
42157,49613.0
42158,4498.0
42159,56588.0
42160,6821.0
42161,56702.0
42162,63804.0
42163,3016.0
42164,18354.0
42165,11488.0
42166,8309.0
42167,5955.0
42168,4190.0
42169,4337.0
42170,15531.0
42171,5823.0
42172,7434.0
42173,4020.0
42174,3999.0
42175,6458.0
42176,8965.0
42177,60508.0
42178,46097.0
42179,5087.0
42180,6840.0
42181,18909.0
42182,4213.0
42183,9745.0
42184,44764.0
42185,48079.0
42186,54896.0
42187,4636.0
42188,9201.0
42189,11550.0
42190,6161.0
42191,7221.0
42192,5635.0
42193,8534.0
42194,7076.0
42195,4230.0
42196,3498.0
42197,51372.0
42198,13840.0
42199,5102.0
42200,67071.0
42201,5507.0
42202,4262.0
42203,2477.0
42204,6489.0
42205,6699.0
42206,10967.0
42207,6022.0
42208,13613.0
42209,4368.0
42210,4768.0
42211,5780.0
42212,5102.0
42213,48851.0
42214,5037.0
42215,74265.0
42216,10054.0
42217,5147.0
42218,9206.0
42219,3712.0
42220,6804.0
42221,11520.0
42222,5857.0
42223,44280.0
42224,2336.0
42225,56588.0
42226,18313.0
42227,3862.0
42228,1822.0
42229,5960.0
42230,2124.0
42231,4827.0
42232,5094.0
42233,41064.0
42234,55458.0
42235,5102.0
42236,6240.0
42237,4601.0
42238,5574.0
42239,23773.0
42240,7106.0
42241,5275.0
42242,8816.0
42243,44280.0
42244,49725.0
42245,4368.0
42246,5955.0
42247,49725.0
42248,10505.0
42249,4179.0
42250,54777.0
42251,37668.0
42252,20760.0
42253,2621.0
42254,13798.0
42255,50577.0
42256,6412.0
42257,57554.0
42258,6177.0
42259,41101.0
42260,54777.0
42261,6535.0
42262,5953.0
42263,45693.0
42264,58125.0
42265,64173.0
42266,6075.0
42267,2393.0
42268,7845.0
42269,1830.0
42270,5184.0
42271,5102.0
42272,3988.0
42273,3999.0
42274,11278.0
42275,27864.0
42276,5451.0
42277,2124.0
42278,5818.0
42279,5687.0
42280,62524.0
42281,4284.0
42282,62448.0
42283,60601.0
42284,4637.0
42285,12740.0
42286,6921.0
42287,6089.0
42288,3916.0
42289,5677.0
42290,5772.0
42291,4651.0
42292,62524.0
42293,70431.0
42294,7373.0
42295,6814.0
42296,4968.0
42297,53164.0
42298,54896.0
42299,51372.0
42300,49613.0
42301,5152.0
42302,7411.0
42303,9776.0
42304,5299.0
42305,5322.0
42306,62045.0
42307,8803.0
42308,3363.0
42309,14150.0
42310,10523.0
42311,47507.0
42312,6200.0
42313,2476.0
42314,7584.0
42315,8938.0
42316,6720.0
42317,49553.0
42318,49613.0
42319,5954.0
42320,37594.0
42321,31528.0
42322,53164.0
42323,6333.5
42324,13830.0
42325,45230.0
42326,6869.0
42327,4116.0
42328,5960.0
42329,16140.0
42330,4683.0
42331,41113.0
42332,8867.0
42333,7623.0
42334,8681.0
42335,5206.0
42336,9879.0
42337,4056.0
42338,4971.0
42339,6132.0
42340,6133.0
42341,3105.0
42342,9904.0
42343,4363.0
42344,2862.0
42345,5606.0
42346,43865.0
42347,37985.0
42348,7221.0
42349,61273.0
42350,42457.0
42351,3478.0
42352,3379.0
42353,51345.0
42354,59649.0
42355,6412.0
42356,4069.0
42357,54841.0
42358,3864.0
42359,4672.0
42360,5102.0
42361,64173.0
42362,7490.0
42363,7404.0
42364,3998.0
42365,60508.0
42366,34472.0
42367,3497.0
42368,6488.0
42369,8134.0
42370,39610.0
42371,6006.0
42372,19667.0
42373,3393.0
42374,51819.0
42375,57920.0
42376,13608.0
42377,9907.0
42378,37985.0
42379,53152.0
42380,14283.0
42381,10425.0
42382,60396.0
42383,13616.0
42384,2200.0
42385,57017.0
42386,60232.0
42387,7069.0
42388,2410.0
42389,6195.0
42390,1604.0
42391,6450.0
42392,12410.0
42393,9178.0
42394,5649.0
42395,4501.0
42396,10711.0
42397,4585.0
42398,5499.0
42399,62591.0
42400,2336.0
42401,50868.0
42402,45693.0
42403,5949.0
42404,3466.0
42405,32923.0
42406,7646.0
42407,69997.0
42408,74305.0
42409,8988.0
42410,66705.0
42411,6577.0
42412,3754.0
42413,5574.0
42414,1714.0
42415,5178.0
42416,2410.0
42417,7412.0
42418,6542.0
42419,8111.0
42420,74029.0
42421,6324.0
42422,4417.0
42423,16581.0
42424,47408.0
42425,2862.0
42426,11940.0
42427,2738.0
42428,11247.0
42429,2098.0
42430,11488.0
42431,1604.0
42432,7221.0
42433,31982.0
42434,6547.0
42435,2343.0
42436,53164.0
42437,53164.0
42438,5179.0
42439,57920.0
42440,51405.0
42441,9798.0
42442,5322.0
42443,52287.0
42444,5954.0
42445,2410.0
42446,45257.0
42447,56590.0
42448,18505.0
42449,5772.0
42450,36577.0
42451,5579.0
42452,58125.0
42453,15760.0
42454,52287.0
42455,14238.0
42456,12210.0
42457,6744.0
42458,7212.0
42459,3174.0
42460,4156.0
42461,67809.0
42462,59880.0
42463,1551.0
42464,4979.0
42465,3754.0
42466,9746.0
42467,54841.0
42468,3096.0
42469,29992.0
42470,52715.0
42471,51817.0
42472,3855.0
42473,9141.0
42474,7037.0
42475,5937.0
42476,5177.0
42477,57081.0
42478,48876.0
42479,49553.0
42480,3127.0
42481,56476.0
42482,3999.0
42483,52287.0
42484,4149.0
42485,5949.0
42486,2694.0
42487,55983.0
42488,62591.0
42489,4663.0
42490,54684.0
42491,5823.0
42492,51707.0
42493,5441.0
42494,5950.0
42495,3288.0
42496,10744.0
42497,55983.0
42498,55377.0
42499,4658.0
42500,11617.0
42501,6133.0
42502,2276.0
42503,45600.0
42504,4272.0
42505,7084.0
42506,60365.0
42507,9105.0
42508,11783.0
42509,8883.0
42510,7106.0
42511,8888.0
42512,67769.0
42513,3282.0
42514,15206.0
42515,12054.0
42516,56588.0
42517,7790.0
42518,60396.0
42519,14787.0
42520,49553.0
42521,48795.0
42522,41281.0
42523,6461.0
42524,47586.0
42525,4007.0
42526,45995.0
42527,6489.0
42528,6337.0
42529,6195.0
42530,20760.0
42531,45693.0
42532,69244.0
42533,44280.0
42534,11854.0
42535,5656.0
42536,4809.0
42537,6630.0
42538,52380.0
42539,3916.0
42540,5953.0
42541,3466.0
42542,10744.0
42543,6133.0
42544,5322.0
42545,4414.0
42546,5211.0
42547,7288.0
42548,6367.0
42549,6985.0
42550,3971.0
42551,4255.0
42552,7575.0
42553,50361.0
42554,14880.0
42555,4789.0
42556,56476.0
42557,3999.0
42558,5934.0
42559,5465.0
42560,60260.0
42561,60978.0
42562,55502.0
42563,4755.0
42564,6389.0
42565,29764.0
42566,49725.0
42567,9201.0
42568,6450.0
42569,5145.0
42570,53152.0
42571,4646.0
42572,53743.0
42573,57453.0
42574,16443.0
42575,41269.0
42576,7568.0
42577,1544.0
42578,11205.0
42579,13728.0
42580,6111.0
42581,2410.0
42582,5368.0
42583,9079.0
42584,6258.0
42585,13608.0
42586,4149.0
42587,12243.0
42588,15329.0
42589,3574.0
42590,80511.0
42591,51457.0
42592,8265.0
42593,3962.0
42594,3147.0
42595,6292.0
42596,41314.0
42597,41314.0
42598,11940.0
42599,49177.0
42600,3519.0
42601,54608.0
42602,3014.0
42603,7469.0
42604,7767.0
42605,6294.0
42606,6461.0
42607,57790.0
42608,3862.0
42609,51457.0
42610,52063.0
42611,8750.0
42612,11205.0
42613,6090.0
42614,45257.0
42615,9359.0
42616,12847.0
42617,4499.0
42618,60508.0
42619,7455.0
42620,36763.0
42621,54684.0
42622,5415.0
42623,52287.0
42624,13524.0
42625,7268.0
42626,53645.0
42627,27976.0
42628,60365.0
42629,13923.0
42630,6287.0
42631,73581.0
42632,16570.0
42633,3000.0
42634,70700.0
42635,7489.0
42636,13832.0
42637,7021.0
42638,71058.0
42639,15058.0
42640,3551.0
42641,2343.0
42642,4755.0
42643,51817.0
42644,57999.0
42645,41281.0
42646,3348.0
42647,4827.0
42648,4757.0
42649,6977.0
42650,3862.0
42651,6319.0
42652,57992.0
42653,51474.0
42654,45805.0
42655,8112.0
42656,4111.0
42657,7950.0
42658,9879.0
42659,4009.0
42660,3363.0
42661,32859.0
42662,7424.0
42663,5657.0
42664,2250.0
42665,10301.0
42666,61583.0
42667,60260.0
42668,4949.0
42669,5934.0
42670,17223.0
42671,11451.0
42672,61049.0
42673,5500.0
42674,7021.0
42675,5958.0
42676,5280.0
42677,19180.0
42678,9840.0
42679,6578.0
42680,12054.0
42681,54608.0
42682,2124.0
42683,5918.0
42684,49992.0
42685,67004.0
42686,14702.0
42687,24056.0
42688,3096.0
42689,11139.0
42690,7317.0
42691,60232.0
42692,8265.0
42693,6032.0
42694,11129.0
42695,53209.0
42696,10018.0
42697,49613.0
42698,6292.0
42699,2637.0
42700,40933.0
42701,3999.0
42702,5177.0
42703,7135.0
42704,6337.0
42705,6450.0
42706,3862.0
42707,6776.0
42708,62617.0
42709,64173.0
42710,11319.0
42711,3346.0
42712,66122.0
42713,6296.0
42714,4367.0
42715,2477.0
42716,6221.0
42717,8983.0
42718,3584.0
42719,13235.0
42720,8134.0
42721,5610.0
42722,7958.0
42723,4799.0
42724,4009.0
42725,5441.0
42726,2835.0
42727,2974.0
42728,5765.0
42729,5954.0
42730,4524.0
42731,64173.0
42732,7390.0
42733,3860.0
42734,3266.0
42735,5955.0
42736,66063.0
42737,4173.0
42738,53152.0
42739,7352.0
42740,3855.0
42741,2201.0
42742,53164.0
42743,8111.0
42744,2150.0
42745,4559.0
42746,6612.0
42747,20000.0
42748,54896.0
42749,6450.0
42750,4027.0
42751,61404.0
42752,6200.0
42753,69168.0
42754,3979.0
42755,31450.0
42756,57017.0
42757,53164.0
42758,7709.0
42759,14544.0
42760,3219.0
42761,12210.0
42762,5087.0
42763,11448.0
42764,12570.0
42765,63979.0
42766,5530.0
42767,4503.0
42768,42521.0
42769,66063.0
42770,37985.0
42771,4069.0
42772,4979.0
42773,5949.0
42774,4748.0
42775,7426.0
42776,11415.0
42777,6666.0
42778,39610.0
42779,6271.0
42780,5313.0
42781,51345.0
42782,11488.0
42783,6133.0
42784,3015.0
42785,60396.0
42786,2835.0
42787,10318.0
42788,4589.0
42789,9750.0
42790,3354.0
42791,14388.0
42792,60396.0
42793,2477.0
42794,6090.0
42795,8534.0
42796,23838.0
42797,32923.0
42798,5954.0
42799,2201.0
42800,5322.0
42801,13183.0
42802,22140.0
42803,8878.0
42804,42521.0
42805,3330.0
42806,5388.0
42807,32859.0
42808,1776.0
42809,5841.0
42810,7021.0
42811,23478.0
42812,54481.0
42813,60260.0
42814,6437.0
42815,4971.0
42816,6256.0
42817,6308.0
42818,32859.0
42819,6568.0
42820,4417.0
42821,4439.0
42822,5584.0
42823,54115.0
42824,54777.0
42825,62591.0
42826,1755.0
42827,2201.0
42828,12033.0
42829,5954.0
42830,4506.0
42831,10225.0
42832,3843.0
42833,56588.0
42834,12880.0
42835,4111.0
42836,3572.0
42837,49553.0
42838,5772.0
42839,34472.0
42840,9241.0
42841,3433.0
42842,39847.0
42843,7904.0
42844,6461.0
42845,5950.0
42846,6163.0
42847,42349.0
42848,32923.0
42849,54896.0
42850,4933.0
42851,4263.0
42852,5206.0
42853,3090.0
42854,7249.0
42855,17815.0
42856,3674.0
42857,54608.0
42858,12255.0
42859,5954.0
42860,2738.0
42861,11129.0
42862,51817.0
42863,74880.0
42864,6195.0
42865,47507.0
42866,7950.0
42867,6450.0
42868,2723.0
42869,11129.0
42870,74844.0
42871,10738.0
42872,11664.0
42873,11139.0
42874,9828.0
42875,4028.0
42876,5823.0
42877,7262.0
42878,2780.0
42879,5846.0
42880,3478.0
42881,22020.0
42882,8816.0
42883,7050.0
42884,62448.0
42885,35554.0
42886,69168.0
42887,5429.0
42888,2276.0
42889,45185.0
42890,5177.0
42891,5892.0
42892,6122.0
42893,6311.0
42894,22140.0
42895,9768.0
42896,60396.0
42897,4827.0
42898,11069.0
42899,41314.0
42900,6120.0
42901,5569.0
42902,56588.0
42903,60396.0
42904,5632.0
42905,5632.0
42906,6293.0
42907,37929.0
42908,3959.0
42909,5955.0
42910,8034.0
42911,65944.0
42912,13188.0
42913,3574.0
42914,2836.0
42915,32859.0
42916,5227.0
42917,11205.0
42918,4099.0
42919,53499.0
42920,53164.0
42921,49553.0
42922,3729.0
42923,8321.0
42924,3885.0
42925,6287.0
42926,5949.0
42927,3467.0
42928,2150.0
42929,7423.0
42930,11664.0
42931,57920.0
42932,57565.0
42933,4173.0
42934,5101.0
42935,6489.0
42936,6292.0
42937,5432.0
42938,1776.0
42939,4649.0
42940,59649.0
42941,5954.0
42942,39377.0
42943,4453.0
42944,64831.0
42945,42457.0
42946,62188.0
42947,3105.0
42948,2250.0
42949,4896.0
42950,4099.0
42951,1800.0
42952,6843.0
42953,34472.0
42954,84879.0
42955,53552.0
42956,11319.0
42957,39859.0
42958,51345.0
42959,6122.0
42960,1606.0
42961,47586.0
42962,10672.0
42963,55502.0
42964,11336.0
42965,29648.0
42966,8550.0
42967,49553.0
42968,5943.0
42969,39610.0
42970,3393.0
42971,2339.0
42972,13103.0
42973,12538.0
42974,54608.0
42975,9269.0
42976,22140.0
42977,9201.0
42978,6319.0
42979,2994.0
42980,2098.0
42981,6324.0
42982,16212.0
42983,39321.0
42984,2201.0
42985,11298.0
42986,5502.0
42987,8111.0
42988,3788.0
42989,7427.0
42990,3697.0
42991,7927.0
42992,7762.0
42993,7489.0
42994,6200.0
42995,5269.0
42996,64801.0
42997,44025.0
42998,6319.0
42999,47856.0
43000,41064.0
43001,6821.0
43002,7135.0
43003,56588.0
43004,2480.0
43005,5584.0
43006,8483.0
43007,6082.0
43008,22140.0
43009,2359.0
43010,2051.0
43011,2410.0
43012,4524.0
43013,55502.0
43014,44144.0
43015,12138.0
43016,5949.0
43017,53440.0
43018,10849.0
43019,6256.0
43020,5657.0
43021,8913.0
43022,4439.0
43023,76545.0
43024,7487.0
43025,60508.0
43026,12990.0
43027,3330.0
43028,5147.0
43029,53482.0
43030,5594.0
43031,54777.0
43032,13524.0
43033,50361.0
43034,6314.0
43035,20684.0
43036,6170.0
43037,6067.0
43038,4230.0
43039,4896.0
43040,15889.0
43041,3336.0
43042,3519.0
43043,6569.0
43044,4079.0
43045,8394.0
43046,4896.0
43047,4387.0
43048,3466.0
43049,16212.0
43050,61873.0
43051,55502.0
43052,62188.0
43053,69938.0
43054,5233.0
43055,3000.0
43056,49725.0
43057,10680.0
43058,5087.0
43059,60978.0
43060,53937.0
43061,12036.0
43062,39555.0
43063,60260.0
43064,6443.0
43065,41269.0
43066,7174.0
43067,2792.0
43068,3379.0
43069,50271.0
43070,62448.0
43071,64285.0
43072,11972.0
43073,4390.0
43074,66928.0
43075,5099.0
43076,55377.0
43077,7338.0
43078,10953.0
43079,6502.0
43080,4792.0
43081,64285.0
43082,53164.0
43083,6732.0
43084,5960.0
43085,45883.0
43086,5823.0
43087,13791.0
43088,7425.0
43089,4960.0
43090,3860.0
43091,6568.0
43092,7958.0
43093,4896.0
43094,6461.0
43095,56588.0
43096,18026.0
43097,4482.0
43098,54305.0
43099,7813.0
43100,22140.0
43101,1543.0
43102,70109.0
43103,13276.0
43104,7884.0
43105,53164.0
43106,6109.0
43107,50297.0
43108,12538.0
43109,24056.0
43110,2723.0
43111,44144.0
43112,3177.0
43113,5686.0
43114,4071.0
43115,31436.0
43116,7145.0
43117,4506.0
43118,54777.0
43119,7425.0
43120,8426.0
43121,6271.0
43122,7353.0
43123,5988.5
43124,54684.0
43125,3379.0
43126,3253.0
43127,64969.0
43128,6458.0
43129,7732.0
43130,8321.0
43131,87060.0
43132,20760.0
43133,60260.0
43134,6489.0
43135,60260.0
43136,69997.0
43137,54608.0
43138,53152.0
43139,49613.0
43140,51819.0
43141,8718.0
43142,66928.0
43143,4161.0
43144,61933.0
43145,64173.0
43146,6319.0
43147,6536.0
43148,6132.0
43149,61649.0
43150,6577.0
43151,10744.0
43152,37900.0
43153,62560.0
43154,45883.0
43155,5186.0
43156,23424.0
43157,8198.0
43158,8268.0
43159,6022.0
43160,51707.0
43161,3219.0
43162,2056.0
43163,6977.0
43164,2228.0
43165,4071.0
43166,3971.0
43167,5818.0
43168,10260.0
43169,45883.0
43170,47657.0
43171,7410.0
43172,3862.0
43173,55377.0
43174,5953.0
43175,70793.0
43176,2723.0
43177,60978.0
43178,4357.0
43179,49553.0
43180,45257.0
43181,45257.0
43182,7053.0
43183,78913.0
43184,7353.0
43185,2203.0
43186,3911.0
43187,4158.0
43188,5029.0
43189,6105.0
43190,5523.0
43191,101780.0
43192,19331.0
43193,5805.0
43194,6333.0
43195,6082.0
43196,13435.0
43197,39555.0
43198,4500.0
43199,5768.0
43200,51697.0
43201,49725.0
43202,49613.0
43203,4962.0
43204,10069.0
43205,16467.0
43206,13922.0
43207,2409.0
43208,9664.0
43209,6791.0
43210,7954.0
43211,3829.0
43212,11310.0
43213,2637.0
43214,13564.0
43215,2339.0
43216,15761.0
43217,7884.0
43218,41064.0
43219,5322.0
43220,53164.0
43221,74365.0
43222,6132.0
43223,74880.0
43224,5144.0
43225,50271.0
43226,4452.0
43227,9840.0
43228,4672.0
43229,49725.0
43230,4363.0
43231,2613.0
43232,7004.0
43233,6324.0
43234,8828.0
43235,4971.0
43236,6129.0
43237,6302.0
43238,5696.0
43239,3000.0
43240,53164.0
43241,39847.0
43242,32859.0
43243,60365.0
43244,3980.0
43245,61049.0
43246,50271.0
43247,9397.5
43248,7968.0
43249,32347.0
43250,51707.0
43251,9593.0
43252,2228.0
43253,4230.0
43254,2901.0
43255,7392.0
43256,3458.0
43257,69244.0
43258,2124.0
43259,9988.0
43260,5892.0
43261,53164.0
43262,45600.0
43263,3096.0
43264,10071.0
43265,13174.0
43266,3357.0
43267,2200.0
43268,6695.0
43269,39321.0
43270,60508.0
43271,4028.0
43272,5290.0
43273,11928.0
43274,2637.0
43275,4172.0
43276,52175.0
43277,5177.0
43278,62524.0
43279,7192.0
43280,4672.0
43281,2409.0
43282,21285.0
43283,82317.0
43284,39377.0
43285,11469.0
43286,6186.0
43287,35490.0
43288,44610.0
43289,7426.0
43290,57856.0
43291,64113.0
43292,4792.0
43293,6067.0
43294,12045.0
43295,17604.0
43296,3819.0
43297,55983.0
43298,8519.0
43299,4593.0
43300,6117.0
43301,4909.0
43302,3393.0
43303,5949.0
43304,17604.0
43305,5742.0
43306,4251.0
43307,5500.0
43308,5954.0
43309,2410.0
43310,3423.0
43311,39555.0
43312,6064.0
43313,57081.0
43314,3184.0
43315,3423.0
43316,4469.0
43317,11664.0
43318,11650.0
43319,64173.0
43320,3987.0
43321,58315.0
43322,45883.0
43323,9768.0
43324,3465.0
43325,13734.0
43326,52287.0
43327,7877.0
43328,4499.0
43329,5949.0
43330,2339.0
43331,8054.0
43332,3471.0
43333,61649.0
43334,1890.0
43335,12408.0
43336,3621.0
43337,51875.0
43338,4348.0
43339,8636.0
43340,5547.0
43341,9064.0
43342,51372.0
43343,45805.0
43344,51345.0
43345,71229.0
43346,11853.0
43347,4977.0
43348,51595.0
43349,3342.0
43350,60365.0
43351,31436.0
43352,12454.0
43353,4393.0
43354,9353.0
43355,2339.0
43356,2901.0
43357,75785.0
43358,2203.0
43359,2399.0
43360,67130.0
43361,45097.0
43362,29777.0
43363,4757.0
43364,37432.0
43365,49613.0
43366,4496.0
43367,5177.0
43368,72125.0
43369,7900.0
43370,4348.0
43371,56476.0
43372,5127.0
43373,62045.0
43374,4871.0
43375,4417.0
43376,6488.0
43377,2696.0
43378,7190.0
43379,4755.0
43380,1550.0
43381,10083.0
43382,61873.0
43383,8938.0
43384,49613.0
43385,5569.0
43386,3100.0
43387,6888.0
43388,5817.0
43389,17604.0
43390,4363.0
43391,11785.0
43392,38099.0
43393,42457.0
43394,53164.0
43395,2074.0
43396,3940.0
43397,15944.0
43398,4387.0
43399,6437.0
43400,5102.0
43401,11488.0
43402,4637.0
43403,1776.0
43404,1788.0
43405,5606.0
43406,3015.0
43407,4368.0
43408,58125.0
43409,12138.0
43410,63725.0
43411,6799.0
43412,6432.0
43413,64890.0
43414,11129.0
43415,1776.0
43416,3393.0
43417,57017.0
43418,5982.0
43419,2124.0
43420,67601.0
43421,11940.0
43422,4020.0
43423,1830.0
43424,37900.0
43425,6287.0
43426,6968.0
43427,4663.0
43428,4589.0
43429,5939.0
43430,6067.0
43431,12138.0
43432,5576.0
43433,8376.0
43434,7813.0
43435,5314.0
43436,6578.0
43437,1543.0
43438,5179.0
43439,8718.5
43440,4190.0
43441,5178.0
43442,13200.0
43443,5043.0
43444,15624.0
43445,59033.0
43446,49613.0
43447,2339.0
43448,5499.0
43449,4678.0
43450,7488.0
43451,11520.0
43452,49613.0
43453,22152.0
43454,2465.0
43455,3001.0
43456,11972.0
43457,49553.0
43458,49553.0
43459,10469.0
43460,3393.0
43461,42457.0
43462,4827.0
43463,3306.0
43464,7487.0
43465,3569.0
43466,7385.0
43467,4674.0
43468,5656.0
43469,5943.0
43470,4086.0
43471,42521.0
43472,5293.0
43473,19113.0
43474,5177.0
43475,2250.0
43476,3979.0
43477,5953.0
43478,5949.0
43479,5888.0
43480,13620.0
43481,3334.0
43482,1890.0
43483,6437.0
43484,3909.0
43485,41101.0
43486,29170.0
43487,16140.0
43488,7393.0
43489,3444.5
43490,10081.0
43491,14022.0
43492,3979.0
43493,61404.0
43494,61873.0
43495,4417.0
43496,3465.0
43497,3571.0
43498,8838.0
43499,6622.0
43500,5488.0
43501,42412.0
43502,9828.0
43503,2637.0
43504,74127.0
43505,5606.0
43506,18313.0
43507,3596.0
43508,86750.0
43509,58315.0
43510,51817.0
43511,3940.0
43512,4284.0
43513,4348.0
43514,51707.0
43515,49613.0
43516,3996.0
43517,10061.0
43518,61933.0
43519,60589.0
43520,6276.0
43521,7677.0
43522,29776.0
43523,66063.0
43524,3620.0
43525,12315.0
43526,54306.0
43527,3298.0
43528,5103.0
43529,13830.0
43530,3467.0
43531,60396.0
43532,5656.0
43533,8322.0
43534,6015.0
43535,5771.0
43536,80566.0
43537,5415.0
43538,27792.0
43539,66928.0
43540,8111.0
43541,4796.0
43542,60410.0
43543,8118.0
43544,5102.0
43545,2074.0
43546,13023.0
43547,3334.0
43548,12474.0
43549,66234.0
43550,7999.0
43551,3282.0
43552,6437.0
43553,5220.0
43554,32859.0
43555,13998.0
43556,51405.0
43557,3621.0
43558,4672.0
43559,60396.0
43560,51819.0
43561,72500.0
43562,2051.0
43563,4637.0
43564,11383.0
43565,80566.0
43566,3855.0
43567,4263.0
43568,62617.0
43569,3867.0
43570,5882.0
43571,45257.0
43572,5441.0
43573,5504.0
43574,51372.0
43575,7732.0
43576,57405.0
43577,2857.0
43578,3627.0
43579,5206.0
43580,7409.0
43581,13524.0
43582,6395.0
43583,12150.0
43584,4452.0
43585,9904.0
43586,5330.0
43587,54684.0
43588,7971.0
43589,60978.0
43590,2074.0
43591,3334.0
43592,6132.0
43593,6821.0
43594,55377.0
43595,60508.0
43596,73812.0
43597,7656.0
43598,4499.0
43599,7053.0
43600,1933.0
43601,6170.0
43602,8869.0
43603,5949.0
43604,6395.0
43605,11231.0
43606,60978.0
43607,6568.0
43608,5729.0
43609,51595.0
43610,5365.0
43611,44280.0
43612,10783.0
43613,89927.0
43614,7012.0
43615,70431.0
43616,5441.0
43617,15353.0
43618,56590.0
43619,3357.0
43620,1788.0
43621,34472.0
43622,11675.0
43623,23838.0
43624,7425.0
43625,10330.0
43626,4789.0
43627,7387.0
43628,4144.0
43629,3466.0
43630,58394.0
43631,10680.0
43632,3587.0
43633,3623.0
43634,20664.0
43635,3000.0
43636,67441.0
43637,5232.0
43638,5937.0
43639,67769.0
43640,5177.0
43641,1694.0
43642,4687.0
43643,7404.0
43644,50271.0
43645,4111.0
43646,4830.0
43647,53743.0
43648,5279.0
43649,3864.0
43650,54684.0
43651,3269.0
43652,4330.0
43653,10008.0
43654,15824.0
43655,66928.0
43656,8836.0
43657,54608.0
43658,11452.0
43659,2343.0
43660,3450.0
43661,5960.0
43662,4498.0
43663,44280.0
43664,5293.0
43665,5817.0
43666,4933.0
43667,4971.0
43668,55502.0
43669,52175.0
43670,51875.0
43671,51707.0
43672,54608.0
43673,65872.0
43674,5660.0
43675,54896.0
43676,11675.0
43677,41652.0
43678,72730.0
43679,51697.0
43680,3999.0
43681,13014.0
43682,3987.0
43683,14355.0
43684,11448.0
43685,60508.0
43686,4500.0
43687,41101.0
43688,3971.0
43689,4152.0
43690,9242.0
43691,2339.0
43692,2124.0
43693,11129.0
43694,9893.0
43695,4943.0
43696,4118.0
43697,3819.0
43698,4165.0
43699,6568.0
43700,10143.0
43701,7794.0
43702,85249.0
43703,10744.0
43704,39847.0
43705,4672.0
43706,5880.0
43707,3269.0
43708,4671.0
43709,60508.0
43710,13968.0
43711,54684.0
43712,65872.0
43713,3013.0
43714,10243.0
43715,7469.0
43716,10757.0
43717,49553.0
43718,14376.0
43719,20667.0
43720,51384.0
43721,3999.0
43722,4056.0
43723,15017.0
43724,4165.0
43725,3393.0
43726,11069.0
43727,3685.0
43728,2343.0
43729,2276.0
43730,58125.0
43731,4554.0
43732,52287.0
43733,53209.0
43734,57405.0
43735,6122.0
43736,5120.0
43737,6977.0
43738,64173.0
43739,8842.0
43740,4971.0
43741,11520.0
43742,65529.0
43743,37985.0
43744,60978.0
43745,51817.0
43746,9840.0
43747,5888.0
43748,7425.0
43749,5652.0
43750,6395.0
43751,63793.0
43752,3733.0
43753,6129.0
43754,32859.0
43755,66928.0
43756,3389.0
43757,13773.0
43758,4827.0
43759,53164.0
43760,6296.0
43761,9105.0
43762,12054.0
43763,12372.0
43764,5177.0
43765,5177.0
43766,7141.0
43767,66928.0
43768,6776.0
43769,6444.0
43770,3862.0
43771,45257.0
43772,59033.0
43773,4111.0
43774,2613.0
43775,6133.0
43776,4099.0
43777,50957.0
43778,6271.0
43779,4783.0
43780,4416.0
43781,55377.0
43782,56588.0
43783,59290.0
43784,51875.0
43785,5414.0
43786,6002.0
43787,4262.0
43788,8111.0
43789,4672.0
43790,35554.0
43791,82817.0
43792,6488.0
43793,4672.0
43794,5949.0
43795,3393.0
43796,5950.0
43797,5808.0
43798,7749.0
43799,12880.0
43800,3862.0
43801,56702.0
43802,2901.0
43803,64173.0
43804,5120.0
43805,39321.0
43806,5977.0
43807,7425.0
43808,7212.0
43809,70793.0
43810,60891.0
43811,5496.0
43812,8442.0
43813,44546.0
43814,48851.0
43815,21738.0
43816,57081.0
43817,10575.0
43818,51345.0
43819,5568.0
43820,4299.0
43821,2124.0
43822,5954.0
43823,9879.0
43824,54841.0
43825,41113.0
43826,7562.0
43827,5485.0
43828,5037.0
43829,2723.0
43830,67130.0
43831,42457.0
43832,36712.0
43833,9718.0
43834,6132.0
43835,3843.0
43836,6692.0
43837,3153.0
43838,2361.0
43839,5322.0
43840,53164.0
43841,4007.0
43842,11088.0
43843,3916.0
43844,8640.0
43845,7425.0
43846,7352.0
43847,4427.0
43848,13368.0
43849,14223.0
43850,1890.0
43851,52392.0
43852,64173.0
43853,7948.0
43854,53164.0
43855,4948.0
43856,6131.0
43857,6832.0
43858,6262.0
43859,55983.0
43860,7257.0
43861,47395.0
43862,4357.0
43863,5818.0
43864,4149.0
43865,6296.0
43866,5467.0
43867,2723.0
43868,4501.0
43869,53164.0
43870,8043.0
43871,4658.0
43872,3457.0
43873,4339.0
43874,37929.0
43875,52287.0
43876,7109.0
43877,5380.0
43878,7131.0
43879,6158.0
43880,59254.0
43881,5000.0
43882,39321.0
43883,8596.0
43884,4969.0
43885,13661.0
43886,2339.0
43887,50271.0
43888,55983.0
43889,5786.0
43890,4189.0
43891,37985.0
43892,10291.0
43893,45257.0
43894,60978.0
43895,7123.0
43896,11129.0
43897,2203.0
43898,4453.0
43899,10732.0
43900,2436.0
43901,5960.0
43902,11625.0
43903,9289.0
43904,12623.0
43905,7950.0
43906,4893.0
43907,2050.0
43908,4452.0
43909,4229.0
43910,6067.0
43911,37846.0
43912,7813.0
43913,55983.0
43914,51697.0
43915,4453.0
43916,12978.0
43917,4792.0
43918,6461.0
43919,5174.0
43920,54484.0
43921,7584.0
43922,10374.0
43923,4724.0
43924,45883.0
43925,5245.0
43926,4827.0
43927,60160.0
43928,67497.0
43929,61873.0
43930,61985.0
43931,5536.0
43932,5467.0
43933,2343.0
43934,23944.0
43935,6132.0
43936,10425.0
43937,5954.0
43938,4337.0
43939,17226.0
43940,54608.0
43941,5950.0
43942,41269.0
43943,7425.0
43944,5772.0
43945,3916.0
43946,7425.0
43947,10774.0
43948,4672.0
43949,21404.0
43950,8112.0
43951,2410.0
43952,2080.0
43953,27976.0
43954,4637.0
43955,23944.0
43956,2057.0
43957,5942.0
43958,53499.0
43959,56590.0
43960,8224.0
43961,6650.0
43962,4020.0
43963,4294.0
43964,4380.0
43965,4961.0
43966,60978.0
43967,2409.0
43968,72201.0
43969,5227.0
43970,44144.0
43971,4453.0
43972,11383.0
43973,5322.0
43974,6610.0
43975,4190.0
43976,51817.0
43977,56632.5
43978,62591.0
43979,7895.0
43980,2621.0
43981,6420.0
43982,50361.0
43983,4556.0
43984,45693.0
43985,6863.0
43986,2124.0
43987,5949.0
43988,13470.0
43989,7425.0
43990,7226.0
43991,4009.0
43992,14074.0
43993,64729.0
43994,5960.0
43995,11139.0
43996,60978.0
43997,6489.0
43998,74844.0
43999,5954.0
44000,5840.0
44001,4684.0
44002,7656.0
44003,52287.0
44004,4348.0
44005,54684.0
44006,44144.0
44007,4028.0
44008,4474.0
44009,13225.0
44010,17604.0
44011,11247.0
44012,3302.0
44013,1543.0
44014,9879.0
44015,42521.0
44016,8016.0
44017,14314.0
44018,11448.0
44019,4893.0
44020,5525.0
44021,2343.0
44022,10744.0
44023,9734.0
44024,3496.0
44025,5949.0
44026,5955.0
44027,5087.0
44028,3324.0
44029,6028.0
44030,9124.0
44031,6262.0
44032,4482.0
44033,67497.0
44034,2050.0
44035,6909.0
44036,5606.0
44037,5098.0
44038,9840.0
44039,2074.0
44040,12222.0
44041,55983.0
44042,69737.0
44043,50271.0
44044,47217.0
44045,7310.0
44046,5817.0
44047,1776.0
44048,6568.0
44049,59537.0
44050,5606.0
44051,2339.0
44052,44280.0
44053,57856.0
44054,37985.0
44055,39622.0
44056,7212.0
44057,64285.0
44058,7672.0
44059,7163.0
44060,4149.0
44061,4696.0
44062,8422.0
44063,4971.0
44064,54777.0
44065,4230.0
44066,4896.0
44067,4454.0
44068,49725.0
44069,54684.0
44070,9420.0
44071,8169.0
44072,48851.0
44073,5954.0
44074,43376.0
44075,20077.0
44076,41101.0
44077,51058.0
44078,5284.0
44079,1998.0
44080,4506.0
44081,6437.0
44082,8803.0
44083,50271.0
44084,6814.0
44085,74844.0
44086,31982.0
44087,3453.0
44088,5089.0
44089,10680.0
44090,12212.0
44091,66129.0
44092,6922.0
44093,12267.0
44094,1776.0
44095,11696.0
44096,34460.0
44097,6067.0
44098,53209.0
44099,3519.0
44100,20808.0
44101,55502.0
44102,5949.0
44103,3090.0
44104,59021.0
44105,5232.0
44106,45883.0
44107,7677.0
44108,5955.0
44109,44144.0
44110,3266.0
44111,64113.0
44112,69997.0
44113,50361.0
44114,4357.0
44115,16601.0
44116,53440.0
44117,4165.0
44118,52175.0
44119,4846.0
44120,3671.0
44121,14631.0
44122,2436.0
44123,5892.0
44124,7490.0
44125,60260.0
44126,49207.0
44127,15804.0
44128,49992.0
44129,28312.0
44130,42457.0
44131,7221.0
44132,42457.0
44133,72192.0
44134,5960.0
44135,4796.0
44136,37985.0
44137,10268.0
44138,7196.0
44139,1543.0
44140,17194.0
44141,51707.0
44142,5504.0
44143,12454.0
44144,60160.0
44145,24456.0
44146,63053.0
44147,10018.0
44148,52287.0
44149,5102.0
44150,4498.0
44151,42457.0
44152,51707.0
44153,8604.0
44154,51345.0
44155,4499.0
44156,3754.0
44157,61583.0
44158,5467.0
44159,54841.0
44160,5955.0
44161,29764.0
44162,3610.0
44163,4294.0
44164,5761.0
44165,20445.0
44166,4363.0
44167,12166.0
44168,11479.0
44169,3374.0
44170,2336.0
44171,6868.0
44172,5098.0
44173,43729.0
44174,13235.0
44175,2586.0
44176,54608.0
44177,11675.0
44178,4672.0
44179,3512.0
44180,11247.0
44181,30808.0
44182,41314.0
44183,6568.0
44184,57920.0
44185,11928.0
44186,73376.0
44187,42424.0
44188,3845.0
44189,3014.0
44190,8442.0
44191,11677.0
44192,60555.0
44193,6295.0
44194,6122.0
44195,5761.0
44196,67004.0
44197,5309.0
44198,4687.0
44199,5955.0
44200,9866.0
44201,4224.0
44202,4559.0
44203,3860.0
44204,4069.0
44205,6461.0
44206,7480.0
44207,56476.0
44208,5322.0
44209,5441.0
44210,21242.0
44211,9035.0
44212,3622.0
44213,4081.0
44214,3496.0
44215,65942.0
44216,2203.0
44217,3971.0
44218,5937.0
44219,8233.0
44220,5805.0
44221,55502.0
44222,3916.0
44223,60260.0
44224,7504.0
44225,4648.0
44226,4202.0
44227,3269.0
44228,63441.0
44229,7518.0
44230,8112.0
44231,6444.0
44232,7326.0
44233,44144.0
44234,84896.0
44235,8913.0
44236,5006.0
44237,54777.0
44238,2124.0
44239,7958.0
44240,5493.0
44241,4357.0
44242,5888.0
44243,52287.0
44244,7543.0
44245,67130.0
44246,50271.0
44247,47545.0
44248,2074.0
44249,5577.0
44250,7424.0
44251,24056.0
44252,5668.0
44253,6972.0
44254,5888.0
44255,49613.0
44256,45693.0
44257,22140.0
44258,4368.0
44259,3709.0
44260,3873.0
44261,64173.0
44262,9763.0
44263,9746.0
44264,7373.0
44265,8043.0
44266,1890.0
44267,3108.0
44268,23898.0
44269,49613.0
44270,2105.0
44271,60508.0
44272,2723.0
44273,5684.0
44274,4827.0
44275,20739.0
44276,6109.0
44277,6489.0
44278,1543.0
44279,52715.0
44280,53209.0
44281,3381.0
44282,3467.0
44283,7813.0
44284,4751.0
44285,4019.0
44286,5937.0
44287,6437.0
44288,6277.0
44289,4221.0
44290,60978.0
44291,4836.0
44292,3090.0
44293,2124.0
44294,59033.0
44295,27792.0
44296,8527.0
44297,49177.0
44298,4009.0
44299,55983.0
44300,1998.0
44301,5166.0
44302,11307.0
44303,5087.0
44304,62591.0
44305,5942.0
44306,2410.0
44307,42212.0
44308,51875.0
44309,5485.0
44310,20034.0
44311,6437.0
44312,60508.0
44313,5955.0
44314,5536.0
44315,48213.0
44316,52287.0
44317,4752.0
44318,3644.0
44319,49207.0
44320,2791.0
44321,55130.0
44322,51345.0
44323,82460.0
44324,8224.0
44325,12927.0
44326,5954.0
44327,54841.0
44328,5098.0
44329,9201.0
44330,6207.0
44331,5698.0
44332,29776.0
44333,4498.0
44334,16318.0
44335,69168.0
44336,4086.0
44337,5943.0
44338,1924.0
44339,2737.0
44340,3663.0
44341,7575.0
44342,4612.0
44343,57920.0
44344,48298.0
44345,5055.0
44346,6489.0
44347,4637.0
44348,2074.0
44349,3334.0
44350,61049.0
44351,55502.0
44352,51372.0
44353,3546.0
44354,15377.0
44355,53152.0
44356,16286.0
44357,14312.0
44358,35532.0
44359,6099.0
44360,64801.0
44361,43729.0
44362,5099.0
44363,12150.0
44364,63544.0
44365,2276.0
44366,5227.0
44367,9408.0
44368,12191.0
44369,3010.0
44370,2050.0
44371,8738.0
44372,6068.0
44373,70431.0
44374,5549.0
44375,3100.0
44376,13818.0
44377,4969.0
44378,54115.0
44379,5760.0
44380,9828.0
44381,1714.0
44382,66928.0
44383,51384.0
44384,5954.0
44385,7241.0
44386,11307.0
44387,44280.0
44388,8885.0
44389,1830.0
44390,55983.0
44391,25833.0
44392,55983.0
44393,3236.0
44394,2477.0
44395,6226.0
44396,4071.0
44397,4570.0
44398,10961.0
44399,54841.0
44400,6103.0
44401,2737.0
44402,5888.0
44403,4436.0
44404,3324.0
44405,58394.0
44406,4979.0
44407,5103.0
44408,60978.0
44409,13322.0
44410,11129.0
44411,51384.0
44412,3754.0
44413,5322.0
44414,2399.0
44415,11545.0
44416,5178.0
44417,15105.0
44418,8927.0
44419,20684.0
44420,59571.0
44421,8427.0
44422,11205.0
44423,6319.0
44424,3401.0
44425,6122.0
44426,53152.0
44427,6568.0
44428,56588.0
44429,6133.0
44430,3878.0
44431,5103.0
44432,4541.0
44433,54896.0
44434,3923.0
44435,2228.0
44436,6352.0
44437,52063.0
44438,4348.0
44439,6082.0
44440,5954.0
44441,67769.0
44442,6966.0
44443,65529.0
44444,6275.0
44445,51372.0
44446,7774.0
44447,70109.0
44448,4417.0
44449,4027.0
44450,39499.0
44451,7056.0
44452,54684.0
44453,25337.0
44454,15204.0
44455,12990.0
44456,66928.0
44457,4755.0
44458,12071.0
44459,2339.0
44460,5089.0
44461,56476.0
44462,50271.0
44463,21285.0
44464,2438.0
44465,5623.0
44466,4363.0
44467,59367.0
44468,54684.0
44469,4251.0
44470,6160.0
44471,4542.0
44472,11129.0
44473,2477.0
44474,4658.0
44475,10018.0
44476,7487.0
44477,6296.0
44478,37985.0
44479,49553.0
44480,11129.0
44481,2228.0
44482,60978.0
44483,4111.0
44484,19008.0
44485,45883.0
44486,58125.0
44487,6412.0
44488,2098.0
44489,54896.0
44490,3401.0
44491,51817.0
44492,44144.0
44493,45883.0
44494,39321.0
44495,10479.0
44496,4783.0
44497,5102.0
44498,3379.0
44499,53209.0
44500,2738.0
44501,10056.0
44502,5949.0
44503,5232.0
44504,4348.0
44505,51875.0
44506,5954.0
44507,4440.0
44508,8112.0
44509,4752.0
44510,10002.0
44511,49725.0
44512,67137.0
44513,7556.0
44514,6122.0
44515,62188.0
44516,61899.0
44517,10471.0
44518,8277.0
44519,15078.0
44520,4672.0
44521,10744.0
44522,1830.0
44523,12408.0
44524,41269.0
44525,52175.0
44526,59929.0
44527,4724.0
44528,17779.0
44529,12855.0
44530,3000.0
44531,63277.0
44532,6921.0
44533,7229.0
44534,5823.0
44535,22152.0
44536,61933.0
44537,13653.0
44538,11069.0
44539,51457.0
44540,2410.0
44541,6395.0
44542,5380.0
44543,5322.0
44544,13423.0
44545,23898.0
44546,7859.0
44547,8111.0
44548,75785.0
44549,5761.0
44550,13095.0
44551,6786.0
44552,53743.0
44553,2482.0
44554,6825.0
44555,31982.0
44556,2098.0
44557,6547.0
44558,5937.0
44559,14889.0
44560,4672.0
44561,51457.0
44562,6060.0
44563,62448.0
44564,2737.0
44565,6395.0
44566,5761.0
44567,11843.0
44568,3000.0
44569,7494.0
44570,5499.0
44571,4210.0
44572,6578.0
44573,66108.0
44574,64285.0
44575,49725.0
44576,4031.0
44577,11205.0
44578,7004.0
44579,57057.0
44580,7425.0
44581,4453.0
44582,15854.0
44583,10604.0
44584,2526.0
44585,6989.0
44586,54777.0
44587,57920.0
44588,55982.0
44589,54608.0
44590,2105.0
44591,3729.0
44592,12716.0
44593,6275.0
44594,14889.0
44595,5410.0
44596,9178.0
44597,2464.0
44598,6521.0
44599,3623.0
44600,60260.0
44601,50361.0
44602,12906.0
44603,8486.0
44604,2477.0
44605,45693.0
44606,4276.0
44607,48851.0
44608,60260.0
44609,56476.0
44610,55983.0
44611,5724.0
44612,51817.0
44613,15393.0
44614,4909.0
44615,41064.0
44616,8112.0
44617,10563.0
44618,4339.0
44619,2050.0
44620,61873.0
44621,6444.0
44622,42546.0
44623,6287.0
44624,6172.0
44625,5177.0
44626,4229.0
44627,6450.0
44628,5037.0
44629,13524.0
44630,9277.0
44631,53512.0
44632,74305.0
44633,68184.0
44634,5102.0
44635,6578.0
44636,2150.0
44637,1890.0
44638,4961.0
44639,53164.0
44640,71901.0
44641,4033.0
44642,1604.0
44643,2050.0
44644,4229.0
44645,4500.0
44646,115498.0
44647,10248.0
44648,9349.0
44649,53164.0
44650,38099.0
44651,4790.0
44652,52570.0
44653,49725.0
44654,5135.0
44655,52175.0
44656,11508.0
44657,4755.0
44658,15898.0
44659,3999.0
44660,4714.0
44661,8411.0
44662,35490.0
44663,56273.0
44664,11069.0
44665,5761.0
44666,46011.5
44667,6339.0
44668,9490.0
44669,5696.0
44670,37985.0
44671,4500.0
44672,44280.0
44673,6698.0
44674,5441.0
44675,2836.0
44676,7999.0
44677,4678.0
44678,6752.0
44679,9879.0
44680,7425.0
44681,4783.0
44682,4001.0
44683,60260.0
44684,5120.0
44685,53152.0
44686,11129.0
44687,93492.0
44688,12411.0
44689,2208.0
44690,2124.0
44691,9201.0
44692,10623.0
44693,1776.0
44694,3959.0
44695,64173.0
44696,4731.0
44697,10799.0
44698,4056.0
44699,84222.0
44700,11854.0
44701,2960.0
44702,11664.0
44703,47408.0
44704,6412.0
44705,10680.0
44706,7286.0
44707,7774.0
44708,4896.0
44709,1998.0
44710,51707.0
44711,4784.0
44712,9452.0
44713,44280.0
44714,7136.0
44715,2339.0
44716,57920.0
44717,56702.0
44718,38099.0
44719,9896.0
44720,4000.0
44721,16400.0
44722,5818.0
44723,54684.0
44724,5104.0
44725,5441.0
44726,3149.0
44727,4363.0
44728,41064.0
44729,6032.0
44730,5852.0
44731,5694.0
44732,4914.0
44733,80077.0
44734,6450.0
44735,43376.0
44736,51707.0
44737,6495.0
44738,5179.0
44739,56476.0
44740,67769.0
44741,3987.0
44742,6138.0
44743,5617.0
44744,11625.0
44745,6015.0
44746,1694.0
44747,5017.0
44748,4501.0
44749,9671.0
44750,51457.0
44751,10374.0
44752,7692.0
44753,5937.0
44754,45883.0
44755,2823.0
44756,58125.0
44757,4359.0
44758,10680.0
44759,11362.0
44760,4755.0
44761,20000.0
44762,6930.0
44763,6082.0
44764,5810.0
44765,16212.0
44766,36763.0
44767,31436.0
44768,3999.0
44769,2228.0
44770,7408.0
44771,41314.0
44772,58125.0
44773,62729.0
44774,42457.0
44775,49207.0
44776,60508.0
44777,7325.0
44778,3361.0
44779,45257.0
44780,4649.0
44781,5505.0
44782,3000.0
44783,7656.0
44784,70588.0
44785,18505.0
44786,2074.0
44787,72692.0
44788,51817.0
44789,49553.0
44790,9735.0
44791,9216.0
44792,6450.0
44793,2723.0
44794,5955.0
44795,4449.0
44796,3000.0
44797,58394.0
44798,55377.0
44799,4347.0
44800,1998.0
44801,11319.0
44802,5067.0
44803,6489.0
44804,2201.0
44805,78049.0
44806,4940.0
44807,9359.0
44808,66063.0
44809,4316.0
44810,3393.0
44811,4417.0
44812,57990.0
44813,3754.0
44814,6548.0
44815,3379.0
44816,7106.0
44817,2409.0
44818,11520.0
44819,43376.0
44820,4357.0
44821,5954.0
44822,2835.0
44823,50271.0
44824,45693.0
44825,17510.0
44826,3621.0
44827,57920.0
44828,8275.0
44829,5888.0
44830,57017.0
44831,2823.0
44832,2150.0
44833,6437.0
44834,10686.0
44835,22020.0
44836,8878.0
44837,7286.0
44838,4724.0
44839,11678.0
44840,20760.0
44841,4496.0
44842,6461.0
44843,62448.0
44844,6977.0
44845,3943.0
44846,6213.0
44847,65529.0
44848,5040.0
44849,4357.0
44850,7135.0
44851,8111.0
44852,4071.0
44853,45257.0
44854,55377.0
44855,3381.0
44856,43729.0
44857,51707.0
44858,4912.0
44859,7752.0
44860,5102.0
44861,5750.0
44862,6521.0
44863,15192.0
44864,55502.0
44865,55983.0
44866,3389.0
44867,6863.0
44868,11139.0
44869,61649.0
44870,56991.0
44871,12990.0
44872,3979.0
44873,50271.0
44874,13801.0
44875,4743.0
44876,2343.0
44877,4363.0
44878,53164.0
44879,3236.0
44880,5579.0
44881,51707.0
44882,6743.0
44883,5949.0
44884,4263.0
44885,5704.0
44886,44280.0
44887,3282.0
44888,52175.0
44889,49553.0
44890,70714.0
44891,5014.0
44892,6461.0
44893,54684.0
44894,55502.0
44895,57920.0
44896,6821.0
44897,11625.0
44898,4179.0
44899,4491.0
44900,6120.0
44901,20268.0
44902,2700.0
44903,60508.0
44904,11675.0
44905,60508.0
44906,5954.0
44907,6825.0
44908,67004.0
44909,13477.0
44910,82281.0
44911,4205.0
44912,52063.0
44913,7145.0
44914,5102.0
44915,6395.0
44916,53499.0
44917,47545.0
44918,54841.0
44919,53835.0
44920,54684.0
44921,4284.0
44922,3971.0
44923,7425.0
44924,2409.0
44925,5943.0
44926,12000.0
44927,61873.0
44928,15317.0
44929,61874.0
44930,55983.0
44931,3948.0
44932,24234.0
44933,2361.0
44934,4453.0
44935,12571.0
44936,7504.0
44937,45693.0
44938,5800.0
44939,13410.0
44940,61485.0
44941,51345.0
44942,52175.0
44943,51457.0
44944,45883.0
44945,58249.0
44946,5754.0
44947,8112.0
44948,41281.0
44949,32923.0
44950,8112.0
44951,70400.0
44952,3831.0
44953,60396.0
44954,12389.0
44955,14259.0
44956,4637.0
44957,1966.0
44958,42457.0
44959,49884.0
44960,3971.0
44961,3677.0
44962,10638.0
44963,9401.0
44964,4161.0
44965,17604.0
44966,4658.0
44967,6276.0
44968,6082.0
44969,3873.0
44970,8523.0
44971,16875.0
44972,57453.0
44973,2480.0
44974,3014.0
44975,64025.0
44976,7774.0
44977,8842.0
44978,42521.0
44979,67071.0
44980,51819.0
44981,5808.0
44982,64137.0
44983,5956.0
44984,3677.0
44985,2353.0
44986,4979.0
44987,7519.0
44988,3819.0
44989,3986.0
44990,5937.0
44991,51817.0
44992,4491.0
44993,12392.0
44994,5888.0
44995,52063.0
44996,27976.0
44997,4142.0
44998,53440.0
44999,66928.0
45000,5805.0
45001,4594.0
45002,5949.0
45003,4020.0
45004,3999.0
45005,4792.0
45006,12880.0
45007,49725.0
45008,3015.0
45009,56588.0
45010,37985.0
45011,9840.0
45012,4099.0
45013,7221.0
45014,37888.0
45015,3992.0
45016,60260.0
45017,7959.0
45018,53071.0
45019,5166.0
45020,5120.0
45021,4819.0
45022,2409.0
45023,6662.0
45024,49613.0
45025,65529.0
45026,67004.0
45027,11116.0
45028,2339.0
45029,16120.0
45030,54896.0
45031,60978.0
45032,6339.0
45033,67004.0
45034,13944.0
45035,49553.0
45036,45883.0
45037,51595.0
45038,2409.0
45039,51372.0
45040,4784.0
45041,59021.0
45042,5102.0
45043,5943.0
45044,3591.0
45045,4453.0
45046,6568.0
45047,3379.0
45048,56702.0
45049,4923.0
45050,9022.0
45051,39377.0
45052,64943.0
45053,3393.0
45054,7959.0
45055,7480.0
45056,51697.0
45057,42457.0
45058,4629.0
45059,6067.0
45060,21559.0
45061,4453.0
45062,4414.0
45063,2339.0
45064,10000.0
45065,4071.0
45066,18515.0
45067,20000.0
45068,4672.0
45069,3999.0
45070,62448.0
45071,47844.0
45072,5656.0
45073,6037.0
45074,2966.0
45075,57920.0
45076,53209.0
45077,69825.0
45078,2410.0
45079,2339.0
45080,56702.0
45081,6132.0
45082,6132.0
45083,51817.0
45084,9904.0
45085,53937.0
45086,42521.0
45087,57920.0
45088,6723.0
45089,31682.0
45090,56590.0
45091,8026.0
45092,5949.0
45093,4518.0
45094,3306.0
45095,2477.0
45096,2111.0
45097,3957.0
45098,42521.0
45099,65529.0
45100,66928.0
45101,49613.0
45102,9840.0
45103,57017.0
45104,4496.0
45105,5547.0
45106,10069.0
45107,60590.0
45108,3754.0
45109,57453.0
45110,45693.0
45111,5060.0
45112,41064.0
45113,2339.0
45114,6198.0
45115,57992.0
45116,27864.0
45117,16065.0
45118,10616.0
45119,55377.0
45120,45805.0
45121,5943.0
45122,60232.0
45123,2835.0
45124,4345.0
45125,8071.0
45126,87872.0
45127,34472.0
45128,13419.0
45129,6444.0
45130,3334.0
45131,60396.0
45132,69113.0
45133,3916.0
45134,4393.0
45135,5617.0
45136,61874.0
45137,50271.0
45138,60978.0
45139,12150.0
45140,69535.0
45141,7519.0
45142,7575.0
45143,21758.0
45144,16140.0
45145,1714.0
45146,35520.0
45147,5097.0
45148,6450.0
45149,4724.0
45150,2790.0
45151,25600.0
45152,57017.0
45153,56273.0
45154,50969.0
45155,5622.0
45156,6194.0
45157,37233.0
45158,12544.0
45159,4367.0
45160,53152.0
45161,37432.0
45162,54684.0
45163,4449.0
45164,7455.0
45165,58125.0
45166,13620.0
45167,3834.0
45168,45693.0
45169,2124.0
45170,4251.0
45171,12185.0
45172,7196.0
45173,6461.0
45174,62209.0
45175,10196.0
45176,51457.0
45177,7053.0
45178,48079.0
45179,2410.0
45180,7004.0
45181,7919.0
45182,6869.0
45183,52063.0
45184,23583.0
45185,38099.0
45186,8382.0
45187,6437.0
45188,82205.0
45189,12150.0
45190,68303.0
45191,12150.0
45192,3466.0
45193,51457.0
45194,3038.0
45195,5535.0
45196,6956.0
45197,16738.0
45198,9277.0
45199,5942.0
45200,9891.0
45201,49613.0
45202,10966.0
45203,12455.0
45204,9170.0
45205,7232.0
45206,14800.0
45207,67697.0
45208,29094.0
45209,2051.0
45210,48234.0
45211,2903.0
45212,8549.0
45213,38099.0
45214,6084.0
45215,2339.0
45216,11299.0
45217,80458.0
45218,13138.0
45219,4417.0
45220,52287.0
45221,7489.0
45222,32859.0
45223,2476.0
45224,6578.0
45225,3546.0
45226,49613.0
45227,14734.0
45228,2359.0
45229,4294.0
45230,10849.0
45231,5178.0
45232,6515.0
45233,4263.0
45234,4496.0
45235,4086.0
45236,9324.0
45237,2203.0
45238,6776.0
45239,4390.0
45240,4792.0
45241,13840.0
45242,43910.0
45243,6598.0
45244,34460.0
45245,5097.0
45246,3502.0
45247,4453.0
45248,5937.0
45249,3862.0
45250,3797.0
45251,6172.0
45252,14150.0
45253,4910.0
45254,1830.0
45255,51707.0
45256,5207.0
45257,12658.0
45258,56588.0
45259,3574.0
45260,65632.0
45261,2132.0
45262,54608.0
45263,5383.0
45264,66928.0
45265,62748.0
45266,11049.0
45267,5760.0
45268,56702.0
45269,27618.0
45270,8111.0
45271,4111.0
45272,58125.0
45273,16213.0
45274,61583.0
45275,6006.0
45276,6488.0
45277,39499.0
45278,8111.0
45279,49725.0
45280,8605.0
45281,3916.0
45282,5822.0
45283,50361.0
45284,14892.0
45285,45693.0
45286,9988.0
45287,9840.0
45288,41101.0
45289,36610.0
45290,7691.0
45291,5955.0
45292,10496.0
45293,9779.0
45294,5073.0
45295,9371.0
45296,5098.0
45297,65033.0
45298,12150.0
45299,3994.0
45300,41113.0
45301,15154.0
45302,5415.0
45303,4748.0
45304,4663.0
45305,2228.0
45306,11497.0
45307,2480.0
45308,8140.0
45309,20244.0
45310,40593.0
45311,62524.0
45312,42212.0
45313,9746.0
45314,56879.0
45315,20684.0
45316,28510.0
45317,4550.0
45318,53183.0
45319,60260.0
45320,12302.0
45321,57405.0
45322,15648.0
45323,5949.0
45324,12623.0
45325,3959.0
45326,64159.5
45327,2124.0
45328,57081.0
45329,6489.0
45330,18747.0
45331,60508.0
45332,4249.0
45333,57081.0
45334,41101.0
45335,47657.0
45336,6450.0
45337,9746.0
45338,7257.0
45339,8719.0
45340,14264.0
45341,4173.0
45342,10848.0
45343,5939.0
45344,5475.0
45345,4755.0
45346,4251.0
45347,5670.0
45348,4149.0
45349,6488.0
45350,4499.0
45351,4416.0
45352,45033.0
45353,5954.0
45354,5293.0
45355,6488.0
45356,50271.0
45357,2339.0
45358,5667.0
45359,7327.0
45360,42521.0
45361,7012.0
45362,3557.0
45363,6364.0
45364,4041.0
45365,2516.0
45366,49725.0
45367,60489.0
45368,9506.0
45369,4827.0
45370,4071.0
45371,51707.0
45372,6743.0
45373,12999.0
45374,6133.0
45375,9568.0
45376,80749.0
45377,39321.0
45378,3000.0
45379,12990.0
45380,5339.0
45381,51345.0
45382,5053.0
45383,9090.0
45384,13014.0
45385,6167.0
45386,4056.0
45387,2022.0
45388,49613.0
45389,5677.0
45390,6819.0
45391,20684.0
45392,51697.0
45393,4414.0
45394,49613.0
45395,45995.0
45396,48851.0
45397,52392.0
45398,1776.0
45399,6450.0
45400,10415.0
45401,5950.0
45402,6324.0
45403,11456.0
45404,3000.0
45405,32859.0
45406,70793.0
45407,16310.0
45408,3989.0
45409,19201.0
45410,24234.0
45411,64890.0
45412,50271.0
45413,6968.0
45414,7421.0
45415,6578.0
45416,6578.0
45417,4249.0
45418,4589.0
45419,6475.0
45420,20760.0
45421,6489.0
45422,1890.0
45423,2983.0
45424,41064.0
45425,3726.0
45426,7496.0
45427,60978.0
45428,7958.0
45429,60396.0
45430,5292.0
45431,59265.0
45432,5018.0
45433,45257.0
45434,4230.0
45435,53071.0
45436,2343.0
45437,6195.0
45438,1998.0
45439,4359.0
45440,3862.0
45441,7135.0
45442,2960.0
45443,54841.0
45444,10598.0
45445,3000.0
45446,8805.0
45447,4357.0
45448,56187.0
45449,4028.0
45450,59253.0
45451,14264.0
45452,2410.0
45453,4165.0
45454,68317.0
45455,6292.0
45456,6502.0
45457,4796.0
45458,7394.0
45459,3266.0
45460,4230.0
45461,51457.0
45462,45995.0
45463,5145.0
45464,6271.0
45465,9879.0
45466,37286.0
45467,5102.0
45468,31902.0
45469,8719.0
45470,57405.0
45471,4724.0
45472,10001.0
45473,5179.0
45474,51817.0
45475,4190.0
45476,50957.0
45477,7237.0
45478,5955.0
45479,5454.0
45480,7182.0
45481,2350.0
45482,66928.0
45483,11783.0
45484,6578.0
45485,6128.0
45486,3971.0
45487,4979.0
45488,4111.0
45489,2132.0
45490,10324.0
45491,5805.0
45492,31462.0
45493,5949.0
45494,7572.0
45495,67706.0
45496,50838.0
45497,38099.0
45498,2738.0
45499,3471.0
45500,10324.0
45501,7593.0
45502,69244.0
45503,8803.0
45504,4827.0
45505,5120.0
45506,4683.0
45507,4257.0
45508,4827.0
45509,5342.0
45510,26360.0
45511,15912.0
45512,7423.0
45513,59021.0
45514,6009.0
45515,4359.0
45516,4506.0
45517,5955.0
45518,4165.0
45519,54684.0
45520,12411.0
45521,5982.0
45522,7426.0
45523,6461.0
45524,2700.0
45525,4501.0
45526,7301.0
45527,17302.0
45528,5177.0
45529,57920.0
45530,10058.0
45531,20760.0
45532,13182.0
45533,52287.0
45534,4729.0
45535,5584.0
45536,3988.0
45537,2464.0
45538,55983.0
45539,62188.0
45540,11205.0
45541,10008.0
45542,34460.0
45543,43305.0
45544,2111.0
45545,2343.0
45546,62448.0
45547,4934.0
45548,8394.0
45549,1105.0
45550,41269.0
45551,5322.0
45552,5953.0
45553,6412.0
45554,49725.0
45555,14408.0
45556,2336.0
45557,3911.0
45558,4086.0
45559,4294.0
45560,4170.0
45561,60555.0
45562,4637.0
45563,6568.0
45564,12114.0
45565,14355.0
45566,54684.0
45567,6176.0
45568,55377.0
45569,11940.0
45570,56590.0
45571,49725.0
45572,12045.0
45573,5954.0
45574,27864.0
45575,56187.0
45576,3580.0
45577,4095.0
45578,5523.0
45579,4672.0
45580,3129.0
45581,5330.0
45582,4453.0
45583,66928.0
45584,4672.0
45585,3999.0
45586,12780.0
45587,53164.0
45588,6009.0
45589,5441.0
45590,5774.0
45591,6271.0
45592,6082.0
45593,4390.0
45594,10073.0
45595,3519.0
45596,54777.0
45597,38099.0
45598,26472.0
45599,5322.0
45600,1694.0
45601,4746.0
45602,2339.0
45603,7484.0
45604,55347.0
45605,4294.0
45606,6488.0
45607,5610.0
45608,5949.0
45609,39321.0
45610,5840.0
45611,8988.0
45612,5325.0
45613,51875.0
45614,3862.0
45615,4403.0
45616,36565.0
45617,7292.0
45618,4210.0
45619,6009.0
45620,4792.0
45621,2339.0
45622,39555.0
45623,56588.0
45624,44144.0
45625,31292.0
45626,4938.0
45627,60978.0
45628,4942.0
45629,6502.0
45630,51707.0
45631,4809.0
45632,21180.0
45633,4807.0
45634,10069.0
45635,3334.0
45636,4499.0
45637,7053.0
45638,60489.0
45639,6583.0
45640,60978.0
45641,56476.0
45642,4498.0
45643,11205.0
45644,11867.0
45645,49177.0
45646,4200.0
45647,5179.0
45648,57505.0
45649,11488.0
45650,50398.0
45651,7234.0
45652,16988.0
45653,62188.0
45654,2050.0
45655,5220.0
45656,4086.0
45657,6349.0
45658,3587.0
45659,64831.0
45660,67004.0
45661,3843.0
45662,10605.0
45663,44280.0
45664,6444.0
45665,2124.0
45666,7530.0
45667,13054.0
45668,64025.0
45669,41269.0
45670,3090.0
45671,6067.0
45672,49725.0
45673,4338.0
45674,7950.0
45675,41314.0
45676,5622.0
45677,2476.0
45678,4111.0
45679,4337.0
45680,9798.0
45681,66063.0
45682,7425.0
45683,45525.0
45684,4394.0
45685,3096.0
45686,37985.0
45687,3298.0
45688,45883.0
45689,53164.0
45690,12453.0
45691,38099.0
45692,7958.0
45693,4337.0
45694,5780.0
45695,70588.0
45696,20853.0
45697,4547.0
45698,11205.0
45699,62591.0
45700,12183.0
45701,4263.0
45702,3957.0
45703,5906.0
45704,74844.0
45705,6363.0
45706,11448.0
45707,3709.0
45708,2477.0
45709,44280.0
45710,7767.0
45711,49553.0
45712,56590.0
45713,1776.0
45714,13818.0
45715,9840.0
45716,4028.0
45717,2339.0
45718,5956.0
45719,57920.0
45720,3100.0
45721,67421.0
45722,50271.0
45723,60508.0
45724,60508.0
45725,4357.0
45726,1755.0
45727,55502.0
45728,45693.0
45729,69885.0
45730,69168.0
45731,4500.0
45732,13122.0
45733,60260.0
45734,4932.0
45735,37417.0
45736,5660.0
45737,3569.0
45738,2465.0
45739,3397.0
45740,49725.0
45741,46097.0
45742,5942.0
45743,64912.0
45744,63579.0
45745,11456.0
45746,54777.0
45747,9879.0
45748,3610.0
45749,4372.0
45750,43910.0
45751,61874.0
45752,6489.0
45753,64285.0
45754,9349.0
45755,2201.0
45756,4930.0
45757,7958.0
45758,56476.0
45759,49553.0
45760,5177.0
45761,2994.0
45762,6553.0
45763,60365.0
45764,1714.0
45765,5632.0
45766,11478.0
45767,5949.0
45768,49063.0
45769,65457.0
45770,3996.0
45771,3219.0
45772,54684.0
45773,52175.0
45774,7584.0
45775,39432.0
45776,47395.0
45777,5040.0
45778,7425.0
45779,55458.0
45780,1800.0
45781,14150.0
45782,7352.0
45783,5513.0
45784,2098.0
45785,2339.0
45786,65529.0
45787,2477.0
45788,71729.0
45789,4452.0
45790,45883.0
45791,4316.0
45792,3959.0
45793,2410.0
45794,2477.0
45795,7054.0
45796,5177.0
45797,17201.0
45798,3988.0
45799,19668.0
45800,7393.0
45801,38099.0
45802,3334.0
45803,13054.0
45804,45185.0
45805,57057.0
45806,2203.0
45807,7423.0
45808,14040.0
45809,56590.0
45810,41101.0
45811,3712.0
45812,27976.0
45813,56588.0
45814,6488.0
45815,8329.0
45816,11310.0
45817,5102.0
45818,6172.0
45819,54777.0
45820,56588.0
45821,6427.0
45822,41314.0
45823,12357.0
45824,5939.0
45825,3988.0
45826,58125.0
45827,4111.0
45828,3968.0
45829,67085.0
45830,38099.0
45831,4099.0
45832,5670.0
45833,39321.0
45834,15373.0
45835,4541.0
45836,54684.0
45837,6067.0
45838,4672.0
45839,42521.0
45840,6568.0
45841,29170.0
45842,1890.0
45843,5636.0
45844,5943.0
45845,53861.0
45846,2228.0
45847,48851.0
45848,4149.0
45849,7021.0
45850,7774.0
45851,53152.0
45852,44144.0
45853,6489.0
45854,4453.0
45855,60555.0
45856,6067.0
45857,55377.0
45858,5322.0
45859,30703.0
45860,7584.0
45861,2791.0
45862,4496.0
45863,6004.0
45864,4672.0
45865,58125.0
45866,5761.0
45867,3625.0
45868,52392.0
45869,7761.0
45870,4453.0
45871,7513.5
45872,60365.0
45873,3153.0
45874,44280.0
45875,65944.0
45876,37244.0
45877,39499.0
45878,51595.0
45879,45600.0
45880,5460.0
45881,9090.0
45882,1755.0
45883,12623.0
45884,2901.0
45885,5892.0
45886,84756.0
45887,4357.0
45888,69713.0
45889,2836.0
45890,8456.0
45891,4294.0
45892,2056.0
45893,2276.0
45894,53499.0
45895,32859.0
45896,4755.0
45897,65832.0
45898,2124.0
45899,4385.0
45900,49553.0
45901,3862.0
45902,2464.0
45903,9750.0
45904,5817.0
45905,6067.0
45906,44069.0
45907,47395.0
45908,8072.0
45909,5950.0
45910,5322.0
45911,15963.0
45912,3633.0
45913,4672.0
45914,11488.0
45915,68317.0
45916,6977.0
45917,24056.0
45918,55502.0
45919,4417.0
45920,13200.0
45921,6099.0
45922,1788.0
45923,17569.0
45924,45693.0
45925,4099.0
45926,6872.0
45927,16140.0
45928,6303.0
45929,20688.0
45930,11928.0
45931,5975.0
45932,51707.0
45933,53164.0
45934,4173.0
45935,5282.0
45936,56588.0
45937,45371.0
45938,45693.0
45939,27976.0
45940,4071.0
45941,6412.0
45942,12570.0
45943,49207.0
45944,4909.0
45945,7240.0
45946,2050.0
45947,22463.0
45948,29980.0
45949,5560.0
45950,63725.0
45951,4417.0
45952,9771.0
45953,7958.0
45954,4001.0
45955,3823.0
45956,5547.0
45957,57453.0
45958,5571.0
45959,4453.0
45960,4266.0
45961,2410.0
45962,56590.0
45963,45257.0
45964,3072.0
45965,4755.0
45966,5120.0
45967,4337.0
45968,41281.0
45969,16359.0
45970,3988.0
45971,54115.0
45972,1890.0
45973,5284.0
45974,56702.0
45975,32923.0
45976,31622.0
45977,5761.0
45978,4691.0
45979,2022.0
45980,5954.0
45981,11853.0
45982,45693.0
45983,5441.0
45984,6060.0
45985,4020.0
45986,3334.0
45987,55983.0
45988,8719.0
45989,6403.0
45990,55377.0
45991,6248.0
45992,9798.0
45993,10071.0
45994,5472.0
45995,3999.0
45996,12212.0
45997,2823.0
45998,6489.0
45999,42521.0
46000,4755.0
46001,3466.0
46002,53164.0
46003,51457.0
46004,7304.0
46005,58876.0
46006,22152.0
46007,7572.0
46008,4138.0
46009,1694.0
46010,3831.0
46011,7920.0
46012,2212.0
46013,77665.0
46014,45257.0
46015,5871.0
46016,4541.0
46017,6488.0
46018,52287.0
46019,5888.0
46020,3762.0
46021,18030.0
46022,52287.0
46023,4876.0
46024,50473.0
46025,6466.0
46026,5390.0
46027,51457.0
46028,2336.0
46029,7135.0
46030,7021.0
46031,11205.0
46032,60508.0
46033,5037.0
46034,11129.0
46035,6819.0
46036,4020.0
46037,9828.0
46038,56590.0
46039,8112.0
46040,4589.0
46041,41314.0
46042,4672.0
46043,4706.0
46044,6158.0
46045,4499.0
46046,6488.0
46047,5761.0
46048,7877.0
46049,4079.0
46050,4814.0
46051,2150.0
46052,4080.0
46053,4337.0
46054,52586.0
46055,9201.0
46056,24122.0
46057,2974.0
46058,69244.0
46059,7295.0
46060,3236.0
46061,4453.0
46062,12210.0
46063,3498.0
46064,13713.0
46065,13014.0
46066,2477.0
46067,6287.0
46068,15309.0
46069,3371.0
46070,65714.0
46071,6133.0
46072,6578.0
46073,53937.0
46074,2409.0
46075,3393.0
46076,49725.0
46077,41064.0
46078,7790.0
46079,4500.0
46080,15603.0
46081,65529.0
46082,49613.0
46083,5103.0
46084,5441.0
46085,4338.0
46086,6403.0
46087,52287.0
46088,4027.0
46089,5720.0
46090,58125.0
46091,5441.0
46092,7958.0
46093,12990.0
46094,2276.0
46095,57529.0
46096,22152.0
46097,49613.0
46098,64801.0
46099,62045.0
46100,2230.0
46101,2409.0
46102,9866.0
46103,6806.0
46104,53499.0
46105,54841.0
46106,39432.0
46107,2074.0
46108,5410.0
46109,5536.0
46110,2074.0
46111,7584.0
46112,55502.0
46113,1755.0
46114,3705.0
46115,2343.0
46116,51058.0
46117,3570.0
46118,49896.0
46119,4502.0
46120,10006.0
46121,4499.0
46122,7212.0
46123,4272.0
46124,42521.0
46125,46097.0
46126,60508.0
46127,61874.0
46128,6131.0
46129,37846.0
46130,6254.0
46131,6287.0
46132,5907.0
46133,6389.0
46134,4276.0
46135,4827.0
46136,4417.0
46137,7488.0
46138,44280.0
46139,53164.0
46140,5511.0
46141,3365.0
46142,60260.0
46143,61161.0
46144,12150.0
46145,3466.0
46146,4027.0
46147,41314.0
46148,4499.0
46149,1714.0
46150,6287.0
46151,2572.0
46152,4672.0
46153,9750.0
46154,60978.0
46155,56702.0
46156,69244.0
46157,3015.0
46158,6450.0
46159,60396.0
46160,53164.0
46161,53152.0
46162,60508.0
46163,6109.0
46164,2124.0
46165,6461.0
46166,2903.0
46167,3674.0
46168,22140.0
46169,4297.0
46170,5629.0
46171,6489.0
46172,4979.0
46173,3496.0
46174,2900.0
46175,2339.0
46176,53164.0
46177,7352.0
46178,6360.0
46179,4390.0
46180,6714.0
46181,5565.0
46182,32859.0
46183,5348.0
46184,17794.0
46185,4363.0
46186,13728.0
46187,12150.0
46188,52063.0
46189,73481.0
46190,39321.0
46191,4230.0
46192,44280.0
46193,1890.0
46194,4896.0
46195,7562.0
46196,42212.0
46197,2815.0
46198,78152.0
46199,27976.0
46200,6461.0
46201,5888.0
46202,5939.0
46203,51697.0
46204,62591.0
46205,66063.0
46206,1998.0
46207,76681.0
46208,36763.0
46209,67130.0
46210,64113.0
46211,51345.0
46212,3988.0
46213,67004.0
46214,4687.0
46215,48851.0
46216,5727.5
46217,5261.0
46218,2339.0
46219,54608.0
46220,54841.0
46221,2309.0
46222,4363.0
46223,50271.0
46224,12389.0
46225,4484.0
46226,45693.0
46227,45672.0
46228,1776.0
46229,7488.0
46230,6133.0
46231,67004.0
46232,9707.0
46233,56702.0
46234,12007.0
46235,3878.0
46236,6932.0
46237,66928.0
46238,9263.0
46239,5343.0
46240,5960.0
46241,4111.0
46242,54608.0
46243,76605.0
46244,2201.0
46245,3980.0
46246,4501.0
46247,12007.0
46248,8134.0
46249,50297.0
46250,11829.0
46251,4009.0
46252,9719.0
46253,2409.0
46254,7813.0
46255,4496.0
46256,65832.0
46257,8803.0
46258,6009.0
46259,6450.0
46260,6339.0
46261,51697.0
46262,5276.0
46263,3551.0
46264,10324.0
46265,4554.0
46266,2994.0
46267,61899.0
46268,6578.0
46269,2343.0
46270,11069.0
46271,47408.0
46272,22140.0
46273,57017.0
46274,5178.0
46275,2464.0
46276,42424.0
46277,5955.0
46278,45550.0
46279,53209.0
46280,4284.0
46281,5100.0
46282,3846.0
46283,22152.0
46284,79817.0
46285,6598.0
46286,2614.0
46287,6569.0
46288,5118.0
46289,7408.0
46290,51595.0
46291,12454.0
46292,6603.0
46293,1890.0
46294,15078.0
46295,5100.0
46296,53937.0
46297,10848.0
46298,2203.0
46299,10058.0
46300,22463.0
46301,3862.0
46302,6706.0
46303,17169.0
46304,9400.0
46305,5232.0
46306,14766.0
46307,4202.0
46308,5618.0
46309,2410.0
46310,57565.0
46311,7578.0
46312,7353.0
46313,5950.0
46314,4860.0
46315,4354.0
46316,69244.0
46317,5102.0
46318,57017.0
46319,14343.0
46320,12098.0
46321,55983.0
46322,48851.0
46323,3379.0
46324,56588.0
46325,5892.0
46326,5937.0
46327,4263.0
46328,5441.0
46329,5441.0
46330,36712.0
46331,7141.0
46332,57081.0
46333,30092.0
46334,2410.0
46335,13938.0
46336,69168.0
46337,85249.0
46338,4896.0
46339,6836.0
46340,6067.0
46341,5625.0
46342,4000.0
46343,61933.0
46344,57393.0
46345,17794.0
46346,49177.0
46347,6717.0
46348,5040.0
46349,14388.0
46350,10783.0
46351,61649.0
46352,16212.0
46353,4048.0
46354,14565.0
46355,4367.0
46356,41113.0
46357,16013.0
46358,13128.0
46359,4477.0
46360,54841.0
46361,60555.0
46362,15912.0
46363,7053.0
46364,42521.0
46365,5823.0
46366,7153.0
46367,8467.0
46368,3962.0
46369,3681.0
46370,56588.0
46371,6489.0
46372,2723.0
46373,8790.0
46374,11140.0
46375,3860.0
46376,5293.0
46377,49207.0
46378,2836.0
46379,57017.0
46380,5291.0
46381,41269.0
46382,15963.0
46383,13524.0
46384,5499.0
46385,15543.0
46386,5937.0
46387,51875.0
46388,51707.0
46389,53743.0
46390,5610.0
46391,6390.0
46392,63163.0
46393,62793.0
46394,3621.0
46395,4499.0
46396,51707.0
46397,54481.0
46398,4173.0
46399,4031.0
46400,66723.0
46401,4048.0
46402,3288.0
46403,4961.0
46404,6427.0
46405,7575.0
46406,4732.0
46407,5656.0
46408,6389.0
46409,5954.0
46410,28872.0
46411,2132.0
46412,4702.0
46413,2564.0
46414,45257.0
46415,1548.0
46416,5910.0
46417,6489.0
46418,7900.0
46419,3646.0
46420,2056.0
46421,1443.0
46422,4007.0
46423,4209.0
46424,5955.0
46425,13524.0
46426,3354.0
46427,4211.0
46428,6714.0
46429,4714.0
46430,5014.0
46431,9840.0
46432,3467.0
46433,53835.0
46434,5523.0
46435,3571.0
46436,58125.0
46437,2399.0
46438,49151.0
46439,19416.0
46440,13054.0
46441,2022.0
46442,6067.0
46443,8508.0
46444,5955.0
46445,10802.0
46446,10058.0
46447,44280.0
46448,16980.0
46449,50361.0
46450,3090.0
46451,7959.0
46452,37244.0
46453,24122.0
46454,53152.0
46455,51707.0
46456,6489.0
46457,74911.0
46458,52063.0
46459,7539.0
46460,60396.0
46461,2836.0
46462,47585.0
46463,49553.0
46464,11488.0
46465,5206.0
46466,22152.0
46467,9736.0
46468,38099.0
46469,49725.0
46470,5949.0
46471,4796.0
46472,4348.0
46473,5724.0
46474,55983.0
46475,5465.0
46476,3381.0
46477,11448.0
46478,2651.0
46479,6437.0
46480,5477.0
46481,7527.0
46482,3306.0
46483,4027.0
46484,9980.0
46485,10479.0
46486,53152.0
46487,5918.0
46488,4500.0
46489,3401.0
46490,12308.0
46491,60260.0
46492,45672.0
46493,54684.0
46494,6324.0
46495,4496.0
46496,9840.0
46497,2201.0
46498,5960.0
46499,6759.0
46500,9277.0
46501,4654.0
46502,42521.0
46503,7548.0
46504,5949.0
46505,14040.0
46506,45257.0
46507,5284.0
46508,56702.0
46509,2700.0
46510,62448.0
46511,6620.0
46512,3674.0
46513,54608.0
46514,5954.0
46515,4417.0
46516,3813.0
46517,45600.0
46518,27976.0
46519,6569.0
46520,6277.0
46521,39321.0
46522,2436.0
46523,47657.0
46524,3393.0
46525,27792.0
46526,7834.0
46527,45672.0
46528,56879.0
46529,10883.0
46530,29406.0
46531,6287.0
46532,2903.0
46533,3763.0
46534,6488.0
46535,5177.0
46536,5179.0
46537,9693.0
46538,5547.0
46539,8233.0
46540,34460.0
46541,12654.0
46542,45185.0
46543,6191.0
46544,14178.0
46545,4363.0
46546,5702.0
46547,63277.0
46548,61873.0
46549,56702.0
46550,4499.0
46551,52063.0
46552,5823.0
46553,32923.0
46554,10962.0
46555,32859.0
46556,57405.0
46557,10744.0
46558,5177.0
46559,3729.0
46560,45693.0
46561,11372.0
46562,60074.0
46563,12120.0
46564,9178.0
46565,6474.0
46566,67004.0
46567,79461.0
46568,45672.0
46569,39321.0
46570,27864.0
46571,5892.0
46572,4792.0
46573,2903.0
46574,11854.0
46575,8045.0
46576,12920.0
46577,7059.0
46578,6024.0
46579,3379.0
46580,54608.0
46581,5942.0
46582,7474.0
46583,4545.0
46584,1776.0
46585,20760.0
46586,2410.0
46587,7971.0
46588,5211.0
46589,51707.0
46590,15288.0
46591,12210.0
46592,44280.0
46593,4099.0
46594,64785.0
46595,5279.0
46596,9879.0
46597,51117.0
46598,71044.0
46599,9568.0
46600,51819.0
46601,71632.0
46602,10545.0
46603,13588.0
46604,49553.0
46605,51595.0
46606,72268.0
46607,61873.0
46608,5954.0
46609,4499.0
46610,4239.0
46611,5660.0
46612,2482.0
46613,52063.0
46614,5949.0
46615,9210.0
46616,1604.0
46617,2465.0
46618,5939.0
46619,5131.0
46620,4348.0
46621,4402.0
46622,5817.0
46623,4368.0
46624,4755.0
46625,3505.0
46626,15065.0
46627,11696.0
46628,5042.0
46629,57992.0
46630,2723.0
46631,67710.0
46632,6905.0
46633,5042.0
46634,3999.0
46635,53209.0
46636,15522.0
46637,29094.0
46638,6502.0
46639,3943.0
46640,6054.0
46641,53645.0
46642,11129.0
46643,5093.0
46644,56590.0
46645,4501.0
46646,39847.0
46647,16213.0
46648,60220.0
46649,2105.0
46650,60713.0
46651,2201.0
46652,66063.0
46653,54852.0
46654,21213.0
46655,41269.0
46656,32646.0
46657,62045.0
46658,6172.0
46659,8043.0
46660,4637.0
46661,3090.0
46662,4748.0
46663,32646.0
46664,3096.0
46665,55983.0
46666,2464.0
46667,4453.0
46668,8589.0
46669,2723.0
46670,41281.0
46671,45693.0
46672,4390.0
46673,4019.0
46674,6395.0
46675,84756.0
46676,6461.0
46677,23484.0
46678,5087.0
46679,2476.0
46680,3090.0
46681,7584.0
46682,22152.0
46683,69168.0
46684,6153.0
46685,5178.0
46686,20291.0
46687,64238.0
46688,7958.0
46689,3374.0
46690,52287.0
46691,6487.0
46692,9315.0
46693,4027.0
46694,10455.0
46695,6488.0
46696,49725.0
46697,5220.0
46698,42212.0
46699,20760.0
46700,54684.0
46701,63579.0
46702,7488.0
46703,6776.0
46704,6620.0
46705,2150.0
46706,52063.0
46707,2276.0
46708,3845.0
46709,13110.0
46710,53937.0
46711,44622.0
46712,57081.0
46713,44144.0
46714,6753.0
46715,6292.0
46716,47286.5
46717,10744.0
46718,6324.0
46719,54484.0
46720,6042.0
46721,6395.0
46722,4862.0
46723,3860.0
46724,5253.0
46725,71058.0
46726,12045.0
46727,4502.0
46728,49613.0
46729,60160.0
46730,7549.0
46731,7425.0
46732,42521.0
46733,4348.0
46734,5618.0
46735,8331.0
46736,58315.0
46737,38099.0
46738,57081.0
46739,50271.0
46740,10008.0
46741,44025.0
46742,2637.0
46743,54608.0
46744,62591.0
46745,14620.0
46746,4672.0
46747,8988.0
46748,64969.0
46749,4361.0
46750,4359.0
46751,10018.0
46752,5955.0
46753,5632.0
46754,1890.0
46755,2056.0
46756,57017.0
46757,49553.0
46758,8605.0
46759,10680.0
46760,56476.0
46761,6068.0
46762,6502.0
46763,3916.0
46764,12187.0
46765,4638.0
46766,2278.0
46767,69244.0
46768,4687.0
46769,6412.0
46770,3219.0
46771,61404.0
46772,5087.0
46773,4496.0
46774,57453.0
46775,10733.0
46776,49613.0
46777,5322.0
46778,17604.0
46779,9493.0
46780,5817.0
46781,61933.0
46782,28510.0
46783,54608.0
46784,6488.0
46785,4390.0
46786,3133.0
46787,5470.0
46788,7958.0
46789,3496.0
46790,10744.0
46791,15099.0
46792,9590.0
46793,50882.0
46794,39321.0
46795,5125.0
46796,5390.0
46797,6946.0
46798,57081.0
46799,54608.0
46800,3090.0
46801,4020.0
46802,52287.0
46803,6158.0
46804,6262.0
46805,58125.0
46806,61032.0
46807,72268.0
46808,4496.0
46809,51875.0
46810,39499.0
46811,32859.0
46812,56588.0
46813,4979.0
46814,50361.0
46815,6489.0
46816,56476.0
46817,39499.0
46818,6568.0
46819,1890.0
46820,59253.0
46821,6489.0
46822,6450.0
46823,5102.0
46824,7494.0
46825,5467.0
46826,1714.0
46827,5322.0
46828,12249.0
46829,5018.0
46830,2480.0
46831,2464.0
46832,60508.0
46833,6437.0
46834,6067.0
46835,4896.0
46836,6169.0
46837,2309.0
46838,11167.0
46839,60232.0
46840,2250.0
46841,12007.0
46842,4724.0
46843,3282.0
46844,60508.0
46845,3999.0
46846,7708.0
46847,19177.0
46848,55377.0
46849,6024.0
46850,6165.0
46851,5322.0
46852,7426.0
46853,48347.0
46854,50957.0
46855,24971.0
46856,7490.0
46857,36712.0
46858,13410.0
46859,19826.0
46860,2074.0
46861,4452.0
46862,4363.0
46863,13103.0
46864,4789.0
46865,5430.0
46866,57920.0
46867,2477.0
46868,4417.0
46869,3988.0
46870,4672.0
46871,42457.0
46872,90960.0
46873,11973.0
46874,13421.0
46875,6872.0
46876,5949.0
46877,2482.0
46878,2250.0
46879,4263.0
46880,2409.0
46881,11319.0
46882,3916.0
46883,3253.0
46884,41281.0
46885,10292.0
46886,5865.0
46887,8148.0
46888,7958.0
46889,53645.0
46890,58750.0
46891,14218.0
46892,2738.0
46893,28510.0
46894,49613.0
46895,5178.0
46896,4389.0
46897,36577.0
46898,2359.0
46899,66063.0
46900,49613.0
46901,65548.0
46902,15794.0
46903,53164.0
46904,5954.0
46905,4789.0
46906,4496.0
46907,5955.0
46908,13713.0
46909,70364.0
46910,6489.0
46911,11786.0
46912,2409.0
46913,17400.0
46914,7576.0
46915,2336.0
46916,52175.0
46917,2410.0
46918,5949.0
46919,4452.0
46920,14489.0
46921,53835.0
46922,2581.0
46923,14880.0
46924,4910.0
46925,57017.0
46926,61150.0
46927,62045.0
46928,7980.0
46929,4637.0
46930,6502.0
46931,5955.0
46932,1694.0
46933,5771.0
46934,87872.0
46935,5606.0
46936,4593.0
46937,2276.0
46938,4674.0
46939,2399.0
46940,39847.0
46941,49725.0
46942,3633.0
46943,5943.0
46944,60396.0
46945,6412.0
46946,3623.0
46947,35520.0
46948,16204.0
46949,9840.0
46950,2464.0
46951,2359.0
46952,46097.0
46953,59033.0
46954,54608.0
46955,57812.0
46956,4979.0
46957,4548.0
46958,2438.0
46959,28699.0
46960,2738.0
46961,3489.0
46962,2637.0
46963,6032.0
46964,6515.0
46965,5817.0
46966,6133.0
46967,57992.0
46968,51817.0
46969,3015.0
46970,6461.0
46971,53164.0
46972,7284.0
46973,60508.0
46974,62617.0
46975,7353.0
46976,81736.0
46977,4502.0
46978,7352.0
46979,12739.0
46980,4496.0
46981,69065.0
46982,2723.0
46983,58125.0
46984,4367.0
46985,2230.0
46986,6488.0
46987,4962.0
46988,58315.0
46989,4612.0
46990,9840.0
46991,74844.0
46992,6314.0
46993,1890.0
46994,6489.0
46995,57057.0
46996,5177.0
46997,6361.0
46998,5798.0
46999,52063.0
47000,6488.0
47001,4896.0
47002,11069.0
47003,60260.0
47004,7179.0
47005,6825.0
47006,7504.0
47007,12222.0
47008,3860.0
47009,6634.0
47010,10243.0
47011,4357.0
47012,21948.0
47013,6172.0
47014,5690.0
47015,67004.0
47016,14255.0
47017,51817.0
47018,36577.0
47019,5939.0
47020,60508.0
47021,7959.0
47022,4500.0
47023,6314.0
47024,41314.0
47025,50271.0
47026,56476.0
47027,49553.0
47028,4896.0
47029,12524.0
47030,3998.0
47031,4348.0
47032,7571.0
47033,5420.0
47034,7629.0
47035,8803.0
47036,47657.0
47037,8803.0
47038,6200.0
47039,5760.0
47040,39432.0
47041,3860.0
47042,1890.0
47043,5060.0
47044,6466.0
47045,3998.0
47046,56702.0
47047,2339.0
47048,55572.0
47049,13869.0
47050,9433.0
47051,2250.0
47052,6275.0
47053,6186.0
47054,58125.0
47055,6734.0
47056,80458.0
47057,4783.0
47058,45185.0
47059,4612.0
47060,36577.0
47061,2476.0
47062,25833.0
47063,5177.0
47064,48851.0
47065,5006.0
47066,4601.0
47067,20000.0
47068,5590.0
47069,15002.0
47070,4649.0
47071,47408.0
47072,5227.0
47073,55983.0
47074,4071.0
47075,5542.0
47076,6092.0
47077,12243.0
47078,4359.0
47079,2276.0
47080,11477.0
47081,51697.0
47082,4827.0
47083,6009.0
47084,51707.0
47085,34460.0
47086,6374.0
47087,5420.0
47088,36700.0
47089,2228.0
47090,6450.0
47091,61273.0
47092,2464.0
47093,54608.0
47094,6296.0
47095,67004.0
47096,4257.0
47097,5182.0
47098,44144.0
47099,57081.0
47100,2074.0
47101,41064.0
47102,4173.0
47103,10802.0
47104,55377.0
47105,3184.0
47106,5388.0
47107,53743.0
47108,4437.0
47109,5107.0
47110,14408.0
47111,6444.0
47112,3988.0
47113,45189.0
47114,12166.0
47115,2723.0
47116,5568.0
47117,57939.0
47118,5098.0
47119,10996.0
47120,4637.0
47121,6296.0
47122,80566.0
47123,15078.0
47124,5619.0
47125,3911.0
47126,4755.0
47127,12158.0
47128,4099.0
47129,4453.0
47130,7220.0
47131,2343.0
47132,4499.0
47133,2343.0
47134,6456.0
47135,63979.0
47136,55502.0
47137,8885.0
47138,64285.0
47139,6816.0
47140,5954.0
47141,9763.0
47142,2835.0
47143,4827.0
47144,50271.0
47145,3817.0
47146,5408.0
47147,6461.0
47148,62188.0
47149,1830.0
47150,7575.0
47151,4914.0
47152,4111.0
47153,56702.0
47154,4284.0
47155,3610.0
47156,9201.0
47157,7762.0
47158,3374.0
47159,12658.0
47160,7462.0
47161,39847.0
47162,5430.0
47163,6053.0
47164,2861.0
47165,3992.0
47166,49725.0
47167,32923.0
47168,38099.0
47169,54608.0
47170,48851.0
47171,4755.0
47172,3466.0
47173,2339.0
47174,32923.0
47175,4086.0
47176,6128.0
47177,11823.0
47178,9945.0
47179,90960.0
47180,4501.0
47181,60260.0
47182,5632.0
47183,52175.0
47184,4439.0
47185,3860.0
47186,6092.0
47187,5441.0
47188,3282.0
47189,49553.0
47190,3024.0
47191,5954.0
47192,57920.0
47193,17993.0
47194,6369.0
47195,5954.0
47196,4007.0
47197,51817.0
47198,52287.0
47199,59021.0
47200,60260.0
47201,5502.0
47202,6067.0
47203,11696.0
47204,22152.0
47205,2336.0
47206,4007.0
47207,4209.0
47208,6568.0
47209,51817.0
47210,6602.0
47211,8799.0
47212,11260.0
47213,22998.0
47214,57920.0
47215,60260.0
47216,5617.0
47217,5549.0
47218,4500.0
47219,12054.0
47220,71044.0
47221,7424.0
47222,45883.0
47223,50271.0
47224,6568.0
47225,9840.0
47226,56702.0
47227,47586.0
47228,4768.0
47229,2723.0
47230,7352.0
47231,7352.0
47232,9105.0
47233,3862.0
47234,37256.0
47235,3521.0
47236,6015.0
47237,4111.0
47238,15498.0
47239,57992.0
47240,41064.0
47241,6534.0
47242,52064.0
47243,6534.0
47244,11585.0
47245,4028.0
47246,11898.0
47247,4173.0
47248,2767.0
47249,74365.0
47250,4538.0
47251,1890.0
47252,4896.0
47253,5805.0
47254,7950.0
47255,37405.0
47256,31982.0
47257,43376.0
47258,8904.0
47259,54608.0
47260,1714.0
47261,4672.0
47262,7834.0
47263,4499.0
47264,5407.0
47265,17148.0
47266,3496.0
47267,37256.0
47268,68184.0
47269,12468.0
47270,7425.0
47271,5810.0
47272,7212.0
47273,4205.0
47274,68505.0
47275,62188.0
47276,69244.0
47277,32230.0
47278,2836.0
47279,67842.0
47280,14343.0
47281,2694.0
47282,52064.0
47283,1105.0
47284,5292.0
47285,62591.0
47286,13410.0
47287,5168.0
47288,14264.0
47289,11928.0
47290,10349.0
47291,52175.0
47292,45883.0
47293,6271.0
47294,51817.0
47295,1543.0
47296,69168.0
47297,16393.0
47298,3423.0
47299,37985.0
47300,54608.0
47301,8489.5
47302,56588.0
47303,18996.0
47304,8647.0
47305,60978.0
47306,6084.0
47307,66928.0
47308,4715.0
47309,7249.0
47310,77120.0
47311,45672.0
47312,4173.0
47313,5892.0
47314,8112.0
47315,60365.0
47316,59929.0
47317,10010.0
47318,53209.0
47319,3465.0
47320,73771.0
47321,5087.0
47322,6461.0
47323,39499.0
47324,56345.0
47325,6734.0
47326,3860.0
47327,4867.0
47328,6443.0
47329,68743.0
47330,11367.0
47331,8177.0
47332,7304.0
47333,3916.0
47334,40593.0
47335,3999.0
47336,5949.0
47337,17604.0
47338,7902.0
47339,3610.0
47340,9141.0
47341,5953.0
47342,6450.0
47343,27792.0
47344,2637.0
47345,6461.0
47346,41314.0
47347,4896.0
47348,4930.0
47349,45693.0
47350,2862.0
47351,73481.0
47352,6109.0
47353,6593.0
47354,6132.0
47355,5177.0
47356,5805.0
47357,5942.0
47358,3408.0
47359,10073.0
47360,2738.0
47361,5279.0
47362,4144.0
47363,4028.0
47364,4792.0
47365,42546.0
47366,6132.0
47367,52287.0
47368,7021.0
47369,4689.0
47370,4027.0
47371,4909.0
47372,49613.0
47373,5185.0
47374,3646.0
47375,3572.0
47376,2792.0
47377,5441.0
47378,4219.0
47379,7230.0
47380,4028.0
47381,37244.0
47382,6252.0
47383,4165.0
47384,4827.0
47385,50361.0
47386,60555.0
47387,11323.0
47388,2482.0
47389,5029.0
47390,66063.0
47391,39847.0
47392,5037.0
47393,6299.0
47394,8391.0
47395,53152.0
47396,51817.0
47397,11520.0
47398,4755.0
47399,56590.0
47400,2124.0
47401,4170.0
47402,55502.0
47403,5320.0
47404,3846.0
47405,6128.0
47406,13378.0
47407,9840.0
47408,6878.0
47409,39859.0
47410,21979.0
47411,20760.0
47412,3979.0
47413,44280.0
47414,61933.0
47415,5178.0
47416,52063.0
47417,6073.0
47418,69997.0
47419,14388.0
47420,5465.0
47421,4230.0
47422,14198.0
47423,4969.0
47424,59367.0
47425,47408.0
47426,8302.0
47427,3393.0
47428,54608.0
47429,23424.0
47430,3546.0
47431,2879.0
47432,5726.0
47433,56273.0
47434,5954.0
47435,6076.0
47436,54608.0
47437,45693.0
47438,52063.0
47439,5892.0
47440,4354.0
47441,11164.0
47442,5937.0
47443,3831.0
47444,7425.0
47445,49725.0
47446,4363.0
47447,7425.0
47448,5042.0
47449,12656.0
47450,6450.0
47451,69244.0
47452,36577.0
47453,58125.0
47454,3393.0
47455,61583.0
47456,57920.0
47457,6375.0
47458,51457.0
47459,4357.0
47460,5489.0
47461,7117.0
47462,52287.0
47463,12990.0
47464,36565.0
47465,8803.0
47466,3754.0
47467,5577.0
47468,5696.0
47469,3572.0
47470,52175.0
47471,3457.0
47472,6082.0
47473,4439.0
47474,4977.0
47475,4457.0
47476,6337.0
47477,76605.0
47478,4499.0
47479,10196.0
47480,4387.0
47481,39555.0
47482,77076.0
47483,3306.0
47484,44280.0
47485,5800.0
47486,5574.0
47487,7487.0
47488,39499.0
47489,4946.0
47490,2074.0
47491,1830.0
47492,55377.0
47493,14176.0
47494,6267.0
47495,4454.0
47496,6461.0
47497,18487.0
47498,54684.0
47499,3864.0
47500,17400.0
47501,41064.0
47502,49177.0
47503,4170.0
47504,8224.0
47505,11675.0
47506,55377.0
47507,49613.0
47508,69168.0
47509,36700.0
47510,18927.0
47511,9392.0
47512,7768.0
47513,7425.0
47514,4387.0
47515,11310.0
47516,45672.0
47517,74970.0
47518,39377.0
47519,63277.0
47520,5954.0
47521,4896.0
47522,7548.0
47523,39377.0
47524,11584.0
47525,6488.0
47526,11319.0
47527,4272.0
47528,6444.0
47529,61933.0
47530,60260.0
47531,5842.0
47532,3334.0
47533,3450.0
47534,6450.0
47535,45672.0
47536,41281.0
47537,4056.0
47538,37985.0
47539,4417.0
47540,6132.0
47541,7702.0
47542,34460.0
47543,5610.0
47544,7093.0
47545,4673.0
47546,45185.0
47547,3401.0
47548,12318.0
47549,54684.0
47550,11385.0
47551,51697.0
47552,2124.0
47553,14524.0
47554,2477.0
47555,4020.0
47556,6195.0
47557,5136.0
47558,41281.0
47559,4938.0
47560,5766.0
47561,6568.0
47562,12538.0
47563,3860.0
47564,4338.0
47565,6109.0
47566,53164.0
47567,21769.0
47568,38099.0
47569,45883.0
47570,6568.0
47571,3193.0
47572,59021.0
47573,2049.0
47574,5606.0
47575,3016.0
47576,53645.0
47577,6578.0
47578,7785.0
47579,6458.0
47580,4672.0
47581,7774.0
47582,3980.0
47583,51817.0
47584,5635.0
47585,2568.0
47586,4357.0
47587,4348.0
47588,52715.0
47589,9201.0
47590,56702.0
47591,10686.0
47592,9935.0
47593,9324.0
47594,47205.0
47595,7422.0
47596,54777.0
47597,91177.0
47598,37929.0
47599,7286.0
47600,5549.0
47601,19667.0
47602,4939.0
47603,53937.0
47604,4502.0
47605,5857.0
47606,5895.0
47607,9884.0
47608,61649.0
47609,9630.0
47610,27976.0
47611,7221.0
47612,6578.0
47613,72339.0
47614,13410.0
47615,7221.0
47616,5943.0
47617,20760.0
47618,6512.0
47619,4819.0
47620,6444.0
47621,6231.0
47622,9201.0
47623,4253.0
47624,6444.0
47625,6450.0
47626,45883.0
47627,5943.0
47628,60160.0
47629,7241.0
47630,7971.0
47631,6736.0
47632,11783.0
47633,4590.0
47634,4499.0
47635,11808.0
47636,2792.0
47637,7877.0
47638,6319.0
47639,2409.0
47640,7528.0
47641,3371.0
47642,5060.0
47643,2480.0
47644,11497.0
47645,50361.0
47646,5761.0
47647,9349.0
47648,6123.0
47649,4230.0
47650,6122.0
47651,3150.0
47652,5012.0
47653,3980.0
47654,8133.0
47655,54608.0
47656,5152.0
47657,9272.0
47658,4337.0
47659,10660.0
47660,7877.0
47661,50368.0
47662,9277.0
47663,5322.0
47664,7240.0
47665,3379.0
47666,15854.0
47667,38099.0
47668,1755.0
47669,39321.0
47670,72201.0
47671,12991.0
47672,1830.0
47673,5103.0
47674,38099.0
47675,6489.0
47676,9829.0
47677,5549.0
47678,46589.0
47679,91659.0
47680,4096.0
47681,22140.0
47682,41281.0
47683,5488.0
47684,52715.0
47685,7476.0
47686,3845.0
47687,7498.0
47688,7484.0
47689,8233.0
47690,5399.0
47691,3306.0
47692,5888.0
47693,101780.0
47694,6620.0
47695,5184.0
47696,4501.0
47697,8171.0
47698,15165.0
47699,53152.0
47700,53071.0
47701,7832.0
47702,49207.0
47703,7466.0
47704,20760.0
47705,6131.0
47706,3999.0
47707,3720.0
47708,3393.0
47709,4263.0
47710,38099.0
47711,9651.0
47712,25600.0
47713,6461.0
47714,5232.0
47715,4515.0
47716,20760.0
47717,2960.0
47718,14767.0
47719,2456.0
47720,4183.0
47721,4020.0
47722,56588.0
47723,10058.0
47724,15729.0
47725,11882.0
47726,2350.0
47727,10849.0
47728,76143.0
47729,6603.0
47730,44280.0
47731,67809.0
47732,54684.0
47733,7425.0
47734,5283.0
47735,11069.0
47736,5970.0
47737,7423.0
47738,1776.0
47739,15720.0
47740,5788.0
47741,61933.0
47742,3153.0
47743,28312.0
47744,7237.0
47745,4917.0
47746,41269.0
47747,6067.0
47748,49553.0
47749,58125.0
47750,2124.0
47751,4266.0
47752,45525.0
47753,3845.0
47754,64025.0
47755,3175.0
47756,2836.0
47757,5954.0
47758,4477.0
47759,6075.0
47760,47205.0
47761,8112.0
47762,5955.0
47763,56476.0
47764,6270.0
47765,5090.0
47766,5943.0
47767,5856.5
47768,54608.0
47769,5410.0
47770,57453.0
47771,2051.0
47772,9840.0
47773,39555.0
47774,4697.0
47775,2410.0
47776,7577.0
47777,60160.0
47778,11508.0
47779,5610.0
47780,4363.0
47781,4111.0
47782,2207.0
47783,29776.0
47784,4359.0
47785,4387.0
47786,58125.0
47787,6181.0
47788,9588.0
47789,53164.0
47790,45693.0
47791,6132.0
47792,41064.0
47793,50969.0
47794,41113.0
47795,47395.0
47796,41064.0
47797,64729.0
47798,3245.0
47799,41113.0
47800,58282.0
47801,53209.0
47802,57939.0
47803,4337.0
47804,77935.0
47805,5177.0
47806,5424.0
47807,2124.0
47808,67769.0
47809,10575.0
47810,61873.0
47811,7774.0
47812,14449.0
47813,3466.0
47814,45693.0
47815,50271.0
47816,5243.0
47817,5380.0
47818,4948.0
47819,15761.0
47820,4556.0
47821,3354.0
47822,5467.0
47823,7895.0
47824,9840.0
47825,1998.0
47826,4293.0
47827,8112.0
47828,7319.0
47829,6968.0
47830,11675.0
47831,82257.0
47832,45883.0
47833,3219.0
47834,60555.0
47835,9779.0
47836,5840.0
47837,4357.0
47838,3999.0
47839,55983.0
47840,5037.0
47841,1714.0
47842,55087.0
47843,60232.0
47844,18927.0
47845,39432.0
47846,45883.0
47847,5103.0
47848,4758.0
47849,10301.0
47850,14113.0
47851,6299.0
47852,4209.0
47853,45371.0
47854,6122.0
47855,53152.0
47856,11205.0
47857,4691.0
47858,6090.0
47859,4294.0
47860,2857.0
47861,9201.0
47862,3334.0
47863,8111.0
47864,4007.0
47865,4000.0
47866,53164.0
47867,62524.0
47868,31622.0
47869,3820.0
47870,2250.0
47871,5960.0
47872,61933.0
47873,4783.0
47874,5102.0
47875,47395.0
47876,4276.0
47877,34460.0
47878,5955.0
47879,12138.0
47880,8112.0
47881,47657.0
47882,2477.0
47883,74844.0
47884,18871.0
47885,51817.0
47886,66671.0
47887,8148.0
47888,18758.0
47889,44280.0
47890,2410.0
47891,10802.0
47892,7135.0
47893,4213.0
47894,5441.0
47895,27792.0
47896,7530.0
47897,5938.0
47898,5772.0
47899,4007.0
47900,2091.0
47901,45995.0
47902,1776.0
47903,56702.0
47904,2124.0
47905,11100.0
47906,20316.0
47907,2329.0
47908,37985.0
47909,36577.0
47910,60508.0
47911,1788.0
47912,44144.0
47913,32859.0
47914,4502.0
47915,6450.0
47916,4048.0
47917,5949.0
47918,1890.0
47919,10018.0
47920,8193.0
47921,2276.0
47922,6158.0
47923,4086.0
47924,2056.0
47925,3362.0
47926,52287.0
47927,3988.0
47928,4977.0
47929,60260.0
47930,45693.0
47931,69625.0
47932,5915.0
47933,69885.0
47934,6458.0
47935,4555.0
47936,5037.0
47937,5610.0
47938,62591.0
47939,5954.0
47940,4316.0
47941,6502.0
47942,5136.0
47943,7978.0
47944,6650.0
47945,2124.0
47946,6221.0
47947,45883.0
47948,6584.0
47949,53937.0
47950,2426.0
47951,5060.0
47952,8944.0
47953,8265.0
47954,60508.0
47955,5656.0
47956,3625.0
47957,4724.0
47958,1714.0
47959,3090.0
47960,11520.0
47961,1776.0
47962,60232.0
47963,6067.0
47964,6488.0
47965,24056.0
47966,2339.0
47967,50271.0
47968,42765.0
47969,62729.0
47970,40593.0
47971,10470.0
47972,28872.0
47973,6122.0
47974,9840.0
47975,69937.0
47976,2124.0
47977,57453.0
47978,7639.0
47979,25993.0
47980,9178.0
47981,3389.0
47982,13182.0
47983,7488.0
47984,76143.0
47985,6985.0
47986,60260.0
47987,3979.0
47988,2228.0
47989,7774.0
47990,9105.0
47991,7221.0
47992,3987.0
47993,8123.0
47994,2098.0
47995,4338.0
47996,74911.0
47997,4165.0
47998,1890.0
47999,16921.0
48000,67710.0
48001,6024.0
48002,10058.0
48003,5276.0
48004,6548.0
48005,12454.0
48006,5236.0
48007,60865.0
48008,34472.0
48009,8816.0
48010,6720.0
48011,5763.0
48012,12150.0
48013,42457.0
48014,6172.0
48015,41113.0
48016,4940.0
48017,8063.0
48018,53499.0
48019,3862.0
48020,5906.0
48021,2074.0
48022,66928.0
48023,6271.0
48024,54608.0
48025,3108.0
48026,10586.0
48027,4403.0
48028,2051.0
48029,12499.0
48030,38099.0
48031,34043.0
48032,5483.0
48033,68362.0
48034,9277.0
48035,4500.0
48036,3282.0
48037,4961.0
48038,27976.0
48039,4658.0
48040,57565.0
48041,2271.0
48042,55983.0
48043,52287.0
48044,56588.0
48045,6067.0
48046,8614.0
48047,28872.0
48048,7212.0
48049,4111.0
48050,6067.0
48051,3663.0
48052,11205.0
48053,55502.0
48054,17925.0
48055,4222.0
48056,5660.0
48057,7737.0
48058,3016.0
48059,6122.0
48060,4896.0
48061,49207.0
48062,32923.0
48063,9433.0
48064,50957.0
48065,7053.0
48066,1890.0
48067,9866.0
48068,39555.0
48069,9840.0
48070,10618.0
48071,56476.0
48072,3754.0
48073,4496.0
48074,19121.0
48075,5937.0
48076,6444.0
48077,1924.0
48078,4086.0
48079,12792.0
48080,4501.0
48081,3621.0
48082,10680.0
48083,6133.0
48084,5042.0
48085,11205.0
48086,8433.0
48087,5520.0
48088,57081.0
48089,56546.0
48090,5943.0
48091,6716.0
48092,57677.0
48093,6966.0
48094,20760.0
48095,2201.0
48096,5467.0
48097,9241.0
48098,68474.0
48099,7487.0
48100,3988.0
48101,49613.0
48102,62729.0
48103,4499.0
48104,5182.0
48105,12780.0
48106,3846.0
48107,4453.0
48108,7221.0
48109,9840.0
48110,5946.0
48111,60260.0
48112,52287.0
48113,13641.0
48114,9904.0
48115,57939.0
48116,6488.0
48117,3000.0
48118,6186.0
48119,55983.0
48120,5953.0
48121,2056.0
48122,12897.0
48123,9201.0
48124,4500.0
48125,5547.0
48126,5942.0
48127,11129.0
48128,7927.0
48129,41064.0
48130,4484.0
48131,2410.0
48132,2836.0
48133,8418.0
48134,3862.0
48135,64173.0
48136,6568.0
48137,5949.0
48138,6577.0
48139,5103.0
48140,3797.0
48141,51345.0
48142,34460.0
48143,62255.0
48144,5388.0
48145,7425.0
48146,3024.0
48147,1526.0
48148,4688.0
48149,80756.0
48150,5927.0
48151,58315.0
48152,5761.0
48153,78870.0
48154,8169.0
48155,29656.0
48156,4919.0
48157,6450.0
48158,3860.0
48159,57939.0
48160,60568.0
48161,62617.0
48162,45257.0
48163,7176.0
48164,21669.0
48165,6650.0
48166,3685.0
48167,2271.0
48168,45600.0
48169,47585.0
48170,6977.0
48171,9624.0
48172,9799.0
48173,5852.0
48174,6332.0
48175,15489.0
48176,5102.0
48177,59509.0
48178,7767.0
48179,4863.0
48180,2477.0
48181,53743.0
48182,54608.0
48183,44144.0
48184,6663.0
48185,6489.0
48186,4971.0
48187,13014.0
48188,4009.0
48189,67004.0
48190,11069.0
48191,41113.0
48192,5070.0
48193,62617.0
48194,51372.0
48195,3979.0
48196,53152.0
48197,6132.0
48198,49553.0
48199,1543.0
48200,61392.0
48201,4473.0
48202,1998.0
48203,51372.0
48204,14880.0
48205,4363.0
48206,52175.0
48207,31622.0
48208,60365.0
48209,85249.0
48210,3862.0
48211,5177.0
48212,5953.0
48213,5955.0
48214,12611.0
48215,43376.0
48216,12949.0
48217,3014.0
48218,2056.0
48219,12150.0
48220,2410.0
48221,3563.0
48222,57405.0
48223,7958.0
48224,3999.0
48225,6461.0
48226,6729.0
48227,4939.0
48228,5955.0
48229,45693.0
48230,6450.0
48231,24234.0
48232,11691.0
48233,6292.0
48234,6163.0
48235,11307.0
48236,71058.0
48237,4027.0
48238,7767.0
48239,7426.0
48240,54777.0
48241,6708.0
48242,3127.0
48243,45097.0
48244,1998.0
48245,58125.0
48246,7212.0
48247,32923.0
48248,2339.0
48249,6698.0
48250,7612.0
48251,5098.0
48252,4452.0
48253,5943.0
48254,3014.0
48255,70600.0
48256,53743.0
48257,18757.0
48258,2480.0
48259,9216.0
48260,5907.0
48261,51875.0
48262,63308.0
48263,4499.0
48264,91289.0
48265,13840.0
48266,52392.0
48267,2393.0
48268,64831.0
48269,2103.0
48270,12412.0
48271,7317.0
48272,3916.0
48273,54777.0
48274,13818.0
48275,54608.0
48276,5685.0
48277,9840.0
48278,62045.0
48279,2785.0
48280,8118.0
48281,6946.0
48282,61933.0
48283,2339.0
48284,1776.0
48285,4979.0
48286,3015.0
48287,4477.0
48288,2476.0
48289,6437.0
48290,5280.0
48291,6075.0
48292,6510.0
48293,15447.0
48294,6450.0
48295,19803.0
48296,7488.0
48297,9277.0
48298,3282.0
48299,71044.0
48300,6461.0
48301,5291.0
48302,6158.0
48303,27976.0
48304,6502.0
48305,5632.0
48306,52287.0
48307,3959.0
48308,5888.0
48309,28510.0
48310,12411.0
48311,3330.0
48312,1924.0
48313,60232.0
48314,3471.0
48315,17738.0
48316,7425.0
48317,60426.0
48318,61899.0
48319,4393.0
48320,3862.0
48321,1890.0
48322,5136.0
48323,46097.0
48324,4403.0
48325,27976.0
48326,2057.0
48327,54684.0
48328,3988.0
48329,3671.0
48330,4499.0
48331,6132.0
48332,6045.0
48333,56702.0
48334,45693.0
48335,4745.0
48336,53152.0
48337,3855.0
48338,10438.0
48339,5624.0
48340,55983.0
48341,51457.0
48342,27976.0
48343,92848.0
48344,42521.0
48345,3999.0
48346,57565.0
48347,6450.0
48348,57992.0
48349,60260.0
48350,5152.0
48351,54777.0
48352,3625.0
48353,7411.0
48354,4363.0
48355,49613.0
48356,28510.0
48357,4357.0
48358,56273.0
48359,2276.0
48360,8744.0
48361,3153.0
48362,7353.0
48363,3979.0
48364,3219.0
48365,11853.0
48366,50271.0
48367,4272.0
48368,11167.0
48369,5567.0
48370,3551.0
48371,5177.0
48372,4205.0
48373,3209.0
48374,7489.0
48375,3646.0
48376,5322.0
48377,72268.0
48378,3361.0
48379,60260.0
48380,5943.0
48381,2994.0
48382,60232.0
48383,5292.0
48384,74754.0
48385,3150.0
48386,45805.0
48387,50409.0
48388,6578.0
48389,8988.0
48390,4792.0
48391,56588.0
48392,11672.0
48393,10228.0
48394,18487.0
48395,49177.0
48396,6009.0
48397,23484.0
48398,4393.0
48399,41113.0
48400,13014.0
48401,44144.0
48402,65529.0
48403,60978.0
48404,9199.0
48405,4359.0
48406,6287.0
48407,6389.0
48408,6296.0
48409,2339.0
48410,51707.0
48411,6158.0
48412,3610.0
48413,13634.5
48414,12611.0
48415,44280.0
48416,54841.0
48417,1830.0
48418,39321.0
48419,7250.0
48420,5383.0
48421,59021.0
48422,5606.0
48423,50957.0
48424,8111.0
48425,4452.0
48426,8592.0
48427,5206.0
48428,11520.0
48429,11205.0
48430,4111.0
48431,5881.0
48432,6337.0
48433,14113.0
48434,6200.0
48435,6679.0
48436,39623.0
48437,2111.0
48438,2339.0
48439,54608.0
48440,67769.0
48441,4792.0
48442,3282.0
48443,11783.0
48444,10683.0
48445,59827.0
48446,60978.0
48447,4359.0
48448,51707.0
48449,3330.0
48450,50982.0
48451,14767.0
48452,6720.0
48453,47217.0
48454,5632.0
48455,56476.0
48456,2834.0
48457,57920.0
48458,3960.0
48459,8778.0
48460,4020.0
48461,11520.0
48462,12740.0
48463,6752.0
48464,14763.0
48465,6437.0
48466,59265.0
48467,17794.0
48468,7425.0
48469,4496.0
48470,4506.0
48471,52063.0
48472,4499.0
48473,60365.0
48474,5010.0
48475,82933.0
48476,65632.0
48477,44144.0
48478,8703.0
48479,51819.0
48480,59021.0
48481,74305.0
48482,52287.0
48483,5152.0
48484,36565.0
48485,6158.0
48486,5193.0
48487,36700.0
48488,8816.0
48489,60978.0
48490,6776.0
48491,54841.0
48492,64173.0
48493,60589.0
48494,3685.0
48495,6488.0
48496,4978.0
48497,9879.0
48498,41281.0
48499,3393.0
48500,5817.0
48501,49725.0
48502,36700.0
48503,2276.0
48504,5491.0
48505,17683.0
48506,69244.0
48507,9229.0
48508,4502.0
48509,3844.0
48510,5507.0
48511,4007.0
48512,70431.0
48513,47844.0
48514,5939.0
48515,11068.0
48516,45883.0
48517,7412.0
48518,4302.0
48519,17683.0
48520,9840.0
48521,7412.0
48522,59537.0
48523,5441.0
48524,49725.0
48525,1890.0
48526,40024.0
48527,55983.0
48528,8274.0
48529,3860.0
48530,3988.0
48531,3465.0
48532,7576.0
48533,60508.0
48534,7832.0
48535,1830.0
48536,3671.0
48537,54777.0
48538,61049.0
48539,5795.0
48540,4969.0
48541,7127.0
48542,16212.0
48543,5152.0
48544,57005.0
48545,87290.0
48546,32923.0
48547,62591.0
48548,6461.0
48549,9581.0
48550,6977.0
48551,6195.0
48552,11173.0
48553,49896.0
48554,5972.0
48555,54608.0
48556,6578.0
48557,6461.0
48558,3334.0
48559,8578.0
48560,57057.0
48561,51707.0
48562,8885.0
48563,55377.0
48564,27976.0
48565,4048.0
48566,49613.0
48567,13014.0
48568,3999.0
48569,49553.0
48570,3024.0
48571,66928.0
48572,5413.0
48573,3689.0
48574,5293.0
48575,1443.0
48576,4499.0
48577,41314.0
48578,8063.0
48579,4086.0
48580,66063.0
48581,7104.0
48582,3000.0
48583,5441.0
48584,51697.0
48585,5178.0
48586,7938.0
48587,7813.0
48588,3090.0
48589,5292.0
48590,3234.0
48591,2877.0
48592,8719.0
48593,6489.0
48594,2821.0
48595,58394.0
48596,32859.0
48597,2124.0
48598,3090.0
48599,49613.0
48600,4515.0
48601,66928.0
48602,6060.0
48603,35490.0
48604,2476.0
48605,53164.0
48606,6578.0
48607,39321.0
48608,3988.0
48609,2399.0
48610,5954.0
48611,3306.0
48612,5569.0
48613,5892.0
48614,3000.0
48615,64285.0
48616,7806.0
48617,7221.0
48618,56162.5
48619,67004.0
48620,4706.0
48621,4792.0
48622,7749.0
48623,1776.0
48624,6324.0
48625,4802.0
48626,4792.0
48627,5953.0
48628,12623.0
48629,46097.0
48630,4637.0
48631,3466.0
48632,3243.0
48633,32859.0
48634,53164.0
48635,4173.0
48636,5622.0
48637,3971.0
48638,64890.0
48639,5951.0
48640,4452.0
48641,4173.0
48642,55983.0
48643,5937.0
48644,19961.0
48645,7959.0
48646,68963.0
48647,16350.0
48648,4548.0
48649,12288.0
48650,55502.0
48651,6534.0
48652,54608.0
48653,44144.0
48654,13526.0
48655,7740.0
48656,10794.0
48657,3153.0
48658,7293.0
48659,55750.0
48660,38099.0
48661,53164.0
48662,60260.0
48663,4096.0
48664,5943.0
48665,65529.0
48666,19291.0
48667,4209.0
48668,2723.0
48669,28872.0
48670,3916.0
48671,8803.0
48672,4357.0
48673,77577.0
48674,4007.0
48675,37929.0
48676,2901.0
48677,5322.0
48678,13524.0
48679,2339.0
48680,5937.0
48681,49063.0
48682,4687.0
48683,12175.0
48684,4230.0
48685,4417.0
48686,53209.0
48687,11383.0
48688,60978.0
48689,8708.0
48690,53285.0
48691,2203.0
48692,53152.0
48693,3012.0
48694,32859.0
48695,5589.0
48696,64285.0
48697,11109.0
48698,54684.0
48699,4496.0
48700,6177.0
48701,5928.0
48702,5483.0
48703,4111.0
48704,5724.0
48705,66063.0
48706,2339.0
48707,2737.0
48708,55983.0
48709,5206.0
48710,48795.0
48711,74844.0
48712,50271.0
48713,4755.0
48714,2124.0
48715,77039.0
48716,5960.0
48717,3705.0
48718,13620.0
48719,60555.0
48720,67004.0
48721,5955.0
48722,1105.0
48723,58125.0
48724,5177.0
48725,62045.0
48726,6133.0
48727,7774.0
48728,51707.0
48729,51928.0
48730,1830.0
48731,42521.0
48732,6037.0
48733,2343.0
48734,2098.0
48735,6398.0
48736,3258.0
48737,4413.0
48738,54608.0
48739,7834.0
48740,9420.0
48741,51819.0
48742,22140.0
48743,49553.0
48744,5606.0
48745,1890.0
48746,7158.0
48747,9467.0
48748,4417.0
48749,5809.0
48750,67004.0
48751,70793.0
48752,5047.0
48753,49725.0
48754,6172.0
48755,7575.0
48756,38099.0
48757,3862.0
48758,3999.0
48759,7109.0
48760,3916.0
48761,5023.0
48762,50271.0
48763,12170.0
48764,5632.0
48765,57017.0
48766,5950.0
48767,3633.0
48768,5881.0
48769,9799.0
48770,24122.0
48771,6191.0
48772,38099.0
48773,5276.0
48774,5406.0
48775,54169.0
48776,45693.0
48777,11617.0
48778,57920.0
48779,55502.0
48780,3450.0
48781,6226.0
48782,44280.0
48783,7420.0
48784,5955.0
48785,5818.0
48786,42521.0
48787,4347.0
48788,5771.0
48789,54608.0
48790,61404.0
48791,13200.0
48792,14074.0
48793,3478.0
48794,6308.0
48795,44546.0
48796,60396.0
48797,60260.0
48798,5178.0
48799,6270.0
48800,1800.0
48801,4272.0
48802,16319.0
48803,6912.0
48804,32923.0
48805,5276.0
48806,60365.0
48807,4585.0
48808,19953.0
48809,4863.0
48810,6883.0
48811,15720.0
48812,5276.0
48813,5339.0
48814,43865.0
48815,10522.0
48816,5269.0
48817,6067.0
48818,6167.0
48819,51345.0
48820,4601.0
48821,49872.0
48822,32634.0
48823,1776.0
48824,4111.0
48825,60396.0
48826,8719.0
48827,64285.0
48828,4044.0
48829,9332.0
48830,54608.0
48831,4499.0
48832,25000.0
48833,1105.0
48834,6158.0
48835,4173.0
48836,54684.0
48837,8442.0
48838,3090.0
48839,2124.0
48840,4266.0
48841,5911.0
48842,2477.0
48843,2447.0
48844,53937.0
48845,4663.0
48846,11853.0
48847,47844.0
48848,13943.0
48849,3334.0
48850,53164.0
48851,2750.0
48852,50957.0
48853,57992.0
48854,73657.0
48855,62045.0
48856,14469.0
48857,7484.0
48858,23576.0
48859,51345.0
48860,51817.0
48861,2723.0
48862,7571.0
48863,59357.0
48864,60508.0
48865,50271.0
48866,45693.0
48867,4500.0
48868,15617.0
48869,28872.0
48870,53743.0
48871,5800.0
48872,7263.0
48873,4496.0
48874,11120.0
48875,62524.0
48876,5656.0
48877,14313.0
48878,7192.0
48879,11139.0
48880,5549.0
48881,8112.0
48882,7412.0
48883,4896.0
48884,6568.0
48885,50361.0
48886,50969.0
48887,5955.0
48888,66077.0
48889,13882.0
48890,1776.0
48891,5605.0
48892,5584.0
48893,6177.0
48894,5260.0
48895,77355.0
48896,7572.0
48897,4111.0
48898,7808.0
48899,6633.0
48900,6133.0
48901,3105.0
48902,4284.0
48903,6553.0
48904,57081.0
48905,2723.0
48906,3999.0
48907,4499.0
48908,14451.0
48909,6256.0
48910,4817.0
48911,57992.0
48912,31436.0
48913,41064.0
48914,17439.0
48915,4644.0
48916,57005.0
48917,9946.0
48918,55502.0
48919,3357.0
48920,10248.0
48921,10563.0
48922,52392.0
48923,4161.0
48924,4387.0
48925,4368.0
48926,6717.0
48927,6370.0
48928,6186.0
48929,4672.0
48930,6082.0
48931,4836.0
48932,54608.0
48933,42457.0
48934,4452.0
48935,42521.0
48936,4330.0
48937,38043.0
48938,54777.0
48939,64831.0
48940,5547.0
48941,4294.0
48942,6489.0
48943,60396.0
48944,36577.0
48945,7424.0
48946,4556.0
48947,57992.0
48948,3855.0
48949,18798.0
48950,7959.0
48951,11520.0
48952,7900.0
48953,42521.0
48954,5103.0
48955,10374.0
48956,2201.0
48957,41314.0
48958,45883.0
48959,10961.0
48960,6284.0
48961,3393.0
48962,1996.0
48963,2480.0
48964,6461.0
48965,13830.0
48966,1714.0
48967,5219.0
48968,51817.0
48969,4809.0
48970,1830.0
48971,6339.0
48972,51595.0
48973,69244.0
48974,9079.0
48975,2124.0
48976,11205.0
48977,3393.0
48978,7488.0
48979,76202.0
48980,7660.0
48981,65872.0
48982,4007.0
48983,5502.0
48984,4357.0
48985,10054.0
48986,41314.0
48987,1830.0
48988,58315.0
48989,66063.0
48990,5610.0
48991,60978.0
48992,4348.0
48993,60365.0
48994,6363.0
48995,14133.0
48996,4165.0
48997,5842.0
48998,7412.0
48999,1543.0
49000,10586.0
49001,7572.0
49002,4606.0
49003,6450.0
49004,42521.0
49005,64173.0
49006,37668.0
49007,7145.0
49008,4942.0
49009,14154.0
49010,44405.0
49011,4755.0
49012,6353.0
49013,11153.0
49014,8112.0
49015,4230.0
49016,10961.0
49017,8934.0
49018,44081.0
49019,4502.0
49020,9840.0
49021,9945.0
49022,54841.0
49023,6578.0
49024,7126.0
49025,4417.0
49026,3940.0
49027,10069.0
49028,4709.0
49029,7813.0
49030,2056.0
49031,4926.0
49032,1548.0
49033,17738.0
49034,6318.0
49035,2901.0
49036,11129.0
49037,5949.0
49038,53499.0
49039,7489.0
49040,8148.0
49041,3379.0
49042,3379.0
49043,14348.0
49044,7412.0
49045,6463.0
49046,4284.0
49047,5704.0
49048,1714.0
49049,64801.0
49050,5960.0
49051,31432.0
49052,2835.0
49053,6502.0
49054,5704.0
49055,24441.0
49056,4478.0
49057,5542.0
49058,8134.0
49059,48289.0
49060,74441.0
49061,6195.0
49062,7135.0
49063,14701.0
49064,53634.0
49065,5322.0
49066,2738.0
49067,27976.0
49068,8536.0
49069,4324.0
49070,50271.0
49071,11508.0
49072,69065.0
49073,60232.0
49074,6854.0
49075,59033.0
49076,4028.0
49077,4892.0
49078,74956.0
49079,2278.0
49080,72237.0
49081,3916.0
49082,56702.0
49083,8145.0
49084,5523.0
49085,66928.0
49086,11175.0
49087,53645.0
49088,52175.0
49089,8391.0
49090,42521.0
49091,58125.0
49092,5720.0
49093,3072.0
49094,42521.0
49095,57992.0
49096,5037.0
49097,6711.0
49098,11940.0
49099,43865.0
49100,6489.0
49101,6319.0
49102,7610.0
49103,4055.0
49104,5960.0
49105,4173.0
49106,34472.0
49107,18018.0
49108,4783.0
49109,56588.0
49110,52287.0
49111,5227.0
49112,4797.0
49113,20591.0
49114,7131.0
49115,2723.0
49116,60396.0
49117,5955.0
49118,19961.0
49119,4099.0
49120,4177.0
49121,8274.0
49122,17794.0
49123,4500.0
49124,60396.0
49125,52175.0
49126,57920.0
49127,36577.0
49128,53835.0
49129,2738.0
49130,13579.0
49131,3959.0
49132,3587.0
49133,8526.0
49134,7434.0
49135,3467.0
49136,6502.0
49137,54608.0
49138,5761.0
49139,6122.0
49140,5322.0
49141,45257.0
49142,5955.0
49143,72783.0
49144,3935.0
49145,63163.0
49146,64113.0
49147,6832.0
49148,1714.0
49149,5910.0
49150,5523.0
49151,56588.0
49152,5595.0
49153,5102.0
49154,54608.0
49155,4069.0
49156,22140.0
49157,9433.0
49158,3330.0
49159,7410.0
49160,2900.0
49161,5761.0
49162,4998.0
49163,47408.0
49164,7728.0
49165,8111.0
49166,58315.0
49167,63277.0
49168,13107.0
49169,4496.0
49170,57017.0
49171,7412.0
49172,11520.0
49173,51345.0
49174,51167.0
49175,6341.0
49176,4637.0
49177,3090.0
49178,5656.0
49179,27792.0
49180,5989.0
49181,4393.0
49182,32923.0
49183,45257.0
49184,17569.0
49185,55377.0
49186,2901.0
49187,4205.0
49188,60978.0
49189,7958.0
49190,12900.0
49191,4221.0
49192,4136.0
49193,4416.0
49194,64285.0
49195,15002.0
49196,12033.0
49197,59033.0
49198,44280.0
49199,4393.0
49200,8111.0
49201,3867.0
49202,29622.0
49203,5823.0
49204,4896.0
49205,59537.0
49206,50297.0
49207,59929.0
49208,38099.0
49209,3100.0
49210,20445.0
49211,5322.0
49212,3519.0
49213,6412.0
49214,60160.0
49215,3000.0
49216,6395.0
49217,6075.0
49218,3306.0
49219,5955.0
49220,61933.0
49221,3090.0
49222,14364.0
49223,3999.0
49224,6082.0
49225,35554.0
49226,6489.0
49227,6296.0
49228,51819.0
49229,7950.0
49230,12836.0
49231,45257.0
49232,57565.0
49233,4111.0
49234,64173.0
49235,1443.0
49236,2339.0
49237,14154.0
49238,16359.0
49239,6630.0
49240,60555.0
49241,60713.0
49242,11069.0
49243,11520.0
49244,51819.0
49245,55377.0
49246,5012.0
49247,73369.0
49248,4942.0
49249,9893.0
49250,4099.0
49251,52522.0
49252,54608.0
49253,1694.0
49254,41113.0
49255,38099.0
49256,43376.0
49257,11844.0
49258,38056.0
49259,47586.0
49260,5955.0
49261,10744.0
49262,5293.0
49263,53209.0
49264,60160.0
49265,53164.0
49266,60260.0
49267,43711.0
49268,49725.0
49269,4071.0
49270,5103.0
49271,12166.0
49272,15543.0
49273,2124.0
49274,11231.0
49275,6577.0
49276,4496.0
49277,4648.0
49278,4339.0
49279,4028.0
49280,2228.0
49281,5320.0
49282,5333.0
49283,8853.0
49284,4969.0
49285,3999.0
49286,7653.0
49287,5282.0
49288,4767.0
49289,2477.0
49290,4294.0
49291,13688.0
49292,66928.0
49293,4086.0
49294,2201.0
49295,4151.0
49296,51345.0
49297,4896.0
49298,75721.0
49299,74273.0
49300,58125.0
49301,3234.0
49302,4977.0
49303,69489.0
49304,6200.0
49305,50957.0
49306,6294.0
49307,7167.0
49308,59254.0
49309,41101.0
49310,76681.0
49311,4501.0
49312,12408.0
49313,5441.0
49314,5985.0
49315,12150.0
49316,5632.0
49317,3423.0
49318,5865.0
49319,5960.0
49320,6578.0
49321,57017.0
49322,3437.0
49323,4501.0
49324,4272.0
49325,3090.0
49326,63949.0
49327,5949.0
49328,9353.0
49329,3334.0
49330,5823.0
49331,57057.0
49332,4294.0
49333,6450.0
49334,6122.0
49335,4020.0
49336,65167.0
49337,7251.0
49338,5289.0
49339,7212.0
49340,1830.0
49341,3538.0
49342,88292.0
49343,5949.0
49344,60589.0
49345,50271.0
49346,6067.0
49347,6296.0
49348,4496.0
49349,52287.0
49350,6450.0
49351,66063.0
49352,38926.0
49353,6120.0
49354,10052.0
49355,60365.0
49356,6006.0
49357,17201.0
49358,45257.0
49359,10849.0
49360,78316.0
49361,2051.0
49362,5012.0
49363,53835.0
49364,6461.0
49365,4222.0
49366,10069.0
49367,51457.0
49368,5126.0
49369,39847.0
49370,2410.0
49371,4359.0
49372,5817.0
49373,4663.0
49374,54608.0
49375,2150.0
49376,7425.0
49377,60508.0
49378,6389.0
49379,4099.0
49380,52287.0
49381,7050.0
49382,6583.0
49383,16826.0
49384,52287.0
49385,4589.0
49386,58125.0
49387,6900.0
49388,7273.0
49389,7488.0
49390,2124.0
49391,5094.0
49392,4496.0
49393,6690.0
49394,44939.0
49395,7572.0
49396,52287.0
49397,4297.0
49398,7291.0
49399,24234.0
49400,4173.0
49401,5033.0
49402,41101.0
49403,4559.0
49404,50271.0
49405,5620.0
49406,4961.0
49407,3269.0
49408,3072.0
49409,45257.0
49410,54608.0
49411,61161.0
49412,48851.0
49413,4942.0
49414,4417.0
49415,5410.0
49416,4031.0
49417,44280.0
49418,62045.0
49419,4922.0
49420,4173.0
49421,39783.0
49422,9933.0
49423,4792.0
49424,7584.0
49425,3684.0
49426,1694.0
49427,11069.0
49428,2276.0
49429,80626.0
49430,7119.0
49431,2339.0
49432,53152.0
49433,13095.0
49434,7174.0
49435,39682.0
49436,5954.0
49437,4387.0
49438,60555.0
49439,11205.0
49440,44144.0
49441,5771.0
49442,3393.0
49443,7950.0
49444,44546.0
49445,4500.0
49446,45257.0
49447,8719.0
49448,17800.0
49449,60365.0
49450,3988.0
49451,6370.0
49452,6032.0
49453,57920.0
49454,7332.0
49455,7756.0
49456,32923.0
49457,4028.0
49458,9840.0
49459,51875.0
49460,4239.0
49461,4200.0
49462,5292.0
49463,4827.0
49464,11508.0
49465,61049.0
49466,9829.0
49467,31982.0
49468,2201.0
49469,25199.0
49470,4230.0
49471,7783.0
49472,17548.0
49473,11520.0
49474,1543.0
49475,5563.0
49476,4294.0
49477,2410.0
49478,45995.0
49479,65832.0
49480,9251.0
49481,5622.0
49482,5322.0
49483,9840.0
49484,13455.0
49485,12557.0
49486,6578.0
49487,17604.0
49488,50969.0
49489,4817.0
49490,51457.0
49491,44280.0
49492,6129.0
49493,2105.0
49494,6137.0
49495,6271.0
49496,5542.0
49497,5103.0
49498,5934.0
49499,5918.0
49500,43193.0
49501,11231.0
49502,8043.0
49503,9433.0
49504,9413.0
49505,60978.0
49506,32923.0
49507,4556.0
49508,2966.0
49509,2336.0
49510,1966.0
49511,1694.0
49512,5093.0
49513,7352.0
49514,57920.0
49515,4426.0
49516,57920.0
49517,51345.0
49518,11520.0
49519,8776.0
49520,7410.0
49521,56588.0
49522,4752.0
49523,60555.0
49524,5407.0
49525,4498.0
49526,64173.0
49527,2815.0
49528,5539.0
49529,84756.0
49530,5220.0
49531,4896.0
49532,6122.0
49533,53164.0
49534,5257.0
49535,2436.0
49536,6568.0
49537,3891.0
49538,4896.0
49539,5817.0
49540,4578.0
49541,60978.0
49542,3860.0
49543,5943.0
49544,11952.0
49545,31436.0
49546,11007.0
49547,60508.0
49548,6489.0
49549,11141.0
49550,15078.0
49551,54777.0
49552,6296.0
49553,2276.0
49554,3860.0
49555,61873.0
49556,10069.0
49557,9085.0
49558,4161.0
49559,82257.0
49560,6489.0
49561,42457.0
49562,6006.0
49563,3393.0
49564,66122.0
49565,7877.0
49566,5625.0
49567,57920.0
49568,3961.0
49569,16770.0
49570,54684.0
49571,5578.0
49572,4792.0
49573,27864.0
49574,22152.0
49575,4325.0
49576,54481.0
49577,2124.0
49578,68317.0
49579,4977.0
49580,5177.0
49581,5810.0
49582,7601.0
49583,5019.0
49584,32230.0
49585,4656.0
49586,4325.0
49587,42521.0
49588,8386.0
49589,3175.0
49590,1694.0
49591,3000.0
49592,5768.0
49593,85249.0
49594,4658.0
49595,3654.0
49596,4028.0
49597,6458.0
49598,4765.0
49599,4896.0
49600,54896.0
49601,4500.0
49602,53152.0
49603,5605.0
49604,5805.0
49605,32347.0
49606,5953.0
49607,14819.0
49608,4230.0
49609,69168.0
49610,6711.0
49611,9485.0
49612,5761.0
49613,17569.0
49614,60396.0
49615,10018.0
49616,64173.0
49617,7927.0
49618,6116.0
49619,5818.0
49620,5227.0
49621,1788.0
49622,17893.0
49623,4646.0
49624,24122.0
49625,10164.0
49626,3381.0
49627,6207.0
49628,7135.0
49629,2728.0
49630,5441.0
49631,8245.0
49632,4961.0
49633,2339.0
49634,9986.0
49635,4111.0
49636,4500.0
49637,12605.0
49638,2862.0
49639,2124.0
49640,4960.0
49641,4262.0
49642,6067.0
49643,53164.0
49644,11205.0
49645,7959.0
49646,6578.0
49647,6450.0
49648,12150.0
49649,3671.0
49650,54608.0
49651,37985.0
49652,44610.0
49653,12045.0
49654,53164.0
49655,3831.0
49656,54841.0
49657,45805.0
49658,58111.0
49659,54841.0
49660,13728.0
49661,2737.0
49662,10680.0
49663,51457.0
49664,41118.0
49665,3000.0
49666,6977.0
49667,2960.0
49668,54608.0
49669,7035.0
49670,6271.0
49671,4020.0
49672,54896.0
49673,20684.0
49674,12771.0
49675,49553.0
49676,6270.0
49677,4173.0
49678,56588.0
49679,67004.0
49680,39321.0
49681,49553.0
49682,6109.0
49683,6109.0
49684,6254.0
49685,22140.0
49686,54684.0
49687,11164.0
49688,42457.0
49689,5293.0
49690,11205.0
49691,27792.0
49692,44144.0
49693,51819.0
49694,3379.0
49695,62591.0
49696,4166.0
49697,5082.0
49698,6633.0
49699,19593.0
49700,3971.0
49701,7135.0
49702,3843.0
49703,6578.0
49704,6578.0
49705,4783.0
49706,6074.0
49707,60365.0
49708,4529.0
49709,4971.0
49710,6488.0
49711,24122.0
49712,58125.0
49713,3401.0
49714,8757.0
49715,4593.0
49716,4888.0
49717,4231.0
49718,39555.0
49719,3223.0
49720,47395.0
49721,4387.0
49722,10783.0
49723,3014.0
49724,64173.0
49725,3253.0
49726,4663.0
49727,5322.0
49728,60232.0
49729,4330.0
49730,58750.0
49731,53743.0
49732,51875.0
49733,3570.0
49734,58125.0
49735,10747.0
49736,13377.0
49737,7404.0
49738,48851.0
49739,3569.0
49740,6467.0
49741,39948.0
49742,61933.0
49743,62591.0
49744,13054.0
49745,52063.0
49746,16291.0
49747,6578.0
49748,4338.0
49749,8111.0
49750,3956.0
49751,8578.0
49752,47586.0
49753,4956.0
49754,7546.0
49755,51819.0
49756,3729.0
49757,6502.0
49758,53743.0
49759,5441.0
49760,8799.0
49761,8148.0
49762,3551.0
49763,8965.0
49764,60978.0
49765,5231.0
49766,7466.0
49767,5179.0
49768,6432.0
49769,54608.0
49770,2857.0
49771,4056.0
49772,8930.0
49773,60160.0
49774,15374.0
49775,4020.0
49776,56588.0
49777,67004.0
49778,5418.0
49779,4426.0
49780,44405.0
49781,4028.0
49782,49725.0
49783,6389.0
49784,54896.0
49785,15168.0
49786,4357.0
49787,64173.0
49788,5102.0
49789,6690.0
49790,9093.0
49791,4452.0
49792,5179.0
49793,45600.0
49794,4979.0
49795,3862.0
49796,8092.0
49797,21923.0
49798,19113.0
49799,5772.0
49800,6389.0
49801,6271.0
49802,37985.0
49803,35510.0
49804,39736.0
49805,9879.0
49806,10961.0
49807,7584.0
49808,2336.0
49809,10680.0
49810,56476.0
49811,6688.0
49812,2723.0
49813,53209.0
49814,3528.0
49815,11129.0
49816,4056.0
49817,4363.0
49818,51707.0
49819,7519.0
49820,9953.0
49821,10489.0
49822,10672.0
49823,56702.0
49824,56476.0
49825,7907.0
49826,5152.0
49827,3994.0
49828,3357.0
49829,6489.0
49830,6032.0
49831,60260.0
49832,4975.0
49833,60160.0
49834,5125.0
49835,2572.0
49836,42521.0
49837,7572.0
49838,51817.0
49839,66077.0
49840,7302.0
49841,8456.0
49842,70323.0
49843,5024.0
49844,49553.0
49845,5632.0
49846,57081.0
49847,52175.0
49848,3000.0
49849,5293.0
49850,53152.0
49851,38043.0
49852,4830.0
49853,69168.0
49854,4607.0
49855,6450.0
49856,3844.0
49857,3999.0
49858,55377.0
49859,51457.0
49860,6808.0
49861,67855.0
49862,8016.0
49863,4417.0
49864,44280.0
49865,54608.0
49866,67004.0
49867,49553.0
49868,4538.0
49869,9988.0
49870,5915.0
49871,4746.0
49872,10802.0
49873,55983.0
49874,8133.0
49875,24234.0
49876,6383.0
49877,4165.0
49878,76255.0
49879,53164.0
49880,2203.0
49881,5178.0
49882,6958.0
49883,13647.0
49884,4969.0
49885,8909.0
49886,14197.0
49887,13820.0
49888,4096.0
49889,37985.0
49890,7423.0
49891,23838.0
49892,6067.0
49893,69244.0
49894,3269.0
49895,2105.0
49896,4810.0
49897,66155.0
49898,8112.0
49899,2464.0
49900,14552.0
49901,4559.0
49902,44546.0
49903,13398.0
49904,6324.0
49905,60396.0
49906,59917.0
49907,4637.0
49908,44405.0
49909,54684.0
49910,4316.0
49911,6067.0
49912,6181.0
49913,60978.0
49914,16391.0
49915,41269.0
49916,11664.0
49917,5949.0
49918,4896.0
49919,8463.0
49920,2203.0
49921,5103.0
49922,8534.0
49923,84154.0
49924,1776.0
49925,6115.0
49926,1105.0
49927,70095.0
49928,5875.0
49929,42521.0
49930,5178.0
49931,9201.0
49932,12544.0
49933,32634.0
49934,7393.0
49935,6389.0
49936,3671.0
49937,54684.0
49938,9945.0
49939,5622.0
49940,10680.0
49941,4098.0
49942,5632.0
49943,56588.0
49944,2336.0
49945,6450.0
49946,55983.0
49947,6487.0
49948,11529.0
49949,4564.0
49950,5888.0
49951,72268.0
49952,3374.0
49953,42457.0
49954,3361.0
49955,2410.0
49956,49553.0
49957,7476.0
49958,20139.0
49959,64113.0
49960,3078.0
49961,8059.0
49962,40506.0
49963,3869.0
49964,22140.0
49965,3015.0
49966,3862.0
49967,68112.0
49968,3000.0
49969,4368.0
49970,2792.0
49971,5934.0
49972,3175.0
49973,3379.0
49974,12138.0
49975,53164.0
49976,47545.0
49977,3645.5
49978,17601.0
49979,13339.0
49980,22239.0
49981,58032.0
49982,41281.0
49983,52287.0
49984,41281.0
49985,10058.0
49986,4663.0
49987,55983.0
49988,70681.0
49989,4440.0
49990,2395.0
49991,64025.0
49992,6172.0
49993,82989.0
49994,6977.0
49995,3275.0
49996,9146.0
49997,8112.0
49998,3013.0
49999,43729.0
50000,6989.0
50001,3988.0
50002,6812.0
50003,59254.0
50004,4689.0
50005,39432.0
50006,44583.0
50007,5179.0
50008,1977.0
50009,42457.0
50010,7004.0
50011,10857.0
50012,61933.0
50013,80544.0
50014,5617.0
50015,4659.0
50016,6132.0
50017,4349.0
50018,11322.0
50019,19533.0
50020,3334.0
50021,23082.0
50022,54128.0
50023,2124.0
50024,72783.0
50025,4755.0
50026,13182.0
50027,4145.0
50028,17428.5
50029,66063.0
50030,3393.0
50031,3357.0
50032,3269.0
50033,11321.0
50034,5102.0
50035,4363.0
50036,6090.0
50037,45805.0
50038,1543.0
50039,60260.0
50040,62729.0
50041,5950.0
50042,5467.0
50043,72671.0
50044,16572.0
50045,10164.0
50046,5144.0
50047,6314.0
50048,5232.0
50049,45600.0
50050,15668.0
50051,5177.0
50052,2276.0
50053,3393.0
50054,6633.0
50055,6128.0
50056,14114.0
50057,48851.0
50058,45995.0
50059,6017.0
50060,8627.0
50061,6878.0
50062,11128.0
50063,4569.0
50064,2836.0
50065,47408.0
50066,14889.0
50067,7918.0
50068,37985.0
50069,7004.0
50070,17739.0
50071,4287.0
50072,58282.0
50073,30808.0
50074,57081.0
50075,8148.0
50076,23898.0
50077,18008.0
50078,1443.0
50079,4452.0
50080,4298.0
50081,54684.0
50082,5550.0
50083,4339.0
50084,4380.0
50085,9855.0
50086,12304.0
50087,6075.0
50088,7489.0
50089,7346.0
50090,4649.0
50091,58125.0
50092,6023.5
50093,8853.0
50094,3916.0
50095,54608.0
50096,3393.0
50097,4427.0
50098,39499.0
50099,12637.0
50100,5004.0
50101,6444.0
50102,53645.0
50103,51595.0
50104,5293.0
50105,6158.0
50106,51595.0
50107,5178.0
50108,49177.0
50109,6437.0
50110,4556.0
50111,6450.0
50112,6293.0
50113,50271.0
50114,3393.0
50115,6568.0
50116,15688.0
50117,2493.0
50118,6490.0
50119,15752.0
50120,3551.0
50121,11129.0
50122,3001.0
50123,4262.0
50124,6134.0
50125,52287.0
50126,51817.0
50127,6122.0
50128,54115.0
50129,49063.0
50130,52175.0
50131,9090.0
50132,51345.0
50133,4502.0
50134,6169.0
50135,76612.0
50136,57565.0
50137,6028.0
50138,6353.0
50139,62045.0
50140,2477.0
50141,68303.0
50142,57565.0
50143,9135.0
50144,60555.0
50145,9241.0
50146,2410.0
50147,50969.0
50148,6461.0
50149,2901.0
50150,51384.0
50151,5618.0
50152,6390.0
50153,5310.0
50154,5954.0
50155,60260.0
50156,56588.0
50157,81284.0
50158,12603.0
50159,7424.0
50160,53499.0
50161,4732.0
50162,60508.0
50163,47586.0
50164,62793.0
50165,6489.0
50166,55502.0
50167,4629.0
50168,6287.0
50169,4363.0
50170,1830.0
50171,6883.0
50172,32634.0
50173,3988.0
50174,7529.0
50175,67769.0
50176,2836.0
50177,4796.0
50178,4327.0
50179,6593.0
50180,2359.0
50181,7412.0
50182,8927.0
50183,37432.0
50184,52287.0
50185,45693.0
50186,5107.0
50187,54896.0
50188,12557.0
50189,7228.0
50190,17199.0
50191,4294.0
50192,50473.0
50193,52063.0
50194,1604.0
50195,50297.0
50196,67137.0
50197,5949.0
50198,6892.0
50199,6932.0
50200,4027.0
50201,3916.0
50202,53152.0
50203,7341.0
50204,4165.0
50205,1776.0
50206,54684.0
50207,55983.0
50208,7120.0
50209,12990.0
50210,6032.0
50211,67473.0
50212,4815.0
50213,9201.0
50214,5960.0
50215,5089.0
50216,87060.0
50217,24234.0
50218,10058.0
50219,55983.0
50220,4436.0
50221,11844.0
50222,6207.0
50223,7774.0
50224,26472.0
50225,2410.0
50226,5686.0
50227,5632.0
50228,6432.5
50229,22140.0
50230,42521.0
50231,5635.0
50232,2074.0
50233,14954.0
50234,7793.0
50235,52287.0
50236,5763.0
50237,56476.0
50238,31450.0
50239,55983.0
50240,51817.0
50241,4501.0
50242,14640.0
50243,6169.0
50244,4555.0
50245,4330.0
50246,57920.0
50247,3457.0
50248,2464.0
50249,6296.0
50250,3015.0
50251,2476.0
50252,4007.0
50253,4942.0
50254,3587.0
50255,8026.0
50256,44583.0
50257,45805.0
50258,2564.0
50259,3014.0
50260,5415.0
50261,13225.0
50262,19459.0
50263,1776.0
50264,5322.0
50265,3090.0
50266,5241.0
50267,7950.0
50268,64831.0
50269,6240.0
50270,11940.0
50271,5588.0
50272,6678.0
50273,60232.0
50274,49613.0
50275,6577.0
50276,4001.0
50277,4506.0
50278,2074.0
50279,7918.0
50280,44610.0
50281,6450.0
50282,9566.0
50283,59021.0
50284,4556.0
50285,5810.0
50286,55502.0
50287,6977.0
50288,43376.0
50289,60365.0
50290,54608.0
50291,6461.0
50292,7352.0
50293,2339.0
50294,12462.0
50295,5102.0
50296,6437.0
50297,4056.0
50298,60508.0
50299,45883.0
50300,39499.0
50301,49207.0
50302,6395.0
50303,10400.0
50304,61392.0
50305,11520.0
50306,24843.0
50307,47657.0
50308,90748.0
50309,5206.0
50310,7424.0
50311,7418.0
50312,3979.0
50313,55983.0
50314,7639.0
50315,10542.0
50316,7575.0
50317,60396.0
50318,4612.0
50319,3014.0
50320,3987.0
50321,6840.0
50322,49613.0
50323,1694.0
50324,6568.0
50325,4022.0
50326,8433.0
50327,74799.0
50328,2857.0
50329,9771.0
50330,6461.0
50331,45805.0
50332,6953.0
50333,61516.0
50334,4755.0
50335,2336.0
50336,57920.0
50337,68303.0
50338,52287.0
50339,55983.0
50340,11069.0
50341,10202.0
50342,15784.0
50343,5549.0
50344,4913.0
50345,68303.0
50346,8130.0
50347,4111.0
50348,20606.0
50349,66063.0
50350,6443.0
50351,2968.0
50352,2410.0
50353,5177.0
50354,5955.0
50355,6813.0
50356,18713.0
50357,6711.0
50358,6586.0
50359,6171.0
50360,4672.0
50361,7423.0
50362,37985.0
50363,4165.0
50364,48079.0
50365,1998.0
50366,49177.0
50367,8534.0
50368,5006.0
50369,7362.0
50370,2410.0
50371,15373.0
50372,6585.0
50373,5892.0
50374,22152.0
50375,3999.0
50376,53152.0
50377,50271.0
50378,1105.0
50379,5127.0
50380,6437.0
50381,37985.0
50382,38043.0
50383,5576.0
50384,7787.0
50385,6082.0
50386,2836.0
50387,62067.0
50388,5134.0
50389,44025.0
50390,4363.0
50391,28510.0
50392,4500.0
50393,51707.0
50394,6450.0
50395,12440.0
50396,62793.0
50397,4211.0
50398,3823.0
50399,44144.0
50400,60601.0
50401,69125.0
50402,1105.0
50403,16899.0
50404,5231.0
50405,54608.0
50406,11041.0
50407,4500.0
50408,64285.0
50409,4339.0
50410,2464.0
50411,23289.0
50412,7446.0
50413,13238.0
50414,66063.0
50415,4656.0
50416,5322.0
50417,6067.0
50418,37658.0
50419,4325.0
50420,1714.0
50421,6835.0
50422,47217.0
50423,11541.0
50424,6169.0
50425,49553.0
50426,2228.0
50427,39432.0
50428,5817.0
50429,15734.0
50430,70233.0
50431,6191.0
50432,8396.0
50433,6922.0
50434,15165.0
50435,6135.0
50436,4027.0
50437,39499.0
50438,12138.0
50439,6583.0
50440,50969.0
50441,4746.0
50442,11803.0
50443,5276.0
50444,10248.0
50445,4363.0
50446,4069.0
50447,8631.0
50448,3090.0
50449,4064.0
50450,2359.0
50451,5325.0
50452,4506.0
50453,6717.0
50454,10018.0
50455,7291.0
50456,63889.0
50457,7958.0
50458,11205.0
50459,5441.0
50460,9455.0
50461,90748.0
50462,49613.0
50463,6032.0
50464,40360.0
50465,3381.0
50466,2336.0
50467,9373.0
50468,2393.0
50469,62188.0
50470,5950.0
50471,38099.0
50472,17996.0
50473,56588.0
50474,4755.0
50475,5954.0
50476,8063.0
50477,13297.0
50478,77120.0
50479,47408.0
50480,65872.0
50481,51595.0
50482,6122.0
50483,4672.0
50484,5103.0
50485,6131.0
50486,4230.0
50487,6314.0
50488,4436.0
50489,60978.0
50490,55377.0
50491,12400.0
50492,60978.0
50493,6578.0
50494,9137.0
50495,3587.0
50496,4149.0
50497,5975.0
50498,3999.0
50499,4367.0
50500,5293.0
50501,6296.0
50502,53937.0
50503,12385.0
50504,37985.0
50505,6122.0
50506,6450.0
50507,47408.0
50508,55087.0
50509,6195.0
50510,6885.0
50511,49613.0
50512,6082.0
50513,4912.0
50514,50271.0
50515,11698.0
50516,9655.0
50517,4836.0
50518,5279.0
50519,13339.0
50520,3998.0
50521,1543.0
50522,6395.0
50523,1714.0
50524,42521.0
50525,3512.0
50526,22140.0
50527,47586.0
50528,49207.0
50529,3866.0
50530,6067.0
50531,1714.0
50532,54896.0
50533,2738.0
50534,8092.0
50535,6015.0
50536,6473.0
50537,9840.0
50538,4499.0
50539,41269.0
50540,5208.0
50541,2480.0
50542,2057.0
50543,32923.0
50544,42521.0
50545,4499.0
50546,6578.0
50547,22292.0
50548,31436.0
50549,45257.0
50550,5810.0
50551,7054.0
50552,14073.0
50553,16210.0
50554,6167.0
50555,4792.0
50556,10171.0
50557,8112.0
50558,55377.0
50559,31292.0
50560,60232.0
50561,9373.0
50562,4363.0
50563,16213.0
50564,5634.5
50565,5759.0
50566,5955.0
50567,3393.0
50568,5761.0
50569,39499.0
50570,19605.0
50571,1776.0
50572,56590.0
50573,4783.0
50574,7877.0
50575,8100.0
50576,4867.0
50577,1714.0
50578,6985.0
50579,23424.0
50580,6958.0
50581,66928.0
50582,6323.0
50583,4500.0
50584,9277.0
50585,7979.0
50586,13386.0
50587,1543.0
50588,3959.0
50589,53440.0
50590,4203.0
50591,7412.0
50592,6723.0
50593,49553.0
50594,5942.0
50595,3778.0
50596,4496.0
50597,4496.0
50598,8719.0
50599,4165.0
50600,49613.0
50601,49725.0
50602,47586.0
50603,61933.0
50604,4469.0
50605,64173.0
50606,4933.0
50607,4363.0
50608,7437.0
50609,8111.0
50610,55377.0
50611,39321.0
50612,7576.0
50613,3671.0
50614,5276.0
50615,44144.0
50616,6324.0
50617,10143.0
50618,6594.0
50619,4383.0
50620,5772.0
50621,60978.0
50622,58125.0
50623,6128.0
50624,5955.0
50625,6109.0
50626,2410.0
50627,1830.0
50628,19343.0
50629,19500.0
50630,4499.0
50631,2124.0
50632,9201.0
50633,5888.0
50634,49725.0
50635,3571.0
50636,4754.0
50637,5102.0
50638,5152.0
50639,44280.0
50640,44144.0
50641,6633.0
50642,6031.0
50643,79517.0
50644,4313.0
50645,62188.0
50646,18963.0
50647,57405.0
50648,4453.0
50649,2901.0
50650,55502.0
50651,52287.0
50652,4348.0
50653,5177.0
50654,7353.0
50655,60260.0
50656,5292.0
50657,37900.0
50658,69168.0
50659,3393.0
50660,44025.0
50661,45883.0
50662,6195.0
50663,4500.0
50664,47512.0
50665,8111.0
50666,7978.0
50667,3393.0
50668,4000.0
50669,39555.0
50670,5038.0
50671,7173.0
50672,7240.0
50673,43376.0
50674,13939.0
50675,5206.0
50676,67769.0
50677,4099.0
50678,10052.0
50679,11853.0
50680,7416.0
50681,5949.0
50682,4203.0
50683,8059.0
50684,4593.0
50685,54777.0
50686,6723.0
50687,5232.0
50688,57992.0
50689,6488.0
50690,7958.0
50691,5800.0
50692,52380.0
50693,3999.0
50694,2250.0
50695,84222.0
50696,9201.0
50697,49725.0
50698,3909.0
50699,17703.0
50700,3916.0
50701,4363.0
50702,9073.0
50703,19405.0
50704,51819.0
50705,36980.0
50706,3862.0
50707,5227.0
50708,47395.0
50709,38099.0
50710,2723.0
50711,6296.0
50712,4672.0
50713,3466.0
50714,6548.0
50715,32859.0
50716,14364.0
50717,61933.0
50718,5037.0
50719,3401.0
50720,65529.0
50721,5953.0
50722,8111.0
50723,62524.0
50724,3726.0
50725,63277.0
50726,4672.0
50727,4417.0
50728,37526.0
50729,62591.0
50730,6082.0
50731,1924.0
50732,5500.0
50733,12747.0
50734,51595.0
50735,7172.0
50736,23281.0
50737,9027.0
50738,60410.0
50739,2339.0
50740,63579.0
50741,51595.0
50742,5276.0
50743,4262.0
50744,49613.0
50745,7692.0
50746,3569.0
50747,78521.0
50748,6200.0
50749,62045.0
50750,41101.0
50751,49725.0
50752,2410.0
50753,4099.0
50754,5617.0
50755,55377.0
50756,23898.0
50757,9840.0
50758,3916.0
50759,5135.0
50760,3330.0
50761,50957.0
50762,4501.0
50763,4499.0
50764,4500.0
50765,4205.0
50766,51697.0
50767,1830.0
50768,51457.0
50769,4915.0
50770,6314.0
50771,7136.0
50772,61392.0
50773,3393.0
50774,4758.0
50775,2621.0
50776,5520.0
50777,4830.0
50778,3100.0
50779,71117.0
50780,45600.0
50781,4079.0
50782,4071.0
50783,4363.0
50784,5937.0
50785,3096.0
50786,32923.0
50787,78897.0
50788,8641.0
50789,2862.0
50790,2622.0
50791,6390.0
50792,5159.0
50793,8799.0
50794,1714.0
50795,4020.0
50796,6389.0
50797,4111.0
50798,3001.0
50799,5275.0
50800,12150.0
50801,6252.0
50802,11048.0
50803,4165.0
50804,54608.0
50805,3001.0
50806,31112.0
50807,51372.0
50808,74365.0
50809,4499.0
50810,5322.0
50811,4500.0
50812,31436.0
50813,68317.0
50814,3222.0
50815,4284.0
50816,22152.0
50817,3243.0
50818,9277.0
50819,5606.0
50820,14150.0
50821,5040.0
50822,11868.0
50823,7269.0
50824,11069.0
50825,2836.0
50826,55502.0
50827,47408.0
50828,10744.0
50829,51345.0
50830,3988.0
50831,5817.0
50832,67809.0
50833,5956.0
50834,4979.0
50835,12658.0
50836,63579.0
50837,64831.0
50838,44144.0
50839,49613.0
50840,3379.0
50841,82317.0
50842,45185.0
50843,3234.0
50844,2974.0
50845,6200.0
50846,4971.0
50847,5960.0
50848,5523.0
50849,54684.0
50850,8391.0
50851,2124.0
50852,7053.0
50853,9719.0
50854,5380.0
50855,5954.0
50856,7767.0
50857,5708.0
50858,27864.0
50859,4496.0
50860,57057.0
50861,5179.0
50862,5955.0
50863,4594.0
50864,10741.0
50865,54608.0
50866,10680.0
50867,4969.0
50868,2336.0
50869,1830.0
50870,53164.0
50871,7366.0
50872,54777.0
50873,42521.0
50874,3999.0
50875,7412.0
50876,29656.0
50877,16042.0
50878,5177.0
50879,3568.0
50880,5227.0
50881,5942.0
50882,2712.0
50883,8560.0
50884,12927.0
50885,6287.0
50886,6332.0
50887,4414.0
50888,4390.0
50889,2124.0
50890,54841.0
50891,54841.0
50892,4977.0
50893,4209.0
50894,12873.0
50895,11069.0
50896,60631.0
50897,7989.0
50898,3916.0
50899,2410.0
50900,3393.0
50901,6437.0
50902,5219.0
50903,4629.0
50904,54777.0
50905,7584.0
50906,2477.0
50907,5102.0
50908,7425.0
50909,69244.0
50910,63053.0
50911,8523.0
50912,7163.0
50913,6450.0
50914,7784.0
50915,7104.0
50916,4971.0
50917,6578.0
50918,3253.0
50919,5415.0
50920,52287.0
50921,8130.0
50922,7522.0
50923,5485.0
50924,12150.0
50925,65632.0
50926,10376.0
50927,11810.0
50928,2767.0
50929,35520.0
50930,16242.0
50931,6450.0
50932,2723.0
50933,56588.0
50934,12054.0
50935,4415.0
50936,1654.0
50937,57920.0
50938,5942.0
50939,51372.0
50940,17461.5
50941,4485.0
50942,6109.0
50943,8733.0
50944,2150.0
50945,4138.0
50946,7141.0
50947,6548.0
50948,5780.0
50949,6966.0
50950,6390.0
50951,3471.0
50952,54115.0
50953,4500.0
50954,7571.0
50955,55983.0
50956,4656.0
50957,4612.0
50958,4841.0
50959,7954.0
50960,55502.0
50961,4086.0
50962,10753.0
50963,5499.0
50964,58315.0
50965,4501.0
50966,9201.0
50967,3153.0
50968,4896.0
50969,3153.0
50970,4172.0
50971,7575.0
50972,54841.0
50973,2477.0
50974,6195.0
50975,3302.0
50976,51707.0
50977,62617.0
50978,58315.0
50979,3153.0
50980,4105.0
50981,49613.0
50982,55502.0
50983,4556.0
50984,41101.0
50985,56588.0
50986,20739.0
50987,6450.0
50988,6132.0
50989,11088.0
50990,58125.0
50991,84756.0
50992,53440.0
50993,49725.0
50994,6893.0
50995,13122.0
50996,11520.0
50997,6450.0
50998,56476.0
50999,5660.0
51000,9840.0
51001,24056.0
51002,7421.0
51003,10613.0
51004,6450.0
51005,7259.0
51006,5950.0
51007,4637.0
51008,5937.0
51009,4671.0
51010,28510.0
51011,4449.0
51012,6109.0
51013,45257.0
51014,6009.0
51015,54608.0
51016,3866.0
51017,7212.0
51018,5942.0
51019,1443.0
51020,50810.0
51021,4020.0
51022,5975.0
51023,4209.0
51024,3855.0
51025,20760.0
51026,6033.0
51027,4896.0
51028,4867.0
51029,9840.0
51030,9251.0
51031,4977.0
51032,15750.0
51033,6262.0
51034,51595.0
51035,4427.0
51036,4357.0
51037,6395.0
51038,6120.0
51039,4755.0
51040,8948.0
51041,67141.0
51042,10264.0
51043,51345.0
51044,2098.0
51045,5888.0
51046,8988.0
51047,5870.0
51048,4556.0
51049,55377.0
51050,3654.0
51051,3153.0
51052,55087.0
51053,2339.0
51054,8799.0
51055,32881.0
51056,2480.0
51057,1543.0
51058,5102.0
51059,20643.0
51060,3334.0
51061,45257.0
51062,41269.0
51063,39847.0
51064,5955.0
51065,54684.0
51066,7412.0
51067,7135.0
51068,5574.0
51069,60260.0
51070,5103.0
51071,14002.0
51072,6724.0
51073,3754.0
51074,5954.0
51075,60978.0
51076,8332.0
51077,4452.0
51078,40843.0
51079,59033.0
51080,87872.0
51081,12033.0
51082,6067.0
51083,5805.0
51084,3873.0
51085,3471.0
51086,4267.0
51087,52287.0
51088,62448.0
51089,6623.0
51090,2339.0
51091,41314.0
51092,4969.0
51093,2723.0
51094,13688.0
51095,4359.0
51096,4266.0
51097,6444.0
51098,62729.0
51099,7996.0
51100,19077.0
51101,4048.0
51102,34472.0
51103,5942.0
51104,6224.0
51105,4328.0
51106,8930.0
51107,9513.0
51108,51707.0
51109,51875.0
51110,69825.0
51111,41064.0
51112,7425.0
51113,3916.0
51114,2276.0
51115,3860.0
51116,4316.0
51117,4111.0
51118,12033.0
51119,7145.0
51120,4545.0
51121,54684.0
51122,77889.0
51123,3646.0
51124,21242.0
51125,5550.0
51126,6450.0
51127,51817.0
51128,5850.0
51129,35510.0
51130,5755.0
51131,20138.0
51132,5507.0
51133,4979.0
51134,49613.0
51135,2343.0
51136,6437.0
51137,53164.0
51138,6006.0
51139,8719.0
51140,45672.0
51141,5949.0
51142,7425.0
51143,3266.0
51144,53152.0
51145,4011.0
51146,7584.0
51147,6450.0
51148,84075.0
51149,6698.0
51150,45600.0
51151,54777.0
51152,50992.0
51153,10248.0
51154,53164.0
51155,4357.0
51156,3819.0
51157,9277.0
51158,3862.0
51159,43376.0
51160,5436.0
51161,57992.0
51162,6109.0
51163,4910.0
51164,3090.0
51165,20433.0
51166,49553.0
51167,6200.0
51168,35554.0
51169,4977.0
51170,9178.0
51171,41064.0
51172,49613.0
51173,4038.0
51174,3150.0
51175,15000.0
51176,5800.0
51177,60365.0
51178,56588.0
51179,37405.0
51180,5176.0
51181,15384.0
51182,5177.0
51183,5441.0
51184,6427.0
51185,63816.0
51186,57017.0
51187,50822.0
51188,49177.0
51189,5760.0
51190,5502.0
51191,2700.0
51192,9735.0
51193,47585.0
51194,5656.0
51195,2022.0
51196,2050.0
51197,3819.0
51198,6390.0
51199,66063.0
51200,32347.0
51201,5823.0
51202,62591.0
51203,6009.0
51204,67130.0
51205,60260.0
51206,5635.0
51207,54684.0
51208,3298.0
51209,62045.0
51210,6177.0
51211,66928.0
51212,3000.0
51213,15688.0
51214,73231.0
51215,4896.0
51216,6977.0
51217,4783.0
51218,51875.0
51219,4554.0
51220,11433.0
51221,4501.0
51222,9879.0
51223,60713.0
51224,52287.0
51225,2098.0
51226,44280.0
51227,5246.0
51228,18893.0
51229,6068.0
51230,52063.0
51231,7950.0
51232,4354.0
51233,13168.0
51234,5949.0
51235,2056.0
51236,6296.0
51237,50473.0
51238,5135.0
51239,4145.0
51240,39499.0
51241,6488.0
51242,12408.0
51243,4979.0
51244,2074.0
51245,6502.0
51246,7484.0
51247,7426.0
51248,9167.0
51249,57017.0
51250,54896.0
51251,4249.0
51252,4827.0
51253,22140.0
51254,53152.0
51255,4041.0
51256,10069.0
51257,7023.0
51258,2201.0
51259,52287.0
51260,23838.0
51261,2339.0
51262,45805.0
51263,6295.0
51264,53152.0
51265,60978.0
51266,56702.0
51267,53835.0
51268,7574.0
51269,8831.0
51270,19667.0
51271,54608.0
51272,4796.0
51273,6181.0
51274,5120.0
51275,7792.0
51276,79349.0
51277,4715.0
51278,7123.0
51279,2476.0
51280,14606.0
51281,6017.0
51282,4979.0
51283,4593.0
51284,5632.0
51285,17604.0
51286,5470.0
51287,6454.0
51288,23898.0
51289,5178.0
51290,4436.0
51291,4001.0
51292,49207.0
51293,38099.0
51294,39555.0
51295,6461.0
51296,36565.0
51297,6072.0
51298,14150.0
51299,7877.0
51300,12740.0
51301,53152.0
51302,42457.0
51303,4656.0
51304,54684.0
51305,19383.0
51306,3281.0
51307,5942.0
51308,57565.0
51309,3763.0
51310,14767.0
51311,5954.0
51312,10429.0
51313,14026.0
51314,41269.0
51315,4656.0
51316,4337.0
51317,5102.0
51318,5042.0
51319,5485.0
51320,1548.0
51321,9298.0
51322,63837.0
51323,4161.0
51324,4234.0
51325,3306.0
51326,62591.0
51327,22140.0
51328,49207.0
51329,60508.0
51330,13734.0
51331,37929.0
51332,22140.0
51333,7518.0
51334,5960.0
51335,60978.0
51336,2339.0
51337,38099.0
51338,9312.0
51339,3862.0
51340,15330.0
51341,2637.0
51342,11488.0
51343,7412.0
51344,3998.0
51345,61933.0
51346,7895.0
51347,7425.0
51348,40688.0
51349,5646.0
51350,6578.0
51351,8322.0
51352,4339.0
51353,3457.0
51354,7091.0
51355,11403.0
51356,66063.0
51357,3467.0
51358,9377.0
51359,20760.0
51360,14620.0
51361,10680.0
51362,3862.0
51363,4048.0
51364,56590.0
51365,6786.0
51366,9879.0
51367,4755.0
51368,8386.0
51369,1443.0
51370,16579.0
51371,76808.0
51372,3979.0
51373,5053.0
51374,55377.0
51375,44144.0
51376,67004.0
51377,22152.0
51378,7774.0
51379,4453.0
51380,11129.0
51381,14028.0
51382,5955.0
51383,47586.0
51384,20684.0
51385,39321.0
51386,7518.0
51387,5293.0
51388,9623.0
51389,3631.0
51390,36565.0
51391,3100.0
51392,4145.0
51393,51697.0
51394,5603.0
51395,7488.0
51396,2410.0
51397,4173.0
51398,4056.0
51399,13419.0
51400,4177.0
51401,4589.0
51402,6510.0
51403,84431.0
51404,57565.0
51405,5441.0
51406,5206.0
51407,12393.0
51408,6075.0
51409,8427.0
51410,60160.0
51411,4748.0
51412,5660.0
51413,13734.0
51414,4637.0
51415,2228.0
51416,6195.0
51417,6822.0
51418,62793.0
51419,2989.0
51420,4827.0
51421,2339.0
51422,57081.0
51423,37985.0
51424,22152.0
51425,53209.0
51426,51817.0
51427,6075.0
51428,7544.0
51429,12150.0
51430,7412.0
51431,5006.0
51432,4944.0
51433,53164.0
51434,5949.0
51435,7790.0
51436,54684.0
51437,4578.0
51438,1776.0
51439,9879.0
51440,13524.0
51441,5441.0
51442,11100.0
51443,6172.0
51444,6489.0
51445,11520.0
51446,8422.0
51447,11844.0
51448,1543.0
51449,51384.0
51450,54684.0
51451,4436.0
51452,53209.0
51453,52063.0
51454,45805.0
51455,12550.0
51456,6786.0
51457,4366.0
51458,57141.0
51459,49613.0
51460,4111.0
51461,6578.0
51462,27792.0
51463,54777.0
51464,48079.0
51465,56058.0
51466,1776.0
51467,2621.0
51468,13947.0
51469,3687.0
51470,41314.0
51471,5227.0
51472,4358.0
51473,2727.0
51474,5704.0
51475,2276.0
51476,2124.0
51477,49725.0
51478,51817.0
51479,76605.0
51480,16292.5
51481,4499.0
51482,5483.0
51483,67004.0
51484,8108.0
51485,3610.0
51486,9735.0
51487,13410.0
51488,3334.0
51489,36577.0
51490,45883.0
51491,5832.0
51492,13728.0
51493,51707.0
51494,5441.0
51495,1548.0
51496,6578.0
51497,4023.0
51498,75721.0
51499,51697.0
51500,12940.0
51501,5102.0
51502,4359.0
51503,42521.0
51504,6296.0
51505,6450.0
51506,24234.0
51507,54841.0
51508,4390.0
51509,69113.0
51510,10017.0
51511,7927.0
51512,7344.0
51513,52175.0
51514,4942.0
51515,6292.0
51516,3381.0
51517,3000.0
51518,3458.0
51519,7433.0
51520,32923.0
51521,24122.0
51522,5939.0
51523,1830.0
51524,14002.0
51525,3306.0
51526,6935.0
51527,74799.0
51528,5823.0
51529,6262.0
51530,5507.0
51531,4165.0
51532,10776.0
51533,1890.0
51534,63889.0
51535,4496.0
51536,4363.0
51537,4413.0
51538,7959.0
51539,41101.0
51540,53440.0
51541,53164.0
51542,32859.0
51543,11184.0
51544,3411.0
51545,6564.0
51546,4672.0
51547,54684.0
51548,54608.0
51549,4174.0
51550,13608.0
51551,60365.0
51552,4989.0
51553,12454.0
51554,32859.0
51555,6195.0
51556,49613.0
51557,2477.0
51558,2336.0
51559,11508.0
51560,7473.0
51561,37929.0
51562,2900.0
51563,4020.0
51564,8111.0
51565,10523.0
51566,31622.0
51567,9105.0
51568,68963.0
51569,5761.0
51570,5227.0
51571,5943.0
51572,61023.0
51573,4239.0
51574,4792.0
51575,52287.0
51576,82460.0
51577,4500.0
51578,6255.0
51579,51707.0
51580,39859.0
51581,8112.0
51582,13182.0
51583,4414.0
51584,8063.0
51585,11508.0
51586,77120.0
51587,37985.0
51588,2353.0
51589,9052.0
51590,6270.0
51591,3610.0
51592,59033.0
51593,4724.0
51594,44647.0
51595,60160.0
51596,5322.0
51597,4194.0
51598,9798.0
51599,6444.0
51600,5955.0
51601,15099.0
51602,37470.0
51603,1830.0
51604,22140.0
51605,9884.0
51606,65529.0
51607,5293.0
51608,38099.0
51609,4211.0
51610,51707.0
51611,54841.0
51612,53152.0
51613,14723.0
51614,45600.0
51615,3916.0
51616,51384.0
51617,53152.0
51618,6817.0
51619,69168.0
51620,53743.0
51621,5622.0
51622,3361.0
51623,5870.0
51624,3450.0
51625,5622.0
51626,5502.0
51627,62617.0
51628,16400.0
51629,11650.0
51630,60396.0
51631,6956.0
51632,53071.0
51633,32859.0
51634,4236.0
51635,60260.0
51636,6500.0
51637,4500.0
51638,11488.0
51639,2250.0
51640,6461.0
51641,22608.0
51642,53152.0
51643,61404.0
51644,27792.0
51645,78550.0
51646,2750.0
51647,3153.0
51648,77196.0
51649,6578.0
51650,4086.0
51651,4896.0
51652,51875.0
51653,5399.0
51654,70691.0
51655,44280.0
51656,53937.0
51657,4363.0
51658,3282.0
51659,12877.0
51660,5967.0
51661,67497.0
51662,6158.0
51663,14019.0
51664,4165.0
51665,62964.0
51666,17604.0
51667,6487.0
51668,22152.0
51669,3096.0
51670,6042.0
51671,59021.0
51672,6678.0
51673,11268.0
51674,14150.0
51675,2410.0
51676,2409.0
51677,4134.0
51678,48079.0
51679,3153.0
51680,7534.0
51681,71058.0
51682,53126.0
51683,4654.0
51684,8930.0
51685,4500.0
51686,6510.0
51687,2124.0
51688,4165.0
51689,11007.0
51690,57453.0
51691,42412.0
51692,4788.0
51693,8111.0
51694,2228.0
51695,62524.0
51696,5955.0
51697,5040.0
51698,3401.0
51699,3014.0
51700,8631.0
51701,10395.0
51702,5875.0
51703,8988.0
51704,10061.0
51705,14606.0
51706,1755.0
51707,69168.0
51708,41064.0
51709,62729.0
51710,2056.0
51711,5135.0
51712,50271.0
51713,5026.0
51714,7021.0
51715,23898.0
51716,7384.0
51717,5101.0
51718,39783.0
51719,39783.0
51720,7699.0
51721,45693.0
51722,8056.0
51723,11469.0
51724,3393.0
51725,5103.0
51726,13054.0
51727,76612.0
51728,10002.0
51729,48948.0
51730,5435.0
51731,4363.0
51732,6790.0
51733,4294.0
51734,5292.0
51735,47657.0
51736,3988.0
51737,1694.0
51738,5622.0
51739,51817.0
51740,3916.0
51741,49725.0
51742,4348.0
51743,14148.0
51744,7487.0
51745,7352.0
51746,3829.0
51747,3318.0
51748,45693.0
51749,45672.0
51750,12348.0
51751,3811.0
51752,2336.0
51753,62793.0
51754,28510.0
51755,4469.0
51756,45257.0
51757,3105.0
51758,5881.0
51759,14868.0
51760,25338.0
51761,50957.0
51762,5177.0
51763,3000.0
51764,5625.0
51765,13672.0
51766,53440.0
51767,59254.0
51768,16980.0
51769,7053.0
51770,6489.0
51771,7950.0
51772,11205.0
51773,20349.0
51774,5955.0
51775,57920.0
51776,8371.0
51777,5231.0
51778,2738.0
51779,4752.0
51780,5206.0
51781,60396.0
51782,8838.0
51783,6483.0
51784,4071.0
51785,51707.0
51786,4027.0
51787,8867.0
51788,7484.0
51789,57920.0
51790,3788.0
51791,73297.0
51792,2098.0
51793,4262.0
51794,4792.0
51795,38099.0
51796,43165.0
51797,3266.0
51798,4671.0
51799,56590.0
51800,36700.0
51801,3288.0
51802,10738.0
51803,5178.0
51804,3093.0
51805,6172.0
51806,41113.0
51807,3957.0
51808,4126.0
51809,17673.0
51810,14702.0
51811,5798.0
51812,53937.0
51813,4755.0
51814,8112.0
51815,3862.0
51816,4971.0
51817,44280.0
51818,9840.0
51819,32646.0
51820,5955.0
51821,13339.0
51822,5103.0
51823,13474.0
51824,4637.0
51825,3574.0
51826,38099.0
51827,4609.0
51828,4556.0
51829,6488.0
51830,3994.0
51831,5656.0
51832,5949.0
51833,5206.0
51834,5955.0
51835,46097.0
51836,4009.0
51837,61933.0
51838,4028.0
51839,66928.0
51840,3090.0
51841,71865.0
51842,3999.0
51843,41314.0
51844,4257.0
51845,5232.0
51846,45012.0
51847,6578.0
51848,6118.0
51849,13241.0
51850,1714.0
51851,2050.0
51852,4149.0
51853,7353.0
51854,5523.0
51855,11319.0
51856,47844.0
51857,56590.0
51858,4496.0
51859,5232.0
51860,11888.0
51861,57453.0
51862,20799.0
51863,6412.0
51864,64285.0
51865,34460.0
51866,4229.0
51867,55377.0
51868,1443.0
51869,52175.0
51870,5220.0
51871,12792.0
51872,56098.5
51873,3334.0
51874,71058.0
51875,11069.0
51876,54608.0
51877,7594.0
51878,39499.0
51879,12054.0
51880,41101.0
51881,41101.0
51882,1788.0
51883,24023.0
51884,3324.0
51885,3674.0
51886,8838.0
51887,4381.0
51888,1776.0
51889,51707.0
51890,6132.0
51891,5955.0
51892,5654.0
51893,10427.0
51894,7353.0
51895,4007.0
51896,5999.0
51897,16863.0
51898,36577.0
51899,4126.0
51900,51707.0
51901,3096.0
51902,2987.0
51903,3466.0
51904,4099.0
51905,62188.0
51906,2723.0
51907,53152.0
51908,44280.0
51909,4079.0
51910,4783.0
51911,7813.0
51912,45144.0
51913,8574.0
51914,12660.0
51915,57565.0
51916,1443.0
51917,5950.0
51918,9136.0
51919,4979.0
51920,4638.0
51921,57017.0
51922,6262.0
51923,11323.0
51924,13287.0
51925,3153.0
51926,6214.5
51927,3334.0
51928,8869.0
51929,5322.0
51930,36712.0
51931,44280.0
51932,9007.0
51933,3674.0
51934,43729.0
51935,6893.0
51936,2056.0
51937,10979.0
51938,54608.0
51939,50361.0
51940,60978.0
51941,60978.0
51942,12646.0
51943,18313.0
51944,7412.0
51945,2201.0
51946,3860.0
51947,60260.0
51948,6711.0
51949,11129.0
51950,54684.0
51951,7463.0
51952,7353.0
51953,6450.0
51954,5939.0
51955,45805.0
51956,54684.0
51957,2359.0
51958,5284.0
51959,53209.0
51960,2916.0
51961,6652.5
51962,1890.0
51963,5805.0
51964,15784.0
51965,51374.0
51966,53743.0
51967,2056.0
51968,5942.0
51969,7426.0
51970,2250.0
51971,9730.0
51972,4089.0
51973,45776.0
51974,50271.0
51975,6461.0
51976,4792.0
51977,2637.0
51978,4173.0
51979,32646.0
51980,27332.0
51981,6444.0
51982,89642.0
51983,11120.0
51984,5390.0
51985,3466.0
51986,11477.0
51987,3197.0
51988,15204.0
51989,6354.0
51990,4559.0
51991,11520.0
51992,6412.0
51993,72339.0
51994,46097.0
51995,15543.0
51996,5547.0
51997,45693.0
51998,27792.0
51999,44144.0
52000,7958.0
52001,57017.0
52002,19763.0
52003,17739.0
52004,3334.0
52005,7496.0
52006,5102.0
52007,55087.0
52008,9349.0
52009,5955.0
52010,55377.0
52011,6985.0
52012,12007.0
52013,49207.0
52014,53743.0
52015,50271.0
52016,23838.0
52017,25284.0
52018,5144.0
52019,8260.0
52020,1551.0
52021,6919.0
52022,5909.0
52023,6602.0
52024,4111.0
52025,4417.0
52026,29777.0
52027,54608.0
52028,4030.0
52029,2124.0
52030,37985.0
52031,5284.0
52032,37985.0
52033,3720.0
52034,60978.0
52035,12308.0
52036,10250.0
52037,5336.0
52038,2586.0
52039,39859.0
52040,5761.0
52041,4348.0
52042,4721.0
52043,45033.0
52044,4338.0
52045,5040.0
52046,7412.0
52047,6895.0
52048,49553.0
52049,4793.0
52050,3999.0
52051,72125.0
52052,56702.0
52053,44069.0
52054,3389.0
52055,60260.0
52056,8938.0
52057,3379.0
52058,11326.0
52059,52715.0
52060,5441.0
52061,4031.0
52062,4472.0
52063,5219.0
52064,5805.0
52065,6787.0
52066,5324.0
52067,1105.0
52068,58125.0
52069,2124.0
52070,8111.0
52071,54684.0
52072,4745.0
52073,5037.0
52074,2857.0
52075,6863.0
52076,6287.0
52077,4755.0
52078,6324.0
52079,39744.0
52080,53743.0
52081,5502.0
52082,34472.0
52083,2203.0
52084,52287.0
52085,13054.0
52086,32420.0
52087,4896.0
52088,50969.0
52089,4111.0
52090,36660.0
52091,11484.0
52092,3968.0
52093,9840.0
52094,6172.0
52095,4170.0
52096,2201.0
52097,51595.0
52098,45257.0
52099,39499.0
52100,4363.0
52101,3621.0
52102,4969.0
52103,5823.0
52104,4971.0
52105,4020.0
52106,61597.0
52107,4499.0
52108,10093.0
52109,6488.0
52110,10225.0
52111,67094.0
52112,6578.0
52113,54896.0
52114,4348.0
52115,4863.0
52116,41269.0
52117,4417.0
52118,49553.0
52119,7265.0
52120,21285.0
52121,3090.0
52122,53152.0
52123,5292.0
52124,3999.0
52125,40435.0
52126,41281.0
52127,49207.0
52128,5955.0
52129,3754.0
52130,4149.0
52131,3393.0
52132,60074.0
52133,2477.0
52134,9840.0
52135,2105.0
52136,44280.0
52137,3685.0
52138,42457.0
52139,4179.0
52140,51707.0
52141,6146.0
52142,55087.0
52143,9377.0
52144,3985.0
52145,55377.0
52146,12474.0
52147,5360.0
52148,3623.0
52149,60074.0
52150,32859.0
52151,7702.0
52152,52175.0
52153,6319.0
52154,5760.0
52155,5954.0
52156,10395.0
52157,49613.0
52158,6132.0
52159,50957.0
52160,54608.0
52161,8719.0
52162,4453.0
52163,10549.0
52164,51595.0
52165,5584.0
52166,35490.0
52167,2150.0
52168,68303.0
52169,53937.0
52170,13798.0
52171,20684.0
52172,4977.0
52173,17460.0
52174,4547.0
52175,10680.0
52176,5955.0
52177,48851.0
52178,6324.0
52179,4287.0
52180,5177.0
52181,14880.0
52182,6109.0
52183,44144.0
52184,5285.0
52185,6488.0
52186,56991.0
52187,68184.0
52188,4729.0
52189,73369.0
52190,65529.0
52191,27864.0
52192,3096.0
52193,7763.0
52194,4401.0
52195,33979.0
52196,28510.0
52197,4056.0
52198,60978.0
52199,5182.0
52200,3149.0
52201,13103.0
52202,3393.0
52203,6209.0
52204,5953.0
52205,4942.0
52206,3916.0
52207,14889.0
52208,40945.0
52209,2410.0
52210,4499.0
52211,6508.0
52212,2278.0
52213,54115.0
52214,4589.0
52215,7834.0
52216,9419.0
52217,54684.0
52218,5949.0
52219,56476.0
52220,7186.0
52221,4173.0
52222,3096.0
52223,53512.0
52224,4339.0
52225,5810.0
52226,3015.0
52227,7166.0
52228,5888.0
52229,6022.0
52230,3016.0
52231,60978.0
52232,80077.0
52233,5569.0
52234,4357.0
52235,3393.0
52236,45693.0
52237,7045.0
52238,45185.0
52239,3334.0
52240,3538.0
52241,2727.0
52242,11293.0
52243,60978.0
52244,3475.0
52245,45257.0
52246,53645.0
52247,6786.0
52248,51270.0
52249,71801.0
52250,62255.0
52251,1604.0
52252,3000.0
52253,9723.0
52254,4538.0
52255,8803.0
52256,18398.0
52257,32646.0
52258,43697.0
52259,60508.0
52260,49613.0
52261,45185.0
52262,11448.0
52263,56590.0
52264,60589.0
52265,1714.0
52266,79069.0
52267,76915.0
52268,5177.0
52269,7426.0
52270,4827.0
52271,3524.0
52272,15560.0
52273,5502.0
52274,1714.0
52275,77744.0
52276,19879.0
52277,67441.0
52278,41064.0
52279,6226.0
52280,2309.0
52281,4007.0
52282,4112.0
52283,3631.0
52284,2339.0
52285,7950.0
52286,11921.0
52287,6610.0
52288,7426.0
52289,48795.0
52290,38099.0
52291,6831.0
52292,3389.0
52293,11357.0
52294,2738.0
52295,4796.0
52296,2105.0
52297,3938.0
52298,6116.0
52299,6262.0
52300,5850.0
52301,1105.0
52302,7927.0
52303,51595.0
52304,62524.0
52305,9420.0
52306,27792.0
52307,2056.0
52308,4294.0
52309,2361.0
52310,55982.0
52311,32859.0
52312,56590.0
52313,2359.0
52314,51000.0
52315,2200.0
52316,3346.0
52317,20039.0
52318,6311.0
52319,2723.0
52320,7702.0
52321,2862.0
52322,6489.0
52323,4234.0
52324,8418.0
52325,59033.0
52326,4499.0
52327,5657.0
52328,14460.0
52329,51707.0
52330,3844.0
52331,2903.0
52332,3988.0
52333,4316.0
52334,3569.0
52335,3381.0
52336,41064.0
52337,7411.0
52338,2738.0
52339,54841.0
52340,17859.0
52341,6032.0
52342,4000.0
52343,57453.0
52344,10608.0
52345,9114.0
52346,52175.0
52347,8560.0
52348,10643.0
52349,73369.0
52350,67004.0
52351,3645.0
52352,2482.0
52353,6181.0
52354,16298.0
52355,5102.0
52356,4593.0
52357,4152.0
52358,2862.0
52359,4230.0
52360,8832.0
52361,7767.0
52362,52063.0
52363,4031.0
52364,84464.0
52365,69168.0
52366,2464.0
52367,50957.0
52368,14020.0
52369,2300.0
52370,3687.0
52371,57453.0
52372,53082.0
52373,15014.0
52374,2931.0
52375,6395.0
52376,53209.0
52377,5043.0
52378,6489.0
52379,6578.0
52380,6744.0
52381,51697.0
52382,46097.0
52383,44546.0
52384,44144.0
52385,8118.0
52386,5361.0
52387,2250.0
52388,16204.0
52389,2276.0
52390,6275.0
52391,47217.0
52392,6017.0
52393,60365.0
52394,69997.0
52395,25558.0
52396,4359.0
52397,1106.0
52398,5942.0
52399,55087.0
52400,49725.0
52401,39499.0
52402,10491.0
52403,7336.0
52404,58282.0
52405,57081.0
52406,4896.0
52407,7682.0
52408,7904.0
52409,95309.0
52410,8148.0
52411,56588.0
52412,4162.0
52413,2694.0
52414,6109.0
52415,3846.0
52416,7353.0
52417,7950.0
52418,51817.0
52419,5507.0
52420,12557.0
52421,44280.0
52422,5103.0
52423,4454.0
52424,4500.0
52425,4359.0
52426,1830.0
52427,5177.0
52428,65529.0
52429,60365.0
52430,6028.0
52431,39499.0
52432,2568.0
52433,58394.0
52434,61392.0
52435,5094.0
52436,28510.0
52437,1543.0
52438,45693.0
52439,11928.0
52440,53937.0
52441,64801.0
52442,9840.0
52443,3457.0
52444,6067.0
52445,14008.0
52446,49725.0
52447,2074.0
52448,10228.0
52449,7141.0
52450,5702.0
52451,3408.0
52452,56590.0
52453,6488.0
52454,29776.0
52455,4229.0
52456,64890.0
52457,2477.0
52458,3465.0
52459,55616.0
52460,5136.0
52461,3988.0
52462,64831.0
52463,69825.0
52464,6200.0
52465,39682.0
52466,5178.0
52467,2057.0
52468,15131.0
52469,9371.0
52470,55377.0
52471,8719.0
52472,4041.0
52473,4337.0
52474,32859.0
52475,5390.0
52476,13746.0
52477,23659.0
52478,11139.0
52479,23838.0
52480,61933.0
52481,5817.0
52482,3467.0
52483,5985.0
52484,5939.0
52485,9515.0
52486,2359.0
52487,3423.0
52488,54896.0
52489,49725.0
52490,3450.0
52491,6324.0
52492,47205.0
52493,4658.0
52494,6888.0
52495,66063.0
52496,86144.0
52497,60260.0
52498,4501.0
52499,8063.0
52500,48851.0
52501,6067.0
52502,5960.0
52503,1998.0
52504,6633.0
52505,2903.0
52506,49613.0
52507,60260.0
52508,62591.0
52509,1776.0
52510,51817.0
52511,4081.0
52512,57992.0
52513,13889.0
52514,17304.0
52515,81169.0
52516,41269.0
52517,45883.0
52518,3458.0
52519,5955.0
52520,4439.0
52521,53209.0
52522,9201.0
52523,6128.0
52524,5099.0
52525,5493.0
52526,49151.0
52527,3102.0
52528,60365.0
52529,5761.0
52530,5102.0
52531,14943.0
52532,8803.0
52533,3129.0
52534,49725.0
52535,44144.0
52536,4324.0
52537,4001.0
52538,16359.0
52539,4815.0
52540,8111.0
52541,6568.0
52542,6195.0
52543,3925.0
52544,5656.0
52545,4977.0
52546,24122.0
52547,35554.0
52548,13817.0
52549,12304.0
52550,6937.0
52551,7950.0
52552,6248.0
52553,53645.0
52554,53164.0
52555,4363.0
52556,6023.5
52557,13830.0
52558,4169.0
52559,6067.0
52560,37985.0
52561,2712.0
52562,6502.0
52563,8778.0
52564,38099.0
52565,11205.0
52566,44144.0
52567,65529.0
52568,11805.0
52569,5883.0
52570,64025.0
52571,3916.0
52572,36980.0
52573,7284.0
52574,4660.0
52575,2250.0
52576,4266.0
52577,4559.0
52578,2098.0
52579,59805.0
52580,5841.0
52581,2738.0
52582,63579.0
52583,6156.0
52584,11664.0
52585,6310.0
52586,14553.0
52587,53152.0
52588,6205.0
52589,5390.0
52590,5037.0
52591,11853.0
52592,7423.0
52593,55983.0
52594,6977.0
52595,6534.0
52596,4272.0
52597,10903.0
52598,4363.0
52599,45883.0
52600,50271.0
52601,12054.0
52602,2339.0
52603,84756.0
52604,51819.0
52605,3379.0
52606,53209.0
52607,9779.0
52608,14897.0
52609,51372.0
52610,51697.0
52611,7610.0
52612,6489.0
52613,4079.0
52614,60508.0
52615,51345.0
52616,51372.0
52617,4403.0
52618,6863.0
52619,7668.0
52620,60978.0
52621,10893.0
52622,8776.0
52623,4001.0
52624,12691.0
52625,2359.0
52626,5937.0
52627,10097.0
52628,57081.0
52629,14766.0
52630,10661.0
52631,3496.0
52632,5913.0
52633,21285.0
52634,14210.5
52635,3015.0
52636,8631.0
52637,7456.0
52638,5322.0
52639,6310.0
52640,4631.0
52641,8170.0
52642,54684.0
52643,45883.0
52644,5483.0
52645,4637.0
52646,6023.5
52647,8148.0
52648,64831.0
52649,4724.0
52650,59254.0
52651,4499.0
52652,23898.0
52653,9277.0
52654,60508.0
52655,37405.0
52656,1105.0
52657,5100.0
52658,3610.0
52659,7352.0
52660,2201.0
52661,29777.0
52662,67769.0
52663,4431.0
52664,4672.0
52665,57920.0
52666,65529.0
52667,72237.0
52668,5093.0
52669,54684.0
52670,3090.0
52671,6840.0
52672,39859.0
52673,7709.0
52674,49613.0
52675,54684.0
52676,4007.0
52677,54841.0
52678,49613.0
52679,59254.0
52680,11319.0
52681,4979.0
52682,20000.0
52683,55377.0
52684,6578.0
52685,4380.0
52686,38099.0
52687,6186.0
52688,41113.0
52689,4988.0
52690,13014.0
52691,3571.0
52692,5544.0
52693,47657.0
52694,32859.0
52695,44405.0
52696,62524.0
52697,11319.0
52698,7005.0
52699,39499.0
52700,70822.0
52701,44280.0
52702,4515.0
52703,3633.0
52704,5465.0
52705,53835.0
52706,54684.0
52707,18094.0
52708,63277.0
52709,47586.0
52710,82393.0
52711,41269.0
52712,2343.0
52713,6131.0
52714,32923.0
52715,6292.0
52716,57393.0
52717,4209.0
52718,43165.0
52719,6308.0
52720,3379.0
52721,5942.0
52722,83353.0
52723,9178.0
52724,59021.0
52725,4007.0
52726,5828.0
52727,5892.0
52728,64113.0
52729,3810.0
52730,6854.0
52731,13200.0
52732,7268.0
52733,62188.0
52734,4165.0
52735,3985.0
52736,58876.0
52737,54777.0
52738,11993.0
52739,12118.0
52740,7203.0
52741,3999.0
52742,34460.0
52743,9105.0
52744,55983.0
52745,4394.0
52746,13926.0
52747,59265.0
52748,6395.0
52749,6067.0
52750,3175.0
52751,6489.0
52752,4357.0
52753,9879.0
52754,7814.0
52755,12392.0
52756,69825.0
52757,17739.0
52758,6450.0
52759,35554.0
52760,64113.0
52761,3625.0
52762,3000.0
52763,45883.0
52764,49553.0
52765,9041.0
52766,2480.0
52767,3282.0
52768,8842.0
52769,4810.0
52770,2480.0
52771,58125.0
52772,3542.0
52773,51817.0
52774,6133.0
52775,5852.0
52776,6958.0
52777,79099.0
52778,60232.0
52779,27848.0
52780,31622.0
52781,5070.0
52782,32646.0
52783,39555.0
52784,7752.0
52785,11205.0
52786,3551.0
52787,4205.0
52788,4762.0
52789,7240.0
52790,60508.0
52791,6334.0
52792,4387.0
52793,8789.0
52794,11831.0
52795,7221.0
52796,51595.0
52797,6461.0
52798,6342.0
52799,62448.0
52800,7774.0
52801,23838.0
52802,2482.0
52803,4914.0
52804,3457.0
52805,4099.0
52806,60396.0
52807,4933.0
52808,3988.0
52809,3951.0
52810,6619.0
52811,58876.0
52812,5772.0
52813,10018.0
52814,11310.0
52815,12029.0
52816,3090.0
52817,4417.0
52818,3987.0
52819,5954.0
52820,5823.0
52821,5949.0
52822,4007.0
52823,7576.0
52824,9670.0
52825,3990.0
52826,51345.0
52827,58876.0
52828,2022.0
52829,18686.0
52830,5152.0
52831,71044.0
52832,13944.0
52833,14323.0
52834,6444.0
52835,54115.0
52836,4024.0
52837,7158.0
52838,4977.0
52839,2336.0
52840,35554.0
52841,11508.0
52842,3000.0
52843,14014.0
52844,35490.0
52845,5177.0
52846,6340.0
52847,57529.0
52848,24122.0
52849,5102.0
52850,51457.0
52851,7808.0
52852,4417.0
52853,7593.0
52854,55377.0
52855,60260.0
52856,11100.0
52857,17738.0
52858,45185.0
52859,13054.0
52860,7959.0
52861,78025.0
52862,47657.0
52863,3571.0
52864,3971.0
52865,3625.0
52866,8816.0
52867,12440.0
52868,7575.0
52869,10248.0
52870,5954.0
52871,24234.0
52872,12319.0
52873,51817.0
52874,61933.0
52875,39847.0
52876,4819.0
52877,10768.0
52878,8478.0
52879,4118.0
52880,52287.0
52881,4014.0
52882,5178.0
52883,4788.0
52884,6427.0
52885,6489.0
52886,49553.0
52887,28312.0
52888,4363.0
52889,4111.0
52890,5275.0
52891,57405.0
52892,36577.0
52893,3100.0
52894,10680.0
52895,45257.0
52896,32634.0
52897,4637.0
52898,60260.0
52899,7950.0
52900,6533.0
52901,9178.0
52902,7164.0
52903,39321.0
52904,32859.0
52905,3381.0
52906,6092.0
52907,3334.0
52908,11520.0
52909,5176.0
52910,8265.0
52911,11488.0
52912,12166.0
52913,53645.0
52914,3012.0
52915,38043.0
52916,5390.0
52917,2336.0
52918,5888.0
52919,5942.0
52920,27864.0
52921,49613.0
52922,5955.0
52923,5042.0
52924,82751.0
52925,46097.0
52926,9840.0
52927,2228.0
52928,4637.0
52929,7412.0
52930,51707.0
52931,54684.0
52932,56991.0
52933,5378.0
52934,6450.0
52935,4516.0
52936,3102.0
52937,1535.5
52938,11844.0
52939,54852.0
52940,11188.0
52941,11310.0
52942,4208.0
52943,5015.0
52944,60508.0
52945,6133.0
52946,60978.0
52947,7584.0
52948,6450.0
52949,8795.0
52950,39736.0
52951,25389.0
52952,3572.0
52953,7927.0
52954,4173.0
52955,5761.0
52956,60365.0
52957,7487.0
52958,14173.0
52959,6287.0
52960,45033.0
52961,4048.0
52962,4387.0
52963,3999.0
52964,60978.0
52965,60160.0
52966,8382.0
52967,7813.0
52968,58282.0
52969,4209.0
52970,44280.0
52971,49154.0
52972,53440.0
52973,5399.0
52974,4347.0
52975,5958.0
52976,8483.0
52977,44280.0
52978,4452.0
52979,6444.0
52980,5504.0
52981,2464.0
52982,4814.0
52983,3334.0
52984,63889.0
52985,53645.0
52986,32923.0
52987,6489.0
52988,1694.0
52989,6245.0
52990,4368.0
52991,64285.0
52992,5441.0
52993,10600.0
52994,53152.0
52995,6568.0
52996,5093.0
52997,8026.0
52998,10744.0
52999,3177.0
53000,3860.0
53001,2339.0
53002,5178.0
53003,5102.0
53004,4293.0
53005,10811.0
53006,6067.0
53007,44546.0
53008,6578.0
53009,6489.0
53010,60260.0
53011,14400.0
53012,5206.0
53013,7496.0
53014,3727.0
53015,6461.0
53016,4294.0
53017,55377.0
53018,10586.0
53019,56588.0
53020,69244.0
53021,4977.0
53022,64173.0
53023,3862.0
53024,53164.0
53025,70822.0
53026,6109.0
53027,14565.0
53028,1998.0
53029,69244.0
53030,6294.0
53031,3788.0
53032,62255.0
53033,51817.0
53034,10301.0
53035,3393.0
53036,4393.0
53037,4445.0
53038,5888.0
53039,2464.0
53040,9558.0
53041,28623.0
53042,10744.0
53043,4096.0
53044,14658.0
53045,45883.0
53046,2339.0
53047,4099.0
53048,5949.0
53049,4741.0
53050,31682.0
53051,6461.0
53052,6032.0
53053,8947.0
53054,58125.0
53055,10680.0
53056,3363.0
53057,8111.0
53058,64285.0
53059,7413.0
53060,20760.0
53061,3597.0
53062,53164.0
53063,5178.0
53064,2343.0
53065,1890.0
53066,5149.0
53067,42521.0
53068,66928.0
53069,13830.0
53070,5955.0
53071,10773.0
53072,8728.0
53073,57453.0
53074,55983.0
53075,4007.0
53076,3450.0
53077,52063.0
53078,27864.0
53079,4881.0
53080,5761.0
53081,48851.0
53082,6444.0
53083,11529.0
53084,4339.0
53085,4202.0
53086,3961.0
53087,3548.0
53088,32859.0
53089,4079.0
53090,17978.0
53091,55983.0
53092,2409.0
53093,53645.0
53094,59033.0
53095,5103.0
53096,60260.0
53097,4439.0
53098,43811.0
53099,32634.0
53100,11383.0
53101,49725.0
53102,5956.0
53103,38099.0
53104,3793.0
53105,4505.0
53106,76612.0
53107,52287.0
53108,39847.0
53109,39555.0
53110,3379.0
53111,32859.0
53112,3393.0
53113,3819.0
53114,57790.0
53115,3090.0
53116,3330.0
53117,10093.0
53118,44280.0
53119,6200.0
53120,5915.0
53121,36700.0
53122,37985.0
53123,47441.0
53124,10184.0
53125,9353.0
53126,53743.0
53127,4436.0
53128,62748.0
53129,60160.0
53130,4499.0
53131,4435.0
53132,50957.0
53133,6067.0
53134,3194.0
53135,47205.0
53136,4165.0
53137,3569.0
53138,4496.0
53139,2476.0
53140,4910.0
53141,16646.0
53142,38590.0
53143,11712.0
53144,14218.0
53145,2339.0
53146,32923.0
53147,45257.0
53148,4056.0
53149,49725.0
53150,44144.0
53151,3569.0
53152,47408.0
53153,2861.0
53154,54841.0
53155,5333.0
53156,12978.0
53157,10901.0
53158,53152.0
53159,4056.0
53160,60489.0
53161,3090.0
53162,9840.0
53163,4263.0
53164,5502.0
53165,6339.0
53166,5179.0
53167,5177.0
53168,5780.0
53169,32230.0
53170,3971.0
53171,78428.0
53172,2714.0
53173,4347.0
53174,3979.0
53175,62524.0
53176,2477.0
53177,6292.0
53178,9433.0
53179,3811.0
53180,12000.0
53181,4417.0
53182,38099.0
53183,8463.0
53184,8382.0
53185,13801.0
53186,4896.0
53187,7992.0
53188,3096.0
53189,4799.0
53190,17202.0
53191,9651.0
53192,50271.0
53193,2835.0
53194,6959.0
53195,65529.0
53196,11689.0
53197,57081.0
53198,85529.0
53199,49613.0
53200,6595.0
53201,7579.0
53202,3223.0
53203,49177.0
53204,62188.0
53205,2723.0
53206,5885.0
53207,5625.0
53208,45693.0
53209,6734.0
53210,4792.0
53211,4649.0
53212,5483.0
53213,6161.0
53214,4298.0
53215,4496.0
53216,7240.0
53217,3528.0
53218,23898.0
53219,2056.0
53220,3979.0
53221,6117.0
53222,47714.0
53223,6109.0
53224,14364.0
53225,51875.0
53226,6319.0
53227,10783.0
53228,55122.0
53229,61933.0
53230,3096.0
53231,4564.0
53232,6296.0
53233,2410.0
53234,3938.0
53235,9178.0
53236,63889.0
53237,4294.0
53238,51697.0
53239,54608.0
53240,5955.0
53241,10425.0
53242,72125.0
53243,7834.0
53244,3090.0
53245,3140.0
53246,4637.0
53247,5857.0
53248,7484.0
53249,50271.0
53250,5955.0
53251,4267.0
53252,11696.0
53253,4939.0
53254,44144.0
53255,5586.0
53256,3253.0
53257,2464.0
53258,2901.0
53259,4896.0
53260,15186.0
53261,53743.0
53262,36712.0
53263,9901.0
53264,4424.0
53265,2646.0
53266,5817.0
53267,4401.0
53268,7903.0
53269,5227.0
53270,6461.0
53271,3393.0
53272,4417.0
53273,60232.0
53274,4071.0
53275,11940.0
53276,3862.0
53277,81169.0
53278,10241.0
53279,5820.0
53280,6075.0
53281,53164.0
53282,60978.0
53283,8954.0
53284,53743.0
53285,6368.0
53286,61049.0
53287,6232.0
53288,11129.0
53289,11057.0
53290,6450.0
53291,34472.0
53292,5179.0
53293,54608.0
53294,6082.0
53295,3999.0
53296,51697.0
53297,10469.0
53298,6428.0
53299,5817.0
53300,5610.0
53301,69244.0
53302,5330.0
53303,44280.0
53304,7366.0
53305,60365.0
53306,2124.0
53307,44025.0
53308,69168.0
53309,2903.0
53310,16378.0
53311,32923.0
53312,3571.0
53313,8379.0
53314,4873.0
53315,7904.0
53316,6438.0
53317,41281.0
53318,2836.0
53319,4977.0
53320,3100.0
53321,9201.0
53322,10166.0
53323,12735.0
53324,111883.0
53325,3153.0
53326,6450.0
53327,54684.0
53328,54684.0
53329,5942.0
53330,3621.0
53331,4971.0
53332,5549.0
53333,11100.0
53334,5361.0
53335,5622.0
53336,6461.0
53337,5960.0
53338,69244.0
53339,93579.0
53340,3551.0
53341,6747.0
53342,5343.0
53343,3379.0
53344,66077.0
53345,8776.0
53346,64831.0
53347,12138.0
53348,4637.0
53349,11617.0
53350,44025.0
53351,51707.0
53352,6292.0
53353,9730.0
53354,7240.0
53355,12538.0
53356,22152.0
53357,4387.0
53358,56991.0
53359,50271.0
53360,3334.0
53361,11129.0
53362,3090.0
53363,7425.0
53364,19201.0
53365,10018.0
53366,4499.0
53367,7366.0
53368,75721.0
53369,11129.0
53370,54608.0
53371,6372.0
53372,5823.0
53373,3014.0
53374,38099.0
53375,81309.0
53376,4392.0
53377,2201.0
53378,39321.0
53379,7352.0
53380,55983.0
53381,3346.0
53382,4284.0
53383,5632.0
53384,3234.0
53385,3471.0
53386,66063.0
53387,4672.0
53388,56590.0
53389,11111.0
53390,6133.0
53391,7412.0
53392,6158.0
53393,54684.0
53394,6199.0
53395,3855.0
53396,53209.0
53397,7221.0
53398,10318.0
53399,39610.0
53400,3633.0
53401,5943.0
53402,58394.0
53403,54896.0
53404,2361.0
53405,23424.0
53406,57565.0
53407,6962.0
53408,60260.0
53409,68743.0
53410,12450.0
53411,3689.0
53412,9420.0
53413,44462.0
53414,28872.0
53415,2700.0
53416,4504.0
53417,6711.0
53418,16367.0
53419,8160.0
53420,6568.0
53421,11931.5
53422,72125.0
53423,11237.0
53424,53552.0
53425,1755.0
53426,60232.0
53427,6577.0
53428,60396.0
53429,5761.0
53430,2343.0
53431,5276.0
53432,9178.0
53433,13830.0
53434,5420.0
53435,67421.0
53436,27792.0
53437,5549.0
53438,57939.0
53439,6308.0
53440,41281.0
53441,8118.0
53442,5177.0
53443,52063.0
53444,44622.0
53445,17007.0
53446,4149.0
53447,5220.0
53448,4971.0
53449,6207.0
53450,9840.0
53451,49553.0
53452,79349.0
53453,53645.0
53454,10773.0
53455,8286.0
53456,44610.0
53457,6568.0
53458,42521.0
53459,4896.0
53460,5232.0
53461,89729.0
53462,38099.0
53463,4020.0
53464,6318.0
53465,23898.0
53466,51707.0
53467,3475.0
53468,36712.0
53469,3223.0
53470,4896.0
53471,4028.0
53472,2051.0
53473,45257.0
53474,2723.0
53475,4272.0
53476,55377.0
53477,5202.0
53478,3621.0
53479,8534.0
53480,6111.0
53481,6395.0
53482,53937.0
53483,5292.0
53484,7761.0
53485,73448.0
53486,3916.0
53487,11129.0
53488,17094.0
53489,7425.0
53490,19343.0
53491,6395.0
53492,1776.0
53493,9771.0
53494,9201.0
53495,7212.0
53496,52063.0
53497,14954.0
53498,56590.0
53499,1543.0
53500,4757.0
53501,6740.0
53502,43729.0
53503,10586.0
53504,2994.0
53505,41281.0
53506,5684.0
53507,5173.0
53508,6324.0
53509,2124.0
53510,5037.0
53511,3012.0
53512,6450.0
53513,5322.0
53514,59254.0
53515,80080.0
53516,4792.0
53517,92416.0
53518,13014.0
53519,4879.0
53520,3014.0
53521,3100.0
53522,7410.0
53523,9241.0
53524,7469.0
53525,6196.0
53526,20760.0
53527,4809.0
53528,4663.0
53529,11299.0
53530,55377.0
53531,2723.0
53532,3282.0
53533,8111.0
53534,54608.0
53535,25389.0
53536,8111.0
53537,79296.0
53538,6195.0
53539,6147.0
53540,54608.0
53541,7185.0
53542,51457.0
53543,4672.0
53544,4502.0
53545,6461.0
53546,62524.0
53547,3288.0
53548,4961.0
53549,8816.0
53550,14074.0
53551,7774.0
53552,3379.0
53553,3269.0
53554,3423.0
53555,57453.0
53556,6131.0
53557,61023.0
53558,6633.0
53559,2201.0
53560,8888.0
53561,49553.0
53562,9715.0
53563,10744.0
53564,6395.0
53565,2336.0
53566,3916.0
53567,7426.0
53568,2410.0
53569,7423.0
53570,4796.0
53571,5177.0
53572,4491.0
53573,6324.0
53574,4979.0
53575,51707.0
53576,77120.0
53577,4074.0
53578,7163.0
53579,67769.0
53580,53152.0
53581,59189.0
53582,6520.0
53583,2057.0
53584,4386.0
53585,52287.0
53586,60978.0
53587,51817.0
53588,72356.0
53589,7487.0
53590,68351.0
53591,82317.0
53592,4658.0
53593,4499.0
53594,45257.0
53595,69713.0
53596,41314.0
53597,47408.0
53598,24234.0
53599,41269.0
53600,7005.0
53601,14364.0
53602,64831.0
53603,7584.0
53604,44478.0
53605,79741.0
53606,52287.0
53607,57565.0
53608,4338.0
53609,6122.0
53610,10823.0
53611,5888.0
53612,5670.0
53613,4099.0
53614,49553.0
53615,5697.0
53616,4896.0
53617,50271.0
53618,6017.0
53619,6568.0
53620,8823.0
53621,6489.0
53622,22140.0
53623,1603.0
53624,7484.0
53625,8063.0
53626,5206.0
53627,53164.0
53628,5949.0
53629,6262.0
53630,52287.0
53631,8379.0
53632,41281.0
53633,37985.0
53634,7037.0
53635,3090.0
53636,50271.0
53637,4663.0
53638,42457.0
53639,4499.0
53640,20684.0
53641,58394.0
53642,6324.0
53643,6132.0
53644,5772.0
53645,2968.0
53646,66937.0
53647,7352.0
53648,9241.0
53649,5293.0
53650,60365.0
53651,88813.0
53652,8130.0
53653,37985.0
53654,56702.0
53655,5960.0
53656,7576.0
53657,7164.0
53658,6412.0
53659,4354.0
53660,10502.0
53661,6776.0
53662,4086.0
53663,8048.0
53664,5733.0
53665,4029.0
53666,6461.0
53667,61933.0
53668,5542.0
53669,3999.0
53670,2410.0
53671,13516.0
53672,64285.0
53673,4357.0
53674,4724.0
53675,54777.0
53676,6171.0
53677,12138.0
53678,2477.0
53679,11675.0
53680,12744.0
53681,37526.0
53682,44144.0
53683,12990.0
53684,80689.0
53685,5888.0
53686,5293.0
53687,3629.0
53688,47585.0
53689,32859.0
53690,11940.0
53691,5103.0
53692,4007.0
53693,34472.0
53694,6582.0
53695,8029.0
53696,4284.0
53697,4958.0
53698,5568.0
53699,7556.0
53700,68743.0
53701,60508.0
53702,7422.0
53703,4971.0
53704,5177.0
53705,3393.0
53706,5206.0
53707,2438.0
53708,7021.0
53709,13419.0
53710,4977.0
53711,6450.0
53712,5955.0
53713,6403.0
53714,5206.0
53715,4593.0
53716,4414.0
53717,59537.0
53718,14014.0
53719,8831.0
53720,4499.0
53721,12658.0
53722,71117.0
53723,6578.0
53724,38099.0
53725,90644.0
53726,4363.0
53727,9840.0
53728,12385.0
53729,4649.0
53730,2994.0
53731,6067.0
53732,4590.0
53733,62591.0
53734,56476.0
53735,60396.0
53736,7584.0
53737,51817.0
53738,3862.0
53739,6568.0
53740,5888.0
53741,2410.0
53742,7021.0
53743,59021.0
53744,3251.0
53745,6395.0
53746,60978.0
53747,7021.0
53748,5668.0
53749,1977.0
53750,3291.0
53751,51707.0
53752,11310.0
53753,5310.0
53754,58562.0
53755,4500.0
53756,2476.0
53757,20433.0
53758,2723.0
53759,39682.0
53760,2836.0
53761,2723.0
53762,4827.0
53763,5632.0
53764,18776.0
53765,2861.0
53766,5880.0
53767,8118.0
53768,56588.0
53769,60978.0
53770,2051.0
53771,10978.0
53772,6985.0
53773,4205.0
53774,4028.0
53775,2464.0
53776,5772.0
53777,60260.0
53778,5067.0
53779,8375.0
53780,1788.0
53781,12138.0
53782,1800.0
53783,6307.0
53784,11365.0
53785,6690.0
53786,56702.0
53787,4449.0
53788,4663.0
53789,3223.0
53790,4363.0
53791,5949.0
53792,6450.0
53793,3569.0
53794,67004.0
53795,5491.0
53796,6821.0
53797,6578.0
53798,7017.0
53799,4500.0
53800,4945.0
53801,65391.0
53802,4357.0
53803,8617.0
53804,5954.0
53805,89537.0
53806,5102.0
53807,6238.0
53808,6219.0
53809,23261.0
53810,49725.0
53811,47586.0
53812,41269.0
53813,4672.0
53814,50297.0
53815,40593.0
53816,4704.0
53817,17794.0
53818,6314.0
53819,5232.0
53820,44144.0
53821,14837.0
53822,4633.0
53823,5042.0
53824,12541.0
53825,5031.0
53826,51707.0
53827,45883.0
53828,45156.0
53829,4209.0
53830,3389.0
53831,69997.0
53832,45257.0
53833,15405.0
53834,5955.0
53835,67130.0
53836,5227.0
53837,13620.0
53838,4810.0
53839,4452.0
53840,6461.0
53841,67094.0
53842,11468.0
53843,56702.0
53844,10690.5
53845,2901.0
53846,6598.0
53847,6672.0
53848,5037.0
53849,56098.5
53850,55377.0
53851,3633.0
53852,12118.0
53853,60978.0
53854,5949.0
53855,3951.0
53856,5954.0
53857,35532.0
53858,56476.0
53859,29094.0
53860,4788.0
53861,5798.0
53862,56588.0
53863,9879.0
53864,4792.0
53865,5938.0
53866,2857.0
53867,5107.0
53868,4111.0
53869,55502.0
53870,53937.0
53871,60508.0
53872,5772.0
53873,2124.0
53874,3175.0
53875,60396.0
53876,62448.0
53877,5162.0
53878,4792.0
53879,6568.0
53880,3096.0
53881,5943.0
53882,60553.0
53883,10167.0
53884,2359.0
53885,5441.0
53886,4977.0
53887,69244.0
53888,8088.0
53889,7313.0
53890,51819.0
53891,4367.0
53892,5418.0
53893,6389.0
53894,10826.0
53895,50271.0
53896,49613.0
53897,5103.0
53898,4500.0
53899,5293.0
53900,6578.0
53901,6759.0
53902,9349.0
53903,4263.0
53904,6291.5
53905,58125.0
53906,9575.0
53907,5949.0
53908,6324.0
53909,4755.0
53910,9277.0
53911,5934.0
53912,2477.0
53913,5931.0
53914,63277.0
53915,2276.0
53916,22140.0
53917,52175.0
53918,7212.0
53919,5635.0
53920,1890.0
53921,5465.0
53922,6292.0
53923,6892.0
53924,11205.0
53925,5632.0
53926,11469.0
53927,4165.0
53928,2621.0
53929,60396.0
53930,4071.0
53931,56702.0
53932,5102.0
53933,4971.0
53934,1890.0
53935,39847.0
53936,3000.0
53937,5158.0
53938,2124.0
53939,4202.0
53940,6177.0
53941,2339.0
53942,3174.0
53943,51875.0
53944,1543.0
53945,6237.0
53946,7352.0
53947,6487.0
53948,39499.0
53949,53209.0
53950,4211.0
53951,5177.0
53952,5177.0
53953,6633.0
53954,24122.0
53955,44280.0
53956,4971.0
53957,27792.0
53958,45230.0
53959,7774.0
53960,69168.0
53961,2477.0
53962,3393.0
53963,49613.0
53964,45230.0
53965,2339.0
53966,2409.0
53967,60978.0
53968,49207.0
53969,4548.0
53970,5177.0
53971,3424.0
53972,4496.0
53973,49613.0
53974,4601.0
53975,10318.0
53976,3519.0
53977,72339.0
53978,3014.0
53979,13235.0
53980,5100.0
53981,82184.0
53982,44280.0
53983,12114.0
53984,5292.0
53985,3862.0
53986,5179.0
53987,57992.0
53988,6578.0
53989,60365.0
53990,4357.0
53991,7767.0
53992,3330.0
53993,49725.0
53994,11069.0
53995,21497.0
53996,4028.0
53997,10425.0
53998,4827.0
53999,6548.0
54000,5625.0
54001,67769.0
54002,53152.0
54003,4348.0
54004,66063.0
54005,6262.0
54006,18135.0
54007,57920.0
54008,4788.0
54009,4249.0
54010,4792.0
54011,4452.0
54012,2124.0
54013,4909.0
54014,57920.0
54015,5092.0
54016,54684.0
54017,7305.0
54018,4357.0
54019,3810.0
54020,11310.0
54021,47217.0
54022,5955.0
54023,10247.0
54024,3998.0
54025,57920.0
54026,5790.0
54027,6287.0
54028,12223.0
54029,69065.0
54030,1776.0
54031,4363.0
54032,54777.0
54033,3093.0
54034,32881.0
54035,5227.0
54036,31982.0
54037,36712.0
54038,4968.0
54039,65872.0
54040,11675.0
54041,57393.0
54042,60555.0
54043,49725.0
54044,5817.0
54045,6578.0
54046,5029.0
54047,58394.0
54048,4020.0
54049,6082.0
54050,64173.0
54051,9141.0
54052,41113.0
54053,6544.0
54054,5929.0
54055,2694.0
54056,54777.0
54057,2737.0
54058,6450.0
54059,38099.0
54060,63889.0
54061,5656.0
54062,10668.0
54063,6161.0
54064,9056.0
54065,7106.0
54066,59290.0
54067,4700.0
54068,6858.0
54069,7838.0
54070,63725.0
54071,3623.0
54072,7426.0
54073,54684.0
54074,61392.0
54075,38099.0
54076,51875.0
54077,7423.0
54078,12546.0
54079,6294.0
54080,4152.0
54081,2410.0
54082,4559.0
54083,12873.0
54084,4173.0
54085,8944.0
54086,6734.0
54087,14766.0
54088,8219.0
54089,52287.0
54090,62793.0
54091,59021.0
54092,57081.0
54093,13014.0
54094,7184.0
54095,12885.0
54096,5937.0
54097,12658.0
54098,6776.0
54099,51817.0
54100,66928.0
54101,4079.0
54102,5042.0
54103,10222.0
54104,29656.0
54105,6109.0
54106,4729.0
54107,9828.0
54108,2228.0
54109,6067.0
54110,2276.0
54111,7774.0
54112,4086.0
54113,4417.0
54114,60220.0
54115,11930.0
54116,2339.0
54117,3015.0
54118,4755.0
54119,55377.0
54120,3401.0
54121,10744.0
54122,4745.0
54123,4491.0
54124,61583.0
54125,7613.0
54126,2056.0
54127,23838.0
54128,6329.5
54129,4416.0
54130,6324.0
54131,4499.0
54132,15183.0
54133,6932.0
54134,67130.0
54135,70793.0
54136,56588.0
54137,22140.0
54138,6489.0
54139,5632.0
54140,8719.0
54141,4672.0
54142,48718.0
54143,7518.0
54144,6017.0
54145,56588.0
54146,84820.0
54147,11129.0
54148,38099.0
54149,6395.0
54150,5523.0
54151,11205.0
54152,5892.0
54153,16210.0
54154,47429.0
54155,14871.0
54156,11129.0
54157,4287.0
54158,6294.0
54159,6043.0
54160,44280.0
54161,4499.0
54162,11175.0
54163,54608.0
54164,5720.0
54165,6315.0
54166,4452.0
54167,2339.0
54168,3385.0
54169,7959.0
54170,52175.0
54171,63277.0
54172,54608.0
54173,66377.0
54174,4173.0
54175,7434.0
54176,32923.0
54177,68303.0
54178,63053.0
54179,53071.0
54180,7529.0
54181,5960.0
54182,54608.0
54183,11629.0
54184,5333.0
54185,1776.0
54186,10783.0
54187,20078.0
54188,12054.0
54189,7136.0
54190,61392.0
54191,5549.0
54192,4500.0
54193,4827.0
54194,7639.0
54195,58315.0
54196,72125.0
54197,4086.0
54198,5040.0
54199,14355.0
54200,10018.0
54201,2564.0
54202,6296.0
54203,14658.0
54204,5880.0
54205,51817.0
54206,4548.0
54207,50271.0
54208,57920.0
54209,5915.0
54210,54777.0
54211,7763.0
54212,63949.0
54213,6461.0
54214,5815.0
54215,2336.0
54216,6737.0
54217,6067.0
54218,51819.0
54219,56588.0
54220,51875.0
54221,12054.0
54222,5942.0
54223,45156.0
54224,6461.0
54225,5465.0
54226,56590.0
54227,16239.0
54228,2696.0
54229,4499.0
54230,1694.0
54231,5098.0
54232,7466.0
54233,5206.0
54234,5955.0
54235,8112.0
54236,5206.0
54237,3961.0
54238,2410.0
54239,3266.0
54240,5103.0
54241,2339.0
54242,4658.5
54243,20684.0
54244,4009.0
54245,37929.0
54246,60508.0
54247,64113.0
54248,11712.0
54249,11173.0
54250,95012.0
54251,2396.5
54252,5761.0
54253,12894.0
54254,57393.0
54255,13840.0
54256,12878.0
54257,48851.0
54258,44144.0
54259,12675.0
54260,42457.0
54261,1830.0
54262,16359.0
54263,3219.0
54264,14921.0
54265,49725.0
54266,11310.0
54267,3467.0
54268,3574.0
54269,3334.0
54270,6048.0
54271,11617.0
54272,4979.0
54273,8029.0
54274,6067.0
54275,10575.0
54276,6814.0
54277,4209.0
54278,1998.0
54279,6312.0
54280,4879.0
54281,64173.0
54282,67769.0
54283,14658.0
54284,44144.0
54285,61933.0
54286,15341.0
54287,6118.0
54288,2477.0
54289,49177.0
54290,12113.0
54291,51384.0
54292,4048.0
54293,3156.0
54294,4056.0
54295,60396.0
54296,42457.0
54297,35554.0
54298,6946.0
54299,16059.0
54300,3334.0
54301,19564.0
54302,52715.0
54303,59033.0
54304,49613.0
54305,3279.0
54306,7133.0
54307,11928.0
54308,57920.0
54309,5708.0
54310,56588.0
54311,60365.0
54312,8112.0
54313,3862.0
54314,5403.0
54315,51819.0
54316,5102.0
54317,6578.0
54318,35490.0
54319,17043.0
54320,13874.0
54321,52287.0
54322,6389.0
54323,53152.0
54324,14020.0
54325,44144.0
54326,8526.0
54327,1755.0
54328,8617.0
54329,17621.0
54330,9353.0
54331,5177.0
54332,4792.0
54333,5502.0
54334,3140.0
54335,37233.0
54336,32859.0
54337,8838.0
54338,67769.0
54339,3999.0
54340,5660.0
54341,5095.0
54342,3843.0
54343,10008.0
54344,37985.0
54345,6502.0
54346,4752.0
54347,54852.0
54348,60508.0
54349,4173.0
54350,61933.0
54351,4672.0
54352,9100.0
54353,60365.0
54354,9945.0
54355,4672.0
54356,51875.0
54357,23838.0
54358,7927.0
54359,44144.0
54360,3775.0
54361,5823.0
54362,64173.0
54363,4414.0
54364,5955.0
54365,3090.0
54366,5761.0
54367,17943.0
54368,3971.0
54369,5942.0
54370,6082.0
54371,4526.0
54372,42521.0
54373,5704.0
54374,28080.0
54375,2821.0
54376,2339.0
54377,44144.0
54378,37985.0
54379,11675.0
54380,2857.0
54381,4020.0
54382,2476.0
54383,65529.0
54384,57992.0
54385,5102.0
54386,35520.0
54387,6133.0
54388,5805.0
54389,47657.0
54390,15973.0
54391,77355.0
54392,6172.0
54393,58125.0
54394,3020.0
54395,64113.0
54396,4363.0
54397,4501.0
54398,5568.0
54399,5574.0
54400,49553.0
54401,67004.0
54402,3397.0
54403,5206.0
54404,54841.0
54405,5955.0
54406,60232.0
54407,7484.0
54408,63226.0
54409,2056.0
54410,57992.0
54411,3654.0
54412,9359.0
54413,17338.0
54414,4357.0
54415,1776.0
54416,51457.0
54417,4499.0
54418,45672.0
54419,5442.0
54420,49553.0
54421,4489.0
54422,10273.0
54423,7496.0
54424,61583.0
54425,3153.0
54426,12078.0
54427,5461.0
54428,2276.0
54429,3925.0
54430,7276.0
54431,34460.0
54432,8640.0
54433,44280.0
54434,50271.0
54435,5310.0
54436,4363.0
54437,66267.0
54438,54841.0
54439,7190.0
54440,41269.0
54441,6450.0
54442,5627.0
54443,4500.0
54444,11481.0
54445,44144.0
54446,8803.0
54447,5101.0
54448,6353.0
54449,54896.0
54450,3687.0
54451,20076.0
54452,18669.0
54453,5622.0
54454,6403.0
54455,5859.0
54456,14524.0
54457,12780.0
54458,53164.0
54459,9201.0
54460,2339.0
54461,45805.0
54462,48079.0
54463,7551.0
54464,44610.0
54465,57554.0
54466,65033.0
54467,39377.0
54468,4979.0
54469,11129.0
54470,9201.0
54471,53620.0
54472,7763.0
54473,45257.0
54474,67421.0
54475,53152.0
54476,66063.0
54477,14620.0
54478,62045.0
54479,8047.0
54480,4971.0
54481,55983.0
54482,62188.0
54483,6437.0
54484,7877.0
54485,1543.0
54486,3727.0
54487,41101.0
54488,5865.0
54489,67497.0
54490,72237.0
54491,2124.0
54492,4971.0
54493,5639.0
54494,6389.0
54495,7412.0
54496,5291.0
54497,6354.0
54498,9955.0
54499,4452.0
54500,42521.0
54501,5949.0
54502,5398.0
54503,9420.0
54504,5355.0
54505,9828.0
54506,6312.0
54507,4249.0
54508,1830.0
54509,45693.0
54510,6711.0
54511,54684.0
54512,38099.0
54513,8988.0
54514,7877.0
54515,7959.0
54516,2228.0
54517,6532.0
54518,13212.0
54519,53164.0
54520,17504.0
54521,62591.0
54522,3625.0
54523,4593.0
54524,4637.0
54525,1550.0
54526,5942.0
54527,6262.0
54528,6489.0
54529,4961.0
54530,11675.0
54531,3014.0
54532,54273.0
54533,8064.0
54534,56702.0
54535,3572.0
54536,45257.0
54537,11129.0
54538,54841.0
54539,3911.0
54540,57992.0
54541,3223.0
54542,62636.0
54543,7221.0
54544,10796.0
54545,12400.0
54546,4810.0
54547,12213.0
54548,51817.0
54549,3393.0
54550,8112.0
54551,2056.0
54552,7192.0
54553,82877.0
54554,2737.0
54555,42521.0
54556,58125.0
54557,4548.0
54558,38043.0
54559,32347.0
54560,64173.0
54561,12054.0
54562,5380.0
54563,1788.0
54564,63362.0
54565,5606.0
54566,1543.0
54567,31682.0
54568,34354.0
54569,51595.0
54570,6461.0
54571,4111.0
54572,5092.0
54573,57992.0
54574,3828.0
54575,49177.0
54576,7550.0
54577,44622.0
54578,2098.0
54579,4001.0
54580,2960.0
54581,3999.0
54582,5293.0
54583,7639.0
54584,4495.0
54585,53743.0
54586,54608.0
54587,59021.0
54588,5465.0
54589,4165.0
54590,57017.0
54591,9566.0
54592,5937.0
54593,13524.0
54594,7902.0
54595,45883.0
54596,45257.0
54597,4427.0
54598,39555.0
54599,13089.0
54600,5424.0
54601,19564.0
54602,11520.0
54603,4209.0
54604,49725.0
54605,3862.0
54606,12033.0
54607,7413.0
54608,4979.0
54609,6122.0
54610,3330.0
54611,3000.0
54612,8224.0
54613,54115.0
54614,2300.0
54615,4874.0
54616,5232.0
54617,7584.0
54618,5103.0
54619,6461.0
54620,37929.0
54621,64831.0
54622,3987.0
54623,5102.0
54624,6461.0
54625,10643.0
54626,41314.0
54627,6692.0
54628,2901.0
54629,6067.0
54630,3090.0
54631,5322.0
54632,3571.0
54633,2409.0
54634,5293.0
54635,8455.0
54636,14419.0
54637,6133.0
54638,2621.0
54639,49725.0
54640,51707.0
54641,12222.0
54642,2901.0
54643,3607.0
54644,44405.0
54645,29193.5
54646,7635.0
54647,5174.0
54648,7412.0
54649,7950.0
54650,51817.0
54651,6015.0
54652,52175.0
54653,13023.0
54654,69961.0
54655,2105.0
54656,15753.0
54657,51595.0
54658,3090.0
54659,51457.0
54660,52522.0
54661,3361.0
54662,40593.0
54663,5407.0
54664,5033.0
54665,3571.0
54666,5851.0
54667,60260.0
54668,62188.0
54669,65905.0
54670,57992.0
54671,56476.0
54672,2327.0
54673,14973.0
54674,6287.0
54675,48851.0
54676,4613.0
54677,51817.0
54678,10962.0
54679,48079.0
54680,5441.0
54681,11448.0
54682,5656.0
54683,55377.0
54684,47844.0
54685,3709.0
54686,44144.0
54687,12728.0
54688,4266.0
54689,5206.0
54690,6200.0
54691,2477.0
54692,6271.0
54693,53440.0
54694,5955.0
54695,45995.0
54696,9241.0
54697,3916.0
54698,56476.0
54699,3393.0
54700,5955.0
54701,8206.0
54702,11310.0
54703,5206.0
54704,4230.0
54705,60978.0
54706,5018.0
54707,43910.0
54708,56590.0
54709,57215.0
54710,6473.0
54711,13883.0
54712,15268.0
54713,2203.0
54714,60365.0
54715,4526.0
54716,77105.0
54717,10660.0
54718,5179.0
54719,5958.0
54720,9201.0
54721,4128.0
54722,27792.0
54723,5234.0
54724,8260.0
54725,5549.0
54726,17778.0
54727,4896.0
54728,16899.0
54729,11059.0
54730,16208.0
54731,5964.0
54732,3998.0
54733,3245.0
54734,5392.0
54735,4229.0
54736,3999.0
54737,28510.0
54738,39499.0
54739,29992.0
54740,53937.0
54741,7543.0
54742,4000.0
54743,5606.0
54744,7999.0
54745,6568.0
54746,1543.0
54747,10054.0
54748,32420.0
54749,18827.0
54750,5918.0
54751,4173.0
54752,87929.0
54753,5026.0
54754,3175.0
54755,44583.0
54756,2518.0
54757,20276.0
54758,9198.0
54759,4363.0
54760,2823.0
54761,47844.0
54762,6271.0
54763,4338.0
54764,2438.0
54765,57565.0
54766,4230.0
54767,3994.0
54768,5660.0
54769,4161.0
54770,5760.0
54771,6577.0
54772,53126.0
54773,53209.0
54774,62045.0
54775,2901.0
54776,52175.0
54777,3010.0
54778,9736.0
54779,37985.0
54780,1694.0
54781,6395.0
54782,14681.0
54783,51707.0
54784,7335.0
54785,47657.0
54786,56588.0
54787,6568.0
54788,31436.0
54789,42521.0
54790,68317.0
54791,54841.0
54792,69244.0
54793,51819.0
54794,7031.0
54795,5467.0
54796,7291.0
54797,7571.0
54798,4111.0
54799,6568.0
54800,7366.0
54801,14552.0
54802,6401.0
54803,5708.0
54804,2463.0
54805,29764.0
54806,5407.0
54807,4499.0
54808,11069.0
54809,64173.0
54810,8111.0
54811,3633.0
54812,59021.0
54813,47586.0
54814,61873.0
54815,45883.0
54816,71901.0
54817,5101.0
54818,4249.0
54819,6568.0
54820,4559.0
54821,4250.0
54822,4071.0
54823,58394.0
54824,9105.0
54825,5410.0
54826,2124.0
54827,67769.0
54828,6640.0
54829,5754.0
54830,4674.0
54831,14145.0
54832,4760.0
54833,5606.0
54834,15317.0
54835,7909.0
54836,51697.0
54837,3988.0
54838,5060.0
54839,4499.0
54840,20308.0
54841,5006.0
54842,43729.0
54843,8112.0
54844,4637.0
54845,12684.0
54846,50361.0
54847,37985.0
54848,5622.0
54849,5942.0
54850,51817.0
54851,12768.0
54852,6489.0
54853,5103.0
54854,67004.0
54855,7927.0
54856,31982.0
54857,27864.0
54858,4755.0
54859,104255.0
54860,50969.0
54861,9668.0
54862,74365.0
54863,54896.0
54864,4977.0
54865,7494.0
54866,39555.0
54867,3434.0
54868,2201.0
54869,8777.0
54870,54684.0
54871,15038.0
54872,15615.0
54873,6128.0
54874,57017.0
54875,5817.0
54876,53071.0
54877,6578.0
54878,4491.0
54879,4452.0
54880,42521.0
54881,44280.0
54882,3450.0
54883,53152.0
54884,15510.0
54885,7950.0
54886,6489.0
54887,55983.0
54888,6296.0
54889,5656.0
54890,7412.0
54891,16782.0
54892,2464.0
54893,10075.0
54894,4663.0
54895,4086.0
54896,6015.0
54897,5736.0
54898,5918.0
54899,3014.0
54900,45257.0
54901,63804.0
54902,64285.0
54903,7021.0
54904,3298.0
54905,5441.0
54906,3814.0
54907,20445.0
54908,4339.0
54909,5720.0
54910,5100.0
54911,6597.0
54912,7593.0
54913,7352.0
54914,11319.0
54915,64285.0
54916,42457.0
54917,5888.0
54918,6163.0
54919,5094.0
54920,47586.0
54921,5114.0
54922,3709.0
54923,32646.0
54924,12570.0
54925,53824.0
54926,3998.0
54927,49553.0
54928,32923.0
54929,50271.0
54930,13725.0
54931,7167.0
54932,3334.0
54933,2080.0
54934,10961.0
54935,60365.0
54936,6006.0
54937,20244.0
54938,7053.0
54939,14940.0
54940,6461.0
54941,5507.0
54942,5939.0
54943,7468.0
54944,4363.0
54945,3153.0
54946,1755.0
54947,5815.0
54948,41314.0
54949,6133.0
54950,2476.0
54951,10848.0
54952,34472.0
54953,62045.0
54954,3989.0
54955,2480.0
54956,7979.0
54957,10605.0
54958,13022.0
54959,62045.0
54960,4294.0
54961,45257.0
54962,29980.0
54963,54115.0
54964,62524.0
54965,4942.0
54966,51707.0
54967,4086.0
54968,5232.0
54969,2767.0
54970,58125.0
54971,64173.0
54972,10744.0
54973,9000.0
54974,36565.0
54975,53743.0
54976,5986.0
54977,73369.0
54978,7412.0
54979,2477.0
54980,7958.0
54981,2050.0
54982,2150.0
54983,50271.0
54984,3194.0
54985,6461.0
54986,3609.0
54987,13524.0
54988,45883.0
54989,57920.0
54990,11205.0
54991,3393.0
54992,64700.0
54993,5601.0
54994,10738.0
54995,10374.0
54996,69713.0
54997,14335.0
54998,1694.0
54999,4653.0
55000,22152.0
55001,49553.0
55002,60978.0
55003,1788.0
55004,4969.0
55005,6753.0
55006,9100.0
55007,1998.0
55008,9879.0
55009,10418.0
55010,4971.0
55011,81284.0
55012,2132.0
55013,14513.0
55014,4502.0
55015,11069.0
55016,5206.0
55017,14732.0
55018,6564.0
55019,5875.0
55020,6578.0
55021,6287.0
55022,15165.0
55023,32230.0
55024,10384.0
55025,12454.0
55026,8382.0
55027,4806.0
55028,53743.0
55029,62524.0
55030,64831.0
55031,3191.0
55032,4672.0
55033,16204.0
55034,29954.0
55035,5299.0
55036,37985.0
55037,8776.0
55038,15624.0
55039,2228.0
55040,60260.0
55041,13758.0
55042,4209.0
55043,7446.0
55044,51707.0
55045,5569.0
55046,4001.0
55047,11433.0
55048,10849.0
55049,71304.0
55050,60232.0
55051,4499.0
55052,56590.0
55053,6905.0
55054,7352.0
55055,9807.0
55056,69244.0
55057,8169.0
55058,4048.0
55059,5467.0
55060,6131.0
55061,6488.0
55062,11318.0
55063,53645.0
55064,6395.0
55065,4554.0
55066,43910.0
55067,63277.0
55068,41281.0
55069,10890.0
55070,49553.0
55071,1755.0
55072,7031.0
55073,56588.0
55074,40593.0
55075,7774.0
55076,72730.0
55077,53512.0
55078,17535.0
55079,36660.0
55080,45883.0
55081,2836.0
55082,6489.0
55083,4554.0
55084,5139.0
55085,4453.0
55086,9509.0
55087,11520.0
55088,6312.0
55089,3354.0
55090,2410.0
55091,17421.0
55092,3175.0
55093,4777.0
55094,60978.0
55095,28510.0
55096,7081.0
55097,8803.0
55098,39555.0
55099,5953.0
55100,14939.0
55101,7575.0
55102,8112.0
55103,57920.0
55104,9241.0
55105,3999.0
55106,9904.0
55107,49613.0
55108,5960.0
55109,1822.0
55110,6033.0
55111,9664.0
55112,55377.0
55113,84464.0
55114,6370.0
55115,9201.0
55116,69018.0
55117,5178.0
55118,5241.0
55119,3859.0
55120,2477.0
55121,12318.0
55122,54305.0
55123,6577.0
55124,57920.0
55125,47545.0
55126,12214.0
55127,16233.0
55128,5293.0
55129,5934.0
55130,8867.0
55131,4173.0
55132,4165.0
55133,60978.0
55134,5193.0
55135,4905.0
55136,6845.0
55137,55377.0
55138,54608.0
55139,55983.0
55140,1755.0
55141,5953.0
55142,4144.0
55143,8440.0
55144,11844.0
55145,7425.0
55146,3726.0
55147,2477.0
55148,10247.0
55149,54684.0
55150,49553.0
55151,5103.0
55152,51875.0
55153,5232.0
55154,4559.0
55155,51875.0
55156,6389.0
55157,4165.0
55158,4469.0
55159,2862.0
55160,52392.0
55161,4892.0
55162,53937.0
55163,18879.0
55164,50868.0
55165,11520.0
55166,5720.0
55167,41281.0
55168,7982.0
55169,76280.0
55170,7489.0
55171,6468.0
55172,14364.0
55173,12288.0
55174,2124.0
55175,12544.0
55176,4338.0
55177,12276.0
55178,7212.0
55179,5958.0
55180,7584.0
55181,5145.0
55182,59306.0
55183,37888.0
55184,57920.0
55185,77039.0
55186,4165.0
55187,4499.0
55188,3393.0
55189,7425.0
55190,24056.0
55191,69265.0
55192,5943.0
55193,9616.0
55194,45883.0
55195,5937.0
55196,3971.0
55197,10903.0
55198,7425.0
55199,65529.0
55200,5375.0
55201,44144.0
55202,2966.0
55203,4000.0
55204,4404.0
55205,6443.0
55206,11469.0
55207,3989.0
55208,6443.0
55209,10269.0
55210,4977.0
55211,13674.0
55212,49613.0
55213,85249.0
55214,61873.0
55215,5704.0
55216,5177.0
55217,59033.0
55218,12302.0
55219,52175.0
55220,4249.0
55221,5235.0
55222,54896.0
55223,9907.0
55224,6490.0
55225,45883.0
55226,3393.0
55227,15794.0
55228,51457.0
55229,6161.0
55230,6882.0
55231,7277.0
55232,10018.0
55233,14264.0
55234,10243.0
55235,1604.0
55236,51697.0
55237,1714.0
55238,17673.0
55239,32859.0
55240,5772.0
55241,6230.0
55242,14313.0
55243,4327.0
55244,7054.0
55245,7607.0
55246,5606.0
55247,36980.0
55248,50271.0
55249,51875.0
55250,3000.0
55251,4461.0
55252,11299.0
55253,3334.0
55254,7234.0
55255,5660.0
55256,73185.0
55257,5495.0
55258,7072.0
55259,16464.0
55260,4846.0
55261,2901.0
55262,2476.0
55263,49725.0
55264,25470.0
55265,9523.0
55266,2339.0
55267,11309.0
55268,14124.0
55269,53552.0
55270,11447.0
55271,4710.0
55272,6776.0
55273,55502.0
55274,4827.0
55275,7148.0
55276,12000.0
55277,6906.0
55278,2124.0
55279,41269.0
55280,3401.0
55281,3219.0
55282,11127.0
55283,12209.0
55284,5954.0
55285,6448.0
55286,6075.0
55287,13338.0
55288,5942.0
55289,5174.0
55290,3100.0
55291,52287.0
55292,66928.0
55293,6009.0
55294,6032.0
55295,4977.0
55296,5557.0
55297,3393.0
55298,4325.0
55299,47217.0
55300,44144.0
55301,5943.0
55302,40593.0
55303,5696.0
55304,57666.0
55305,45693.0
55306,60260.0
55307,7381.0
55308,1966.0
55309,12894.0
55310,17103.0
55311,58394.0
55312,3334.0
55313,7004.0
55314,9241.0
55315,2410.0
55316,2056.0
55317,9828.0
55318,6489.0
55319,11689.0
55320,3266.0
55321,51405.0
55322,3298.0
55323,12214.0
55324,38099.0
55325,4205.0
55326,5415.0
55327,6444.0
55328,60260.0
55329,37985.0
55330,59033.0
55331,13168.0
55332,1714.0
55333,7898.0
55334,11307.0
55335,10604.0
55336,4233.0
55337,52064.0
55338,9231.0
55339,22140.0
55340,7021.0
55341,4499.0
55342,4027.0
55343,54608.0
55344,44583.0
55345,3127.0
55346,4387.0
55347,47395.0
55348,16212.0
55349,1551.0
55350,53152.0
55351,53152.0
55352,11520.0
55353,1549.0
55354,9967.0
55355,44144.0
55356,60365.0
55357,3090.0
55358,58394.0
55359,21948.0
55360,5145.0
55361,7071.0
55362,61933.0
55363,6314.0
55364,5279.0
55365,3672.0
55366,20760.0
55367,7518.0
55368,4281.0
55369,11139.0
55370,4362.0
55371,102404.0
55372,22140.0
55373,2105.0
55374,6015.0
55375,6008.0
55376,4031.0
55377,3864.0
55378,6133.0
55379,10241.0
55380,22140.0
55381,93563.0
55382,45693.0
55383,4363.0
55384,6578.0
55385,7425.0
55386,56702.0
55387,5656.0
55388,5806.0
55389,44144.0
55390,4453.0
55391,48851.0
55392,12900.0
55393,9201.0
55394,55502.0
55395,7021.0
55396,5761.0
55397,2339.0
55398,7119.0
55399,4896.0
55400,4027.0
55401,62188.0
55402,50810.0
55403,57992.0
55404,4896.0
55405,46097.0
55406,7221.0
55407,6318.0
55408,3862.0
55409,7424.0
55410,10061.0
55411,52570.0
55412,60365.0
55413,7544.0
55414,28872.0
55415,4393.0
55416,6395.0
55417,6488.0
55418,57920.0
55419,5953.0
55420,51372.0
55421,7487.0
55422,62448.0
55423,3090.0
55424,6133.0
55425,54777.0
55426,35554.0
55427,5483.0
55428,2695.0
55429,9654.0
55430,17410.0
55431,5178.0
55432,52175.0
55433,10593.0
55434,4755.0
55435,2046.0
55436,5761.0
55437,49207.0
55438,7193.0
55439,51875.0
55440,2201.0
55441,5021.0
55442,9904.0
55443,90468.0
55444,13014.0
55445,4500.0
55446,45693.0
55447,38099.0
55448,3236.0
55449,10743.0
55450,2835.0
55451,82553.0
55452,5220.0
55453,24120.0
55454,7135.0
55455,3916.0
55456,56702.0
55457,7145.0
55458,59021.0
55459,65529.0
55460,14451.0
55461,6172.0
55462,53937.0
55463,1890.0
55464,6450.0
55465,18879.0
55466,4096.0
55467,4272.0
55468,6067.0
55469,75721.0
55470,6776.0
55471,25758.0
55472,7529.0
55473,4506.0
55474,1551.0
55475,10961.0
55476,8011.0
55477,4500.0
55478,13200.0
55479,3393.0
55480,60260.0
55481,76684.0
55482,6290.0
55483,4294.0
55484,22152.0
55485,6060.0
55486,18347.0
55487,15090.0
55488,2105.0
55489,6450.0
55490,4757.0
55491,4940.0
55492,3521.0
55493,41101.0
55494,4357.0
55495,56588.0
55496,4658.0
55497,15690.0
55498,9199.0
55499,60074.0
55500,5817.0
55501,4808.0
55502,4678.0
55503,5445.0
55504,37985.0
55505,57453.0
55506,3020.0
55507,60365.0
55508,41101.0
55509,6461.0
55510,66063.0
55511,5232.0
55512,6343.0
55513,5040.0
55514,4896.0
55515,14250.0
55516,14892.0
55517,5605.0
55518,3671.0
55519,6324.0
55520,7635.0
55521,44144.0
55522,3090.0
55523,4672.0
55524,74127.0
55525,5955.0
55526,58864.0
55527,3961.0
55528,6734.0
55529,56273.0
55530,5563.0
55531,11345.0
55532,3219.0
55533,4348.0
55534,5220.0
55535,56588.0
55536,47286.5
55537,8719.0
55538,2464.0
55539,41314.0
55540,3625.0
55541,7335.0
55542,8402.0
55543,10317.0
55544,6294.0
55545,27864.0
55546,45995.0
55547,8803.0
55548,4001.0
55549,69997.0
55550,1694.0
55551,53645.0
55552,42457.0
55553,7572.0
55554,7958.0
55555,45257.0
55556,4922.0
55557,13944.0
55558,44546.0
55559,22152.0
55560,3763.0
55561,6032.0
55562,56058.0
55563,3971.0
55564,52287.0
55565,70121.0
55566,2339.0
55567,14994.0
55568,6487.0
55569,62591.0
55570,12990.0
55571,2476.0
55572,1830.0
55573,7212.0
55574,2480.0
55575,5805.0
55576,5606.0
55577,9277.0
55578,6186.0
55579,7835.0
55580,4228.0
55581,6695.0
55582,41064.0
55583,3496.0
55584,4416.0
55585,4111.0
55586,19929.0
55587,59254.0
55588,59021.0
55589,4433.0
55590,4294.0
55591,60508.0
55592,4656.0
55593,50969.0
55594,2700.0
55595,2057.0
55596,17094.0
55597,2995.0
55598,29406.0
55599,19383.0
55600,55377.0
55601,43865.0
55602,6672.0
55603,68507.0
55604,16420.0
55605,4695.0
55606,9524.0
55607,54777.0
55608,5206.0
55609,3654.0
55610,57017.0
55611,4452.0
55612,41113.0
55613,50271.0
55614,31982.0
55615,5606.0
55616,46097.0
55617,1776.0
55618,2568.0
55619,16782.0
55620,20684.0
55621,7221.0
55622,4663.0
55623,5177.0
55624,7070.0
55625,1890.0
55626,5622.0
55627,9157.0
55628,79069.0
55629,4876.0
55630,26472.0
55631,20808.0
55632,8579.0
55633,5408.0
55634,58315.0
55635,5780.0
55636,3090.0
55637,44144.0
55638,19457.0
55639,6489.0
55640,6461.0
55641,19500.0
55642,2111.0
55643,82320.0
55644,11429.0
55645,20760.0
55646,39321.0
55647,4676.0
55648,9419.0
55649,65445.0
55650,43165.0
55651,86909.0
55652,12847.0
55653,49613.0
55654,6583.0
55655,3918.0
55656,38099.0
55657,61392.0
55658,6488.0
55659,2409.0
55660,3334.0
55661,5953.0
55662,11129.0
55663,7081.0
55664,50969.0
55665,3568.0
55666,8029.0
55667,13037.0
55668,6131.0
55669,62591.0
55670,9178.0
55671,10563.0
55672,9505.0
55673,5040.0
55674,41269.0
55675,5950.0
55676,4144.0
55677,82553.0
55678,7474.0
55679,55983.0
55680,54608.0
55681,49725.0
55682,5888.0
55683,3862.0
55684,4138.0
55685,76681.0
55686,48851.0
55687,77120.0
55688,3389.0
55689,4971.0
55690,51707.0
55691,3505.0
55692,6977.0
55693,51819.0
55694,13161.0
55695,4020.0
55696,45883.0
55697,5309.0
55698,5740.0
55699,4687.0
55700,2124.0
55701,14658.0
55702,34460.0
55703,3754.0
55704,67004.0
55705,6375.0
55706,34460.0
55707,6048.0
55708,5418.0
55709,5135.0
55710,12397.0
55711,6109.0
55712,80566.0
55713,6195.0
55714,5772.0
55715,4724.0
55716,6195.0
55717,7484.0
55718,45600.0
55719,5761.0
55720,7425.0
55721,39847.0
55722,10680.0
55723,68507.0
55724,2339.0
55725,7488.0
55726,48851.0
55727,11205.0
55728,5688.0
55729,6883.0
55730,85744.0
55731,2477.0
55732,45883.0
55733,9327.0
55734,6347.0
55735,4809.0
55736,9891.0
55737,4086.0
55738,81138.0
55739,3100.0
55740,4971.0
55741,4796.0
55742,5780.0
55743,6122.0
55744,38099.0
55745,27864.0
55746,3646.0
55747,10643.0
55748,2124.0
55749,5823.0
55750,3971.0
55751,5102.0
55752,10593.0
55753,5502.0
55754,41281.0
55755,4658.0
55756,12454.0
55757,51697.0
55758,8429.0
55759,44405.0
55760,14019.0
55761,53937.0
55762,14283.0
55763,9616.0
55764,5441.0
55765,53645.0
55766,29170.0
55767,13103.0
55768,7418.0
55769,45883.0
55770,5818.0
55771,45185.0
55772,52287.0
55773,4896.0
55774,42521.0
55775,57405.0
55776,4593.0
55777,74365.0
55778,54608.0
55779,3282.0
55780,55377.0
55781,4086.0
55782,5888.0
55783,6489.0
55784,14889.0
55785,52063.0
55786,61873.0
55787,55983.0
55788,14889.0
55789,7882.0
55790,61933.0
55791,5734.0
55792,23484.0
55793,5954.0
55794,1714.0
55795,15269.0
55796,44405.0
55797,51595.0
55798,5804.0
55799,60978.0
55800,5441.0
55801,4659.0
55802,4417.0
55803,78640.0
55804,90960.0
55805,4417.0
55806,57453.0
55807,5955.0
55808,11205.0
55809,59254.0
55810,51372.0
55811,6868.0
55812,6592.0
55813,17194.0
55814,51875.0
55815,42521.0
55816,4111.0
55817,53835.0
55818,5507.0
55819,4357.0
55820,6578.0
55821,74880.0
55822,5949.0
55823,5441.0
55824,53743.0
55825,14074.0
55826,9277.0
55827,44652.0
55828,4660.0
55829,6067.0
55830,7487.0
55831,60978.0
55832,55983.0
55833,4496.0
55834,4173.0
55835,6166.0
55836,8596.0
55837,5983.0
55838,12408.0
55839,43193.0
55840,53152.0
55841,50957.0
55842,4724.0
55843,9373.0
55844,2339.0
55845,7844.0
55846,13410.0
55847,3010.0
55848,60713.0
55849,11389.0
55850,3288.0
55851,10395.0
55852,58111.0
55853,59021.0
55854,5289.0
55855,2857.0
55856,12570.0
55857,3324.0
55858,4451.0
55859,8118.0
55860,3100.0
55861,26103.0
55862,60555.0
55863,4594.0
55864,2339.0
55865,2960.0
55866,13032.0
55867,7081.0
55868,8379.0
55869,50271.0
55870,5483.0
55871,5761.0
55872,60978.0
55873,3389.0
55874,9840.0
55875,2276.0
55876,6292.0
55877,8056.0
55878,57565.0
55879,3946.0
55880,60865.0
55881,84633.0
55882,13241.0
55883,5986.0
55884,8719.0
55885,4656.0
55886,8606.0
55887,61404.0
55888,11639.0
55889,57529.0
55890,67473.0
55891,2436.0
55892,4502.0
55893,4500.0
55894,7212.0
55895,44144.0
55896,4417.0
55897,8579.0
55898,10899.0
55899,2723.0
55900,6115.0
55901,69168.0
55902,7199.0
55903,5859.0
55904,5293.0
55905,59033.0
55906,6101.0
55907,32859.0
55908,64285.0
55909,5435.0
55910,3342.0
55911,1776.0
55912,57453.0
55913,67809.0
55914,52392.0
55915,6461.0
55916,69244.0
55917,3834.0
55918,8111.0
55919,11810.0
55920,4674.0
55921,6450.0
55922,70588.0
55923,7207.0
55924,5292.0
55925,67421.0
55926,32923.0
55927,6181.0
55928,8831.0
55929,51707.0
55930,7425.0
55931,4284.0
55932,44144.0
55933,2098.0
55934,8948.0
55935,5955.0
55936,15793.0
55937,53499.0
55938,74844.0
55939,8307.0
55940,6840.0
55941,5089.0
55942,6714.0
55943,12056.0
55944,45257.0
55945,9899.0
55946,14114.0
55947,6294.0
55948,56588.0
55949,45185.0
55950,37985.0
55951,45883.0
55952,51595.0
55953,5415.0
55954,4071.0
55955,32923.0
55956,5502.0
55957,7420.0
55958,8641.0
55959,2694.0
55960,63577.0
55961,5942.0
55962,5949.0
55963,5177.0
55964,12716.0
55965,51457.0
55966,74970.0
55967,57920.0
55968,5754.0
55969,4500.0
55970,5127.0
55971,3014.0
55972,5507.0
55973,6510.0
55974,7279.0
55975,16013.0
55976,6131.0
55977,9587.0
55978,3860.0
55979,60508.0
55980,7249.0
55981,5954.0
55982,11576.0
55983,51707.0
55984,4023.0
55985,5092.0
55986,4007.0
55987,5656.0
55988,4500.0
55989,3401.0
55990,4230.0
55991,49725.0
55992,69168.0
55993,59948.0
55994,4506.0
55995,1890.0
55996,54777.0
55997,31436.0
55998,6319.0
55999,20356.0
56000,3916.0
56001,13734.0
56002,4672.0
56003,9090.0
56004,1890.0
56005,5939.0
56006,54684.0
56007,37929.0
56008,61124.0
56009,4827.0
56010,51457.0
56011,4139.0
56012,5960.0
56013,44280.0
56014,23898.0
56015,10605.0
56016,5780.0
56017,3553.0
56018,54608.0
56019,3571.0
56020,4979.0
56021,5924.0
56022,39610.0
56023,7489.0
56024,56476.0
56025,8463.0
56026,67004.0
56027,2050.0
56028,12118.0
56029,13830.0
56030,21948.0
56031,78870.0
56032,5761.0
56033,57405.0
56034,13161.0
56035,14620.0
56036,3357.0
56037,60141.0
56038,4658.0
56039,6296.0
56040,58125.0
56041,52175.0
56042,34472.0
56043,2675.0
56044,5960.0
56045,66077.0
56046,5102.0
56047,3385.0
56048,49613.0
56049,7037.0
56050,78400.0
56051,9241.0
56052,13788.0
56053,4071.0
56054,49151.0
56055,32923.0
56056,66077.0
56057,6132.0
56058,4979.0
56059,49613.0
56060,11069.0
56061,61933.0
56062,61874.0
56063,2339.0
56064,2716.0
56065,7053.0
56066,3654.0
56067,6082.0
56068,64285.0
56069,2336.0
56070,5232.0
56071,35554.0
56072,24234.0
56073,80544.0
56074,7746.0
56075,11675.0
56076,2700.0
56077,4491.0
56078,12971.0
56079,5227.0
56080,10058.0
56081,35510.0
56082,15312.0
56083,31902.0
56084,16765.0
56085,54608.0
56086,58125.0
56087,59033.0
56088,32923.0
56089,44405.0
56090,29764.0
56091,4001.0
56092,6203.0
56093,54684.0
56094,2329.0
56095,11323.0
56096,54608.0
56097,60508.0
56098,57005.0
56099,69168.0
56100,3911.0
56101,51595.0
56102,5939.0
56103,5772.0
56104,5975.0
56105,4181.0
56106,3096.0
56107,14014.0
56108,60365.0
56109,7584.0
56110,63053.0
56111,82317.0
56112,42521.0
56113,19783.0
56114,4502.0
56115,6461.0
56116,2901.0
56117,1890.0
56118,4263.0
56119,5761.0
56120,5339.0
56121,3737.0
56122,3621.0
56123,13338.0
56124,7425.0
56125,4533.0
56126,37658.0
56127,4417.0
56128,5176.0
56129,49207.0
56130,6153.0
56131,60365.0
56132,53152.0
56133,11803.0
56134,47545.0
56135,2974.0
56136,4255.0
56137,5040.0
56138,13474.0
56139,31622.0
56140,53743.0
56141,2410.0
56142,10901.0
56143,79461.0
56144,70714.0
56145,47329.0
56146,8233.0
56147,4028.0
56148,7135.0
56149,17621.0
56150,51345.0
56151,7584.0
56152,37929.0
56153,7004.0
56154,15543.0
56155,5102.0
56156,6319.0
56157,8111.0
56158,4672.0
56159,5322.0
56160,49725.0
56161,3885.0
56162,5950.0
56163,15854.0
56164,52287.0
56165,23838.0
56166,10744.0
56167,41269.0
56168,4067.0
56169,10008.0
56170,3466.0
56171,64729.0
56172,2723.0
56173,6172.0
56174,61049.0
56175,7023.0
56176,9884.0
56177,2410.0
56178,5888.0
56179,4416.0
56180,51707.0
56181,4559.0
56182,89729.0
56183,5954.0
56184,4325.0
56185,29656.0
56186,4297.0
56187,8440.0
56188,5185.0
56189,6568.0
56190,7484.0
56191,7488.0
56192,55983.0
56193,74575.0
56194,3458.0
56195,8798.0
56196,7326.0
56197,3862.0
56198,51595.0
56199,6296.0
56200,4417.0
56201,4667.0
56202,5103.0
56203,2480.0
56204,3014.0
56205,1998.0
56206,5040.0
56207,61649.0
56208,11520.0
56209,7159.0
56210,2637.0
56211,45693.0
56212,51817.0
56213,5955.0
56214,37985.0
56215,64173.0
56216,4000.0
56217,6294.0
56218,14150.0
56219,12033.0
56220,13903.0
56221,3306.0
56222,11323.0
56223,3334.0
56224,5293.0
56225,50271.0
56226,11843.0
56227,5894.0
56228,41269.0
56229,5177.0
56230,39499.0
56231,4359.0
56232,35554.0
56233,32634.0
56234,2476.0
56235,3153.0
56236,4721.0
56237,13168.0
56238,5502.0
56239,60508.0
56240,2150.0
56241,2022.0
56242,7813.0
56243,53164.0
56244,13773.0
56245,4695.0
56246,4363.0
56247,5953.0
56248,2201.0
56249,4173.0
56250,5956.0
56251,5282.0
56252,51457.0
56253,6488.0
56254,13215.0
56255,16359.0
56256,53209.0
56257,5656.0
56258,45883.0
56259,4145.0
56260,3999.0
56261,7487.0
56262,11310.0
56263,1694.0
56264,11129.0
56265,31432.0
56266,4499.0
56267,36577.0
56268,6353.0
56269,43910.0
56270,45033.0
56271,57017.0
56272,4173.0
56273,6297.0
56274,53183.0
56275,6296.0
56276,45805.0
56277,6054.0
56278,11919.0
56279,9211.0
56280,57393.0
56281,3444.5
56282,6544.0
56283,5580.0
56284,54684.0
56285,41269.0
56286,6324.0
56287,44081.0
56288,67004.0
56289,55502.0
56290,45995.0
56291,2723.0
56292,27792.0
56293,13713.0
56294,45805.0
56295,2074.0
56296,47395.0
56297,60365.0
56298,2651.0
56299,2410.0
56300,4048.0
56301,55377.0
56302,6922.0
56303,36577.0
56304,6287.0
56305,5040.0
56306,9501.0
56307,53440.0
56308,5943.0
56309,4487.0
56310,82059.0
56311,3346.0
56312,17754.0
56313,6450.0
56314,1714.0
56315,7612.0
56316,2977.0
56317,3010.0
56318,4500.0
56319,49613.0
56320,7421.0
56321,3962.0
56322,3357.0
56323,5955.0
56324,5093.0
56325,4337.0
56326,3012.0
56327,9840.0
56328,44144.0
56329,47395.0
56330,4230.0
56331,51817.0
56332,13830.0
56333,20000.0
56334,6287.0
56335,11205.0
56336,49553.0
56337,4812.0
56338,4339.0
56339,3361.0
56340,3622.0
56341,4111.0
56342,6692.0
56343,5101.0
56344,4500.0
56345,7141.0
56346,14440.0
56347,51817.0
56348,4496.0
56349,4674.0
56350,7584.0
56351,5805.0
56352,4783.0
56353,5654.0
56354,59537.0
56355,12217.0
56356,4922.0
56357,10744.0
56358,10542.0
56359,7212.0
56360,6489.0
56361,6275.0
56362,48851.0
56363,3754.0
56364,59021.0
56365,7189.0
56366,2994.0
56367,49725.0
56368,47545.0
56369,5823.0
56370,32881.0
56371,51875.0
56372,6195.0
56373,4672.0
56374,4347.0
56375,10746.0
56376,10470.0
56377,6311.0
56378,47205.0
56379,4979.0
56380,7724.0
56381,54684.0
56382,5949.0
56383,71044.0
56384,38099.0
56385,5955.0
56386,49553.0
56387,67925.0
56388,27864.0
56389,3090.0
56390,53152.0
56391,64285.0
56392,54684.0
56393,62524.0
56394,2862.0
56395,3999.0
56396,6186.0
56397,5345.0
56398,5040.0
56399,6009.0
56400,45883.0
56401,61873.0
56402,59033.0
56403,10018.0
56404,2051.0
56405,30222.0
56406,49553.0
56407,16140.0
56408,3090.0
56409,61874.0
56410,44664.0
56411,6277.0
56412,4496.0
56413,61049.0
56414,54684.0
56415,38099.0
56416,5102.0
56417,5100.0
56418,11545.0
56419,5231.0
56420,38099.0
56421,11100.0
56422,17357.0
56423,5685.0
56424,5949.0
56425,4079.0
56426,6133.0
56427,23898.0
56428,6977.0
56429,10400.0
56430,7813.0
56431,53209.0
56432,2476.0
56433,2201.0
56434,3433.0
56435,27864.0
56436,7571.0
56437,1543.0
56438,5777.0
56439,51819.0
56440,11310.0
56441,7484.0
56442,2821.0
56443,37900.0
56444,67769.0
56445,7484.0
56446,54608.0
56447,3622.0
56448,4221.0
56449,6287.0
56450,54777.0
56451,4158.0
56452,4784.0
56453,3381.0
56454,5828.0
56455,6804.0
56456,45185.0
56457,56702.0
56458,51875.0
56459,20760.0
56460,7877.0
56461,63577.0
56462,6015.0
56463,51817.0
56464,2477.0
56465,4438.0
56466,11319.0
56467,1822.0
56468,6326.0
56469,46097.0
56470,9904.0
56471,58315.0
56472,12918.0
56473,13086.0
56474,4933.0
56475,4496.0
56476,4453.0
56477,89729.0
56478,19815.0
56479,3862.0
56480,7844.0
56481,43376.0
56482,12465.0
56483,3393.0
56484,62524.0
56485,5102.0
56486,37929.0
56487,4249.0
56488,4417.0
56489,101152.0
56490,14553.0
56491,6353.0
56492,32859.0
56493,2477.0
56494,5292.0
56495,5955.0
56496,4755.0
56497,45883.0
56498,67004.0
56499,65529.0
56500,60175.0
56501,3584.0
56502,29406.0
56503,53645.0
56504,51817.0
56505,11853.0
56506,10809.0
56507,10680.0
56508,4363.0
56509,42521.0
56510,6015.0
56511,6438.0
56512,55983.0
56513,8092.0
56514,8111.0
56515,39888.0
56516,13944.0
56517,4792.0
56518,57992.0
56519,56476.0
56520,7143.0
56521,4230.0
56522,5067.0
56523,55983.0
56524,5823.0
56525,66063.0
56526,3397.0
56527,35532.0
56528,45185.0
56529,6033.0
56530,64285.0
56531,9587.0
56532,4500.0
56533,5279.0
56534,49613.0
56535,51707.0
56536,7877.0
56537,55087.0
56538,5525.0
56539,53743.0
56540,45883.0
56541,4729.0
56542,15624.0
56543,6634.0
56544,6084.0
56545,5805.0
56546,13524.0
56547,5805.0
56548,2228.0
56549,57992.0
56550,5043.0
56551,60260.0
56552,4149.0
56553,5220.0
56554,49613.0
56555,5100.0
56556,32923.0
56557,2480.0
56558,5788.0
56559,54608.0
56560,68317.0
56561,51595.0
56562,13138.0
56563,49613.0
56564,4363.0
56565,60508.0
56566,67130.0
56567,51457.0
56568,58282.0
56569,6368.0
56570,13556.0
56571,12319.0
56572,45995.0
56573,3465.0
56574,7423.0
56575,45883.0
56576,6072.0
56577,24234.0
56578,6153.0
56579,6617.0
56580,11508.0
56581,13813.0
56582,45883.0
56583,6089.0
56584,6578.0
56585,5280.0
56586,5942.0
56587,6167.0
56588,4678.0
56589,3393.0
56590,66928.0
56591,3734.0
56592,3844.0
56593,11448.0
56594,59253.0
56595,4697.0
56596,38099.0
56597,5569.0
56598,3557.0
56599,51817.0
56600,2150.0
56601,4294.0
56602,5103.0
56603,56476.0
56604,64659.0
56605,5380.0
56606,57081.0
56607,5954.0
56608,41869.0
56609,13138.0
56610,4414.0
56611,5410.0
56612,51595.0
56613,10744.0
56614,2124.0
56615,3610.0
56616,7466.0
56617,4500.0
56618,13200.0
56619,60978.0
56620,5736.0
56621,22152.0
56622,7425.0
56623,8112.0
56624,3379.0
56625,5955.0
56626,5955.0
56627,11129.0
56628,55502.0
56629,2621.0
56630,3988.0
56631,3466.0
56632,5033.0
56633,10563.0
56634,4909.0
56635,38043.0
56636,13128.0
56637,49613.0
56638,45672.0
56639,5949.0
56640,2074.0
56641,59537.0
56642,52175.0
56643,32859.0
56644,62591.0
56645,53209.0
56646,6690.0
56647,6855.0
56648,9277.0
56649,1543.0
56650,5772.0
56651,3956.0
56652,6502.0
56653,4247.0
56654,53937.0
56655,7361.0
56656,42746.0
56657,2339.0
56658,9736.0
56659,4359.0
56660,4024.0
56661,4149.0
56662,3989.0
56663,5232.0
56664,6147.0
56665,7919.0
56666,6734.0
56667,70121.0
56668,53645.0
56669,4637.0
56670,8580.0
56671,1998.0
56672,69168.0
56673,59929.0
56674,27976.0
56675,57939.0
56676,2738.0
56677,7708.0
56678,52175.0
56679,2200.0
56680,9576.0
56681,1544.0
56682,45805.0
56683,10260.0
56684,7361.0
56685,3379.0
56686,9419.0
56687,52287.0
56688,65529.0
56689,13874.0
56690,3393.0
56691,9840.0
56692,5761.0
56693,2409.0
56694,6395.0
56695,4469.0
56696,2410.0
56697,4457.0
56698,56590.0
56699,45805.0
56700,3979.0
56701,2057.0
56702,7813.0
56703,9840.0
56704,3584.0
56705,84222.0
56706,5934.0
56707,62188.0
56708,52287.0
56709,45805.0
56710,4784.0
56711,39859.0
56712,7081.0
56713,15123.0
56714,8988.0
56715,1755.0
56716,77935.0
56717,5632.0
56718,6578.0
56719,56590.0
56720,49884.0
56721,5649.0
56722,4262.0
56723,5656.0
56724,7425.0
56725,23563.0
56726,3862.0
56727,44571.0
56728,63441.0
56729,4144.0
56730,54684.0
56731,55983.0
56732,54896.0
56733,52063.0
56734,49177.0
56735,4417.0
56736,12410.0
56737,7487.0
56738,49613.0
56739,7727.0
56740,45097.0
56741,6285.0
56742,56588.0
56743,2124.0
56744,39499.0
56745,6908.0
56746,4672.0
56747,6271.0
56748,51457.0
56749,23944.0
56750,49725.0
56751,4896.0
56752,3000.0
56753,7907.0
56754,43376.0
56755,4721.0
56756,3623.0
56757,3862.0
56758,7753.0
56759,80566.0
56760,67497.0
56761,56590.0
56762,8803.0
56763,9431.0
56764,1105.0
56765,62255.0
56766,9953.0
56767,6109.0
56768,1776.0
56769,38099.0
56770,8016.5
56771,72783.0
56772,54608.0
56773,9413.0
56774,54684.0
56775,6109.0
56776,4001.0
56777,4250.0
56778,7035.0
56779,20445.0
56780,7352.0
56781,5206.0
56782,62045.0
56783,50271.0
56784,1755.0
56785,37985.0
56786,4978.0
56787,54896.0
56788,2476.0
56789,6568.0
56790,10271.0
56791,97702.0
56792,11129.0
56793,52175.0
56794,15154.0
56795,11920.0
56796,7950.0
56797,41281.0
56798,5275.0
56799,5276.0
56800,68112.0
56801,4433.0
56802,4452.0
56803,64285.0
56804,4403.0
56805,5943.0
56806,5955.0
56807,3096.0
56808,30808.0
56809,14808.0
56810,43376.0
56811,15708.0
56812,89729.0
56813,64831.0
56814,62045.0
56815,5817.0
56816,67769.0
56817,38099.0
56818,6262.0
56819,51707.0
56820,12054.0
56821,5102.0
56822,7480.0
56823,3916.0
56824,2994.0
56825,5657.0
56826,2827.0
56827,7489.0
56828,6297.0
56829,11295.0
56830,32859.0
56831,11460.0
56832,62591.0
56833,39321.0
56834,44144.0
56835,6167.0
56836,63277.0
56837,4792.0
56838,5033.0
56839,5949.0
56840,4496.0
56841,60396.0
56842,13182.0
56843,45012.0
56844,5232.0
56845,15489.0
56846,4767.0
56847,4413.0
56848,5892.0
56849,5323.0
56850,14014.0
56851,29193.5
56852,57939.0
56853,23838.0
56854,5772.0
56855,5859.0
56856,47408.0
56857,2477.0
56858,4111.0
56859,4593.0
56860,7164.0
56861,3793.0
56862,7950.0
56863,3843.0
56864,51595.0
56865,2124.0
56866,7958.0
56867,11129.0
56868,2336.0
56869,5546.0
56870,47844.0
56871,6215.0
56872,56588.0
56873,47798.0
56874,7487.0
56875,13026.0
56876,66928.0
56877,4272.0
56878,2343.0
56879,66063.0
56880,5943.0
56881,3349.0
56882,3000.0
56883,10294.0
56884,35490.0
56885,51595.0
56886,3876.0
56887,3357.0
56888,4498.0
56889,51405.0
56890,6578.0
56891,3342.0
56892,4069.0
56893,32621.0
56894,6156.0
56895,51707.0
56896,69168.0
56897,84457.0
56898,11205.0
56899,13734.0
56900,4027.0
56901,1551.0
56902,62188.0
56903,61695.0
56904,49725.0
56905,12875.0
56906,57017.0
56907,5603.0
56908,4359.0
56909,11785.0
56910,42457.0
56911,3000.0
56912,9866.0
56913,7288.0
56914,4200.0
56915,3108.0
56916,4390.0
56917,6977.0
56918,4554.0
56919,3379.0
56920,3457.0
56921,60978.0
56922,4755.0
56923,39555.0
56924,12150.0
56925,11479.0
56926,68184.0
56927,6287.0
56928,57666.0
56929,4111.0
56930,2201.0
56931,3621.0
56932,2339.0
56933,4099.0
56934,70557.0
56935,53743.0
56936,69713.0
56937,7646.0
56938,5955.0
56939,5380.0
56940,9840.0
56941,3644.0
56942,38099.0
56943,41281.0
56944,6437.0
56945,4499.0
56946,2124.0
56947,22164.0
56948,5293.0
56949,45257.0
56950,9701.0
56951,52287.0
56952,2336.0
56953,5234.0
56954,6024.0
56955,9884.0
56956,31982.0
56957,16210.0
56958,3988.0
56959,55087.0
56960,51707.0
56961,7488.0
56962,44144.0
56963,6620.0
56964,4339.0
56965,65529.0
56966,6432.0
56967,60508.0
56968,1830.0
56969,61933.0
56970,2410.0
56971,52392.0
56972,59033.0
56973,4363.0
56974,59021.0
56975,62617.0
56976,4979.0
56977,3862.0
56978,51819.0
56979,54896.0
56980,5018.0
56981,69168.0
56982,49613.0
56983,3433.0
56984,32923.0
56985,4909.0
56986,3553.0
56987,3336.0
56988,13725.0
56989,4942.0
56990,12406.0
56991,3015.0
56992,60160.0
56993,59254.0
56994,9287.0
56995,49725.0
56996,34472.0
56997,3860.0
56998,7412.0
56999,5102.0
57000,4515.0
57001,21131.0
57002,3467.0
57003,5336.0
57004,11069.0
57005,14114.0
57006,17202.0
57007,39499.0
57008,6105.0
57009,5178.0
57010,28510.0
57011,5937.0
57012,4646.0
57013,13254.0
57014,1890.0
57015,31762.0
57016,5646.0
57017,60978.0
57018,2051.0
57019,5489.0
57020,5098.0
57021,1543.0
57022,4644.0
57023,6489.0
57024,1998.0
57025,3336.0
57026,3437.0
57027,52287.0
57028,6062.0
57029,5224.0
57030,52175.0
57031,24234.0
57032,4173.0
57033,79369.0
57034,5960.0
57035,54684.0
57036,31622.0
57037,6821.0
57038,11553.0
57039,2426.0
57040,11691.0
57041,6437.0
57042,7420.0
57043,5441.0
57044,5790.0
57045,5915.0
57046,6060.0
57047,5227.0
57048,57920.0
57049,3090.0
57050,11508.0
57051,1830.0
57052,4144.0
57053,61127.0
57054,7539.0
57055,11002.0
57056,4294.0
57057,4555.0
57058,1551.0
57059,5930.0
57060,6946.0
57061,6324.0
57062,7832.0
57063,10785.0
57064,67769.0
57065,6310.5
57066,4209.0
57067,4499.0
57068,54896.0
57069,2080.0
57070,3194.0
57071,2250.0
57072,52522.0
57073,49177.0
57074,79741.0
57075,6489.0
57076,61873.0
57077,14314.0
57078,54777.0
57079,16729.0
57080,6776.0
57081,4111.0
57082,9136.0
57083,3988.0
57084,57920.0
57085,32456.0
57086,51707.0
57087,6275.0
57088,4933.0
57089,5037.0
57090,4637.0
57091,74441.0
57092,7384.0
57093,8111.0
57094,4589.0
57095,6015.0
57096,6295.0
57097,9214.0
57098,6893.0
57099,5232.0
57100,1890.0
57101,41113.0
57102,51457.0
57103,9879.0
57104,60508.0
57105,6067.0
57106,9840.0
57107,2336.0
57108,74441.0
57109,7189.0
57110,11007.0
57111,7895.0
57112,5815.0
57113,48851.0
57114,5949.0
57115,60978.0
57116,49725.0
57117,2410.0
57118,12544.0
57119,15667.0
57120,44405.0
57121,11139.0
57122,13968.0
57123,5042.0
57124,7575.0
57125,61649.0
57126,10318.0
57127,4165.0
57128,2361.0
57129,34354.0
57130,4740.0
57131,8112.0
57132,11129.0
57133,5798.0
57134,1776.0
57135,50271.0
57136,4367.0
57137,56273.0
57138,4752.0
57139,42521.0
57140,74956.0
57141,2723.0
57142,74273.0
57143,4080.0
57144,4544.0
57145,3987.0
57146,57856.0
57147,39555.0
57148,5949.0
57149,45257.0
57150,5441.0
57151,6461.0
57152,6568.0
57153,57081.0
57154,45600.0
57155,4612.0
57156,4348.0
57157,9032.0
57158,55983.0
57159,7466.0
57160,6132.0
57161,54684.0
57162,5040.0
57163,41314.0
57164,56590.0
57165,22152.0
57166,4067.0
57167,41064.0
57168,2336.0
57169,34460.0
57170,4977.0
57171,7584.0
57172,7080.0
57173,6032.5
57174,37405.0
57175,12255.0
57176,3819.0
57177,62448.0
57178,4337.0
57179,5646.0
57180,5840.0
57181,10058.0
57182,2518.0
57183,3512.0
57184,44405.0
57185,6324.0
57186,3860.0
57187,4000.0
57188,2343.0
57189,2832.0
57190,62188.0
57191,5166.0
57192,69244.0
57193,5949.0
57194,9879.0
57195,45776.0
57196,4165.0
57197,109217.0
57198,5171.0
57199,51875.0
57200,51697.0
57201,42521.0
57202,10586.0
57203,71117.0
57204,7284.0
57205,7166.0
57206,64831.0
57207,6324.0
57208,3393.0
57209,44144.0
57210,65529.0
57211,65529.0
57212,6619.0
57213,6271.0
57214,66928.0
57215,74844.0
57216,55087.0
57217,22368.0
57218,5772.0
57219,6734.0
57220,7212.0
57221,53198.0
57222,41314.0
57223,41281.0
57224,50822.0
57225,53152.0
57226,62188.0
57227,7774.0
57228,6292.0
57229,36577.0
57230,44280.0
57231,4417.0
57232,14912.0
57233,57920.0
57234,19291.0
57235,6568.0
57236,3010.0
57237,4439.0
57238,52287.0
57239,6568.0
57240,78898.0
57241,5954.0
57242,20760.0
57243,4700.0
57244,2449.0
57245,4417.0
57246,8589.0
57247,11856.0
57248,9840.0
57249,53152.0
57250,6133.0
57251,15393.0
57252,69825.0
57253,5623.0
57254,10510.0
57255,76941.0
57256,80313.0
57257,7813.0
57258,2723.0
57259,5168.0
57260,16899.0
57261,59357.0
57262,12468.0
57263,5953.0
57264,5955.0
57265,15615.0
57266,8063.0
57267,53209.0
57268,5177.0
57269,13728.0
57270,5102.0
57271,60508.0
57272,5220.0
57273,4111.0
57274,74844.0
57275,6172.0
57276,2339.0
57277,3393.0
57278,2901.0
57279,2476.0
57280,59324.0
57281,5176.0
57282,38043.0
57283,5949.0
57284,1998.0
57285,4229.0
57286,3788.0
57287,9135.0
57288,10395.0
57289,6048.0
57290,6262.0
57291,9945.0
57292,7563.0
57293,6401.0
57294,3393.0
57295,15018.0
57296,12222.0
57297,3379.0
57298,68507.0
57299,12356.0
57300,6122.0
57301,45693.0
57302,7927.0
57303,3697.0
57304,12538.0
57305,54608.0
57306,3090.0
57307,7532.0
57308,56588.0
57309,38043.0
57310,60260.0
57311,6287.0
57312,13787.0
57313,54684.0
57314,7353.0
57315,2250.0
57316,55983.0
57317,3998.0
57318,5293.0
57319,3381.0
57320,60396.0
57321,6450.0
57322,5407.0
57323,4072.0
57324,59033.0
57325,20000.0
57326,80779.0
57327,60260.0
57328,7135.0
57329,13332.0
57330,2694.0
57331,3989.0
57332,59948.0
57333,47545.0
57334,6489.0
57335,5954.0
57336,11205.0
57337,54684.0
57338,15761.0
57339,6015.0
57340,57777.0
57341,2276.0
57342,5092.0
57343,71117.0
57344,53835.0
57345,15118.0
57346,20000.0
57347,41101.0
57348,52175.0
57349,3611.0
57350,66928.0
57351,5301.0
57352,3012.0
57353,67769.0
57354,5006.0
57355,2603.0
57356,4658.0
57357,53209.0
57358,8148.0
57359,6711.0
57360,7572.0
57361,7352.0
57362,4500.0
57363,56162.5
57364,12013.0
57365,13188.0
57366,6535.5
57367,60232.0
57368,77744.0
57369,58125.0
57370,3843.0
57371,9201.0
57372,4172.0
57373,4363.0
57374,5942.0
57375,4338.0
57376,53164.0
57377,2150.0
57378,82258.0
57379,50969.0
57380,60508.0
57381,5578.0
57382,3015.0
57383,44081.0
57384,7425.0
57385,9356.0
57386,3450.0
57387,6450.0
57388,50271.0
57389,4789.0
57390,2276.0
57391,3855.0
57392,15204.0
57393,41281.0
57394,6568.0
57395,4229.0
57396,4779.0
57397,41281.0
57398,4170.0
57399,54777.0
57400,3670.0
57401,3959.0
57402,2757.0
57403,16309.0
57404,45883.0
57405,62045.0
57406,6389.0
57407,56950.0
57408,4253.0
57409,4827.0
57410,1830.0
57411,6578.0
57412,2250.0
57413,3219.0
57414,8719.0
57415,52287.0
57416,6568.0
57417,57939.0
57418,55087.0
57419,4499.0
57420,7767.0
57421,4262.0
57422,13001.0
57423,4262.0
57424,14343.0
57425,66928.0
57426,53074.0
57427,21669.0
57428,66723.0
57429,51595.0
57430,45805.0
57431,20760.0
57432,5750.0
57433,6319.0
57434,4499.0
57435,36577.0
57436,7489.0
57437,11372.0
57438,2327.0
57439,4086.0
57440,7135.0
57441,10895.0
57442,4499.0
57443,4380.0
57444,51057.0
57445,56476.0
57446,4111.0
57447,3236.0
57448,5949.0
57449,60232.0
57450,2350.0
57451,3584.0
57452,62560.0
57453,6369.0
57454,66377.0
57455,4500.0
57456,3829.0
57457,50271.0
57458,56588.0
57459,11853.0
57460,8111.0
57461,14223.0
57462,6603.0
57463,45776.0
57464,51707.0
57465,4547.0
57466,11310.0
57467,57057.0
57468,5286.0
57469,12318.0
57470,57920.0
57471,49177.0
57472,1543.0
57473,55983.0
57474,10505.0
57475,5144.0
57476,5523.0
57477,7466.0
57478,5823.0
57479,7576.0
57480,8029.0
57481,7764.0
57482,7329.0
57483,3623.0
57484,44280.0
57485,6128.0
57486,3090.0
57487,3457.0
57488,5292.0
57489,11129.0
57490,6568.0
57491,44144.0
57492,60232.0
57493,20760.0
57494,2738.0
57495,66928.0
57496,10138.0
57497,5472.0
57498,49725.0
57499,59021.0
57500,2250.0
57501,4348.0
57502,3000.0
57503,4417.0
57504,1105.0
57505,8621.0
57506,4893.0
57507,5227.0
57508,51707.0
57509,2637.0
57510,4945.0
57511,3219.0
57512,50271.0
57513,6854.0
57514,7584.0
57515,7488.0
57516,51595.0
57517,4229.0
57518,54608.0
57519,49416.0
57520,49553.0
57521,4755.0
57522,4024.0
57523,4170.0
57524,72125.0
57525,16056.0
57526,63889.0
57527,3862.0
57528,6047.0
57529,5523.0
57530,3266.0
57531,4173.0
57532,55377.0
57533,2738.0
57534,47408.0
57535,8224.0
57536,6195.0
57537,6390.0
57538,65529.0
57539,60396.0
57540,4755.0
57541,49613.0
57542,12454.0
57543,9884.0
57544,37985.0
57545,7484.0
57546,3346.0
57547,9368.0
57548,50969.0
57549,4911.0
57550,5942.0
57551,3336.0
57552,34460.0
57553,9636.0
57554,4757.0
57555,51819.0
57556,44280.0
57557,53440.0
57558,27792.0
57559,50822.0
57560,49613.0
57561,4453.0
57562,3804.0
57563,3862.0
57564,33979.0
57565,2410.0
57566,6109.0
57567,6985.0
57568,10425.0
57569,4249.0
57570,5523.0
57571,12943.0
57572,60508.0
57573,45883.0
57574,3843.0
57575,3407.0
57576,11403.0
57577,64047.0
57578,6203.0
57579,7958.0
57580,5070.0
57581,64285.0
57582,67004.0
57583,5853.0
57584,6593.0
57585,5178.0
57586,58282.0
57587,58562.0
57588,3554.0
57589,3407.0
57590,5685.0
57591,2738.0
57592,7423.0
57593,3034.0
57594,74305.0
57595,45672.0
57596,6067.0
57597,39555.0
57598,60396.0
57599,7484.0
57600,2836.0
57601,5817.0
57602,4491.0
57603,55750.0
57604,5275.0
57605,7080.0
57606,53620.0
57607,4253.0
57608,2966.0
57609,4387.0
57610,5685.0
57611,12317.0
57612,62793.0
57613,9587.0
57614,43305.0
57615,10503.0
57616,5152.0
57617,4827.0
57618,4781.0
57619,6024.0
57620,6303.0
57621,57405.0
57622,2339.0
57623,51345.0
57624,1105.0
57625,52586.0
57626,6324.0
57627,54608.0
57628,3245.0
57629,55750.0
57630,23484.0
57631,53743.0
57632,3266.0
57633,3831.0
57634,3334.0
57635,42521.0
57636,27976.0
57637,11469.0
57638,41113.0
57639,5657.0
57640,56588.0
57641,2900.0
57642,50271.0
57643,6535.5
57644,6666.0
57645,7513.5
57646,54608.0
57647,54684.0
57648,60260.0
57649,14810.0
57650,4020.0
57651,53164.0
57652,54896.0
57653,4637.0
57654,6067.0
57655,2903.0
57656,41113.0
57657,58212.0
57658,4847.0
57659,6461.0
57660,60260.0
57661,6082.0
57662,44280.0
57663,51817.0
57664,13830.0
57665,8757.0
57666,3843.0
57667,6812.0
57668,4779.0
57669,15353.0
57670,7135.0
57671,7958.0
57672,13086.0
57673,5135.0
57674,4189.0
57675,20684.0
57676,12918.0
57677,64113.0
57678,3988.0
57679,12214.0
57680,5293.0
57681,60260.0
57682,51595.0
57683,14839.0
57684,49553.0
57685,62255.0
57686,4056.0
57687,2124.0
57688,55983.0
57689,6711.0
57690,3349.0
57691,44144.0
57692,70543.0
57693,1714.0
57694,53152.0
57695,5275.0
57696,5808.0
57697,6480.0
57698,12138.0
57699,39859.0
57700,6324.0
57701,8089.0
57702,2022.0
57703,2074.0
57704,6324.0
57705,69168.0
57706,60508.0
57707,5481.0
57708,7767.0
57709,67809.0
57710,62188.0
57711,61933.0
57712,73369.0
57713,38099.0
57714,5810.0
57715,61404.0
57716,7304.0
57717,3712.0
57718,4393.0
57719,4337.0
57720,5729.0
57721,16359.0
57722,5618.0
57723,9419.0
57724,6461.0
57725,19826.0
57726,5322.0
57727,55983.0
57728,4359.0
57729,84756.0
57730,6133.0
57731,60553.0
57732,53645.0
57733,4971.0
57734,5178.0
57735,43910.0
57736,6872.0
57737,3685.0
57738,4161.0
57739,6490.0
57740,12120.0
57741,2201.0
57742,16464.0
57743,37846.0
57744,6443.0
57745,51345.0
57746,72671.0
57747,60396.0
57748,2074.0
57749,3219.0
57750,6296.0
57751,61485.0
57752,6191.0
57753,5761.0
57754,4165.0
57755,5958.0
57756,7918.0
57757,51595.0
57758,4111.0
57759,55377.0
57760,4832.0
57761,8156.0
57762,41281.0
57763,4402.0
57764,5882.0
57765,49553.0
57766,4498.0
57767,49613.0
57768,5144.0
57769,5760.0
57770,5288.0
57771,6109.0
57772,32859.0
57773,15248.0
57774,55377.0
57775,6375.0
57776,17452.0
57777,3374.0
57778,3150.0
57779,11520.0
57780,45185.0
57781,3101.0
57782,39610.0
57783,7677.0
57784,2339.0
57785,49613.0
57786,4970.0
57787,13200.0
57788,57992.0
57789,27792.0
57790,4559.0
57791,5293.0
57792,6128.0
57793,61933.0
57794,10744.0
57795,5949.0
57796,4979.0
57797,6489.0
57798,10680.0
57799,55377.0
57800,45805.0
57801,13830.0
57802,6521.0
57803,5625.0
57804,6440.0
57805,39847.0
57806,20684.0
57807,8938.0
57808,41113.0
57809,8217.0
57810,46097.0
57811,6169.0
57812,45883.0
57813,60365.0
57814,3994.0
57815,54684.0
57816,6276.0
57817,5102.0
57818,5937.0
57819,7940.0
57820,7927.0
57821,4000.0
57822,4111.0
57823,5772.0
57824,6122.0
57825,4971.0
57826,58562.0
57827,4014.0
57828,24993.0
57829,16208.0
57830,6015.0
57831,22152.0
57832,107216.0
57833,5907.0
57834,2516.0
57835,2482.0
57836,60978.0
57837,5219.0
57838,51817.0
57839,11868.0
57840,39499.0
57841,7677.0
57842,24056.0
57843,4328.0
57844,54608.0
57845,5851.0
57846,51697.0
57847,5525.0
57848,5949.0
57849,4202.0
57850,28510.0
57851,5772.0
57852,9807.0
57853,2836.0
57854,49177.0
57855,7749.0
57856,4111.0
57857,6015.0
57858,72416.0
57859,6450.0
57860,13524.0
57861,2465.0
57862,5579.0
57863,32859.0
57864,3185.0
57865,5103.0
57866,6461.0
57867,4165.0
57868,9419.0
57869,53835.0
57870,3401.0
57871,5040.0
57872,8112.0
57873,13095.0
57874,51697.0
57875,7110.0
57876,1543.0
57877,4389.0
57878,4672.0
57879,4239.0
57880,11488.0
57881,15781.0
57882,2201.0
57883,12360.0
57884,5865.0
57885,6488.0
57886,23898.0
57887,3916.0
57888,9945.0
57889,66155.0
57890,35936.0
57891,54608.0
57892,5915.0
57893,39432.0
57894,1550.0
57895,3467.0
57896,40593.0
57897,4401.0
57898,4500.0
57899,6060.0
57900,3108.0
57901,3998.0
57902,2700.0
57903,6067.0
57904,12385.0
57905,92633.0
57906,45883.0
57907,6720.0
57908,55377.0
57909,5943.0
57910,5823.0
57911,47545.0
57912,5949.0
57913,4173.0
57914,50271.0
57915,4721.0
57916,11069.0
57917,7425.0
57918,5943.0
57919,4469.0
57920,39847.0
57921,18167.0
57922,64285.0
57923,5960.0
57924,3090.0
57925,4969.0
57926,2339.0
57927,49207.0
57928,4007.0
57929,56476.0
57930,2201.0
57931,5228.0
57932,3754.0
57933,5118.0
57934,3105.0
57935,53152.0
57936,59021.0
57937,62448.0
57938,49207.0
57939,6578.0
57940,7749.0
57941,49613.0
57942,47844.0
57943,2353.0
57944,4263.0
57945,4896.0
57946,55377.0
57947,60508.0
57948,5865.0
57949,44280.0
57950,5989.0
57951,9861.0
57952,4488.0
57953,3819.0
57954,3090.0
57955,7466.0
57956,4337.0
57957,7904.0
57958,57057.0
57959,3393.0
57960,60232.0
57961,4977.0
57962,13258.0
57963,2203.0
57964,4593.0
57965,57005.0
57966,66155.0
57967,6015.0
57968,9201.0
57969,1714.0
57970,4732.0
57971,6271.0
57972,9643.0
57973,53440.0
57974,6067.0
57975,7919.0
57976,49725.0
57977,45995.0
57978,3306.0
57979,61933.0
57980,4656.0
57981,51819.0
57982,57992.0
57983,34741.0
57984,15250.0
57985,51875.0
57986,6226.0
57987,93579.0
57988,57920.0
57989,19249.0
57990,12990.0
57991,51707.0
57992,3090.0
57993,11613.0
57994,3090.0
57995,5042.0
57996,3433.0
57997,5838.0
57998,60396.0
57999,12114.0
58000,8803.0
58001,27792.0
58002,3862.0
58003,60232.0
58004,62549.0
58005,60260.0
58006,2966.0
58007,4165.0
58008,49207.0
58009,2091.0
58010,6037.0
58011,5195.0
58012,6841.0
58013,2621.0
58014,54608.0
58015,7488.0
58016,17604.0
58017,70747.0
58018,13672.0
58019,4266.0
58020,60396.0
58021,5269.0
58022,5313.0
58023,54841.0
58024,6200.0
58025,4971.0
58026,4130.0
58027,7676.0
58028,3105.0
58029,3219.0
58030,7145.0
58031,5236.0
58032,5507.0
58033,57017.0
58034,11823.0
58035,4177.0
58036,7687.0
58037,4262.0
58038,5960.0
58039,9398.0
58040,4417.0
58041,11129.0
58042,3098.0
58043,37405.0
58044,4297.0
58045,9371.0
58046,45693.0
58047,27976.0
58048,12546.0
58049,51841.0
58050,6195.0
58051,2339.0
58052,7761.0
58053,4203.0
58054,9460.0
58055,4755.0
58056,12166.0
58057,4357.0
58058,17958.0
58059,67004.0
58060,14148.0
58061,1714.0
58062,60396.0
58063,4819.0
58064,6578.0
58065,4284.0
58066,38099.0
58067,5923.0
58068,53164.0
58069,52522.0
58070,54608.0
58071,11310.0
58072,2861.0
58073,6125.0
58074,8936.0
58075,45995.0
58076,60978.0
58077,3996.0
58078,2050.0
58079,5043.0
58080,5577.0
58081,23484.0
58082,4721.0
58083,51819.0
58084,32347.0
58085,4672.0
58086,5178.0
58087,53164.0
58088,6568.0
58089,13095.0
58090,51457.0
58091,8111.0
58092,3090.0
58093,5955.0
58094,5632.0
58095,7687.0
58096,60508.0
58097,2480.0
58098,4020.0
58099,16888.0
58100,5100.0
58101,5622.0
58102,24122.0
58103,56702.0
58104,20760.0
58105,5234.0
58106,3393.0
58107,54608.0
58108,1788.0
58109,5177.0
58110,7353.0
58111,3389.0
58112,34472.0
58113,51707.0
58114,6324.0
58115,4339.0
58116,8111.0
58117,5261.0
58118,4161.0
58119,6502.0
58120,6067.0
58121,37929.0
58122,38099.0
58123,6319.0
58124,5635.0
58125,62793.0
58126,11497.0
58127,1776.0
58128,2098.0
58129,7550.0
58130,5954.0
58131,13818.0
58132,10680.0
58133,4357.0
58134,4498.0
58135,2201.0
58136,2339.0
58137,9879.0
58138,12150.0
58139,3401.0
58140,9168.0
58141,7496.0
58142,12150.0
58143,3251.0
58144,3397.0
58145,10553.0
58146,56590.0
58147,5800.0
58148,11069.0
58149,47408.0
58150,49725.0
58151,1694.0
58152,4187.0
58153,8043.0
58154,6287.0
58155,6500.0
58156,57777.0
58157,55087.0
58158,6153.0
58159,6578.0
58160,3067.0
58161,49177.0
58162,74015.0
58163,10135.0
58164,11129.0
58165,76255.0
58166,44583.0
58167,4111.0
58168,4294.0
58169,42212.0
58170,5943.0
58171,8111.0
58172,82257.0
58173,2966.0
58174,3844.0
58175,4979.0
58176,11520.0
58177,13014.0
58178,6300.0
58179,6109.0
58180,4814.0
58181,52063.0
58182,3819.0
58183,17794.0
58184,2410.0
58185,11871.0
58186,49725.0
58187,9282.0
58188,4500.0
58189,4979.0
58190,53937.0
58191,5310.0
58192,22152.0
58193,69244.0
58194,74594.0
58195,3866.0
58196,20509.0
58197,8111.0
58198,5220.0
58199,56588.0
58200,5179.0
58201,4368.0
58202,4896.0
58203,7575.0
58204,53152.0
58205,40593.0
58206,3572.0
58207,23898.0
58208,10017.0
58209,74911.0
58210,5949.0
58211,3862.0
58212,60160.0
58213,2339.0
58214,3000.0
58215,7109.0
58216,3911.0
58217,5339.0
58218,6841.0
58219,7877.0
58220,9420.0
58221,27864.0
58222,4170.0
58223,5040.0
58224,4555.0
58225,4417.0
58226,53164.0
58227,9536.0
58228,6314.0
58229,5817.0
58230,11688.0
58231,55377.0
58232,4348.0
58233,42457.0
58234,3521.0
58235,9840.0
58236,4768.0
58237,4977.0
58238,60396.0
58239,13240.0
58240,6623.0
58241,6067.0
58242,6828.0
58243,5817.0
58244,41805.0
58245,5986.0
58246,12873.0
58247,22046.0
58248,4417.0
58249,6367.0
58250,57939.0
58251,3862.0
58252,50398.0
58253,32859.0
58254,49725.0
58255,2836.0
58256,57405.0
58257,9201.0
58258,4491.0
58259,8260.0
58260,59021.0
58261,54608.0
58262,8118.0
58263,4436.0
58264,7425.0
58265,5227.0
58266,6432.0
58267,3911.0
58268,3393.0
58269,3013.0
58270,35490.0
58271,4971.0
58272,54777.0
58273,69168.0
58274,6502.0
58275,56476.0
58276,49725.0
58277,2835.0
58278,51345.0
58279,4658.0
58280,12544.0
58281,5110.0
58282,4555.0
58283,39682.0
58284,37594.0
58285,5227.0
58286,7054.0
58287,65529.0
58288,3813.0
58289,6634.0
58290,2901.0
58291,41281.0
58292,4094.0
58293,6067.0
58294,35490.0
58295,2614.0
58296,38099.0
58297,11586.0
58298,6133.0
58299,55377.0
58300,11553.0
58301,11069.0
58302,3381.0
58303,42312.0
58304,6020.0
58305,12524.0
58306,36763.0
58307,57992.0
58308,11129.0
58309,60978.0
58310,17695.0
58311,6450.0
58312,1694.0
58313,4385.0
58314,4028.0
58315,6488.0
58316,2621.0
58317,6200.0
58318,8133.0
58319,44280.0
58320,6200.0
58321,53164.0
58322,1543.0
58323,4299.0
58324,60555.0
58325,4755.0
58326,5228.0
58327,51707.0
58328,6888.0
58329,5415.0
58330,54684.0
58331,6292.0
58332,12557.0
58333,4272.0
58334,6818.0
58335,6429.0
58336,10979.0
58337,5699.0
58338,6620.0
58339,6207.0
58340,10525.0
58341,10643.0
58342,1776.0
58343,9296.0
58344,62255.0
58345,6067.0
58346,4368.0
58347,15192.0
58348,9840.0
58349,14014.0
58350,32859.0
58351,4896.0
58352,6488.0
58353,27976.0
58354,4219.0
58355,4756.0
58356,6271.0
58357,53645.0
58358,4473.0
58359,6292.0
58360,14601.0
58361,67601.0
58362,7488.0
58363,14090.0
58364,7598.0
58365,2792.0
58366,5547.0
58367,8534.0
58368,2516.0
58369,3174.0
58370,4796.0
58371,45257.0
58372,6195.0
58373,5761.0
58374,3330.0
58375,4682.0
58376,5292.0
58377,45230.0
58378,35554.0
58379,5810.0
58380,51384.0
58381,4482.0
58382,9026.0
58383,57017.0
58384,61873.0
58385,2901.0
58386,15204.0
58387,3393.0
58388,5761.0
58389,4080.0
58390,42546.0
58391,3810.0
58392,4672.0
58393,54896.0
58394,4007.0
58395,67769.0
58396,54608.0
58397,61392.0
58398,4784.0
58399,54896.0
58400,4707.0
58401,2278.0
58402,4969.0
58403,6765.0
58404,3965.0
58405,6363.0
58406,4781.0
58407,4988.0
58408,5823.0
58409,23888.0
58410,44280.0
58411,55502.0
58412,4637.0
58413,54777.0
58414,11675.0
58415,8790.0
58416,6928.0
58417,51697.0
58418,49725.0
58419,55502.0
58420,7955.0
58421,84756.0
58422,44280.0
58423,63277.0
58424,3471.0
58425,5177.0
58426,41314.0
58427,5523.0
58428,6578.0
58429,58315.0
58430,2730.0
58431,3872.0
58432,10672.0
58433,51875.0
58434,45257.0
58435,12474.0
58436,22140.0
58437,5507.0
58438,9148.0
58439,8111.0
58440,5955.0
58441,5098.0
58442,60508.0
58443,61032.0
58444,10563.0
58445,7425.0
58446,5690.0
58447,23838.0
58448,23898.0
58449,49725.0
58450,5136.0
58451,2436.0
58452,4284.0
58453,43910.0
58454,6450.0
58455,55502.0
58456,4453.0
58457,10018.0
58458,60631.0
58459,72356.0
58460,2074.0
58461,3916.0
58462,49725.0
58463,3971.0
58464,5761.0
58465,5037.0
58466,11498.0
58467,17738.0
58468,4200.0
58469,53152.0
58470,7021.0
58471,56476.0
58472,6153.0
58473,57920.0
58474,7584.0
58475,3980.0
58476,49553.0
58477,41314.0
58478,11893.0
58479,7426.0
58480,5089.0
58481,11383.0
58482,4363.0
58483,6122.0
58484,2409.0
58485,6489.0
58486,1551.0
58487,39321.0
58488,3754.0
58489,39555.0
58490,8981.0
58491,56588.0
58492,67769.0
58493,6633.0
58494,6092.0
58495,4555.0
58496,4876.0
58497,61873.0
58498,4499.0
58499,2723.0
58500,1755.0
58501,8043.0
58502,5523.0
58503,51697.0
58504,5605.0
58505,60232.0
58506,9353.0
58507,3491.0
58508,4496.0
58509,2828.0
58510,57074.0
58511,35490.0
58512,5176.0
58513,11205.0
58514,13410.0
58515,9178.0
58516,12990.0
58517,7488.0
58518,4971.0
58519,26060.0
58520,4757.0
58521,5960.0
58522,57920.0
58523,6353.0
58524,4363.0
58525,4496.0
58526,7425.0
58527,9277.0
58528,3901.0
58529,8265.0
58530,54777.0
58531,55377.0
58532,47395.0
58533,4149.0
58534,6067.0
58535,6799.0
58536,27864.0
58537,5888.0
58538,4969.0
58539,2056.0
58540,52063.0
58541,8777.0
58542,8832.0
58543,4022.0
58544,54777.0
58545,4898.0
58546,6510.0
58547,9272.0
58548,7635.0
58549,4111.0
58550,5037.0
58551,6067.0
58552,64139.0
58553,16257.0
58554,7954.0
58555,51384.0
58556,39432.0
58557,6262.0
58558,8253.0
58559,6219.0
58560,2832.0
58561,9136.0
58562,5107.0
58563,4658.0
58564,5404.0
58565,4165.0
58566,9201.0
58567,6490.0
58568,12740.0
58569,4755.0
58570,7584.0
58571,3940.0
58572,9044.0
58573,49613.0
58574,10680.0
58575,7898.0
58576,64285.0
58577,5177.0
58578,49613.0
58579,45257.0
58580,10961.0
58581,75449.0
58582,5960.0
58583,4499.0
58584,57677.0
58585,5960.0
58586,2201.0
58587,7135.0
58588,59254.0
58589,4914.0
58590,4357.0
58591,5631.0
58592,27792.0
58593,48233.0
58594,60937.0
58595,11129.0
58596,6434.5
58597,53757.0
58598,41314.0
58599,55377.0
58600,11106.0
58601,48289.0
58602,5322.0
58603,5102.0
58604,2098.0
58605,6461.0
58606,51707.0
58607,52522.0
58608,5126.0
58609,60978.0
58610,13830.0
58611,44144.0
58612,4979.0
58613,3999.0
58614,13661.0
58615,11783.0
58616,9136.0
58617,6395.0
58618,55377.0
58619,5234.0
58620,63269.0
58621,5441.0
58622,14889.0
58623,6835.0
58624,43711.0
58625,41101.0
58626,9303.0
58627,60508.0
58628,7639.0
58629,51817.0
58630,6711.0
58631,4755.0
58632,45600.0
58633,15288.0
58634,5939.0
58635,6202.0
58636,10243.0
58637,50969.0
58638,29992.0
58639,1544.0
58640,1105.0
58641,45230.0
58642,59929.0
58643,4755.0
58644,55377.0
58645,6990.0
58646,6450.0
58647,32859.0
58648,4357.0
58649,7895.0
58650,18984.0
58651,4672.0
58652,5102.0
58653,31982.0
58654,62729.0
58655,58315.0
58656,6658.0
58657,60232.0
58658,4589.0
58659,2409.0
58660,5915.0
58661,3762.0
58662,10365.0
58663,3674.0
58664,4338.0
58665,20684.0
58666,19993.0
58667,6502.0
58668,3696.0
58669,65529.0
58670,9201.0
58671,45600.0
58672,5606.0
58673,36577.0
58674,54608.0
58675,9587.0
58676,4979.0
58677,2339.0
58678,3093.0
58679,49207.0
58680,4071.0
58681,6387.0
58682,4783.0
58683,62098.0
58684,40296.0
58685,11675.0
58686,51819.0
58687,13258.0
58688,6569.0
58689,5759.0
58690,6450.0
58691,4000.0
58692,37985.0
58693,62067.0
58694,9723.0
58695,2336.0
58696,4710.0
58697,55377.0
58698,11469.0
58699,55377.0
58700,2960.0
58701,3999.0
58702,3916.0
58703,6502.0
58704,6200.0
58705,5102.0
58706,45185.0
58707,61873.0
58708,11448.0
58709,2482.0
58710,3918.0
58711,4020.0
58712,57017.0
58713,6294.0
58714,8440.0
58715,5221.0
58716,12389.0
58717,2124.0
58718,50957.0
58719,56702.0
58720,5012.0
58721,5943.0
58722,4998.0
58723,5765.0
58724,13889.0
58725,3940.0
58726,54777.0
58727,60508.0
58728,59290.0
58729,32859.0
58730,4111.0
58731,10586.0
58732,3334.0
58733,3334.0
58734,76612.0
58735,1890.0
58736,10409.0
58737,4768.0
58738,10838.0
58739,3862.0
58740,7425.0
58741,24993.0
58742,5619.0
58743,8803.0
58744,3979.0
58745,54684.0
58746,3583.0
58747,3251.0
58748,4979.0
58749,36700.0
58750,44280.0
58751,8112.0
58752,3999.0
58753,3090.0
58754,4263.0
58755,6375.0
58756,6312.0
58757,84345.0
58758,3999.0
58759,4205.0
58760,10659.0
58761,4173.0
58762,9361.0
58763,4020.0
58764,5179.0
58765,12118.0
58766,8719.0
58767,3909.0
58768,67769.0
58769,12581.0
58770,15624.0
58771,6132.0
58772,6489.0
58773,5375.0
58774,11469.0
58775,26546.0
58776,2723.0
58777,42457.0
58778,7572.0
58779,51707.0
58780,23838.0
58781,3129.0
58782,6568.0
58783,5290.0
58784,7425.0
58785,6098.0
58786,54777.0
58787,13200.0
58788,6296.0
58789,32634.0
58790,6711.0
58791,64285.0
58792,2480.0
58793,32859.0
58794,67004.0
58795,59033.0
58796,8016.0
58797,7866.0
58798,3423.0
58799,13818.0
58800,9879.0
58801,17485.0
58802,45995.0
58803,8092.0
58804,5942.0
58805,11956.0
58806,8047.0
58807,6324.0
58808,61933.0
58809,6067.0
58810,10427.0
58811,6319.0
58812,53164.0
58813,39321.0
58814,3855.0
58815,4099.0
58816,4107.0
58817,5604.0
58818,49613.0
58819,4500.0
58820,7959.0
58821,3298.0
58822,7877.0
58823,5054.0
58824,3729.0
58825,6488.0
58826,42546.0
58827,5761.0
58828,5227.0
58829,62188.0
58830,6461.0
58831,51707.0
58832,23944.0
58833,6885.0
58834,6386.0
58835,55377.0
58836,4173.0
58837,8112.0
58838,4170.0
58839,8507.0
58840,6389.0
58841,48234.0
58842,4589.0
58843,66063.0
58844,80458.0
58845,24122.0
58846,4249.0
58847,5949.0
58848,5942.0
58849,6568.0
58850,4783.0
58851,51697.0
58852,55377.0
58853,8938.0
58854,55092.0
58855,3446.0
58856,3862.0
58857,3999.0
58858,3127.0
58859,58125.0
58860,3834.0
58861,4028.0
58862,60978.0
58863,12054.0
58864,40593.0
58865,60260.0
58866,44939.0
58867,11919.0
58868,52586.0
58869,9840.0
58870,54841.0
58871,4979.0
58872,9664.0
58873,5103.0
58874,7950.0
58875,67635.0
58876,8329.0
58877,2329.0
58878,53164.0
58879,6488.0
58880,45805.0
58881,39377.0
58882,6109.0
58883,6015.0
58884,52715.0
58885,72339.0
58886,58125.0
58887,20684.0
58888,4637.0
58889,28510.0
58890,2857.0
58891,66928.0
58892,6161.0
58893,52063.0
58894,60260.0
58895,2124.0
58896,6489.0
58897,6883.0
58898,4809.0
58899,3258.0
58900,7332.0
58901,45672.0
58902,11205.0
58903,60508.0
58904,52715.0
58905,12214.0
58906,3563.0
58907,10395.0
58908,6314.0
58909,4502.0
58910,6172.0
58911,5177.0
58912,4111.0
58913,73369.0
58914,6287.0
58915,65529.0
58916,34460.0
58917,59827.0
58918,2836.0
58919,4099.0
58920,13526.0
58921,46331.0
58922,4792.0
58923,12557.0
58924,2105.0
58925,3334.0
58926,60978.0
58927,5949.0
58928,60260.0
58929,49177.0
58930,9197.0
58931,1714.0
58932,7691.0
58933,2477.0
58934,4559.0
58935,4706.0
58936,4554.0
58937,56590.0
58938,59929.0
58939,2336.0
58940,62793.0
58941,54777.0
58942,12813.0
58943,10967.0
58944,61873.0
58945,3001.0
58946,5761.0
58947,7122.0
58948,53512.0
58949,4056.0
58950,54684.0
58951,6978.0
58952,57992.0
58953,2410.0
58954,12454.0
58955,4447.0
58956,4173.0
58957,4427.0
58958,47408.0
58959,1694.0
58960,5019.0
58961,52063.0
58962,8111.0
58963,2074.0
58964,3000.0
58965,10069.0
58966,4020.0
58967,8111.0
58968,6756.0
58969,6578.0
58970,1776.0
58971,11310.0
58972,2098.0
58973,6444.0
58974,4757.0
58975,55502.0
58976,62448.0
58977,21631.0
58978,7790.0
58979,32287.0
58980,6195.0
58981,3862.0
58982,3090.0
58983,59827.0
58984,4111.0
58985,61261.0
58986,5037.0
58987,6502.0
58988,6067.0
58989,61049.0
58990,1443.0
58991,3282.0
58992,7950.0
58993,54684.0
58994,8838.0
58995,5243.0
58996,7774.0
58997,47844.0
58998,13937.0
58999,3916.0
59000,41064.0
59001,5042.0
59002,2700.0
59003,11814.0
59004,4230.0
59005,4496.0
59006,54608.0
59007,60978.0
59008,11129.0
59009,9400.0
59010,7838.0
59011,4559.0
59012,11808.0
59013,4656.0
59014,1830.0
59015,12032.0
59016,4228.0
59017,41281.0
59018,7487.0
59019,4313.0
59020,79615.0
59021,11214.0
59022,4357.0
59023,15132.0
59024,10525.0
59025,5102.0
59026,7982.0
59027,9171.0
59028,81284.0
59029,111437.0
59030,5037.0
59031,13162.0
59032,9510.0
59033,6153.0
59034,6133.0
59035,2410.0
59036,6568.0
59037,7572.0
59038,32859.0
59039,52287.0
59040,60396.0
59041,6158.0
59042,60508.0
59043,8265.0
59044,51819.0
59045,55983.0
59046,16887.0
59047,7950.0
59048,6711.0
59049,3324.0
59050,3013.0
59051,6172.0
59052,3236.0
59053,5441.0
59054,7908.0
59055,5206.0
59056,21479.0
59057,5942.0
59058,4453.0
59059,7327.0
59060,96224.0
59061,5937.0
59062,60220.0
59063,6068.0
59064,11827.0
59065,5949.0
59066,4069.0
59067,7412.0
59068,5950.0
59069,78159.0
59070,13014.0
59071,3971.0
59072,37256.0
59073,11844.0
59074,11214.0
59075,2228.0
59076,56588.0
59077,52287.0
59078,53552.0
59079,10586.0
59080,9829.0
59081,2835.0
59082,4259.0
59083,26366.0
59084,9485.0
59085,8781.0
59086,28510.0
59087,6443.0
59088,8988.0
59089,10425.0
59090,51707.0
59091,59948.0
59092,62045.0
59093,4348.0
59094,5250.0
59095,5227.0
59096,51457.0
59097,5177.0
59098,3010.0
59099,3423.0
59100,9000.0
59101,5023.0
59102,5892.0
59103,45693.0
59104,6075.0
59105,7326.0
59106,7212.0
59107,5960.0
59108,5094.0
59109,5740.0
59110,4757.0
59111,47545.0
59112,4500.0
59113,4099.0
59114,50297.0
59115,6082.0
59116,56273.0
59117,51817.0
59118,4210.0
59119,4403.0
59120,4389.0
59121,16098.0
59122,6578.0
59123,6489.0
59124,3888.0
59125,11310.0
59126,7353.0
59127,15543.0
59128,11319.0
59129,3000.0
59130,53743.0
59131,4663.0
59132,6082.0
59133,7572.0
59134,3819.0
59135,60978.0
59136,57920.0
59137,15058.0
59138,79349.0
59139,64801.0
59140,45883.0
59141,2100.0
59142,6395.0
59143,5441.0
59144,2477.0
59145,56590.0
59146,5584.0
59147,7425.0
59148,49177.0
59149,52715.0
59150,5888.0
59151,41652.0
59152,60260.0
59153,68743.0
59154,3288.0
59155,3860.0
59156,69535.0
59157,61933.0
59158,50271.0
59159,5603.0
59160,7245.0
59161,6122.0
59162,7423.0
59163,9953.0
59164,42457.0
59165,87047.0
59166,4000.0
59167,4413.0
59168,5943.0
59169,49725.0
59170,3940.0
59171,1604.0
59172,5323.0
59173,3020.0
59174,9799.0
59175,3999.0
59176,42457.0
59177,8111.0
59178,65832.0
59179,51707.0
59180,8112.0
59181,8233.0
59182,4453.0
59183,6461.0
59184,9178.0
59185,36980.0
59186,5660.0
59187,4029.0
59188,5955.0
59189,41314.0
59190,39321.0
59191,6042.0
59192,4413.0
59193,5943.0
59194,13168.0
59195,5093.0
59196,49856.0
59197,7425.0
59198,10608.0
59199,10292.0
59200,4715.0
59201,58315.0
59202,2436.0
59203,5949.0
59204,5033.0
59205,6717.0
59206,17604.0
59207,4453.0
59208,49151.0
59209,5037.0
59210,7412.0
59211,54115.0
59212,41281.0
59213,50271.0
59214,55983.0
59215,1776.0
59216,4979.0
59217,4660.0
59218,41281.0
59219,3818.0
59220,5123.0
59221,6067.0
59222,4453.0
59223,64831.0
59224,8379.0
59225,5949.0
59226,14933.0
59227,51707.0
59228,11426.0
59229,11319.0
59230,4359.0
59231,6158.0
59232,11069.0
59233,3980.0
59234,7813.0
59235,60508.0
59236,6450.0
59237,52392.0
59238,72201.0
59239,45883.0
59240,4417.0
59241,6502.0
59242,3281.0
59243,6584.0
59244,1890.0
59245,5875.0
59246,3001.0
59247,13734.0
59248,1714.0
59249,6489.0
59250,7013.0
59251,5177.0
59252,55377.0
59253,66928.0
59254,9743.0
59255,2150.0
59256,5985.0
59257,7487.0
59258,2124.0
59259,5955.0
59260,2835.0
59261,5087.0
59262,5322.0
59263,32923.0
59264,66928.0
59265,57939.0
59266,4413.0
59267,4028.0
59268,81175.0
59269,54684.0
59270,2150.0
59271,2080.0
59272,12894.0
59273,4687.0
59274,1548.0
59275,8402.0
59276,15889.0
59277,45185.0
59278,8888.0
59279,51875.0
59280,3572.0
59281,4363.0
59282,4263.0
59283,5060.0
59284,55983.0
59285,4816.0
59286,40593.0
59287,2350.0
59288,5623.0
59289,62045.0
59290,3450.0
59291,22140.0
59292,60365.0
59293,28510.0
59294,6583.0
59295,6067.0
59296,4593.0
59297,51384.0
59298,4338.0
59299,4496.0
59300,4637.0
59301,69244.0
59302,6444.0
59303,60396.0
59304,40593.0
59305,57939.0
59306,3988.0
59307,2339.0
59308,6578.0
59309,5232.0
59310,5953.0
59311,7423.0
59312,12138.0
59313,5605.0
59314,23416.0
59315,8936.0
59316,55502.0
59317,45693.0
59318,70714.0
59319,67004.0
59320,4144.0
59321,5060.0
59322,4500.0
59323,57453.0
59324,62188.0
59325,4031.0
59326,4453.0
59327,18208.0
59328,12054.0
59329,6109.0
59330,68303.0
59331,61392.0
59332,6024.0
59333,51817.0
59334,14814.0
59335,45883.0
59336,4648.0
59337,36610.0
59338,5232.0
59339,55502.0
59340,4209.0
59341,8148.0
59342,69168.0
59343,5810.0
59344,6461.0
59345,43376.0
59346,13524.0
59347,5632.0
59348,4496.0
59349,7584.0
59350,6067.0
59351,1788.0
59352,5289.0
59353,62591.0
59354,4793.0
59355,3467.0
59356,4028.0
59357,5291.0
59358,4658.0
59359,10496.0
59360,5724.0
59361,2823.0
59362,57081.0
59363,37985.0
59364,23424.0
59365,5813.0
59366,4633.0
59367,3288.0
59368,4363.0
59369,55983.0
59370,8063.0
59371,6994.0
59372,11129.0
59373,53164.0
59374,6568.0
59375,1548.0
59376,4499.0
59377,55983.0
59378,45672.0
59379,37985.0
59380,19868.0
59381,7135.0
59382,4158.0
59383,5960.0
59384,5178.0
59385,52287.0
59386,41101.0
59387,2098.0
59388,51372.0
59389,3763.0
59390,56878.0
59391,6691.0
59392,5823.0
59393,56702.0
59394,32923.0
59395,11456.0
59396,87872.0
59397,24642.0
59398,5177.0
59399,4030.0
59400,48851.0
59401,12454.0
59402,5888.0
59403,12637.0
59404,5954.0
59405,5153.0
59406,5632.0
59407,8954.0
59408,36712.0
59409,8034.0
59410,6820.0
59411,5293.0
59412,16239.0
59413,6568.0
59414,14980.0
59415,1755.0
59416,4768.0
59417,4569.0
59418,6133.0
59419,8111.0
59420,9201.0
59421,5314.0
59422,57742.0
59423,32634.0
59424,8900.0
59425,61873.0
59426,5314.0
59427,60508.0
59428,60232.0
59429,5178.0
59430,3015.0
59431,4064.0
59432,4663.0
59433,60260.0
59434,62448.0
59435,2228.0
59436,14985.0
59437,11488.0
59438,8421.0
59439,53152.0
59440,38099.0
59441,5888.0
59442,7352.0
59443,5720.0
59444,7971.0
59445,2212.0
59446,3551.0
59447,4589.0
59448,62045.0
59449,5888.0
59450,5441.0
59451,3988.0
59452,4000.0
59453,52715.0
59454,50271.0
59455,49207.0
59456,4452.0
59457,3916.0
59458,6017.0
59459,6200.0
59460,5441.0
59461,53512.0
59462,5595.0
59463,3153.0
59464,7413.0
59465,2228.0
59466,7352.0
59467,5102.0
59468,10785.0
59469,4111.0
59470,69244.0
59471,5515.0
59472,51372.0
59473,8063.0
59474,19313.5
59475,6568.0
59476,2150.0
59477,6009.0
59478,60160.0
59479,5087.0
59480,7212.0
59481,7774.0
59482,7295.0
59483,4827.0
59484,3100.0
59485,49872.0
59486,13725.0
59487,60260.0
59488,45693.0
59489,6985.0
59490,42457.0
59491,3551.0
59492,6776.0
59493,2124.0
59494,8130.0
59495,5790.0
59496,51707.0
59497,6108.0
59498,5042.0
59499,8988.0
59500,5954.0
59501,37985.0
59502,3336.0
59503,6296.0
59504,2057.0
59505,4357.0
59506,6699.0
59507,2409.0
59508,5740.0
59509,45805.0
59510,2276.0
59511,7072.0
59512,11205.0
59513,51819.0
59514,12873.0
59515,5823.0
59516,6131.0
59517,74844.0
59518,44144.0
59519,50271.0
59520,16569.0
59521,22152.0
59522,5322.0
59523,54684.0
59524,2723.0
59525,6630.0
59526,12025.0
59527,7437.0
59528,24225.0
59529,5761.0
59530,6583.0
59531,2336.0
59532,5577.0
59533,44610.0
59534,5179.0
59535,5227.0
59536,4663.0
59537,8112.0
59538,6770.0
59539,38099.0
59540,45883.0
59541,11383.0
59542,44144.0
59543,10861.0
59544,4111.0
59545,4337.0
59546,4500.0
59547,45693.0
59548,4325.0
59549,3999.0
59550,51595.0
59551,6111.0
59552,3361.0
59553,49725.0
59554,5504.0
59555,2463.0
59556,54896.0
59557,2723.0
59558,69168.0
59559,8118.0
59560,6876.0
59561,4896.0
59562,44583.0
59563,59265.0
59564,51819.0
59565,4267.0
59566,2464.0
59567,3423.0
59568,42521.0
59569,60396.0
59570,41314.0
59571,1924.0
59572,45693.0
59573,32859.0
59574,6191.0
59575,42457.0
59576,10680.0
59577,59033.0
59578,4651.0
59579,38043.0
59580,3496.0
59581,61899.0
59582,47586.0
59583,4294.0
59584,50271.0
59585,41314.0
59586,8927.0
59587,18471.0
59588,61404.0
59589,51817.0
59590,3916.0
59591,8442.0
59592,5810.0
59593,11469.0
59594,7704.0
59595,4071.0
59596,3844.0
59597,6082.0
59598,53164.0
59599,64700.0
59600,52139.0
59601,1830.0
59602,4652.0
59603,54684.0
59604,16548.0
59605,6489.0
59606,12491.0
59607,67710.0
59608,3971.0
59609,4893.0
59610,10067.0
59611,62448.0
59612,4502.0
59613,2339.0
59614,4672.0
59615,2477.0
59616,7604.0
59617,6893.0
59618,4827.0
59619,4893.0
59620,41281.0
59621,7496.0
59622,4099.0
59623,5549.0
59624,7221.0
59625,79009.0
59626,15204.0
59627,72671.0
59628,5052.0
59629,6095.0
59630,6068.0
59631,9105.0
59632,61874.0
59633,71058.0
59634,3105.0
59635,47205.0
59636,6123.0
59637,4500.0
59638,6172.0
59639,6109.0
59640,3266.0
59641,6191.0
59642,3988.0
59643,10429.0
59644,16344.0
59645,4979.0
59646,1105.0
59647,4417.0
59648,2309.0
59649,4755.0
59650,9789.0
59651,57393.0
59652,5410.0
59653,7425.0
59654,49553.0
59655,59929.0
59656,5881.0
59657,54608.0
59658,20684.0
59659,5087.0
59660,2480.0
59661,34460.0
59662,64173.0
59663,66928.0
59664,8463.0
59665,37985.0
59666,17394.0
59667,2723.0
59668,69168.0
59669,11153.0
59670,66928.0
59671,46650.0
59672,12557.0
59673,61933.0
59674,66063.0
59675,6122.0
59676,5103.0
59677,6395.0
59678,62448.0
59679,4086.0
59680,72730.0
59681,42521.0
59682,49613.0
59683,45257.0
59684,5420.0
59685,8307.0
59686,4294.0
59687,3918.0
59688,5093.0
59689,6324.0
59690,9201.0
59691,61023.0
59692,5042.0
59693,49553.0
59694,65872.0
59695,54684.0
59696,6067.0
59697,32923.0
59698,57920.0
59699,61933.0
59700,9178.0
59701,5310.0
59702,9461.0
59703,42521.0
59704,3090.0
59705,11520.0
59706,3862.0
59707,1543.0
59708,4755.0
59709,10425.0
59710,48289.0
59711,59537.0
59712,3989.0
59713,53209.0
59714,11981.0
59715,51707.0
59716,4249.0
59717,15720.0
59718,71304.0
59719,12150.0
59720,48795.0
59721,54684.0
59722,80077.0
59723,48851.0
59724,53645.0
59725,5135.0
59726,51817.0
59727,5817.0
59728,9349.0
59729,60396.0
59730,11173.0
59731,4144.0
59732,54608.0
59733,5098.0
59734,12958.0
59735,55502.0
59736,4990.0
59737,67769.0
59738,2124.0
59739,60978.0
59740,2228.0
59741,1714.0
59742,7976.0
59743,52287.0
59744,11129.0
59745,37985.0
59746,3674.0
59747,8039.0
59748,6568.0
59749,8926.0
59750,48079.0
59751,11853.0
59752,13032.0
59753,4162.0
59754,35554.0
59755,6962.0
59756,11383.0
59757,11627.0
59758,10967.0
59759,7425.0
59760,56476.0
59761,2359.0
59762,27792.0
59763,3140.0
59764,55502.0
59765,10058.0
59766,10732.0
59767,60978.0
59768,56590.0
59769,12033.0
59770,3822.0
59771,67497.0
59772,5955.0
59773,6578.0
59774,42521.0
59775,56702.0
59776,31982.0
59777,5943.0
59778,44280.0
59779,6932.0
59780,4294.0
59781,4001.0
59782,7895.0
59783,3275.0
59784,4672.0
59785,9513.0
59786,31902.0
59787,6577.0
59788,5654.0
59789,10783.0
59790,8111.0
59791,59021.0
59792,3334.0
59793,44583.0
59794,3754.0
59795,6461.0
59796,59033.0
59797,8087.0
59798,8112.0
59799,61873.0
59800,3010.0
59801,49725.0
59802,2785.0
59803,4099.0
59804,5339.0
59805,4784.0
59806,54896.0
59807,37233.0
59808,10578.0
59809,4165.0
59810,3090.0
59811,54841.0
59812,56058.0
59813,10469.0
59814,11205.0
59815,4259.0
59816,72125.0
59817,7243.0
59818,50969.0
59819,10349.0
59820,54896.0
59821,4257.0
59822,16013.0
59823,3864.0
59824,4987.0
59825,10849.0
59826,6314.0
59827,60508.0
59828,72783.0
59829,3754.0
59830,6128.0
59831,55983.0
59832,9775.0
59833,77355.0
59834,2339.0
59835,52287.0
59836,7687.0
59837,8618.0
59838,55377.0
59839,5953.0
59840,45805.0
59841,53835.0
59842,43376.0
59843,56588.0
59844,17777.0
59845,11488.0
59846,6657.0
59847,14089.0
59848,62591.0
59849,8534.0
59850,5291.0
59851,17794.0
59852,72783.0
59853,2823.0
59854,4556.0
59855,6308.0
59856,5127.0
59857,7488.0
59858,19982.0
59859,57393.0
59860,3989.0
59861,51817.0
59862,8719.0
59863,52175.0
59864,2339.0
59865,64173.0
59866,37929.0
59867,5232.0
59868,7425.0
59869,6578.0
59870,5102.0
59871,5943.0
59872,50361.0
59873,5231.0
59874,2124.0
59875,6356.0
59876,50271.0
59877,42521.0
59878,60396.0
59879,5380.0
59880,5206.0
59881,4961.0
59882,50271.0
59883,5568.0
59884,2480.0
59885,68743.0
59886,11319.0
59887,3860.0
59888,3988.0
59889,5145.0
59890,3911.0
59891,6461.0
59892,79211.0
59893,7963.0
59894,11843.0
59895,3633.0
59896,27864.0
59897,4500.0
59898,6262.0
59899,5358.0
59900,4658.0
59901,3330.0
59902,2637.0
59903,4474.0
59904,51595.0
59905,9420.0
59906,15284.0
59907,58125.0
59908,13988.0
59909,5388.0
59910,2903.0
59911,2728.0
59912,4348.0
59913,4056.0
59914,13032.0
59915,5102.0
59916,39783.0
59917,3499.0
59918,3996.0
59919,4706.0
59920,5125.0
59921,3802.0
59922,12990.0
59923,56588.0
59924,2832.0
59925,60396.0
59926,4142.0
59927,58394.0
59928,8854.0
59929,14703.0
59930,55377.0
59931,5810.0
59932,4173.0
59933,2700.0
59934,3001.0
59935,60260.0
59936,44144.0
59937,6461.0
59938,5467.0
59939,5177.0
59940,6473.0
59941,51875.0
59942,6489.0
59943,5550.0
59944,3397.0
59945,4111.0
59946,64113.0
59947,4939.0
59948,44622.0
59949,12544.0
59950,4139.0
59951,9840.0
59952,5502.0
59953,53620.0
59954,2359.0
59955,49553.0
59956,53164.0
59957,8838.0
59958,7575.0
59959,51819.0
59960,4368.0
59961,5098.0
59962,2276.0
59963,12210.0
59964,5483.0
59965,6395.0
59966,3450.0
59967,63579.0
59968,2339.0
59969,27976.0
59970,49613.0
59971,5622.0
59972,45257.0
59973,49553.0
59974,53645.0
59975,41064.0
59976,3282.0
59977,4453.0
59978,11323.0
59979,71117.0
59980,5177.0
59981,3443.0
59982,2465.0
59983,11129.0
59984,5892.0
59985,7425.0
59986,6076.0
59987,9933.0
59988,56588.0
59989,5178.0
59990,14996.0
59991,8148.0
59992,4357.0
59993,5568.0
59994,7918.0
59995,39859.0
59996,4477.0
59997,42746.0
59998,45693.0
59999,39783.0
60000,1890.0
60001,8719.0
60002,3385.0
60003,6132.0
60004,4809.0
60005,3024.0
60006,8403.0
60007,49725.0
60008,23944.0
60009,13927.0
60010,15761.0
60011,3379.0
60012,60160.0
60013,2124.0
60014,56273.0
60015,6319.0
60016,7412.0
60017,51817.0
60018,47408.0
60019,67004.0
60020,4439.0
60021,51819.0
60022,52063.0
60023,10575.0
60024,3646.0
60025,12377.0
60026,3943.0
60027,5772.0
60028,5960.0
60029,45600.0
60030,5206.0
